,AUDUSD,BRLUSD,Bitcoin,Oil,EURUSD,GBPUSD,Gold,JPYUSD,ZARUSD,ASX50,Ibovespa,FTSE100,SP500,JSE40,NIKKEI225,EUROSTOXX50,VIX,US_10Y,DE_10Y,UK_10Y,JP_10Y,AU_10Y,ZA_10Y
2015-01-05,0.8067768812179565,0.37158143520355225,274.4739990234375,50.040000915527344,1.194643259048462,1.5284910202026367,1203.9000244140625,0.008303303271532059,0.08526820689439774,5429.5,47517.0,6417.2001953125,2020.5799560546875,41990.23828125,17408.7109375,3023.139892578125,19.920000076293945,2.04,0.39,1.589,0.275,2.622,7.4647619048
2015-01-06,0.8099789619445801,0.36994561553001404,286.1889953613281,47.93000030517578,1.193901538848877,1.5258322954177856,1219.300048828125,0.008373456075787544,0.0855044350028038,5346.2001953125,48001.0,6366.5,2002.6099853515625,42747.37109375,16883.189453125,3023.139892578125,21.1200008392334,1.97,0.39,1.589,0.275,2.622,7.4647619048
2015-01-07,0.8080155253410339,0.37083736062049866,294.3370056152344,48.650001525878906,1.1875356435775757,1.5137982368469238,1210.5999755859375,0.008426517248153687,0.085324227809906,5334.5,49463.0,6419.7998046875,2025.9000244140625,43086.3515625,16885.330078125,3026.7900390625,19.309999465942383,1.96,0.39,1.589,0.275,2.622,7.4647619048
2015-01-08,0.8075587749481201,0.37302297353744507,283.3489990234375,48.790000915527344,1.1836000680923462,1.5107566118240356,1208.4000244140625,0.008383002132177353,0.08556149899959564,5359.39990234375,49943.0,6570.0,2062.139892578125,43670.7890625,17167.099609375,3135.080078125,17.010000228881836,2.03,0.39,1.589,0.275,2.622,7.4647619048
2015-01-09,0.8114249110221863,0.37598225474357605,290.4079895019531,48.36000061035156,1.1796069145202637,1.5087963342666626,1216.0,0.008347802795469761,0.08638748526573181,5440.10009765625,48840.0,6501.10009765625,2044.81005859375,42994.578125,17197.73046875,3042.89990234375,17.549999237060547,1.98,0.39,1.589,0.275,2.622,7.4647619048
2015-01-13,0.8150623440742493,0.3745037615299225,225.86099243164062,45.88999938964844,1.1831519603729248,1.5170363187789917,1234.300048828125,0.008451084606349468,0.08680404722690582,5382.10009765625,48042.0,6542.2001953125,2023.030029296875,43428.828125,17087.7109375,3133.860107421875,20.559999465942383,1.91,0.39,1.589,0.275,2.622,7.4647619048
2015-01-14,0.8173941373825073,0.3788452744483948,178.10299682617188,48.47999954223633,1.1778285503387451,1.5170363187789917,1234.4000244140625,0.00848932471126318,0.0870034247636795,5332.2001953125,47646.0,6388.5,2011.27001953125,42038.078125,16795.9609375,3089.669921875,21.479999542236328,1.86,0.39,1.589,0.275,2.622,7.4647619048
2015-01-15,0.8144648671150208,0.3828337490558624,209.843994140625,46.25,1.1785920858383179,1.5234380960464478,1264.699951171875,0.008518612943589687,0.08741586655378342,5310.60009765625,48026.0,6498.7998046875,1992.6700439453125,42533.80859375,17108.69921875,3157.360107421875,22.389999389648438,1.77,0.39,1.589,0.275,2.622,7.4647619048
2015-01-16,0.8223684430122375,0.3789744973182678,208.0970001220703,48.689998626708984,1.1637378931045532,1.5181187391281128,1276.9000244140625,0.008611039258539677,0.08664295077323914,5278.7998046875,49017.0,6550.2998046875,2019.4200439453125,42455.421875,16864.16015625,3202.239990234375,20.950000762939453,1.83,0.39,1.589,0.275,2.622,7.4647619048
2015-01-20,0.8195378184318542,0.37762925028800964,211.31500244140625,46.38999938964844,1.1597968339920044,1.5090012550354004,1294.199951171875,0.008495310321450233,0.08601787686347961,5286.7998046875,47877.0,6620.10009765625,2022.550048828125,43074.8515625,17366.30078125,3244.919921875,19.889999389648438,1.82,0.39,1.589,0.275,2.622,7.4647619048
2015-01-21,0.8165265321731567,0.38299500942230225,226.89700317382812,47.779998779296875,1.1546944379806519,1.5147384405136108,1293.699951171875,0.008428220637142658,0.08631419390439987,5367.39990234375,49224.0,6728.0,2032.1199951171875,43480.80078125,17280.48046875,3269.72998046875,18.850000381469727,1.87,0.39,1.589,0.275,2.622,7.4647619048
2015-01-22,0.8101101517677307,0.3850448429584503,233.406005859375,46.310001373291016,1.1615345478057861,1.5144860744476318,1300.699951171875,0.008484642952680588,0.08692401647567749,5390.5,49443.0,6796.60009765625,2063.14990234375,43725.19921875,17329.01953125,3322.64990234375,16.399999618530273,1.9,0.39,1.589,0.275,2.622,7.4647619048
2015-01-23,0.801988959312439,0.3889991044998169,232.87899780273438,45.59000015258789,1.1346745491027832,1.5013211965560913,1292.5999755859375,0.008420981466770172,0.0877293050289154,5468.2001953125,48775.0,6832.7998046875,2051.820068359375,43647.44140625,17511.75,3382.550048828125,16.65999984741211,1.81,0.39,1.589,0.275,2.622,7.4647619048
2015-01-27,0.7922046780586243,0.38761192560195923,263.4750061035156,46.22999954223633,1.1247708797454834,1.5085458755493164,1291.699951171875,0.008437395095825195,0.08731947094202042,5511.5,48591.0,6811.60009765625,2029.550048828125,44531.76171875,17768.30078125,3372.580078125,17.219999313354492,1.83,0.39,1.589,0.275,2.622,7.4647619048
2015-01-28,0.7921419143676758,0.38921108841896057,233.9149932861328,44.45000076293945,1.1367381811141968,1.5188103914260864,1285.9000244140625,0.008490766398608685,0.08641399443149567,5516.60009765625,47695.0,6825.89990234375,2002.1600341796875,45002.3984375,17795.73046875,3358.9599609375,20.440000534057617,1.73,0.39,1.589,0.275,2.622,7.4647619048
2015-01-29,0.7892659902572632,0.3886362612247467,233.51300048828125,44.529998779296875,1.1281461715698242,1.5142338275909424,1254.5999755859375,0.008503980003297329,0.08643117547035217,5532.2001953125,47762.0,6810.60009765625,2021.25,44768.6796875,17606.220703125,3371.830078125,18.760000228881836,1.77,0.39,1.589,0.275,2.622,7.4647619048
2015-01-30,0.7782101631164551,0.38458579778671265,226.4250030517578,48.2400016784668,1.13355553150177,1.5079090595245361,1278.5,0.008456802926957607,0.08664685487747192,5551.60009765625,46908.0,6749.39990234375,1994.989990234375,45111.03125,17674.390625,3351.43994140625,20.969999313354492,1.68,0.39,1.589,0.275,2.622,7.4647619048
2015-02-02,0.7782101631164551,0.3733014762401581,238.22900390625,49.56999969482422,1.1309019327163696,1.5087052583694458,1276.199951171875,0.008533588610589504,0.08601943403482437,5586.5,47651.0,6782.60009765625,2020.8499755859375,45188.359375,17558.0390625,3370.110107421875,19.43000030517578,1.68,0.39,1.589,0.275,2.622,7.4647619048
2015-02-03,0.7801529169082642,0.3671611249446869,227.26800537109375,53.04999923706055,1.1341726779937744,1.5028102397918701,1259.699951171875,0.008505209349095821,0.086942158639431,5666.2001953125,48964.0,6871.7998046875,2050.030029296875,45708.7109375,17335.849609375,3414.179931640625,17.329999923706055,1.79,0.39,1.589,0.275,2.622,7.4647619048
2015-02-04,0.7762769460678101,0.37159526348114014,226.85299682617188,48.45000076293945,1.145737886428833,1.5142109394073486,1263.800048828125,0.00850007589906454,0.08792135864496231,5733.7001953125,49301.0,6860.0,2041.510009765625,45412.12109375,17678.740234375,3415.530029296875,18.329999923706055,1.81,0.39,1.589,0.275,2.622,7.4647619048
2015-02-05,0.7760962843894958,0.3651900589466095,217.11099243164062,50.47999954223633,1.131874680519104,1.5180034637451172,1262.0,0.008526021614670753,0.08713230490684509,5765.5,49234.0,6865.89990234375,2062.52001953125,45450.890625,17504.619140625,3408.9599609375,16.850000381469727,1.83,0.39,1.589,0.275,2.622,7.4647619048
2015-02-06,0.7799704074859619,0.3647505044937134,222.26600646972656,51.689998626708984,1.147196888923645,1.5325905084609985,1233.9000244140625,0.008508103899657726,0.08858870714902878,5774.7001953125,48792.0,6853.39990234375,2055.469970703125,45744.26953125,17648.5,3398.159912109375,17.290000915527344,1.95,0.39,1.589,0.275,2.622,7.4647619048
2015-02-09,0.7760962843894958,0.3597640097141266,220.11000061035156,52.86000061035156,1.1314393281936646,1.523902416229248,1240.800048828125,0.008405480533838272,0.08696938306093216,5770.10009765625,49383.0,6837.2001953125,2046.739990234375,45875.328125,17711.9296875,3347.75,18.549999237060547,1.96,0.39,1.589,0.275,2.622,7.4647619048
2015-02-10,0.7799095511436462,0.36149370670318604,219.83900451660156,50.02000045776367,1.1326953172683716,1.5216069221496582,1231.5999755859375,0.008434333838522434,0.08639607578516006,5757.39990234375,48510.0,6829.10009765625,2068.590087890625,45916.3984375,17652.6796875,3383.1298828125,17.229999542236328,2.01,0.39,1.589,0.275,2.622,7.4647619048
2015-02-12,0.7722604274749756,0.34897923469543457,221.76400756835938,51.209999084472656,1.131196141242981,1.5242739915847778,1220.0999755859375,0.008321544155478477,0.08476443588733673,5707.7001953125,49533.0,6828.10009765625,2088.47998046875,46289.7890625,17979.720703125,3417.610107421875,15.34000015258789,1.99,0.39,1.589,0.275,2.622,7.4647619048
2015-02-13,0.7756748795509338,0.35498759150505066,235.427001953125,52.779998779296875,1.140393853187561,1.5391956567764282,1226.5,0.008409297093749046,0.08543919026851654,5835.5,50636.0,6873.5,2096.989990234375,46739.96875,17913.359375,3447.590087890625,14.6899995803833,2.02,0.39,1.589,0.275,2.622,7.4647619048
2015-02-18,0.78118896484375,0.35389459133148193,236.3260040283203,52.13999938964844,1.1404719352722168,1.5353436470031738,1199.699951171875,0.008388699032366276,0.0856785699725151,5877.89990234375,51280.0,6898.10009765625,2099.679931640625,46465.078125,18199.169921875,3465.800048828125,15.449999809265137,2.07,0.39,1.589,0.275,2.622,7.4647619048
2015-02-19,0.7808229923248291,0.35285812616348267,240.2830047607422,51.15999984741211,1.1400039196014404,1.543900728225708,1207.0999755859375,0.008425380103290081,0.08629095554351807,5869.7998046875,51294.0,6888.89990234375,2097.449951171875,46716.6484375,18264.7890625,3488.080078125,15.289999961853027,2.11,0.39,1.589,0.275,2.622,7.4647619048
2015-02-20,0.7795447707176208,0.34924736618995667,243.7790069580078,50.34000015258789,1.1366735696792603,1.5419963598251343,1204.4000244140625,0.008404209278523922,0.08570889383554459,5845.60009765625,51238.0,6915.2001953125,2110.300048828125,46880.640625,18332.30078125,3490.530029296875,14.300000190734863,2.13,0.39,1.589,0.275,2.622,7.4647619048
2015-02-23,0.7846214175224304,0.34914982318878174,238.89199829101562,49.45000076293945,1.1381484270095825,1.5389113426208496,1200.300048828125,0.008397998288273811,0.08608889579772949,5872.39990234375,51281.0,6912.2001953125,2109.659912109375,47163.1015625,18466.919921875,3519.580078125,14.5600004196167,2.06,0.39,1.589,0.275,2.622,7.4647619048
2015-02-24,0.7799704074859619,0.3478623628616333,238.73500061035156,49.279998779296875,1.1332985162734985,1.5452368259429932,1196.9000244140625,0.008410216309130192,0.08601484447717667,5890.0,51874.0,6949.60009765625,2115.47998046875,47178.359375,18603.48046875,3547.10009765625,13.6899995803833,1.99,0.39,1.589,0.275,2.622,7.4647619048
2015-02-25,0.7833307385444641,0.3500174880027771,237.47000122070312,50.9900016784668,1.1339025497436523,1.545905590057373,1201.0,0.00841099489480257,0.0870189517736435,5908.60009765625,51811.0,6935.39990234375,2113.860107421875,47029.94921875,18585.19921875,3541.780029296875,13.84000015258789,1.96,0.39,1.589,0.275,2.622,7.4647619048
2015-02-26,0.7883948683738708,0.3485777974128723,236.42599487304688,48.16999816894531,1.1363636255264282,1.552891492843628,1209.5999755859375,0.0084159504622221,0.08736523985862732,5877.89990234375,51761.0,6949.7001953125,2110.739990234375,47161.171875,18785.7890625,3574.93994140625,13.90999984741211,2.03,0.39,1.589,0.275,2.622,7.4647619048
2015-02-27,0.780579149723053,0.34423407912254333,253.8280029296875,49.7599983215332,1.1205360889434814,1.5418059825897217,1212.5999755859375,0.00837682280689478,0.08673252165317535,5898.5,51583.0,6946.7001953125,2104.5,47161.828125,18797.939453125,3599.0,13.34000015258789,2.0,0.39,1.589,0.275,2.622,7.4647619048
2015-03-02,0.7785736322402954,0.35250985622406006,275.6700134277344,49.59000015258789,1.1161960363388062,1.5406184196472168,1207.699951171875,0.008345434442162514,0.08558932691812515,5926.2998046875,51021.0,6940.60009765625,2117.389892578125,46773.80859375,18826.880859375,3591.090087890625,13.039999961853027,2.08,0.39,1.589,0.275,2.622,7.4647619048
2015-03-03,0.7756748795509338,0.3456977903842926,281.7019958496094,50.52000045776367,1.1179054975509644,1.5359095335006714,1204.0,0.008319190703332424,0.08496248722076416,5902.89990234375,51304.0,6889.10009765625,2107.780029296875,46976.078125,18815.16015625,3549.110107421875,13.859999656677246,2.12,0.39,1.589,0.275,2.622,7.4647619048
2015-03-04,0.7820442914962769,0.34154170751571655,273.0920104980469,51.529998779296875,1.118217945098877,1.5366648435592651,1200.5999755859375,0.00835861824452877,0.08515551686286926,5871.5,50468.0,6919.2001953125,2098.530029296875,46744.23046875,18703.599609375,3583.43994140625,14.229999542236328,2.12,0.39,1.589,0.275,2.622,7.4647619048
2015-03-05,0.7823501825332642,0.33654168248176575,276.1780090332031,50.7599983215332,1.1082050800323486,1.52650785446167,1195.9000244140625,0.008357640355825424,0.08485859632492065,5873.7001953125,50365.0,6961.10009765625,2101.0400390625,47105.87109375,18751.83984375,3618.2099609375,14.039999961853027,2.11,0.39,1.589,0.275,2.622,7.4647619048
2015-03-06,0.7785130143165588,0.3333222270011902,272.7229919433594,49.61000061035156,1.1032048463821411,1.5247621536254883,1164.0999755859375,0.0083302091807127,0.08450585603713989,5868.60009765625,49981.0,6911.7998046875,2071.260009765625,47236.3984375,18971.0,3617.6201171875,15.199999809265137,2.24,0.39,1.589,0.275,2.622,7.4647619048
2015-03-09,0.7722604274749756,0.3271180987358093,289.60699462890625,50.0,1.0845986604690552,1.5057746171951294,1166.4000244140625,0.008282328024506569,0.08322929590940475,5793.0,49181.0,6876.5,2079.429931640625,46644.3515625,18790.55078125,3610.280029296875,15.0600004196167,2.2,0.39,1.589,0.275,2.622,7.4647619048
2015-03-10,0.7685213685035706,0.3202356994152069,291.760009765625,48.290000915527344,1.0833414793014526,1.5104827880859375,1160.0999755859375,0.008236689493060112,0.08257433772087097,5794.2998046875,48293.0,6702.7998046875,2044.1600341796875,46148.91015625,18665.109375,3567.25,16.690000534057617,2.14,0.39,1.589,0.275,2.622,7.4647619048
2015-03-11,0.7641754746437073,0.32241424918174744,296.3789978027344,48.16999816894531,1.0708701610565186,1.508204698562622,1150.699951171875,0.008261867798864841,0.08096444606781006,5763.2998046875,48906.0,6721.5,2040.239990234375,45825.87109375,18723.51953125,3649.5400390625,16.8700008392334,2.11,0.39,1.589,0.275,2.622,7.4647619048
2015-03-12,0.7605719566345215,0.3198055624961853,294.35400390625,47.04999923706055,1.0548745393753052,1.4932951927185059,1152.0999755859375,0.008236485533416271,0.0816054716706276,5816.0,48880.0,6761.10009765625,2065.949951171875,46303.16015625,18991.109375,3641.320068359375,15.420000076293945,2.1,0.39,1.589,0.275,2.622,7.4647619048
2015-03-13,0.770653486251831,0.31614553928375244,285.3370056152344,44.84000015258789,1.0626314878463745,1.4894028902053833,1152.5999755859375,0.008242799900472164,0.0815381333231926,5788.0,48596.0,6740.60009765625,2053.39990234375,45872.9296875,19254.25,3656.2099609375,16.0,2.13,0.39,1.589,0.275,2.622,7.4647619048
2015-03-16,0.7616146206855774,0.30816641449928284,290.5929870605469,43.880001068115234,1.0481630563735962,1.4755791425704956,1153.300048828125,0.008241101168096066,0.08036840707063675,5769.7001953125,48848.0,6804.10009765625,2081.18994140625,46202.5703125,19246.060546875,3706.75,15.609999656677246,2.1,0.39,1.589,0.275,2.622,7.4647619048
2015-03-17,0.7644091248512268,0.3083754777908325,285.5050048828125,43.459999084472656,1.0572947263717651,1.4825797080993652,1148.300048828125,0.008239472284913063,0.08062760531902313,5811.0,50285.0,6837.60009765625,2074.280029296875,46269.26953125,19437.0,3672.159912109375,15.65999984741211,2.06,0.39,1.589,0.275,2.622,7.4647619048
2015-03-18,0.7623113393783569,0.3080524802207947,256.29901123046875,44.65999984741211,1.0598047971725464,1.47520911693573,1151.4000244140625,0.008245382457971573,0.08097146451473236,5808.0,51526.0,6945.2001953125,2099.5,46181.0390625,19544.48046875,3668.52001953125,13.970000267028809,1.93,0.39,1.589,0.275,2.622,7.4647619048
2015-03-19,0.7778469324111938,0.3107423484325409,260.9280090332031,43.959999084472656,1.0849988460540771,1.496199607849121,1169.0999755859375,0.008328891359269619,0.0827251672744751,5912.5,50954.0,6962.2998046875,2089.27001953125,46699.3515625,19476.560546875,3670.72998046875,14.069999694824219,1.98,0.39,1.589,0.275,2.622,7.4647619048
2015-03-20,0.7658140659332275,0.3039144277572632,261.7489929199219,45.720001220703125,1.066894292831421,1.4761673212051392,1184.800048828125,0.00828075036406517,0.0813588872551918,5936.2998046875,51967.0,7022.5,2108.10009765625,46592.78125,19560.220703125,3726.070068359375,13.020000457763672,1.93,0.39,1.589,0.275,2.622,7.4647619048
2015-03-23,0.7783918380737305,0.3101159632205963,266.739990234375,47.45000076293945,1.0826611518859863,1.494321584701538,1188.0,0.008331459015607834,0.08312483131885529,5921.0,51908.0,7037.7001953125,2104.419921875,46480.62890625,19754.359375,3699.0400390625,13.40999984741211,1.92,0.39,1.589,0.275,2.622,7.4647619048
2015-03-24,0.7875256538391113,0.3196624517440796,245.59500122070312,47.5099983215332,1.094499111175537,1.4951928853988647,1191.699951171875,0.008350730873644352,0.08398844301700592,5934.5,51506.0,7019.7001953125,2091.5,46735.05859375,19713.44921875,3731.35009765625,13.619999885559082,1.88,0.39,1.589,0.275,2.622,7.4647619048
2015-03-25,0.7862871289253235,0.31885722279548645,246.19700622558594,49.209999084472656,1.0902034044265747,1.4833933115005493,1197.300048828125,0.008347872644662857,0.08463674038648605,5937.10009765625,51858.0,6991.0,2061.050048828125,46182.109375,19746.19921875,3684.0400390625,15.4399995803833,1.93,0.39,1.589,0.275,2.622,7.4647619048
2015-03-26,0.7830240726470947,0.31276389956474304,248.53199768066406,51.43000030517578,1.0960465669631958,1.4877409934997559,1205.0999755859375,0.008366940543055534,0.08445233106613159,5849.7001953125,50580.0,6895.2998046875,2056.14990234375,45467.390625,19471.119140625,3669.7900390625,15.800000190734863,2.01,0.39,1.589,0.275,2.622,7.4647619048
2015-03-27,0.783392071723938,0.3145148456096649,247.0290069580078,48.869998931884766,1.0886367559432983,1.4858399629592896,1199.800048828125,0.008390458300709724,0.08350661396980286,5888.89990234375,50095.0,6855.0,2061.02001953125,45678.96875,19285.630859375,3679.030029296875,15.069999694824219,1.95,0.39,1.589,0.275,2.622,7.4647619048
2015-03-30,0.773455023765564,0.30852770805358887,247.5260009765625,48.68000030517578,1.0884946584701538,1.4885826110839844,1184.800048828125,0.008385743945837021,0.08305869251489639,5816.2998046875,51243.0,6891.39990234375,2086.239990234375,46293.05078125,19411.400390625,3727.800048828125,14.510000228881836,1.96,0.39,1.589,0.275,2.622,7.4647619048
2015-03-31,0.7658140659332275,0.30998140573501587,244.2239990234375,47.599998474121094,1.0830246210098267,1.4809110164642334,1183.0999755859375,0.008332430385053158,0.082404226064682,5861.89990234375,51150.0,6773.0,2067.889892578125,46016.98046875,19206.990234375,3697.3798828125,15.289999961853027,1.94,0.39,1.589,0.275,2.622,7.4647619048
2015-04-01,0.7613826394081116,0.31362709403038025,247.27200317382812,50.09000015258789,1.073814034461975,1.482953429222107,1208.0999755859375,0.00833180546760559,0.08242935687303543,5832.89990234375,52322.0,6809.5,2059.68994140625,46128.41015625,19034.83984375,3714.889892578125,15.109999656677246,1.87,0.122,1.755,0.34,2.41,7.8231578947
2015-04-02,0.7606876492500305,0.31602567434310913,253.0050048828125,49.13999938964844,1.0769942998886108,1.4836794137954712,1200.9000244140625,0.008363022468984127,0.08342941105365753,5869.7001953125,53123.0,6833.5,2066.9599609375,46048.9609375,19312.7890625,3715.27001953125,14.670000076293945,1.92,0.122,1.755,0.34,2.41,7.8231578947
2015-04-07,0.759013295173645,0.3203485608100891,253.17999267578125,53.97999954223633,1.0934817790985107,1.4890702962875366,1210.5999755859375,0.008369811810553074,0.08471345901489258,5893.2001953125,53729.0,6961.7998046875,2076.330078125,46418.8984375,19640.5390625,3768.719970703125,14.779999732971191,1.89,0.122,1.755,0.34,2.41,7.8231578947
2015-04-08,0.7642922401428223,0.31998977065086365,245.02200317382812,50.41999816894531,1.0824151039123535,1.4823819398880005,1203.0999755859375,0.00831324327737093,0.08417366445064545,5928.2998046875,53661.0,6937.39990234375,2081.89990234375,46630.69140625,19789.810546875,3742.6298828125,13.979999542236328,1.92,0.122,1.755,0.34,2.41,7.8231578947
2015-04-09,0.7684623003005981,0.32828864455223083,243.67599487304688,50.790000915527344,1.078527569770813,1.487851619720459,1193.5999755859375,0.008326810784637928,0.0846453383564949,5901.5,53803.0,7015.39990234375,2091.179931640625,46779.76953125,19937.720703125,3781.7900390625,13.09000015258789,1.97,0.122,1.755,0.34,2.41,7.8231578947
2015-04-10,0.7704160213470459,0.327300101518631,236.07200622558594,51.63999938964844,1.0669056177139282,1.4714971780776978,1204.5999755859375,0.008295312523841858,0.08375433832406998,5935.39990234375,54214.0,7089.7998046875,2102.06005859375,47134.3984375,19907.630859375,3816.760009765625,12.579999923706055,1.96,0.122,1.755,0.34,2.41,7.8231578947
2015-04-13,0.7669299840927124,0.32554203271865845,224.58700561523438,51.90999984741211,1.0609854459762573,1.4640644788742065,1199.300048828125,0.008318844251334667,0.08349692076444626,5928.10009765625,54240.0,7064.2998046875,2092.429931640625,47307.73828125,19905.4609375,3828.780029296875,13.9399995803833,1.94,0.122,1.755,0.34,2.41,7.8231578947
2015-04-14,0.7587253451347351,0.32059502601623535,219.15899658203125,53.290000915527344,1.0572947263717651,1.4667917490005493,1192.800048828125,0.008329237811267376,0.08246946334838867,5916.2001953125,53982.0,7075.2998046875,2095.840087890625,47039.7890625,19908.6796875,3784.530029296875,13.670000076293945,1.9,0.122,1.755,0.34,2.41,7.8231578947
2015-04-15,0.761440634727478,0.32630684971809387,223.83299255371094,56.38999938964844,1.0647132396697998,1.4771921634674072,1201.5,0.00837121345102787,0.08327808976173401,5877.2998046875,54919.0,7096.7998046875,2106.6298828125,47452.9296875,19869.759765625,3803.550048828125,12.84000015258789,1.91,0.122,1.755,0.34,2.41,7.8231578947
2015-04-16,0.7678722143173218,0.3304801881313324,228.572998046875,56.709999084472656,1.0676802396774292,1.4828435182571411,1198.0,0.008393275551497936,0.08298411220312119,5917.60009765625,54674.0,7060.5,2104.989990234375,48003.51953125,19885.76953125,3751.719970703125,12.600000381469727,1.9,0.122,1.755,0.34,2.41,7.8231578947
2015-04-17,0.7789375185966492,0.3312793970108032,222.8820037841797,55.7400016784668,1.0755579471588135,1.4921809434890747,1202.9000244140625,0.00840025581419468,0.08371283113956451,5851.5,53955.0,6994.60009765625,2081.179931640625,47491.87109375,19652.880859375,3674.050048828125,13.890000343322754,1.87,0.122,1.755,0.34,2.41,7.8231578947
2015-04-20,0.7809448838233948,0.32930484414100647,224.62600708007812,56.380001068115234,1.0810226202011108,1.4968267679214478,1193.5,0.008416233584284782,0.0830109715461731,5806.7998046875,53761.0,7052.10009765625,2100.39990234375,47572.87109375,19634.490234375,3718.0400390625,13.300000190734863,1.9,0.122,1.755,0.34,2.41,7.8231578947
2015-04-22,0.77154541015625,0.3304692506790161,234.17599487304688,56.15999984741211,1.074171543121338,1.4935628175735474,1186.9000244140625,0.008358897641301155,0.08254244178533554,5812.7998046875,54617.0,7028.2001953125,2107.9599609375,48045.390625,20133.900390625,3724.489990234375,12.710000038146973,1.99,0.122,1.755,0.34,2.41,7.8231578947
2015-04-23,0.7750135660171509,0.33275657892227173,236.46200561523438,57.7400016784668,1.0725815296173096,1.5037593841552734,1194.4000244140625,0.00833680760115385,0.08185717463493347,5820.2998046875,55685.0,7053.7001953125,2112.929931640625,48411.01953125,20187.650390625,3697.8798828125,12.479999542236328,1.96,0.122,1.755,0.34,2.41,7.8231578947
2015-04-24,0.7777259349822998,0.3368704915046692,231.26800537109375,57.150001525878906,1.0815019607543945,1.5052080154418945,1175.199951171875,0.008363232016563416,0.08230655640363693,5906.7998046875,56594.0,7070.7001953125,2117.68994140625,48965.359375,20020.0390625,3713.9599609375,12.289999961853027,1.93,0.122,1.755,0.34,2.41,7.8231578947
2015-04-27,0.7833307385444641,0.33917853236198425,229.28599548339844,56.9900016784668,1.086897373199463,1.517657995223999,1203.300048828125,0.008408519439399242,0.08255981653928757,5954.7998046875,55535.0,7104.0,2108.919921875,48965.359375,19983.3203125,3771.449951171875,13.119999885559082,1.94,0.122,1.755,0.34,2.41,7.8231578947
2015-04-28,0.7867201566696167,0.3432769179344177,225.85499572753906,57.060001373291016,1.0877959728240967,1.5223711729049683,1214.0,0.008394473232328892,0.08339448273181915,5921.5,55812.0,7030.5,2114.760009765625,48758.26953125,20058.94921875,3715.419921875,12.40999984741211,2.0,0.122,1.755,0.34,2.41,7.8231578947
2015-04-30,0.7994883060455322,0.33867308497428894,236.14500427246094,59.630001068115234,1.1114321947097778,1.542686104774475,1182.4000244140625,0.008405480533838272,0.08471488952636719,5773.7001953125,56229.0,6960.60009765625,2085.510009765625,48195.48046875,19520.009765625,3615.590087890625,14.550000190734863,2.05,0.122,1.755,0.34,2.41,7.8231578947
2015-05-07,0.7956715226173401,0.33017465472221375,237.33399963378906,58.939998626708984,1.1341469287872314,1.5242043733596802,1182.4000244140625,0.008375419303774834,0.0832819789648056,5644.7998046875,56921.0,6887.0,2088.0,47198.01953125,19291.990234375,3556.2099609375,15.130000114440918,2.18,0.555789474,2.0243,0.39,2.882,8.0725
2015-05-08,0.7901390790939331,0.33098334074020386,243.86300659179688,59.38999938964844,1.1246949434280396,1.5407133102416992,1189.0999755859375,0.008353590965270996,0.08316146582365036,5635.39990234375,57149.0,7046.7998046875,2116.10009765625,47716.53125,19379.189453125,3649.47998046875,12.859999656677246,2.16,0.555789474,2.0243,0.39,2.882,8.0725
2015-05-11,0.7925814390182495,0.3365643620491028,242.1580047607422,59.25,1.1194071769714355,1.5434004068374634,1183.199951171875,0.008348639123141766,0.08378451317548752,5627.60009765625,57197.0,7029.89990234375,2105.330078125,48098.25,19620.91015625,3624.409912109375,13.850000381469727,2.28,0.555789474,2.0243,0.39,2.882,8.0725
2015-05-12,0.7899518013000488,0.3271822929382324,241.11199951171875,60.75,1.114441990852356,1.557705283164978,1192.5999755859375,0.008324245922267437,0.08278405666351318,5673.10009765625,56792.0,6933.7998046875,2099.1201171875,47868.91015625,19624.83984375,3573.10009765625,13.859999656677246,2.28,0.555789474,2.0243,0.39,2.882,8.0725
2015-05-13,0.7990411520004272,0.33140018582344055,236.3769989013672,60.5,1.1221455335617065,1.567103385925293,1218.4000244140625,0.008344807662069798,0.08307649195194244,5710.7998046875,56372.0,6949.60009765625,2098.47998046875,47993.01171875,19764.720703125,3553.419921875,13.760000228881836,2.27,0.555789474,2.0243,0.39,2.882,8.0725
2015-05-14,0.8112932443618774,0.3293265402317047,236.9290008544922,59.880001068115234,1.1350480318069458,1.574009895324707,1225.4000244140625,0.00839207787066698,0.08413825929164886,5696.60009765625,56657.0,6973.0,2121.10009765625,47821.6484375,19570.240234375,3553.419921875,12.739999771118164,2.23,0.555789474,2.0243,0.39,2.882,8.0725
2015-05-15,0.8086689114570618,0.3344593346118927,237.60499572753906,59.689998626708984,1.1404979228973389,1.5772124528884888,1225.5,0.008389894850552082,0.08475661277770996,5730.0,57249.0,6960.5,2122.72998046875,47935.390625,19732.919921875,3573.070068359375,12.380000114440918,2.14,0.555789474,2.0243,0.39,2.882,8.0725
2015-05-18,0.8046994805335999,0.33429163694381714,233.1280059814453,59.43000030517578,1.144505262374878,1.574604868888855,1227.800048828125,0.008380122482776642,0.08487667143344879,5660.0,56204.0,6968.89990234375,2129.199951171875,48262.0,19890.26953125,3589.219970703125,12.729999542236328,2.23,0.555789474,2.0243,0.39,2.882,8.0725
2015-05-19,0.7994883060455322,0.33269011974334717,231.94700622558594,57.2599983215332,1.1326183080673218,1.5663670301437378,1206.9000244140625,0.008340283297002316,0.08416658639907837,5619.39990234375,55499.0,6995.10009765625,2127.830078125,48143.08984375,20026.380859375,3670.52001953125,12.850000381469727,2.27,0.555789474,2.0243,0.39,2.882,8.0725
2015-05-20,0.7922046780586243,0.32985880970954895,234.01800537109375,58.97999954223633,1.1146656274795532,1.5516144037246704,1208.9000244140625,0.008288300596177578,0.08408024162054062,5614.0,54901.0,7007.2998046875,2125.85009765625,47994.23828125,20196.560546875,3683.47998046875,12.880000114440918,2.26,0.555789474,2.0243,0.39,2.882,8.0725
2015-05-21,0.7878358364105225,0.33314454555511475,235.343994140625,60.720001220703125,1.1100751161575317,1.5542914867401123,1204.4000244140625,0.008250008337199688,0.08439965546131134,5663.60009765625,55112.0,7013.5,2130.820068359375,47915.05078125,20202.869140625,3688.719970703125,12.109999656677246,2.19,0.555789474,2.0243,0.39,2.882,8.0725
2015-05-22,0.7902015447616577,0.32930484414100647,240.34800720214844,59.720001220703125,1.1111851930618286,1.5663915872573853,1204.300048828125,0.008261799812316895,0.08445261418819427,5668.2001953125,54377.0,7031.7001953125,2126.06005859375,47885.26953125,20264.41015625,3679.139892578125,12.130000114440918,2.21,0.555789474,2.0243,0.39,2.882,8.0725
2015-05-26,0.7827175855636597,0.32328981161117554,237.11599731445312,58.029998779296875,1.0971167087554932,1.5472211837768555,1187.199951171875,0.008223684504628181,0.08377651125192642,5770.39990234375,53630.0,6949.0,2104.199951171875,46916.48046875,20437.48046875,3619.300048828125,14.0600004196167,2.14,0.555789474,2.0243,0.39,2.882,8.0725
2015-05-27,0.7744733095169067,0.31766200065612793,237.2830047607422,57.5099983215332,1.08888578414917,1.5398591756820679,1185.9000244140625,0.008131006732583046,0.08286171406507492,5724.2001953125,54236.0,7033.2998046875,2123.47998046875,46885.859375,20472.580078125,3682.8701171875,13.270000457763672,2.14,0.555789474,2.0243,0.39,2.882,8.0725
2015-05-28,0.7735148668289185,0.318684458732605,237.4080047607422,57.68000030517578,1.0900014638900757,1.5350136756896973,1188.0999755859375,0.008081461302936077,0.08316907286643982,5714.60009765625,53976.0,7040.89990234375,2120.7900390625,46841.6015625,20551.4609375,3650.7099609375,13.3100004196167,2.13,0.555789474,2.0243,0.39,2.882,8.0725
2015-05-29,0.7658140659332275,0.3166159987449646,237.0959930419922,60.29999923706055,1.0960345268249512,1.531909704208374,1189.4000244140625,0.008076239377260208,0.08245668560266495,5774.89990234375,52760.0,6984.39990234375,2107.389892578125,46285.6484375,20563.150390625,3570.780029296875,13.84000015258789,2.12,0.555789474,2.0243,0.39,2.882,8.0725
2015-06-01,0.7645260095596313,0.314881294965744,222.92599487304688,60.20000076293945,1.0957943201065063,1.5288883447647095,1188.300048828125,0.008051984012126923,0.08237706869840622,5734.0,53031.0,6953.60009765625,2111.72998046875,46180.48828125,20569.869140625,3575.0400390625,13.970000267028809,2.19,0.792727273,2.1696,0.455,2.985,8.3266666667
2015-06-02,0.7614986300468445,0.315507173538208,225.80299377441406,61.2599983215332,1.0922993421554565,1.519987940788269,1194.0999755859375,0.008009804412722588,0.08151566982269287,5639.89990234375,54236.0,6928.2998046875,2109.60009765625,46377.76953125,20543.189453125,3561.889892578125,14.239999771118164,2.27,0.792727273,2.1696,0.455,2.985,8.3266666667
2015-06-03,0.7763975262641907,0.31963178515434265,225.87399291992188,59.63999938964844,1.1150012016296387,1.5339776277542114,1184.699951171875,0.00806217547506094,0.08207431435585022,5588.2998046875,53523.0,6950.5,2114.070068359375,46083.9609375,20473.509765625,3583.820068359375,13.65999984741211,2.38,0.792727273,2.1696,0.455,2.985,8.3266666667
2015-06-05,0.7688168287277222,0.31845107674598694,224.95199584960938,59.130001068115234,1.120787262916565,1.5364996194839478,1167.800048828125,0.008039877749979496,0.08082447201013565,5506.5,52973.0,6804.60009765625,2092.830078125,45993.23828125,20460.900390625,3510.010009765625,14.210000038146973,2.41,0.792727273,2.1696,0.455,2.985,8.3266666667
2015-06-09,0.7688168287277222,0.3215537369251251,229.04800415039062,60.13999938964844,1.128095269203186,1.5345896482467651,1177.300048828125,0.008028065785765648,0.08015203475952148,5479.7001953125,52816.0,6753.7998046875,2080.14990234375,45395.91015625,20096.30078125,3456.7900390625,14.470000267028809,2.42,0.792727273,2.1696,0.455,2.985,8.3266666667
2015-06-10,0.7691124677658081,0.3230495750904083,228.80299377441406,61.43000030517578,1.1299052238464355,1.539408802986145,1186.0999755859375,0.008042529225349426,0.08050110191106796,5486.0,53876.0,6830.2998046875,2105.199951171875,46252.640625,20046.359375,3526.47998046875,13.220000267028809,2.5,0.792727273,2.1696,0.455,2.985,8.3266666667
2015-06-11,0.7731559872627258,0.3211303651332855,229.7050018310547,60.77000045776367,1.131196141242981,1.549690842628479,1179.9000244140625,0.008138948120176792,0.08101502060890198,5562.60009765625,53689.0,6846.7001953125,2108.860107421875,46149.58984375,20382.970703125,3551.909912109375,12.850000381469727,2.39,0.792727273,2.1696,0.455,2.985,8.3266666667
2015-06-12,0.7748873829841614,0.3239285945892334,229.98199462890625,59.959999084472656,1.1240627765655518,1.5508925914764404,1178.800048828125,0.008091858588159084,0.08108530938625336,5552.10009765625,53348.0,6784.89990234375,2094.110107421875,46129.91015625,20407.080078125,3502.77001953125,13.779999732971191,2.39,0.792727273,2.1696,0.455,2.985,8.3266666667
2015-06-15,0.7730364799499512,0.32084187865257263,236.822998046875,59.52000045776367,1.1219944953918457,1.5561537742614746,1185.300048828125,0.008110958151519299,0.08047202229499817,5541.5,53138.0,6710.5,2084.429931640625,45608.62890625,20387.7890625,3438.070068359375,15.390000343322754,2.36,0.792727273,2.1696,0.455,2.985,8.3266666667
2015-06-16,0.7757951617240906,0.3201536536216736,250.89500427246094,59.970001220703125,1.1277008056640625,1.5596001148223877,1180.5,0.008102414198219776,0.08062519878149033,5535.2001953125,53702.0,6710.10009765625,2096.2900390625,45608.62890625,20257.939453125,3454.090087890625,14.8100004196167,2.32,0.792727273,2.1696,0.455,2.985,8.3266666667
2015-06-17,0.774713397026062,0.3239496052265167,249.28399658203125,59.91999816894531,1.124201774597168,1.563966155052185,1176.4000244140625,0.008101167157292366,0.08084303140640259,5590.2998046875,53249.0,6680.60009765625,2100.43994140625,45914.4296875,20219.26953125,3428.760009765625,14.5,2.32,0.792727273,2.1696,0.455,2.985,8.3266666667
2015-06-18,0.7725587487220764,0.3278258442878723,249.0070037841797,60.45000076293945,1.1369967460632324,1.5848110914230347,1201.5,0.00809519924223423,0.08141572028398514,5522.7001953125,54239.0,6707.89990234375,2121.239990234375,46213.87890625,19990.8203125,3450.449951171875,13.1899995803833,2.35,0.792727273,2.1696,0.455,2.985,8.3266666667
2015-06-19,0.7789981961250305,0.32703250646591187,244.6060028076172,59.61000061035156,1.1370742321014404,1.587881326675415,1201.5,0.008129948750138283,0.08166665583848953,5591.5,53749.0,6710.5,2109.989990234375,46170.5703125,20174.240234375,3455.800048828125,13.960000038146973,2.26,0.792727273,2.1696,0.455,2.985,8.3266666667
2015-06-22,0.7765783667564392,0.32328981161117554,246.99000549316406,59.68000030517578,1.1372941732406616,1.5885119438171387,1183.699951171875,0.008146572858095169,0.08232498914003372,5603.10009765625,53864.0,6825.7001953125,2122.85009765625,46593.0,20428.189453125,3596.070068359375,12.739999771118164,2.37,0.792727273,2.1696,0.455,2.985,8.3266666667
2015-06-23,0.7728572487831116,0.3242121636867523,244.29600524902344,61.0099983215332,1.13490629196167,1.5829297304153442,1176.199951171875,0.008105107583105564,0.08264195919036865,5671.39990234375,53772.0,6834.89990234375,2124.199951171875,47002.30078125,20809.419921875,3625.969970703125,12.109999656677246,2.42,0.792727273,2.1696,0.455,2.985,8.3266666667
2015-06-24,0.7742335200309753,0.3253301978111267,240.51499938964844,60.27000045776367,1.1172186136245728,1.5741090774536133,1172.5999755859375,0.008073631674051285,0.08226126432418823,5672.7001953125,53843.0,6844.7998046875,2108.580078125,47231.8984375,20868.029296875,3610.949951171875,13.260000228881836,2.38,0.792727273,2.1696,0.455,2.985,8.3266666667
2015-06-25,0.7709506154060364,0.32311221957206726,242.7989959716797,59.70000076293945,1.1206992864608765,1.570993185043335,1171.5,0.008074218407273293,0.08229375630617142,5619.89990234375,53176.0,6807.7998046875,2102.31005859375,47259.66015625,20771.400390625,3610.909912109375,14.010000228881836,2.4,0.792727273,2.1696,0.455,2.985,8.3266666667
2015-06-26,0.7733952403068542,0.32006147503852844,243.593994140625,59.630001068115234,1.1202975511550903,1.5745056867599487,1172.9000244140625,0.008090745657682419,0.08266245573759079,5536.10009765625,54017.0,6753.7001953125,2101.489990234375,47054.51171875,20706.150390625,3621.3701171875,14.020000457763672,2.49,0.792727273,2.1696,0.455,2.985,8.3266666667
2015-06-29,0.7626601457595825,0.3199283480644226,257.0639953613281,58.33000183105469,1.0975021123886108,1.5693166255950928,1178.5,0.00815580878406763,0.08118794113397598,5413.10009765625,53014.0,6620.5,2057.639892578125,46395.05859375,20109.94921875,3468.89990234375,18.850000381469727,2.33,0.792727273,2.1696,0.455,2.985,8.3266666667
2015-06-30,0.767283022403717,0.3210272789001465,263.0719909667969,59.470001220703125,1.122296690940857,1.573192834854126,1171.5,0.008151952177286148,0.08162272721529007,5451.2001953125,53081.0,6521.0,2063.110107421875,46141.58984375,20235.73046875,3424.300048828125,18.229999542236328,2.35,0.792727273,2.1696,0.455,2.985,8.3266666667
2015-07-01,0.7694082856178284,0.32175031304359436,258.6210021972656,56.959999084472656,1.1134989261627197,1.5687012672424316,1169.0,0.008170869201421738,0.08224942535161972,5506.0,52758.0,6608.60009765625,2077.419921875,46313.359375,20329.3203125,3496.280029296875,16.09000015258789,2.43,0.71,2.1353,0.41,2.922,8.182173913
2015-07-02,0.7641754746437073,0.3179144859313965,255.41200256347656,56.93000030517578,1.103363037109375,1.5605005025863647,1163.0,0.008108984678983688,0.08164598047733307,5587.89990234375,53106.0,6630.5,2076.780029296875,46627.76953125,20522.5,3463.25,16.790000915527344,2.4,0.71,2.1353,0.41,2.922,8.182173913
2015-07-06,0.7484470009803772,0.31957051157951355,269.0299987792969,52.529998779296875,1.0995051860809326,1.555596947669983,1172.9000244140625,0.008169467560946941,0.08079776167869568,5463.2998046875,52149.0,6535.7001953125,2068.760009765625,45732.421875,20112.119140625,3365.199951171875,17.010000228881836,2.3,0.71,2.1353,0.41,2.922,8.182173913
2015-07-07,0.7478815913200378,0.31896910071372986,266.2070007324219,52.33000183105469,1.1048991680145264,1.5602084398269653,1152.4000244140625,0.008155874907970428,0.08072745054960251,5555.5,52344.0,6432.2001953125,2081.340087890625,44377.0,20376.58984375,3294.18994140625,16.09000015258789,2.27,0.71,2.1353,0.41,2.922,8.182173913
2015-07-08,0.7458233833312988,0.314594030380249,270.7850036621094,51.650001525878906,1.1009942293167114,1.5462881326675415,1163.300048828125,0.008163931779563427,0.08041501045227051,5456.5,51782.0,6490.7001953125,2046.6800537109375,44678.8203125,19737.640625,3327.5,19.65999984741211,2.22,0.71,2.1353,0.41,2.922,8.182173913
2015-07-10,0.7461016178131104,0.310452938079834,284.8940124511719,52.7400016784668,1.1063048839569092,1.5373972654342651,1157.699951171875,0.008216926828026772,0.0800708457827568,5478.10009765625,52591.0,6673.39990234375,2076.6201171875,46216.21875,19779.830078125,3528.81005859375,16.829999923706055,2.42,0.71,2.1353,0.41,2.922,8.182173913
2015-07-13,0.7425007820129395,0.3168969452381134,292.0539855957031,52.20000076293945,1.1129041910171509,1.5515903234481812,1155.199951171875,0.008163531310856342,0.08023035526275635,5460.39990234375,53119.0,6738.0,2099.60009765625,46907.8984375,20089.76953125,3590.429931640625,13.899999618530273,2.44,0.71,2.1353,0.41,2.922,8.182173913
2015-07-14,0.7394808530807495,0.31936636567115784,287.4639892578125,53.040000915527344,1.099045991897583,1.548227310180664,1153.300048828125,0.008092579431831837,0.08028878271579742,5561.89990234375,53239.0,6753.7998046875,2108.949951171875,46571.30078125,20385.330078125,3607.18994140625,13.369999885559082,2.41,0.71,2.1353,0.41,2.922,8.182173913
2015-07-15,0.7446016073226929,0.31882673501968384,285.8290100097656,51.40999984741211,1.1008002758026123,1.5636972188949585,1147.199951171875,0.008108984678983688,0.08110175281763077,5609.7001953125,52902.0,6753.7998046875,2107.39990234375,46942.19140625,20463.330078125,3623.8701171875,13.229999542236328,2.36,0.71,2.1353,0.41,2.922,8.182173913
2015-07-16,0.7373543977737427,0.31891822814941406,278.0889892578125,50.90999984741211,1.0943553447723389,1.563403844833374,1143.800048828125,0.008072979748249054,0.08060699701309204,5649.7998046875,53070.0,6796.5,2124.2900390625,47228.08984375,20600.119140625,3676.409912109375,12.109999656677246,2.36,0.71,2.1353,0.41,2.922,8.182173913
2015-07-17,0.7415096759796143,0.31739985942840576,279.47198486328125,50.88999938964844,1.0886012315750122,1.5613046884536743,1131.800048828125,0.008054837584495544,0.08071109652519226,5652.5,52342.0,6775.10009765625,2126.639892578125,47052.578125,20650.919921875,3670.340087890625,11.949999809265137,2.34,0.71,2.1353,0.41,2.922,8.182173913
2015-07-21,0.7375501990318298,0.31303805112838745,275.8330078125,50.36000061035156,1.0835410356521606,1.5573898553848267,1103.4000244140625,0.008045440539717674,0.08044598996639252,5688.5,51474.0,6769.10009765625,2119.2099609375,47256.3203125,20841.970703125,3647.9599609375,12.220000267028809,2.35,0.71,2.1353,0.41,2.922,8.182173913
2015-07-22,0.7425007820129395,0.31526845693588257,277.22198486328125,49.189998626708984,1.0939961671829224,1.555596947669983,1091.4000244140625,0.008073631674051285,0.08114400506019592,5603.5,50916.0,6667.2998046875,2114.14990234375,46370.96875,20593.669921875,3635.580078125,12.119999885559082,2.33,0.71,2.1353,0.41,2.922,8.182173913
2015-07-23,0.7375174760818481,0.31057828664779663,276.04901123046875,48.45000076293945,1.0927051305770874,1.5614020824432373,1094.0,0.008060095831751823,0.08067592978477478,5581.2998046875,49807.0,6655.0,2102.14990234375,46649.23046875,20683.94921875,3634.639892578125,12.640000343322754,2.28,0.71,2.1353,0.41,2.922,8.182173913
2015-07-24,0.7356186509132385,0.3044881522655487,288.27801513671875,48.13999938964844,1.0989010334014893,1.5519516468048096,1085.5999755859375,0.008072588592767715,0.08039748668670654,5556.7998046875,49246.0,6579.7998046875,2079.64990234375,45858.44921875,20544.529296875,3600.0,13.739999771118164,2.27,0.71,2.1353,0.41,2.922,8.182173913
2015-07-27,0.7275902032852173,0.29797378182411194,293.6239929199219,47.38999938964844,1.0972371101379395,1.5522888898849487,1096.5,0.008079959079623222,0.07930528372526169,5579.2001953125,48736.0,6505.10009765625,2067.639892578125,45768.94140625,20350.099609375,3513.10009765625,15.600000381469727,2.23,0.71,2.1353,0.41,2.922,8.182173913
2015-07-28,0.7275902032852173,0.29746854305267334,294.427001953125,47.97999954223633,1.109004020690918,1.5564203262329102,1096.300048828125,0.008114248514175415,0.07921751588582993,5571.0,49602.0,6555.2998046875,2093.25,45290.171875,20328.890625,3554.110107421875,13.4399995803833,2.26,0.71,2.1353,0.41,2.922,8.182173913
2015-07-29,0.7346999049186707,0.2981070280075073,289.5899963378906,48.790000915527344,1.1065986156463623,1.5611096620559692,1092.699951171875,0.008092186413705349,0.07965506613254547,5609.60009765625,50245.0,6631.0,2108.570068359375,46108.87109375,20302.91015625,3575.530029296875,12.5,2.29,0.71,2.1353,0.41,2.922,8.182173913
2015-07-30,0.7298737168312073,0.30085140466690063,287.72198486328125,48.52000045776367,1.098406195640564,1.5602084398269653,1088.4000244140625,0.008068419992923737,0.07969409972429276,5653.10009765625,49897.0,6668.89990234375,2108.6298828125,46302.48046875,20522.830078125,3583.7900390625,12.130000114440918,2.28,0.71,2.1353,0.41,2.922,8.182173913
2015-07-31,0.7294477820396423,0.2966654896736145,284.6499938964844,47.119998931884766,1.0939244031906128,1.5604275465011597,1094.9000244140625,0.008059901185333729,0.07878594100475311,5681.7001953125,50865.0,6696.2998046875,2103.840087890625,46557.26171875,20585.240234375,3600.68994140625,12.119999885559082,2.2,0.71,2.1353,0.41,2.922,8.182173913
2015-08-03,0.7299802899360657,0.2924489676952362,281.22698974609375,45.16999816894531,1.0969001054763794,1.5626953840255737,1089.4000244140625,0.008061915636062622,0.07883196324110031,5664.2998046875,50138.0,6688.60009765625,2098.0400390625,46120.8203125,20548.109375,3635.39990234375,12.5600004196167,2.16,0.71,2.1353,0.41,2.922,8.182173913
2015-08-04,0.7275902032852173,0.28995591402053833,285.2179870605469,45.7400016784668,1.09560227394104,1.559040904045105,1090.699951171875,0.008068094961345196,0.0788470059633255,5681.89990234375,50058.0,6686.60009765625,2093.320068359375,46917.5390625,20520.359375,3619.31005859375,13.0,2.23,0.71,2.1353,0.41,2.922,8.182173913
2015-08-05,0.737626314163208,0.2884920537471771,281.8819885253906,45.150001525878906,1.0888975858688354,1.5569047927856445,1085.699951171875,0.00804673507809639,0.07852313667535782,5659.5,50287.0,6752.39990234375,2099.840087890625,47259.05859375,20614.060546875,3676.75,12.510000228881836,2.28,0.71,2.1353,0.41,2.922,8.182173913
2015-08-06,0.7352941036224365,0.28704288601875305,278.5769958496094,44.65999984741211,1.0903104543685913,1.5605981349945068,1090.199951171875,0.00801731739193201,0.07828781008720398,5600.10009765625,50011.0,6747.10009765625,2083.56005859375,46930.671875,20664.439453125,3668.469970703125,13.770000457763672,2.23,0.71,2.1353,0.41,2.922,8.182173913
2015-08-07,0.7345379590988159,0.2831577658653259,279.5849914550781,43.869998931884766,1.0927051305770874,1.551421880722046,1094.0999755859375,0.008017060346901417,0.07869913429021835,5472.2998046875,48577.0,6718.5,2077.570068359375,46431.98828125,20724.560546875,3637.800048828125,13.390000343322754,2.18,0.71,2.1353,0.41,2.922,8.182173913
2015-08-10,0.7401924729347229,0.2831577658653259,264.4700012207031,44.959999084472656,1.0965032577514648,1.5494027137756348,1104.199951171875,0.00804505217820406,0.079117052257061,5504.89990234375,49353.0,6736.2001953125,2104.179931640625,46431.98828125,20808.689453125,3674.93994140625,12.229999542236328,2.24,0.71,2.1353,0.41,2.922,8.182173913
2015-08-11,0.7413997650146484,0.29106152057647705,270.385986328125,43.08000183105469,1.1016976833343506,1.5585306882858276,1107.5999755859375,0.008024845272302628,0.0790037289261818,5473.10009765625,49072.0,6664.5,2084.070068359375,46622.578125,20720.75,3605.280029296875,13.710000038146973,2.15,0.71,2.1353,0.41,2.922,8.182173913
2015-08-12,0.7310475707054138,0.2881014049053192,266.3760070800781,43.29999923706055,1.104203701019287,1.5584092140197754,1123.199951171875,0.00799552258104086,0.07826992124319077,5383.5,48388.0,6571.2001953125,2086.050048828125,44980.3515625,20392.76953125,3484.409912109375,13.609999656677246,2.14,0.71,2.1353,0.41,2.922,8.182173913
2015-08-13,0.7381163239479065,0.28776150941848755,264.0799865722656,42.22999954223633,1.1160963773727417,1.561597228050232,1115.699951171875,0.008047966286540031,0.07843364775180817,5389.0,48010.0,6568.2998046875,2083.389892578125,45877.7109375,20595.55078125,3516.14990234375,13.489999771118164,2.19,0.71,2.1353,0.41,2.922,8.182173913
2015-08-14,0.7375174760818481,0.2841474115848541,265.67999267578125,42.5,1.1160963773727417,1.561792254447937,1112.9000244140625,0.008040976710617542,0.07819317281246185,5360.0,47508.0,6550.7001953125,2091.5400390625,45341.19140625,20519.44921875,3491.030029296875,12.829999923706055,2.2,0.71,2.1353,0.41,2.922,8.182173913
2015-08-17,0.7369197010993958,0.2875298261642456,257.97601318359375,41.869998931884766,1.1092993021011353,1.5651901960372925,1118.5999755859375,0.00804181769490242,0.07801632583141327,5368.60009765625,47217.0,6550.2998046875,2102.43994140625,45287.51953125,20620.259765625,3497.89990234375,13.020000457763672,2.16,0.71,2.1353,0.41,2.922,8.182173913
2015-08-18,0.7370826601982117,0.2876373529434204,211.07899475097656,42.619998931884766,1.107800006866455,1.5585062503814697,1117.0999755859375,0.008036130107939243,0.07755779474973679,5309.39990234375,47451.0,6526.2998046875,2096.919921875,45467.3515625,20554.470703125,3495.3798828125,13.789999961853027,2.2,0.71,2.1353,0.41,2.922,8.182173913
2015-08-19,0.7339987754821777,0.2886086106300354,226.6840057373047,40.79999923706055,1.1030831336975098,1.5664896965026855,1128.0999755859375,0.00804045982658863,0.07755003869533539,5379.7998046875,46588.0,6403.5,2079.610107421875,44686.46875,20222.630859375,3429.840087890625,15.25,2.12,0.71,2.1353,0.41,2.922,8.182173913
2015-08-20,0.7354563474655151,0.28667259216308594,235.35000610351562,41.13999938964844,1.1118029356002808,1.568307638168335,1153.0,0.008071220479905605,0.07767774164676666,5295.5,46649.0,6367.89990234375,2035.72998046875,44149.390625,20033.51953125,3353.47998046875,19.139999389648438,2.09,0.71,2.1353,0.41,2.922,8.182173913
2015-08-21,0.7337295413017273,0.2892012298107147,232.56900024414062,40.45000076293945,1.1236965656280518,1.5690950155258179,1159.5999755859375,0.008102414198219776,0.07732648402452469,5224.7998046875,45720.0,6187.7001953125,1970.8900146484375,43404.55859375,19435.830078125,3247.260009765625,28.030000686645508,2.05,0.71,2.1353,0.41,2.922,8.182173913
2015-08-24,0.7258474230766296,0.28587764501571655,210.4949951171875,38.2400016784668,1.1376951932907104,1.5677913427352905,1153.4000244140625,0.008214767090976238,0.07451353967189789,5014.2001953125,44336.0,5898.89990234375,1893.2099609375,42149.23828125,18540.6796875,3073.389892578125,40.7400016784668,2.01,0.71,2.1353,0.41,2.922,8.182173913
2015-08-25,0.7172057628631592,0.281840980052948,221.60899353027344,39.310001373291016,1.1583056449890137,1.5762925148010254,1138.199951171875,0.008411560207605362,0.07561264932155609,5143.7998046875,44545.0,6081.2998046875,1867.6099853515625,43439.05078125,17806.69921875,3218.010009765625,36.02000045776367,2.12,0.71,2.1353,0.41,2.922,8.182173913
2015-08-26,0.7105300426483154,0.2768932580947876,225.83099365234375,38.599998474121094,1.1550945043563843,1.5695877075195312,1124.5999755859375,0.008435971103608608,0.0758708119392395,5178.89990234375,46038.0,5979.2001953125,1940.510009765625,42955.6484375,18376.830078125,3170.72998046875,30.31999969482422,2.18,0.71,2.1353,0.41,2.922,8.182173913
2015-08-27,0.7124537229537964,0.27823376655578613,224.7689971923828,42.560001373291016,1.1340054273605347,1.5482032299041748,1122.4000244140625,0.008329307660460472,0.07645300775766373,5242.60009765625,47715.0,6192.0,1987.6600341796875,43624.98046875,18574.439453125,3280.780029296875,26.100000381469727,2.18,0.71,2.1353,0.41,2.922,8.182173913
2015-08-28,0.7174115777015686,0.28167426586151123,231.39599609375,45.220001220703125,1.1247961521148682,1.541401982307434,1133.0999755859375,0.008264257572591305,0.07617712765932083,5274.7001953125,47154.0,6247.89990234375,1988.8699951171875,44383.73828125,19136.3203125,3286.590087890625,26.049999237060547,2.19,0.71,2.1353,0.41,2.922,8.182173913
2015-09-01,0.7109341621398926,0.27630415558815,228.12100219726562,45.40999984741211,1.1225864887237549,1.5363106727600098,1138.699951171875,0.008258388377726078,0.07538027316331863,5117.10009765625,45477.0,6058.5,1913.8499755859375,42979.76953125,18165.689453125,3188.72998046875,31.399999618530273,2.17,0.654090909,1.8814,0.35,2.724,8.4604761905
2015-09-02,0.7009181976318359,0.27081921696662903,229.28399658203125,46.25,1.1293437480926514,1.5305262804031372,1132.5,0.008353172801434994,0.07454075664281845,5119.39990234375,46464.0,6083.2998046875,1948.8599853515625,43699.53125,18095.400390625,3198.860107421875,26.09000015258789,2.2,0.654090909,1.8814,0.35,2.724,8.4604761905
2015-09-03,0.7047216296195984,0.2663896083831787,227.18299865722656,46.75,1.121604323387146,1.5308074951171875,1123.699951171875,0.00829324871301651,0.07455470412969589,5048.7001953125,47366.0,6194.10009765625,1951.1300048828125,44838.9609375,18182.390625,3270.090087890625,25.610000610351562,2.18,0.654090909,1.8814,0.35,2.724,8.4604761905
2015-09-04,0.7019021511077881,0.26773762702941895,230.29800415039062,46.04999923706055,1.1125946044921875,1.526205062866211,1120.5999755859375,0.00832944642752409,0.07367633283138275,5060.7998046875,46498.0,6042.89990234375,1921.219970703125,43547.16015625,17792.16015625,3180.25,27.799999237060547,2.13,0.654090909,1.8814,0.35,2.724,8.4604761905
2015-09-08,0.6946374177932739,0.2607561945915222,243.60699462890625,45.939998626708984,1.1163954734802246,1.5283042192459106,1120.4000244140625,0.008374999277293682,0.0717206820845604,5133.5,46762.0,6146.10009765625,1969.4100341796875,44107.1796875,17427.080078125,3233.840087890625,24.899999618530273,2.2,0.654090909,1.8814,0.35,2.724,8.4604761905
2015-09-09,0.7037792801856995,0.26206135749816895,238.16799926757812,44.150001525878906,1.1207369565963745,1.5401912927627563,1102.199951171875,0.008327157236635685,0.07305829226970673,5236.89990234375,46657.0,6229.0,1942.0400390625,44249.390625,18770.509765625,3269.97998046875,26.229999542236328,2.21,0.654090909,1.8814,0.35,2.724,8.4604761905
2015-09-10,0.6965728402137756,0.26464128494262695,238.4770050048828,45.91999816894531,1.1220699548721313,1.5357915163040161,1109.5,0.008314072154462337,0.07199279218912125,5117.0,46504.0,6155.7998046875,1952.2900390625,44025.80859375,18299.619140625,3221.139892578125,24.3700008392334,2.23,0.654090909,1.8814,0.35,2.724,8.4604761905
2015-09-11,0.7071135640144348,0.2598685026168823,240.10699462890625,44.630001068115234,1.1290887594223022,1.54421067237854,1103.5,0.008290567435324192,0.07342952489852905,5096.2998046875,46401.0,6117.7998046875,1961.050048828125,43450.421875,18264.220703125,3187.93994140625,23.200000762939453,2.2,0.654090909,1.8814,0.35,2.724,8.4604761905
2015-09-14,0.7099751830101013,0.25851815938949585,230.6439971923828,44.0,1.1344043016433716,1.5448071956634521,1107.699951171875,0.008278420194983482,0.07387826591730118,5120.5,47282.0,6084.60009765625,1953.030029296875,43813.05859375,17965.69921875,3175.6201171875,24.25,2.18,0.654090909,1.8814,0.35,2.724,8.4604761905
2015-09-15,0.7160758972167969,0.2624189853668213,230.3040008544922,44.59000015258789,1.1307612657546997,1.5427099466323853,1102.800048828125,0.008308407850563526,0.07417754083871841,5046.60009765625,47364.0,6137.60009765625,1978.0899658203125,43985.37109375,18026.48046875,3207.60009765625,22.540000915527344,2.28,0.654090909,1.8814,0.35,2.724,8.4604761905
2015-09-16,0.7128092050552368,0.2590875029563904,229.09100341796875,47.150001525878906,1.1271796226501465,1.53449547290802,1119.199951171875,0.008303303271532059,0.07430248707532883,5123.60009765625,48553.0,6229.2001953125,1995.31005859375,45588.01171875,18171.599609375,3251.7900390625,21.350000381469727,2.3,0.654090909,1.8814,0.35,2.724,8.4604761905
2015-09-17,0.7199942469596863,0.26119208335876465,229.80999755859375,46.900001525878906,1.12920343875885,1.5518070459365845,1117.300048828125,0.00829717144370079,0.07538749277591705,5171.2001953125,48551.0,6187.0,1990.199951171875,46137.53125,18432.26953125,3255.7900390625,21.139999389648438,2.21,0.654090909,1.8814,0.35,2.724,8.4604761905
2015-09-18,0.7189072370529175,0.2569769024848938,232.97500610351562,44.68000030517578,1.1400948762893677,1.5569047927856445,1138.0999755859375,0.008330140262842178,0.07529961317777634,5194.2998046875,47264.0,6104.10009765625,1958.030029296875,45616.0703125,18070.2109375,3157.300048828125,22.280000686645508,2.13,0.654090909,1.8814,0.35,2.724,8.4604761905
2015-09-24,0.6998880505561829,0.23951523005962372,234.5290069580078,44.90999984741211,1.1189937591552734,1.5252039432525635,1153.800048828125,0.008319467306137085,0.07210907340049744,5102.2998046875,45292.0,5961.5,1932.239990234375,45062.05078125,17571.830078125,3019.340087890625,23.469999313354492,2.13,0.654090909,1.8814,0.35,2.724,8.4604761905
2015-09-25,0.7011638879776001,0.2542588412761688,235.1439971923828,45.70000076293945,1.1178929805755615,1.522695779800415,1146.0,0.008316700346767902,0.07209805399179459,5076.7001953125,44831.0,6109.0,1931.3399658203125,44963.23828125,17880.509765625,3113.159912109375,23.6200008392334,2.17,0.654090909,1.8814,0.35,2.724,8.4604761905
2015-09-28,0.7020993232727051,0.2520415186882019,239.14199829101562,44.43000030517578,1.1201720237731934,1.5201727151870728,1132.0,0.008307856507599354,0.07214028388261795,5145.10009765625,43957.0,5958.89990234375,1881.77001953125,44242.3203125,17645.109375,3039.43994140625,27.6299991607666,2.1,0.654090909,1.8814,0.35,2.724,8.4604761905
2015-09-29,0.6972042322158813,0.24368251860141754,236.68699645996094,45.22999954223633,1.123103380203247,1.5165071487426758,1127.0999755859375,0.008344459347426891,0.07113691419363022,4958.10009765625,44132.0,5909.2001953125,1884.0899658203125,44159.4609375,16930.83984375,3029.860107421875,26.829999923706055,2.05,0.654090909,1.8814,0.35,2.724,8.4604761905
2015-09-30,0.7003781795501709,0.24664561450481415,236.05999755859375,45.09000015258789,1.1255937814712524,1.5157945156097412,1115.5,0.008343067020177841,0.07159025967121124,5058.60009765625,45059.0,6061.60009765625,1920.030029296875,44881.1796875,17388.150390625,3100.669921875,24.5,2.06,0.654090909,1.8814,0.35,2.724,8.4604761905
2015-10-01,0.7010164856910706,0.2534404695034027,237.5489959716797,44.7400016784668,1.11720609664917,1.5124017000198364,1114.199951171875,0.008343136869370937,0.07232864946126938,5144.10009765625,45313.0,6072.5,1923.8199462890625,45252.76953125,17722.419921875,3069.050048828125,22.549999237060547,2.05,0.518181818,1.846,0.3,2.657,8.2736363636
2015-10-02,0.7036802172660828,0.25007501244544983,237.29299926757812,45.540000915527344,1.1193444728851318,1.5139129161834717,1137.0999755859375,0.008346549235284328,0.07184279710054398,5089.2001953125,47033.0,6130.0,1951.3599853515625,45668.3515625,17725.130859375,3088.179931640625,20.940000534057617,1.99,0.518181818,1.846,0.3,2.657,8.2736363636
2015-10-05,0.704820990562439,0.2546148896217346,240.38299560546875,46.2599983215332,1.1226998567581177,1.5194103717803955,1138.0999755859375,0.008333680219948292,0.07276230305433273,5184.10009765625,47598.0,6298.89990234375,1987.050048828125,46693.26171875,18005.490234375,3190.389892578125,19.540000915527344,2.07,0.518181818,1.846,0.3,2.657,8.2736363636
2015-10-06,0.708817720413208,0.2557610273361206,246.06300354003906,48.529998779296875,1.1195199489593506,1.5154958963394165,1146.800048828125,0.008301442489027977,0.073429636657238,5199.0,47735.0,6326.2001953125,1979.9200439453125,46624.37890625,18186.099609375,3220.090087890625,19.399999618530273,2.05,0.518181818,1.846,0.3,2.657,8.2736363636
2015-10-07,0.7159220576286316,0.2598077356815338,242.968994140625,47.810001373291016,1.1267986297607422,1.5226030349731445,1149.0,0.008316700346767902,0.07398184388875961,5228.39990234375,48914.0,6336.39990234375,1995.8299560546875,47162.94140625,18322.98046875,3226.39990234375,18.399999618530273,2.08,0.518181818,1.846,0.3,2.657,8.2736363636
2015-10-08,0.7194762229919434,0.2577120363712311,242.3040008544922,49.43000030517578,1.1239995956420898,1.5315576791763306,1144.699951171875,0.008339240215718746,0.07425597310066223,5241.39990234375,49107.0,6374.7998046875,2013.4300537109375,47293.80859375,18141.169921875,3224.9599609375,17.420000076293945,2.12,0.518181818,1.846,0.3,2.657,8.2736363636
2015-10-09,0.7267441749572754,0.2644173502922058,243.93099975585938,49.630001068115234,1.1286935806274414,1.535131573677063,1156.300048828125,0.008338266983628273,0.07519260793924332,5309.2001953125,49338.0,6416.2001953125,2014.8900146484375,47809.87890625,18438.669921875,3250.31005859375,17.079999923706055,2.12,0.518181818,1.846,0.3,2.657,8.2736363636
2015-10-13,0.7344300746917725,0.26592209935188293,249.50799560546875,46.65999984741211,1.135550618171692,1.5337893962860107,1165.800048828125,0.008332569152116776,0.07501999288797379,5234.60009765625,47363.0,6342.2998046875,2003.68994140625,47643.859375,18234.740234375,3221.280029296875,17.670000076293945,2.06,0.518181818,1.846,0.3,2.657,8.2736363636
2015-10-14,0.7222824096679688,0.25714874267578125,251.98899841308594,46.63999938964844,1.138498306274414,1.5258090496063232,1180.0999755859375,0.008352823555469513,0.07389158755540848,5230.39990234375,46710.0,6269.60009765625,1994.239990234375,47612.140625,17891.0,3191.570068359375,18.030000686645508,1.99,0.518181818,1.846,0.3,2.657,8.2736363636
2015-10-15,0.7320108413696289,0.26266711950302124,254.32000732421875,46.380001068115234,1.147552251815796,1.5480115413665771,1187.9000244140625,0.008415383286774158,0.0756969079375267,5265.60009765625,47161.0,6338.7001953125,2023.8599853515625,47462.98046875,18096.900390625,3238.81005859375,16.049999237060547,2.04,0.518181818,1.846,0.3,2.657,8.2736363636
2015-10-16,0.7329228520393372,0.26367831230163574,262.8689880371094,47.2599983215332,1.1368157863616943,1.5471972227096558,1183.5999755859375,0.00839983206242323,0.07667835801839828,5303.7001953125,47236.0,6378.0,2033.1099853515625,47459.94921875,18291.80078125,3264.929931640625,15.050000190734863,2.04,0.518181818,1.846,0.3,2.657,8.2736363636
2015-10-19,0.726005494594574,0.2550565004348755,263.43701171875,45.88999938964844,1.1361054182052612,1.543805480003357,1173.300048828125,0.008384338580071926,0.07643132656812668,5304.60009765625,47447.0,6352.2998046875,2033.6600341796875,47720.171875,18131.23046875,3272.0400390625,14.979999542236328,2.04,0.518181818,1.846,0.3,2.657,8.2736363636
2015-10-20,0.7256367206573486,0.25721487402915955,269.4630126953125,45.54999923706055,1.132900595664978,1.5471972227096558,1178.0,0.0083679910749197,0.07526607066392899,5271.60009765625,47077.0,6345.10009765625,2030.77001953125,47410.33984375,18207.150390625,3255.719970703125,15.75,2.08,0.518181818,1.846,0.3,2.657,8.2736363636
2015-10-21,0.7267441749572754,0.25625914335250854,266.2720031738281,45.20000076293945,1.1353960037231445,1.5449025630950928,1167.5999755859375,0.008348639123141766,0.07529275864362717,5286.5,47026.0,6348.39990234375,2018.93994140625,47594.58984375,18554.279296875,3272.22998046875,16.700000762939453,2.04,0.518181818,1.846,0.3,2.657,8.2736363636
2015-10-22,0.7215527892112732,0.2540198564529419,274.02301025390625,45.380001068115234,1.134803295135498,1.5424481630325317,1166.5999755859375,0.008344319649040699,0.07399339228868484,5299.60009765625,47772.0,6376.2998046875,2052.510009765625,47814.71875,18435.869140625,3353.110107421875,14.449999809265137,2.04,0.518181818,1.846,0.3,2.657,8.2736363636
2015-10-23,0.721188485622406,0.25625914335250854,276.4960021972656,44.599998474121094,1.108094573020935,1.5383669137954712,1163.300048828125,0.008274036459624767,0.0745120421051979,5388.10009765625,47597.0,6444.10009765625,2075.14990234375,48799.44921875,18825.30078125,3425.81005859375,14.460000038146973,2.09,0.518181818,1.846,0.3,2.657,8.2736363636
2015-10-26,0.7223867774009705,0.25802454352378845,285.29998779296875,43.97999954223633,1.1020376682281494,1.531745433807373,1167.0,0.008244294673204422,0.07347376644611359,5386.2998046875,47209.0,6417.0,2071.179931640625,48569.26171875,18947.119140625,3414.60009765625,15.289999961853027,2.07,0.518181818,1.846,0.3,2.657,8.2736363636
2015-10-27,0.7251105904579163,0.2561541199684143,293.7879943847656,43.20000076293945,1.1065986156463623,1.5357915163040161,1166.800048828125,0.008267947472631931,0.07338888943195343,5384.60009765625,47043.0,6365.2998046875,2065.889892578125,48231.26171875,18777.0390625,3381.010009765625,15.430000305175781,2.05,0.518181818,1.846,0.3,2.657,8.2736363636
2015-10-28,0.7192692160606384,0.2575063109397888,304.6180114746094,45.939998626708984,1.1037039756774902,1.5312998294830322,1177.0999755859375,0.008300339803099632,0.07304532080888748,5374.39990234375,46741.0,6437.7998046875,2090.35009765625,48189.1484375,18903.01953125,3421.090087890625,14.329999923706055,2.1,0.518181818,1.846,0.3,2.657,8.2736363636
2015-10-29,0.7100759744644165,0.2565944790840149,313.8550109863281,46.060001373291016,1.0928961038589478,1.5271838903427124,1147.199951171875,0.008274036459624767,0.07289586216211319,5310.2001953125,45628.0,6395.7998046875,2089.409912109375,47941.01171875,18935.7109375,3413.389892578125,14.609999656677246,2.19,0.518181818,1.846,0.3,2.657,8.2736363636
2015-10-30,0.7090187072753906,0.26009830832481384,328.0150146484375,46.59000015258789,1.0993843078613281,1.532379150390625,1141.5,0.00826446246355772,0.07201342284679413,5288.60009765625,45869.0,6361.10009765625,2079.360107421875,48317.44921875,19083.099609375,3418.22998046875,15.069999694824219,2.16,0.518181818,1.846,0.3,2.657,8.2736363636
2015-11-04,0.7191140651702881,0.2654561698436737,411.56298828125,46.31999969482422,1.0963950157165527,1.5419248342514038,1106.5,0.008257979527115822,0.07268138974905014,5294.7998046875,47710.0,6412.89990234375,2102.31005859375,49081.01171875,18926.91015625,3439.159912109375,15.510000228881836,2.25,0.518181818,1.846,0.3,2.657,8.2736363636
2015-11-05,0.71387779712677,0.26346296072006226,386.35400390625,45.20000076293945,1.0868029594421387,1.5390061140060425,1104.4000244140625,0.008231130428612232,0.07172674685716629,5247.89990234375,48047.0,6364.89990234375,2099.929931640625,48553.5703125,19116.41015625,3447.489990234375,15.050000190734863,2.26,0.518181818,1.846,0.3,2.657,8.2736363636
2015-11-06,0.714796245098114,0.2645432651042938,374.4700012207031,44.290000915527344,1.0883997678756714,1.5210051536560059,1087.5999755859375,0.008218953385949135,0.07204263657331467,5269.7001953125,46919.0,6353.7998046875,2099.199951171875,47540.76953125,19265.599609375,3468.2099609375,14.329999923706055,2.34,0.518181818,1.846,0.3,2.657,8.2736363636
2015-11-09,0.7038784027099609,0.2655125856399536,380.2569885253906,43.869998931884766,1.0733413696289062,1.5055025815963745,1087.9000244140625,0.008116883225739002,0.07071235775947571,5180.2998046875,46195.0,6295.2001953125,2078.580078125,47964.9609375,19642.740234375,3418.360107421875,16.520000457763672,2.36,0.518181818,1.846,0.3,2.657,8.2736363636
2015-11-10,0.7051191329956055,0.26322025060653687,336.8190002441406,44.209999084472656,1.0759514570236206,1.5121043920516968,1088.199951171875,0.008124995045363903,0.06996946036815643,5157.7001953125,46179.0,6275.2998046875,2081.719970703125,47201.94140625,19671.259765625,3425.39990234375,15.289999961853027,2.32,0.518181818,1.846,0.3,2.657,8.2736363636
2015-11-11,0.7046719789505005,0.2669941782951355,311.0840148925781,42.93000030517578,1.0737563371658325,1.5138899087905884,1084.699951171875,0.008124533109366894,0.07018563896417618,5181.10009765625,47065.0,6297.2001953125,2075.0,47265.828125,19691.390625,3448.419921875,16.059999465942383,2.32,0.518181818,1.846,0.3,2.657,8.2736363636
2015-11-12,0.7071135640144348,0.2657524645328522,338.1520080566406,41.75,1.0762988328933716,1.522510290145874,1080.800048828125,0.008146174252033234,0.0706738755106926,5182.2001953125,46884.0,6178.7001953125,2045.969970703125,46787.5,19697.76953125,3387.699951171875,18.3700008392334,2.32,0.518181818,1.846,0.3,2.657,8.2736363636
2015-11-13,0.7137249112129211,0.2654702663421631,336.75299072265625,40.7400016784668,1.0815019607543945,1.5234612226486206,1080.800048828125,0.008159268647432327,0.06993799656629562,5111.7998046875,46517.0,6118.2998046875,2023.0400390625,45979.37109375,19596.91015625,3360.64990234375,20.079999923706055,2.28,0.518181818,1.846,0.3,2.657,8.2736363636
2015-11-16,0.7105805277824402,0.2603759765625,330.7510070800781,41.7400016784668,1.06999933719635,1.5217920541763306,1083.699951171875,0.008172338828444481,0.06953295320272446,5064.5,46847.0,6146.39990234375,2053.18994140625,46330.671875,19393.689453125,3362.22998046875,18.15999984741211,2.27,0.518181818,1.846,0.3,2.657,8.2736363636
2015-11-17,0.7095217704772949,0.2613969147205353,335.093994140625,40.66999816894531,1.068798542022705,1.5204963684082031,1068.699951171875,0.008112536743283272,0.06978785991668701,5174.2998046875,47248.0,6268.7998046875,2050.43994140625,46751.1015625,19630.630859375,3451.93994140625,18.84000015258789,2.25,0.518181818,1.846,0.3,2.657,8.2736363636
2015-11-18,0.7113893628120422,0.2625843584537506,334.5899963378906,40.75,1.0643846988677979,1.5220005512237549,1068.800048828125,0.008100773207843304,0.07007914781570435,5189.10009765625,47436.0,6279.0,2083.580078125,46464.28125,19649.1796875,3431.919921875,16.850000381469727,2.27,0.518181818,1.846,0.3,2.657,8.2736363636
2015-11-19,0.7117944359779358,0.2654561698436737,326.14898681640625,40.540000915527344,1.066996693611145,1.5239256620407104,1078.0,0.008095527067780495,0.07061199843883514,5293.2998046875,48139.0,6329.89990234375,2081.239990234375,46851.6015625,19859.810546875,3448.929931640625,16.989999771118164,2.24,0.518181818,1.846,0.3,2.657,8.2736363636
2015-11-24,0.7189072370529175,0.2681756019592285,320.0459899902344,42.869998931884766,1.0642033815383911,1.5129051208496094,1074.300048828125,0.008135703392326832,0.07102666050195694,5277.0,48284.0,6277.2001953125,2089.139892578125,46569.62890625,19924.890625,3409.60009765625,15.930000305175781,2.24,0.518181818,1.846,0.3,2.657,8.2736363636
2015-11-25,0.7257947325706482,0.27054813504219055,328.20599365234375,43.040000915527344,1.0643846988677979,1.5085914134979248,1070.5,0.008162932470440865,0.07137122005224228,5245.2001953125,46867.0,6337.60009765625,2088.8701171875,46672.23046875,19847.580078125,3462.06005859375,15.1899995803833,2.23,0.518181818,1.846,0.3,2.657,8.2736363636
2015-11-27,0.7219173908233643,0.2674941122531891,358.0419921875,41.709999084472656,1.0604453086853027,1.5099810361862183,1056.199951171875,0.00815434567630291,0.07002565264701843,5251.39990234375,45873.0,6375.2001953125,2090.110107421875,46327.671875,19883.939453125,3488.989990234375,15.119999885559082,2.22,0.518181818,1.846,0.3,2.657,8.2736363636
2015-11-30,0.7183908224105835,0.2603217661380768,377.3210144042969,41.650001525878906,1.0583018064498901,1.5038950443267822,1065.800048828125,0.008141333237290382,0.06956424564123154,5218.2001953125,45120.0,6356.10009765625,2080.409912109375,46329.55859375,19747.470703125,3506.449951171875,16.1299991607666,2.21,0.518181818,1.846,0.3,2.657,8.2736363636
2015-12-01,0.7232750058174133,0.2586251497268677,362.4880065917969,41.849998474121094,1.0572947263717651,1.5057973861694336,1063.800048828125,0.008116224780678749,0.06934332102537155,5312.60009765625,45047.0,6395.7001953125,2102.6298828125,46295.25,20012.400390625,3479.639892578125,14.670000076293945,2.15,0.5455,1.9234,0.27,2.852,9.2538095238
2015-12-02,0.7323324680328369,0.2596997916698456,359.18701171875,39.939998626708984,1.0625863075256348,1.5077953338623047,1054.199951171875,0.008135703392326832,0.06924018263816833,5304.7001953125,44915.0,6420.89990234375,2079.510009765625,46024.23828125,19938.130859375,3468.659912109375,15.90999984741211,2.18,0.5455,1.9234,0.27,2.852,9.2538095238
2015-12-03,0.7303001284599304,0.26093989610671997,361.0459899902344,41.08000183105469,1.0613007545471191,1.4949023723602295,1061.699951171875,0.008115170523524284,0.06969418376684189,5276.7001953125,46393.0,6275.0,2049.6201171875,45371.37109375,19939.900390625,3343.340087890625,18.110000610351562,2.33,0.5455,1.9234,0.27,2.852,9.2538095238
2015-12-04,0.7329766154289246,0.26624777913093567,363.1830139160156,39.970001220703125,1.0915957689285278,1.513500452041626,1084.5,0.008153081871569157,0.06969223916530609,5201.5,45361.0,6238.2998046875,2091.68994140625,44347.44140625,19504.48046875,3330.75,14.8100004196167,2.28,0.5455,1.9234,0.27,2.852,9.2538095238
2015-12-07,0.7342144250869751,0.2665955722332001,395.5360107421875,37.650001525878906,1.0883997678756714,1.511258840560913,1076.4000244140625,0.008117541670799255,0.0698109045624733,5205.89990234375,45223.0,6223.5,2077.070068359375,44898.6796875,19698.150390625,3360.2099609375,15.84000015258789,2.23,0.5455,1.9234,0.27,2.852,9.2538095238
2015-12-08,0.7259001135826111,0.26599282026290894,415.56298828125,37.5099983215332,1.0834001302719116,1.5050268173217773,1076.300048828125,0.008111615665256977,0.06892544776201248,5158.0,44443.0,6135.2001953125,2063.590087890625,44151.26171875,19492.599609375,3297.4599609375,17.600000381469727,2.24,0.5455,1.9234,0.27,2.852,9.2538095238
2015-12-09,0.7225067615509033,0.2621575593948364,417.56298828125,37.15999984741211,1.0893957614898682,1.5010056495666504,1077.5999755859375,0.008135901764035225,0.0685109794139862,5129.89990234375,46108.0,6126.7001953125,2047.6199951171875,44545.48828125,19301.0703125,3277.2099609375,19.610000610351562,2.22,0.5455,1.9234,0.27,2.852,9.2538095238
2015-12-10,0.7235366702079773,0.2671867907047272,415.47900390625,36.7599983215332,1.1017948389053345,1.5183953046798706,1073.0999755859375,0.008216926828026772,0.06720104813575745,5087.5,45631.0,6088.10009765625,2052.22998046875,44250.69921875,19046.55078125,3269.969970703125,19.34000015258789,2.24,0.5455,1.9234,0.27,2.852,9.2538095238
2015-12-11,0.727219820022583,0.2626188397407532,451.93798828125,35.619998931884766,1.0948106050491333,1.516093373298645,1076.9000244140625,0.008216251619160175,0.06494518369436264,5078.60009765625,45263.0,5952.7998046875,2012.3699951171875,43558.3515625,19230.48046875,3203.2099609375,24.389999389648438,2.13,0.5455,1.9234,0.27,2.852,9.2538095238
2015-12-14,0.7164863348007202,0.2622813284397125,444.1820068359375,36.310001373291016,1.0983941555023193,1.5198955535888672,1064.699951171875,0.008271778002381325,0.06516151875257492,4981.89990234375,44747.0,5874.10009765625,2021.93994140625,43415.46875,18883.419921875,3139.239990234375,22.729999542236328,2.23,0.5455,1.9234,0.27,2.852,9.2538095238
2015-12-15,0.7254788279533386,0.2574400305747986,465.3210144042969,37.349998474121094,1.0992997884750366,1.5160702466964722,1062.9000244140625,0.008258320391178131,0.06625992059707642,4963.89990234375,44872.0,6017.7998046875,2043.4100341796875,43701.609375,18565.900390625,3241.510009765625,20.950000762939453,2.28,0.5455,1.9234,0.27,2.852,9.2538095238
2015-12-16,0.7203054428100586,0.25602293014526367,454.9339904785156,35.52000045776367,1.0936251878738403,1.5043702125549316,1078.0,0.00821861531585455,0.06712950021028519,5078.7001953125,45016.0,6061.2001953125,2073.070068359375,43701.609375,19049.91015625,3246.780029296875,17.860000610351562,2.3,0.5455,1.9234,0.27,2.852,9.2538095238
2015-12-17,0.7208765745162964,0.2568778991699219,456.0780029296875,34.95000076293945,1.087453007698059,1.497790813446045,1050.800048828125,0.008165732026100159,0.06678420305252075,5150.60009765625,45261.0,6102.5,2041.8900146484375,44927.0703125,19353.560546875,3306.469970703125,18.940000534057617,2.24,0.5455,1.9234,0.27,2.852,9.2538095238
2015-12-18,0.7128092050552368,0.2579779624938965,463.6159973144531,34.72999954223633,1.0844104290008545,1.4929606914520264,1066.199951171875,0.008166599087417126,0.06578263640403748,5156.5,43911.0,6052.39990234375,2005.550048828125,43978.5703125,18986.80078125,3260.719970703125,20.700000762939453,2.19,0.5455,1.9234,0.27,2.852,9.2538095238
2015-12-21,0.7166917324066162,0.2513573169708252,438.6390075683594,34.7400016784668,1.0869920253753662,1.4908239841461182,1081.9000244140625,0.008244022727012634,0.06629329919815063,5157.7998046875,43200.0,6034.7998046875,2021.1500244140625,44368.53125,18916.01953125,3213.010009765625,18.700000762939453,2.2,0.5455,1.9234,0.27,2.852,9.2538095238
2015-12-22,0.7199942469596863,0.24928951263427734,436.5719909667969,36.13999938964844,1.09129798412323,1.4896912574768066,1074.800048828125,0.00825041625648737,0.0663042962551117,5167.7001953125,43470.0,6083.10009765625,2038.969970703125,44900.58984375,18886.69921875,3214.320068359375,16.600000381469727,2.24,0.5455,1.9234,0.27,2.852,9.2538095238
2015-12-29,0.7257947325706482,0.25939664244651794,432.9830017089844,37.869998931884766,1.0975261926651,1.4894028902053833,1077.5,0.00830909889191389,0.06549029052257538,5315.60009765625,43654.0,6314.60009765625,2078.360107421875,45996.5390625,18982.23046875,3314.280029296875,16.079999923706055,2.32,0.5455,1.9234,0.27,2.852,9.2538095238
2015-12-30,0.7290754914283752,0.2587924897670746,426.6199951171875,36.599998474121094,1.0928006172180176,1.4822280406951904,1060.0999755859375,0.008296758867800236,0.06543633341789246,5366.39990234375,43350.0,6274.10009765625,2063.360107421875,45900.828125,19033.7109375,3287.97998046875,17.290000915527344,2.31,0.5455,1.9234,0.27,2.852,9.2538095238
2016-01-04,0.7287036180496216,0.25322225689888,433.09100341796875,36.7599983215332,1.0853991508483887,1.473708987236023,1075.0999755859375,0.008311792276799679,0.06468037515878677,5322.7998046875,42141.0,6093.39990234375,2012.6600341796875,44459.75,18450.98046875,3164.760009765625,20.700000762939453,2.24,0.4305,1.7833,0.095,2.708,9.6315
2016-01-05,0.7185972929000854,0.24769027531147003,431.9599914550781,35.970001220703125,1.0827549695968628,1.4714103937149048,1078.4000244140625,0.008370512165129185,0.06442053616046906,5239.2001953125,42419.0,6137.2001953125,2016.7099609375,44673.08984375,18374.0,3178.010009765625,19.34000015258789,2.25,0.4305,1.7833,0.095,2.708,9.6315
2016-01-06,0.7162810564041138,0.2483299970626831,429.1050109863281,33.970001220703125,1.0751993656158447,1.467394471168518,1091.9000244140625,0.008396164514124393,0.06394822895526886,5178.0,41773.0,6073.39990234375,1990.260009765625,44150.4609375,18191.3203125,3139.320068359375,20.59000015258789,2.18,0.4305,1.7833,0.095,2.708,9.6315
2016-01-07,0.708014726638794,0.24876241385936737,458.0480041503906,33.27000045776367,1.0778998136520386,1.4629936218261719,1107.699951171875,0.008430992253124714,0.06306013464927673,5068.7998046875,40695.0,5954.10009765625,1943.0899658203125,43186.359375,17767.33984375,3084.679931640625,24.989999771118164,2.16,0.4305,1.7833,0.095,2.708,9.6315
2016-01-08,0.7018036246299744,0.2474328726530075,453.2300109863281,33.15999984741211,1.0925976037979126,1.4626940488815308,1097.800048828125,0.0085077416151762,0.06227162107825279,5049.39990234375,40612.0,5912.39990234375,1922.030029296875,43253.30078125,17697.9609375,3033.469970703125,27.010000228881836,2.13,0.4305,1.7833,0.095,2.708,9.6315
2016-01-12,0.6987143754959106,0.24688920378684998,435.69000244140625,30.440000534057617,1.0857999324798584,1.454397439956665,1085.5999755859375,0.00849978718906641,0.05934986099600792,4982.2001953125,39514.0,5929.2001953125,1938.6800537109375,43489.37109375,17218.9609375,3064.659912109375,22.469999313354492,2.12,0.4305,1.7833,0.095,2.708,9.6315
2016-01-13,0.6987143754959106,0.2484348714351654,432.3710021972656,30.479999542236328,1.0843987464904785,1.4436262845993042,1087.5,0.008486802689731121,0.06014856696128845,5041.60009765625,38944.0,5961.0,1890.280029296875,43422.421875,17715.630859375,3073.02001953125,25.219999313354492,2.08,0.4305,1.7833,0.095,2.708,9.6315
2016-01-14,0.6935774683952332,0.24912184476852417,430.3059997558594,31.200000762939453,1.0886012315750122,1.4407975673675537,1073.9000244140625,0.008516074158251286,0.060346391052007675,4964.10009765625,39500.0,5918.2001953125,1921.8399658203125,42741.4609375,17240.94921875,3024.0,23.950000762939453,2.1,0.4305,1.7833,0.095,2.708,9.6315
2016-01-15,0.6996921300888062,0.24963179230690002,364.33099365234375,29.420000076293945,1.085894227027893,1.442710041999817,1091.5,0.008460021577775478,0.06089882180094719,4948.5,38569.0,5804.10009765625,1880.3299560546875,42105.0,17147.109375,2952.47998046875,27.020000457763672,2.03,0.4305,1.7833,0.095,2.708,9.6315
2016-01-19,0.6878998875617981,0.24677343666553497,380.14898681640625,28.459999084472656,1.0895025730133057,1.4253135919570923,1089.9000244140625,0.008519048802554607,0.05938563123345375,4955.10009765625,38057.0,5876.7998046875,1881.3299560546875,42872.390625,17048.369140625,2980.489990234375,26.049999237060547,2.06,0.4305,1.7833,0.095,2.708,9.6315
2016-01-20,0.6917064189910889,0.24640251696109772,420.2300109863281,26.549999237060547,1.09129798412323,1.4182385206222534,1107.0999755859375,0.008505932986736298,0.05975761264562607,4896.89990234375,37645.0,5673.60009765625,1859.3299560546875,41610.78125,16416.189453125,2882.590087890625,27.59000015258789,2.01,0.4305,1.7833,0.095,2.708,9.6315
2016-01-21,0.6937218308448792,0.2438191920518875,410.2619934082031,29.530000686645508,1.0877013206481934,1.4198495149612427,1099.0999755859375,0.008537231013178825,0.05984440818428993,4917.60009765625,37717.0,5773.7998046875,1868.989990234375,41543.66015625,16017.259765625,2943.919921875,26.690000534057617,2.02,0.4305,1.7833,0.095,2.708,9.6315
2016-01-22,0.7016066908836365,0.24076080322265625,382.49200439453125,32.189998626708984,1.0862009525299072,1.4226775169372559,1097.199951171875,0.008480037562549114,0.060529351234436035,4969.60009765625,38031.0,5900.0,1906.9000244140625,42952.5703125,16958.529296875,3023.2099609375,22.34000015258789,2.07,0.4305,1.7833,0.095,2.708,9.6315
2016-01-27,0.700721800327301,0.24588754773139954,394.97198486328125,32.29999923706055,1.0864958763122559,1.434308648109436,1116.0999755859375,0.008447373285889626,0.06114128604531288,5000.7998046875,38376.0,5990.39990234375,1882.949951171875,42938.94140625,17163.919921875,3043.469970703125,23.110000610351562,2.02,0.4305,1.7833,0.095,2.708,9.6315
2016-01-28,0.7016066908836365,0.24361130595207214,380.28900146484375,33.220001220703125,1.090798020362854,1.4249074459075928,1115.5999755859375,0.008441168814897537,0.06083250790834427,5028.10009765625,38630.0,5931.7998046875,1893.3599853515625,43746.328125,17041.44921875,2979.419921875,22.420000076293945,2.0,0.4305,1.7833,0.095,2.708,9.6315
2016-01-29,0.7086167335510254,0.24588149785995483,379.4739990234375,33.619998931884766,1.0936970710754395,1.4362038373947144,1116.4000244140625,0.00840830709785223,0.061854396015405655,5056.60009765625,40406.0,6083.7998046875,1940.239990234375,44065.55078125,17518.30078125,3045.090087890625,20.200000762939453,1.94,0.4305,1.7833,0.095,2.708,9.6315
2016-02-01,0.7068636417388916,0.2501813769340515,373.0559997558594,31.6200008392334,1.0825908184051514,1.4246028661727905,1127.9000244140625,0.008241306059062481,0.06304661184549332,5094.2998046875,40570.0,6060.10009765625,1939.3800048828125,43881.3515625,17865.23046875,3021.010009765625,19.979999542236328,1.97,0.172857143,1.5032,-0.065,2.465,9.2219047619
2016-02-02,0.711085855960846,0.2525443732738495,374.447998046875,29.8799991607666,1.0897282361984253,1.4427932500839233,1127.300048828125,0.008275405503809452,0.06281375139951706,5044.0,38596.0,5922.0,1903.030029296875,42972.078125,17750.6796875,2951.85009765625,21.979999542236328,1.87,0.172857143,1.5032,-0.065,2.465,9.2219047619
2016-02-03,0.7029876708984375,0.25092214345932007,369.9490051269531,32.279998779296875,1.0922038555145264,1.4409221410751343,1141.300048828125,0.008343345485627651,0.061403561383485794,4930.7998046875,39589.0,5837.10009765625,1912.530029296875,43447.44140625,17191.25,2896.6298828125,21.649999618530273,1.88,0.172857143,1.5032,-0.065,2.465,9.2219047619
2016-02-04,0.7154611349105835,0.2569175064563751,389.593994140625,31.719999313354492,1.1091023683547974,1.4585764408111572,1157.5999755859375,0.008465966209769249,0.06276561319828033,5029.2998046875,40822.0,5898.7998046875,1915.449951171875,44292.3515625,17044.990234375,2905.300048828125,21.84000015258789,1.87,0.172857143,1.5032,-0.065,2.465,9.2219047619
2016-02-05,0.7199423909187317,0.2573207914829254,386.54901123046875,30.889999389648438,1.119996428489685,1.4581085443496704,1157.800048828125,0.008556809276342392,0.06311995536088943,5025.60009765625,40592.0,5848.10009765625,1880.050048828125,44453.51171875,16819.58984375,2879.389892578125,23.3799991607666,1.86,0.172857143,1.5032,-0.065,2.465,9.2219047619
2016-02-10,0.7067137956619263,0.2576323449611664,381.64898681640625,27.450000762939453,1.1289994716644287,1.446591854095459,1194.699951171875,0.00868123397231102,0.06232346594333649,4826.5,40377.0,5672.2998046875,1851.8599853515625,43007.46875,15713.3896484375,2789.050048828125,26.290000915527344,1.71,0.172857143,1.5032,-0.065,2.465,9.2219047619
2016-02-12,0.7124029397964478,0.2507837116718292,384.26300048828125,29.440000534057617,1.1317979097366333,1.4482258558273315,1239.0999755859375,0.008889125660061836,0.06319394707679749,4816.60009765625,39808.0,5707.60009765625,1864.780029296875,43119.66015625,14952.6103515625,2756.159912109375,25.399999618530273,1.74,0.172857143,1.5032,-0.065,2.465,9.2219047619
2016-02-16,0.714796245098114,0.2503128945827484,407.4880065917969,29.040000915527344,1.1174057722091675,1.4459224939346313,1207.9000244140625,0.0087472228333354,0.06363679468631744,4961.60009765625,40948.0,5862.2001953125,1895.5799560546875,43951.37109375,16054.4296875,2821.260009765625,24.110000610351562,1.78,0.172857143,1.5032,-0.065,2.465,9.2219047619
2016-02-17,0.7119971513748169,0.2461538463830948,416.3219909667969,30.65999984741211,1.1147029399871826,1.4303901195526123,1211.0999755859375,0.008765778504312038,0.0634002834558487,4938.39990234375,41631.0,6030.2998046875,1926.8199462890625,44591.73828125,15836.3603515625,2897.719970703125,22.309999465942383,1.81,0.172857143,1.5032,-0.065,2.465,9.2219047619
2016-02-18,0.7176175117492676,0.25119948387145996,422.37298583984375,30.770000457763672,1.112297534942627,1.4281632900238037,1226.0999755859375,0.008750437758862972,0.06468389183282852,5047.10009765625,41478.0,5972.0,1917.8299560546875,44461.23828125,16196.7998046875,2895.14990234375,21.639999389648438,1.75,0.172857143,1.5032,-0.065,2.465,9.2219047619
2016-02-19,0.7150007486343384,0.24847190082073212,420.7850036621094,29.639999389648438,1.1110987663269043,1.4333218336105347,1230.4000244140625,0.008830022066831589,0.06501950323581696,5008.2998046875,41543.0,5950.2001953125,1917.780029296875,43474.4609375,15967.169921875,2871.050048828125,20.530000686645508,1.76,0.172857143,1.5032,-0.065,2.465,9.2219047619
2016-02-22,0.7142857313156128,0.24897919595241547,437.74798583984375,31.479999542236328,1.1123965978622437,1.426594614982605,1209.5,0.00888975802809,0.06502965837717056,5056.60009765625,43235.0,6037.7001953125,1945.5,43682.6015625,16111.0498046875,2933.909912109375,19.3799991607666,1.77,0.172857143,1.5032,-0.065,2.465,9.2219047619
2016-02-23,0.7234842777252197,0.25362685322761536,420.7359924316406,31.8700008392334,1.102803349494934,1.4148073196411133,1222.300048828125,0.00885182898491621,0.06586157530546188,5039.10009765625,42521.0,5962.2998046875,1921.27001953125,42949.3203125,16052.0498046875,2887.3798828125,20.979999542236328,1.74,0.172857143,1.5032,-0.065,2.465,9.2219047619
2016-02-24,0.7195797562599182,0.25294041633605957,424.9549865722656,32.150001525878906,1.1027060747146606,1.4013453722000122,1238.699951171875,0.008938148617744446,0.06566376239061356,4943.2998046875,42085.0,5867.2001953125,1929.800048828125,42452.609375,15915.7900390625,2820.239990234375,20.719999313354492,1.75,0.172857143,1.5032,-0.065,2.465,9.2219047619
2016-02-25,0.7194762229919434,0.25288286805152893,424.54400634765625,33.06999969482422,1.1013944149017334,1.3929517269134521,1238.199951171875,0.008920527063310146,0.06411497294902802,4944.7001953125,41888.0,6012.7998046875,1951.699951171875,42742.91015625,16140.33984375,2877.419921875,19.110000610351562,1.71,0.172857143,1.5032,-0.065,2.465,9.2219047619
2016-02-26,0.7235890030860901,0.2530428469181061,432.1520080566406,32.779998779296875,1.1024993658065796,1.3966480493545532,1219.800048828125,0.008840326219797134,0.06416352093219757,4945.10009765625,41593.0,6096.0,1948.050048828125,43857.7890625,16188.41015625,2929.159912109375,19.809999465942383,1.76,0.172857143,1.5032,-0.065,2.465,9.2219047619
2016-02-29,0.7128092050552368,0.2522259056568146,437.6969909667969,33.75,1.0923947095870972,1.3861935138702393,1233.9000244140625,0.008798169903457165,0.061881035566329956,4947.89990234375,42794.0,6097.10009765625,1932.22998046875,43802.55859375,16026.759765625,2945.75,20.549999237060547,1.74,0.172857143,1.5032,-0.065,2.465,9.2219047619
2016-03-01,0.7142857313156128,0.2491963505744934,435.12298583984375,34.400001525878906,1.0888975858688354,1.3927963972091675,1230.300048828125,0.008894423022866249,0.0631301999092102,4989.60009765625,44122.0,6152.89990234375,1978.3499755859375,44620.53125,16085.509765625,2996.389892578125,17.700000762939453,1.83,0.171428571,1.5434,-0.05,2.561,9.266
2016-03-02,0.7181844115257263,0.2549719512462616,423.989013671875,34.65999984741211,1.0875948667526245,1.3963944911956787,1241.0999755859375,0.008777319453656673,0.0642266497015953,5083.5,44893.0,6147.10009765625,1986.449951171875,45266.30078125,16746.55078125,3022.139892578125,17.09000015258789,1.84,0.171428571,1.5434,-0.05,2.561,9.266
2016-03-03,0.7288098335266113,0.2571156620979309,421.6510009765625,34.56999969482422,1.086897373199463,1.408093810081482,1257.4000244140625,0.008813212625682354,0.06430979818105698,5142.2001953125,47193.0,6130.5,1993.4000244140625,45946.01953125,16960.16015625,3012.8701171875,16.700000762939453,1.83,0.171428571,1.5434,-0.05,2.561,9.266
2016-03-04,0.7357810139656067,0.263428270816803,410.9389953613281,35.91999816894531,1.094894528388977,1.4174946546554565,1269.9000244140625,0.00879739597439766,0.06415149569511414,5151.10009765625,49085.0,6199.39990234375,1999.989990234375,46224.7109375,17014.779296875,3037.35009765625,16.860000610351562,1.88,0.171428571,1.5434,-0.05,2.561,9.266
2016-03-07,0.7411414980888367,0.26533645391464233,414.3210144042969,37.900001525878906,1.0993964672088623,1.4215044975280762,1263.199951171875,0.008787114173173904,0.06534602493047714,5204.7001953125,49246.0,6182.39990234375,2001.760009765625,46601.05859375,16911.3203125,3021.090087890625,17.350000381469727,1.91,0.171428571,1.5434,-0.05,2.561,9.266
2016-03-08,0.7458233833312988,0.2644732892513275,413.97198486328125,36.5,1.1016006469726562,1.4261265993118286,1262.0999755859375,0.008814300410449505,0.06560999900102615,5169.5,49102.0,6125.39990234375,1979.260009765625,46229.48046875,16783.150390625,3002.010009765625,18.670000076293945,1.83,0.171428571,1.5434,-0.05,2.561,9.266
2016-03-09,0.7433839440345764,0.26647481322288513,414.8599853515625,38.290000915527344,1.1004005670547485,1.4208581447601318,1256.5999755859375,0.008876265026628971,0.06484925001859665,5215.7001953125,48665.0,6146.2998046875,1989.260009765625,45617.96875,16642.19921875,3016.179931640625,18.34000015258789,1.9,0.171428571,1.5434,-0.05,2.561,9.266
2016-03-10,0.7471049427986145,0.2719682455062866,417.1310119628906,37.84000015258789,1.0989010334014893,1.42069673538208,1272.0,0.00882978830486536,0.06574492156505585,5210.89990234375,49571.0,6036.7001953125,1989.5699462890625,45548.16015625,16852.349609375,2970.780029296875,18.049999237060547,1.93,0.171428571,1.5434,-0.05,2.561,9.266
2016-03-11,0.7462129592895508,0.2767017185688019,421.69000244140625,38.5,1.1178430318832397,1.4287755489349365,1258.699951171875,0.008860534988343716,0.06508967280387878,5224.7998046875,49639.0,6139.7998046875,2022.18994140625,45761.25,16938.869140625,3073.800048828125,16.5,1.98,0.171428571,1.5434,-0.05,2.561,9.266
2016-03-14,0.756315290927887,0.2799787223339081,416.43798828125,37.18000030517578,1.1167943477630615,1.4380005598068237,1244.4000244140625,0.008789045736193657,0.06567635387182236,5242.39990234375,48867.0,6174.60009765625,2019.6400146484375,46555.55078125,17233.75,3091.97998046875,16.920000076293945,1.97,0.171428571,1.5434,-0.05,2.561,9.266
2016-03-15,0.7521058917045593,0.2735978066921234,416.8299865722656,36.34000015258789,1.1101982593536377,1.4282041788101196,1230.4000244140625,0.008785029873251915,0.06442289799451828,5168.60009765625,47130.0,6140.0,2015.9300537109375,46393.76953125,17117.0703125,3067.2099609375,16.84000015258789,1.97,0.171428571,1.5434,-0.05,2.561,9.266
2016-03-16,0.746324360370636,0.26579487323760986,417.010986328125,38.459999084472656,1.1109012365341187,1.4156285524368286,1229.300048828125,0.00884134229272604,0.06266528367996216,5175.7001953125,47763.0,6175.5,2027.219970703125,46825.8984375,16974.44921875,3062.050048828125,14.989999771118164,1.94,0.171428571,1.5434,-0.05,2.561,9.266
2016-03-17,0.7547169327735901,0.2676229774951935,420.6210021972656,40.20000076293945,1.1218937635421753,1.4255167245864868,1264.5,0.008869022130966187,0.06378576159477234,5226.39990234375,50914.0,6201.10009765625,2040.5899658203125,47169.671875,16936.380859375,3043.10009765625,14.4399995803833,1.91,0.171428571,1.5434,-0.05,2.561,9.266
2016-03-18,0.7649939060211182,0.27619731426239014,409.5480041503906,39.439998626708984,1.1317979097366333,1.4478065967559814,1253.800048828125,0.00898069143295288,0.0659240111708641,5239.2998046875,50815.0,6189.60009765625,2049.580078125,47812.41015625,16724.810546875,3059.77001953125,14.020000457763672,1.88,0.171428571,1.5434,-0.05,2.561,9.266
2016-03-22,0.7571741938591003,0.2768089473247528,418.0889892578125,41.45000076293945,1.1235954761505127,1.4370087385177612,1248.199951171875,0.008917503990232944,0.06568847596645355,5230.7998046875,51010.0,6192.7001953125,2049.800048828125,47319.37109375,17048.55078125,3051.22998046875,14.170000076293945,1.94,0.171428571,1.5434,-0.05,2.561,9.266
2016-03-23,0.7620208859443665,0.27950137853622437,418.0409851074219,39.790000915527344,1.122296690940857,1.4224953651428223,1223.699951171875,0.008908526971936226,0.06581510603427887,5204.2998046875,49690.0,6199.10009765625,2036.7099609375,46613.12890625,17000.98046875,3042.419921875,14.9399995803833,1.88,0.171428571,1.5434,-0.05,2.561,9.266
2016-03-24,0.7533524632453918,0.27173173427581787,416.3940124511719,39.459999084472656,1.118105411529541,1.411691665649414,1221.4000244140625,0.008896796964108944,0.06519287079572678,5151.60009765625,49657.0,6106.5,2035.93994140625,46349.01171875,16892.330078125,2986.72998046875,14.739999771118164,1.91,0.171428571,1.5434,-0.05,2.561,9.266
2016-03-29,0.7556865215301514,0.2719460427761078,416.5159912109375,38.279998779296875,1.1202723979949951,1.4263300895690918,1235.5999755859375,0.008821142837405205,0.06477712094783783,5076.2001953125,51155.0,6105.89990234375,2055.010009765625,45819.28125,17103.529296875,3004.8701171875,13.819999694824219,1.81,0.171428571,1.5434,-0.05,2.561,9.266
2016-03-30,0.7640002965927124,0.27511072158813477,414.8160095214844,38.31999969482422,1.12920343875885,1.438641905784607,1226.9000244140625,0.008874689228832722,0.06578696519136429,5081.5,51249.0,6203.2001953125,2063.949951171875,46422.66015625,16878.9609375,3044.10009765625,13.5600004196167,1.83,0.171428571,1.5434,-0.05,2.561,9.266
2016-03-31,0.7661073803901672,0.2780790328979492,416.72900390625,38.34000015258789,1.1334655284881592,1.4374011754989624,1234.199951171875,0.008899489417672157,0.067071333527565,5151.7998046875,50055.0,6174.89990234375,2059.739990234375,46139.98828125,16758.669921875,3004.929931640625,13.949999809265137,1.78,0.171428571,1.5434,-0.05,2.561,9.266
2016-04-01,0.7669888138771057,0.2788233757019043,417.9599914550781,36.790000915527344,1.1379671096801758,1.4366991519927979,1222.199951171875,0.008890469558537006,0.06833313405513763,5073.7998046875,50562.0,6146.10009765625,2072.780029296875,45485.30078125,16164.16015625,2953.280029296875,13.100000381469727,1.79,0.134285714,1.5688,-0.085,2.512,9.067
2016-04-04,0.7668711543083191,0.2818012833595276,421.4440002441406,35.70000076293945,1.1390039920806885,1.422454833984375,1218.0,0.008950788527727127,0.06806610524654388,5070.10009765625,48780.0,6164.7001953125,2066.1298828125,45772.48828125,16123.26953125,2962.280029296875,14.119999885559082,1.78,0.134285714,1.5688,-0.085,2.512,9.067
2016-04-05,0.7599939703941345,0.27645692229270935,424.0299987792969,35.88999938964844,1.1389002799987793,1.4264928102493286,1228.4000244140625,0.008988764137029648,0.06770022213459015,5000.39990234375,49054.0,6091.2001953125,2045.1700439453125,45112.96875,15732.8203125,2890.35009765625,15.420000076293945,1.73,0.134285714,1.5688,-0.085,2.512,9.067
2016-04-06,0.7546030879020691,0.272205114364624,423.4129943847656,37.75,1.138200283050537,1.4156285524368286,1222.5,0.009059776552021503,0.06629782915115356,5024.60009765625,48096.0,6161.60009765625,2066.659912109375,45084.421875,15715.3603515625,2909.360107421875,14.09000015258789,1.76,0.134285714,1.5688,-0.085,2.512,9.067
2016-04-07,0.7612088322639465,0.2749972641468048,422.7449951171875,37.2599983215332,1.1404979228973389,1.4138071537017822,1236.199951171875,0.00911585334688425,0.0663166493177414,5042.2998046875,48513.0,6136.89990234375,2041.9100341796875,45024.171875,15749.83984375,2871.570068359375,16.15999984741211,1.7,0.134285714,1.5688,-0.085,2.512,9.067
2016-04-08,0.7513712644577026,0.2715472877025604,420.3489990234375,39.720001220703125,1.1373976469039917,1.4057974815368652,1242.5,0.009222795255482197,0.0655953660607338,5018.0,50293.0,6204.39990234375,2047.5999755859375,45252.359375,15821.51953125,2911.97998046875,15.359999656677246,1.72,0.134285714,1.5688,-0.085,2.512,9.067
2016-04-11,0.7564868927001953,0.2788466811180115,422.4830017089844,40.36000061035156,1.1403028964996338,1.4130080938339233,1256.699951171875,0.009232672862708569,0.06701546162366867,5013.2001953125,50165.0,6200.10009765625,2041.989990234375,45206.328125,15751.1298828125,2924.22998046875,16.260000228881836,1.73,0.134285714,1.5688,-0.085,2.512,9.067
2016-04-12,0.7594744563102722,0.28665614128112793,425.19000244140625,42.16999816894531,1.141291856765747,1.4234064817428589,1259.4000244140625,0.009265264496207237,0.06777515262365341,5053.7001953125,52002.0,6242.39990234375,2061.719970703125,45751.078125,15928.7900390625,2942.090087890625,14.850000381469727,1.79,0.134285714,1.5688,-0.085,2.512,9.067
2016-04-13,0.7685213685035706,0.2871500253677368,423.7340087890625,41.7599983215332,1.138498306274414,1.4268999099731445,1246.800048828125,0.009204712696373463,0.0680200383067131,5127.2001953125,53150.0,6362.89990234375,2082.419921875,46617.71875,16381.2197265625,3039.18994140625,13.84000015258789,1.77,0.134285714,1.5688,-0.085,2.512,9.067
2016-04-14,0.7662248611450195,0.2862458825111389,424.2820129394531,41.5,1.1279042959213257,1.4192047119140625,1225.0,0.009139097295701504,0.06885060667991638,5187.7001953125,52411.0,6365.10009765625,2082.780029296875,46551.55078125,16911.05078125,3060.860107421875,13.720000267028809,1.8,0.134285714,1.5688,-0.085,2.512,9.067
2016-04-15,0.7695859670639038,0.2879769504070282,429.7130126953125,40.36000061035156,1.1270017623901367,1.4146071672439575,1233.0999755859375,0.00914779119193554,0.0687682256102562,5224.10009765625,53228.0,6343.7998046875,2080.72998046875,46763.078125,16848.029296875,3054.340087890625,13.619999885559082,1.76,0.134285714,1.5688,-0.085,2.512,9.067
2016-04-18,0.7640002965927124,0.28320589661598206,428.59100341796875,39.779998779296875,1.1299946308135986,1.4174344539642334,1233.5999755859375,0.009257801808416843,0.06810787320137024,5204.89990234375,52894.0,6353.5,2094.340087890625,46879.921875,16275.9501953125,3064.030029296875,13.350000381469727,1.78,0.134285714,1.5688,-0.085,2.512,9.067
2016-04-19,0.7771215438842773,0.2770159840583801,435.5090026855469,41.08000183105469,1.1309019327163696,1.4289796352386475,1253.0,0.009168172255158424,0.06916896998882294,5254.7001953125,53710.0,6405.39990234375,2100.800048828125,47025.1796875,16874.439453125,3112.989990234375,13.239999771118164,1.79,0.134285714,1.5688,-0.085,2.512,9.067
2016-04-20,0.7796663045883179,0.283663809299469,441.3890075683594,42.630001068115234,1.1359634399414062,1.4389524459838867,1253.199951171875,0.009154155850410461,0.06999281793832779,5281.2001953125,53631.0,6410.2998046875,2102.39990234375,47271.51171875,16906.5390625,3142.52001953125,13.279999732971191,1.85,0.134285714,1.5688,-0.085,2.512,9.067
2016-04-22,0.7742934823036194,0.2837362289428711,445.73699951171875,43.72999954223633,1.12920343875885,1.432295322418213,1228.699951171875,0.00913767796009779,0.06986802071332932,5299.2001953125,52908.0,6310.39990234375,2091.580078125,46505.48046875,17572.490234375,3141.1201171875,13.220000267028809,1.89,0.134285714,1.5688,-0.085,2.512,9.067
2016-04-26,0.7717240452766418,0.281658411026001,466.0889892578125,44.040000915527344,1.1269001960754395,1.4490653276443481,1242.199951171875,0.008997984230518341,0.0692814439535141,5283.60009765625,53083.0,6284.5,2091.699951171875,46695.328125,17353.279296875,3121.2900390625,13.960000038146973,1.94,0.134285714,1.5688,-0.085,2.512,9.067
2016-04-27,0.7747734189033508,0.2840747535228729,444.68701171875,45.33000183105469,1.1299052238464355,1.457726001739502,1249.199951171875,0.008990379981696606,0.06954552233219147,5250.89990234375,54478.0,6319.89990234375,2095.14990234375,46695.328125,17290.490234375,3130.429931640625,13.770000457763672,1.87,0.134285714,1.5688,-0.085,2.512,9.067
2016-04-28,0.7603984475135803,0.2839698791503906,449.010986328125,46.029998779296875,1.132900595664978,1.4542070627212524,1265.5,0.008967001922428608,0.06966698914766312,5289.39990234375,54312.0,6322.39990234375,2075.81005859375,46793.33984375,16666.05078125,3125.429931640625,15.220000267028809,1.84,0.134285714,1.5688,-0.085,2.512,9.067
2016-05-06,0.7476076483726501,0.28303757309913635,459.6029968261719,44.65999984741211,1.1406019926071167,1.4492753744125366,1292.9000244140625,0.009321835823357105,0.06690005958080292,5358.60009765625,51718.0,6125.7001953125,2057.139892578125,45101.87109375,16106.7197265625,2936.840087890625,14.720000267028809,1.79,0.134285714,1.5688,-0.085,2.512,9.067
2016-05-09,0.737626314163208,0.2857959270477295,460.4830017089844,43.439998626708984,1.1387965679168701,1.443084716796875,1265.5999755859375,0.009314456023275852,0.06748093664646149,5387.7998046875,50990.0,6114.7998046875,2058.68994140625,45136.6796875,16216.0302734375,2955.830078125,14.569999694824219,1.77,0.134285714,1.5688,-0.085,2.512,9.067
2016-05-10,0.731689453125,0.28465700149536133,450.8949890136719,44.65999984741211,1.1387965679168701,1.4415452480316162,1263.9000244140625,0.009230967611074448,0.06605809181928635,5403.89990234375,53071.0,6156.7001953125,2084.389892578125,45707.25,16565.189453125,2978.969970703125,13.630000114440918,1.77,0.134285714,1.5688,-0.085,2.512,9.067
2016-05-11,0.7373000383377075,0.28815120458602905,452.7279968261719,46.22999954223633,1.1374363899230957,1.4451494216918945,1274.5999755859375,0.009158012457191944,0.06625544279813766,5434.7998046875,52764.0,6162.5,2064.4599609375,45839.69140625,16579.009765625,2956.7099609375,14.6899995803833,1.73,0.134285714,1.5688,-0.085,2.512,9.067
2016-05-12,0.7357810139656067,0.2901073396205902,454.7659912109375,46.70000076293945,1.142700433731079,1.4438347816467285,1270.300048828125,0.009223815985023975,0.0666159987449646,5423.39990234375,53241.0,6104.2001953125,2064.110107421875,45190.30078125,16646.33984375,2935.4599609375,14.40999984741211,1.75,0.134285714,1.5688,-0.085,2.512,9.067
2016-05-13,0.7317965626716614,0.2875959873199463,455.6700134277344,46.209999084472656,1.1376951932907104,1.4445230960845947,1271.9000244140625,0.009165902622044086,0.06649895757436752,5396.2998046875,51804.0,6138.5,2046.6099853515625,45403.1484375,16412.2109375,2956.6298828125,15.039999961853027,1.71,0.134285714,1.5688,-0.085,2.512,9.067
2016-05-16,0.7274843454360962,0.28327006101608276,454.1629943847656,47.720001220703125,1.1316953897476196,1.4349260330200195,1273.4000244140625,0.009202933870255947,0.064691461622715,5420.2998046875,51803.0,6151.39990234375,2066.659912109375,46258.33984375,16466.400390625,2956.6298828125,14.680000305175781,1.75,0.134285714,1.5688,-0.085,2.512,9.067
2016-05-17,0.7288098335266113,0.28616398572921753,453.7829895019531,48.310001373291016,1.1316057443618774,1.4446901082992554,1276.199951171875,0.009167583659291267,0.06394074857234955,5458.5,50839.0,6167.7998046875,2047.2099609375,46393.37890625,16652.80078125,2938.090087890625,15.569999694824219,1.76,0.134285714,1.5688,-0.085,2.512,9.067
2016-05-18,0.731368362903595,0.28685352206230164,454.6189880371094,48.189998626708984,1.1316057443618774,1.4455254077911377,1273.699951171875,0.0091785229742527,0.06404516845941544,5420.5,50562.0,6165.7998046875,2047.6300048828125,46636.41015625,16644.689453125,2956.429931640625,15.949999809265137,1.87,0.134285714,1.5688,-0.085,2.512,9.067
2016-05-19,0.7226999998092651,0.2810172736644745,438.7149963378906,48.15999984741211,1.122296690940857,1.4596196413040161,1254.199951171875,0.009079353883862495,0.06303906440734863,5385.60009765625,50133.0,6053.39990234375,2040.0400390625,46312.80078125,16646.66015625,2919.219970703125,16.329999923706055,1.85,0.134285714,1.5688,-0.085,2.512,9.067
2016-05-20,0.7232226729393005,0.2808278799057007,442.6759948730469,47.75,1.1205987930297852,1.4601097106933594,1252.4000244140625,0.009100754745304585,0.06333322823047638,5415.2001953125,49723.0,6156.2998046875,2052.320068359375,46531.44921875,16736.349609375,2962.159912109375,15.199999809265137,1.85,0.134285714,1.5688,-0.085,2.512,9.067
2016-05-23,0.7228044867515564,0.28111207485198975,444.1549987792969,48.08000183105469,1.1221708059310913,1.4490653276443481,1251.0999755859375,0.00908677838742733,0.06402253359556198,5384.89990234375,49330.0,6136.39990234375,2048.0400390625,46537.9296875,16654.599609375,2932.929931640625,15.819999694824219,1.84,0.134285714,1.5688,-0.085,2.512,9.067
2016-05-24,0.7223867774009705,0.28038692474365234,445.9809875488281,48.619998931884766,1.121604323387146,1.4481840133666992,1228.9000244140625,0.009142940863966942,0.06361222267150879,5361.89990234375,49345.0,6219.2998046875,2076.06005859375,47033.76953125,16498.759765625,3010.1201171875,14.420000076293945,1.86,0.134285714,1.5688,-0.085,2.512,9.067
2016-05-25,0.719062328338623,0.2803240418434143,449.5989990234375,49.560001373291016,1.113796591758728,1.4612619876861572,1223.5,0.009076881222426891,0.06389743834733963,5436.7998046875,49483.0,6262.89990234375,2090.5400390625,47727.26171875,16757.349609375,3061.60009765625,13.899999618530273,1.87,0.134285714,1.5688,-0.085,2.512,9.067
2016-05-27,0.7225955128669739,0.2791191041469574,473.4639892578125,49.33000183105469,1.1192066669464111,1.466490626335144,1213.800048828125,0.009114690124988556,0.06444261968135834,5469.7001953125,49051.0,6270.7998046875,2099.06005859375,48069.78125,16834.83984375,3078.47998046875,13.119999885559082,1.85,0.134285714,1.5688,-0.085,2.512,9.067
2016-05-31,0.7195797562599182,0.28031620383262634,531.385986328125,49.099998474121094,1.1148396730422974,1.4635074138641357,1214.800048828125,0.009021932259202003,0.06327623873949051,5447.7998046875,48472.0,6230.7998046875,2096.949951171875,47974.08984375,17234.98046875,3063.47998046875,14.1899995803833,1.84,0.134285714,1.5688,-0.085,2.512,9.067
2016-06-01,0.7236937284469604,0.2790801525115967,536.9199829101562,49.0099983215332,1.113598108291626,1.4482468366622925,1211.9000244140625,0.009035872295498848,0.06364699453115463,5395.2001953125,49013.0,6191.89990234375,2099.330078125,47510.0703125,16955.73046875,3038.77001953125,14.199999809265137,1.85,-0.016818182,1.3105,-0.23,2.125,9.0628571429
2016-06-02,0.7250054478645325,0.27847394347190857,537.9719848632812,49.16999816894531,1.1189061403274536,1.4419403076171875,1209.800048828125,0.009134339168667793,0.06417937576770782,5354.2001953125,49887.0,6185.60009765625,2105.260009765625,47677.98828125,16562.55078125,3033.860107421875,13.630000114440918,1.81,-0.016818182,1.3105,-0.23,2.125,9.0628571429
2016-06-03,0.7231180667877197,0.2793217897415161,569.1939697265625,48.619998931884766,1.115200161933899,1.4405485391616821,1240.0999755859375,0.009186110459268093,0.06428387761116028,5392.5,50619.0,6209.60009765625,2099.1298828125,48083.5390625,16642.23046875,2997.550048828125,13.470000267028809,1.71,-0.016818182,1.3105,-0.23,2.125,9.0628571429
2016-06-06,0.7346999049186707,0.2837281823158264,585.5369873046875,49.689998626708984,1.1350995302200317,1.4383935928344727,1244.5999755859375,0.009370227344334126,0.06615948677062988,5431.0,50432.0,6273.39990234375,2109.409912109375,47822.37890625,16580.029296875,3001.89990234375,13.649999618530273,1.73,-0.016818182,1.3105,-0.23,2.125,9.0628571429
2016-06-07,0.7373543977737427,0.28698521852493286,576.5969848632812,50.36000061035156,1.1364023685455322,1.4459224939346313,1244.4000244140625,0.00930769369006157,0.06716367602348328,5441.0,50488.0,6284.5,2112.1298828125,48053.19921875,16675.44921875,3040.68994140625,14.050000190734863,1.72,-0.016818182,1.3105,-0.23,2.125,9.0628571429
2016-06-08,0.7446016073226929,0.29112929105758667,581.64501953125,51.22999954223633,1.1357828378677368,1.454355001449585,1259.800048828125,0.009323662146925926,0.06703293323516846,5441.10009765625,51629.0,6301.5,2119.1201171875,47716.19921875,16830.919921875,3019.760009765625,14.079999923706055,1.71,-0.016818182,1.3105,-0.23,2.125,9.0628571429
2016-06-09,0.7496814131736755,0.2978406548500061,574.6300048828125,50.560001373291016,1.140706181526184,1.4518423080444336,1270.199951171875,0.009365050122141838,0.0678810104727745,5437.39990234375,51118.0,6231.89990234375,2115.47998046875,47176.51953125,16668.41015625,2989.030029296875,14.640000343322754,1.68,-0.016818182,1.3105,-0.23,2.125,9.0628571429
2016-06-10,0.7416747212409973,0.29447275400161743,577.469970703125,49.06999969482422,1.1315033435821533,1.4463825225830078,1273.4000244140625,0.009337940253317356,0.06752859801054001,5391.60009765625,49422.0,6115.7998046875,2096.070068359375,47028.078125,16601.359375,2911.110107421875,17.030000686645508,1.64,-0.016818182,1.3105,-0.23,2.125,9.0628571429
2016-06-14,0.7381163239479065,0.2875794470310211,685.5590209960938,48.4900016784668,1.1291015148162842,1.4206764698028564,1285.5999755859375,0.009413891471922398,0.06611797213554382,5282.5,48648.0,5923.5,2075.320068359375,45396.8984375,15859.0,2797.179931640625,20.5,1.62,-0.016818182,1.3105,-0.23,2.125,9.0628571429
2016-06-15,0.7356186509132385,0.28776150941848755,694.468994140625,48.0099983215332,1.1213024854660034,1.4123696088790894,1285.800048828125,0.009426225908100605,0.06521540880203247,5230.39990234375,48915.0,5966.7998046875,2071.5,46050.01953125,15919.580078125,2830.300048828125,20.139999389648438,1.6,-0.016818182,1.3105,-0.23,2.125,9.0628571429
2016-06-16,0.7416197061538696,0.2882425785064697,766.3079833984375,46.209999084472656,1.1262656450271606,1.41958749294281,1296.0999755859375,0.009447331540286541,0.06591575592756271,5231.7001953125,49412.0,5950.5,2077.989990234375,46050.01953125,15434.1396484375,2819.300048828125,19.3700008392334,1.57,-0.016818182,1.3105,-0.23,2.125,9.0628571429
2016-06-17,0.7387160658836365,0.2889171242713928,748.9089965820312,47.97999954223633,1.1252011060714722,1.4295722246170044,1292.5,0.009547177702188492,0.06527376919984818,5248.2998046875,49534.0,6021.10009765625,2071.219970703125,46136.890625,15599.66015625,2849.169921875,19.40999984741211,1.62,-0.016818182,1.3105,-0.23,2.125,9.0628571429
2016-06-20,0.7431076765060425,0.2930145263671875,737.2260131835938,49.369998931884766,1.13490629196167,1.4585976600646973,1290.0,0.009555843658745289,0.06650757789611816,5335.60009765625,50329.0,6204.0,2083.25,47015.51953125,15965.2998046875,2942.8798828125,18.3700008392334,1.67,-0.016818182,1.3105,-0.23,2.125,9.0628571429
2016-06-21,0.7461016178131104,0.2948373854160309,666.6519775390625,48.849998474121094,1.1322976350784302,1.467502236366272,1270.5,0.009631684981286526,0.06745963543653488,5353.2998046875,50838.0,6226.60009765625,2088.89990234375,46912.03125,16169.1103515625,2967.340087890625,18.479999542236328,1.71,-0.016818182,1.3105,-0.23,2.125,9.0628571429
2016-06-22,0.7453786730766296,0.2930746376514435,596.1160278320312,49.130001068115234,1.1250618696212769,1.4670286178588867,1268.0,0.009553835727274418,0.0677962452173233,5349.5,50156.0,6261.2001953125,2085.449951171875,47475.23046875,16065.7197265625,2978.31005859375,21.170000076293945,1.69,-0.016818182,1.3105,-0.23,2.125,9.0628571429
2016-06-23,0.7514277100563049,0.29635775089263916,623.9769897460938,50.11000061035156,1.1328235864639282,1.4789398908615112,1261.199951171875,0.009555662050843239,0.06865312159061432,5358.60009765625,51560.0,6338.10009765625,2113.320068359375,47453.53125,16238.349609375,3037.860107421875,17.25,1.74,-0.016818182,1.3105,-0.23,2.125,9.0628571429
2016-06-24,0.7535226941108704,0.29967036843299866,665.2990112304688,47.63999938964844,1.1324002742767334,1.4557948112487793,1320.0,0.009533251635730267,0.06873144954442978,5192.7998046875,50105.0,6138.7001953125,2037.4100341796875,45570.390625,14952.01953125,2776.090087890625,25.760000228881836,1.57,-0.016818182,1.3105,-0.23,2.125,9.0628571429
2016-06-27,0.7431076765060425,0.29693856835365295,655.2750244140625,46.33000183105469,1.103594422340393,1.3450984954833984,1322.5,0.009791729971766472,0.06578116863965988,5216.2001953125,49246.0,5982.2001953125,2000.5400390625,44142.75,15309.2099609375,2697.43994140625,23.850000381469727,1.46,-0.016818182,1.3105,-0.23,2.125,9.0628571429
2016-06-28,0.7357268929481506,0.2950461506843567,647.0009765625,47.849998474121094,1.1015034914016724,1.323504090309143,1315.300048828125,0.009822024963796139,0.06496353447437286,5179.7001953125,50007.0,6140.39990234375,2036.0899658203125,45107.140625,15323.1396484375,2758.669921875,18.75,1.46,-0.016818182,1.3105,-0.23,2.125,9.0628571429
2016-06-29,0.7405213713645935,0.30280089378356934,639.8900146484375,49.880001068115234,1.1073951721191406,1.3350956439971924,1323.9000244140625,0.009737003594636917,0.066033273935318,5221.0,51002.0,6360.10009765625,2070.77001953125,45732.4609375,15566.830078125,2832.179931640625,16.639999389648438,1.5,-0.016818182,1.3105,-0.23,2.125,9.0628571429
2016-06-30,0.7469933032989502,0.30887076258659363,673.3369750976562,48.33000183105469,1.1128050088882446,1.3465837240219116,1318.4000244140625,0.009729708544909954,0.06769908219575882,5310.39990234375,51527.0,6504.2998046875,2098.860107421875,45974.30859375,15575.919921875,2864.739990234375,15.630000114440918,1.49,-0.016818182,1.3105,-0.23,2.125,9.0628571429
2016-07-01,0.7448789477348328,0.31192490458488464,676.2960205078125,48.9900016784668,1.1106051206588745,1.3328713178634644,1336.699951171875,0.009701861999928951,0.06786332279443741,5327.0,52233.0,6577.7998046875,2102.949951171875,46015.5390625,15682.48046875,2883.06005859375,14.770000457763672,1.46,-0.154285714,0.9569,-0.195,1.936,8.729047619
2016-07-05,0.7530120611190796,0.3040899932384491,670.6270141601562,46.599998474121094,1.1146035194396973,1.3279860019683838,1356.4000244140625,0.009754384867846966,0.06861180812120438,5312.7998046875,51842.0,6545.39990234375,2088.550048828125,45330.9296875,15669.330078125,2812.8798828125,15.579999923706055,1.37,-0.154285714,0.9569,-0.195,1.936,8.729047619
2016-07-06,0.7443799376487732,0.3031129837036133,677.3309936523438,47.43000030517578,1.1065007448196411,1.2957899570465088,1364.9000244140625,0.009887187741696835,0.0677301213145256,5284.7001953125,51902.0,6463.60009765625,2099.72998046875,44501.21875,15378.990234375,2761.3701171875,14.960000038146973,1.38,-0.154285714,0.9569,-0.195,1.936,8.729047619
2016-07-07,0.7518796920776367,0.300571084022522,640.56201171875,45.13999938964844,1.1099025011062622,1.292590856552124,1360.0999755859375,0.009886307641863823,0.0679347813129425,5311.0,52015.0,6533.7998046875,2097.89990234375,44802.53125,15276.240234375,2780.10009765625,14.760000228881836,1.4,-0.154285714,0.9569,-0.195,1.936,8.729047619
2016-07-08,0.7494004368782043,0.2975216507911682,666.5230102539062,45.40999984741211,1.1065741777420044,1.2915725708007812,1356.5999755859375,0.009921618737280369,0.06770989298820496,5315.60009765625,53141.0,6590.60009765625,2129.89990234375,44920.6484375,15106.98046875,2838.010009765625,13.199999809265137,1.37,-0.154285714,0.9569,-0.195,1.936,8.729047619
2016-07-11,0.7559149861335754,0.30324167013168335,647.6589965820312,44.7599983215332,1.1043988466262817,1.2946157455444336,1355.0,0.009931275621056557,0.06873489916324615,5417.5,53960.0,6682.89990234375,2137.159912109375,45683.328125,15708.8203125,2885.320068359375,13.539999961853027,1.43,-0.154285714,0.9569,-0.195,1.936,8.729047619
2016-07-12,0.7538067698478699,0.3023705780506134,664.551025390625,46.79999923706055,1.1058032512664795,1.2981113195419312,1334.0999755859375,0.009753813967108727,0.06922197341918945,5433.2001953125,54256.0,6680.7001953125,2152.139892578125,46056.80859375,16095.650390625,2933.43994140625,13.550000190734863,1.53,-0.154285714,0.9569,-0.195,1.936,8.729047619
2016-07-13,0.7605719566345215,0.3036283552646637,654.468017578125,44.75,1.1062926054000854,1.3278273344039917,1342.4000244140625,0.009545993059873581,0.06972892582416534,5470.2998046875,54598.0,6670.39990234375,2152.429931640625,46288.1796875,16231.4296875,2926.139892578125,13.039999961853027,1.48,-0.154285714,0.9569,-0.195,1.936,8.729047619
2016-07-14,0.7596474885940552,0.3065979778766632,658.0780029296875,45.68000030517578,1.1094961166381836,1.3119744062423706,1331.300048828125,0.00960836373269558,0.06907728314399719,5491.7998046875,55481.0,6654.5,2163.75,46273.48828125,16385.890625,2963.070068359375,12.819999694824219,1.53,-0.154285714,0.9569,-0.195,1.936,8.729047619
2016-07-15,0.7614986300468445,0.3078438639640808,663.2550048828125,45.95000076293945,1.1106051206588745,1.3357912302017212,1326.5,0.00950651615858078,0.07014059275388718,5510.10009765625,55578.0,6669.2001953125,2161.739990234375,46454.3515625,16497.849609375,2958.64990234375,12.670000076293945,1.6,-0.154285714,0.9569,-0.195,1.936,8.729047619
2016-07-19,0.7575184106826782,0.3077491223812103,672.864013671875,44.650001525878906,1.1071866750717163,1.3268934488296509,1331.5,0.009420986287295818,0.07023976743221283,5533.89990234375,56698.0,6697.39990234375,2163.780029296875,46214.28125,16723.310546875,2931.10009765625,11.970000267028809,1.56,-0.154285714,0.9569,-0.195,1.936,8.729047619
2016-07-20,0.750750720500946,0.30789124965667725,665.6849975585938,44.939998626708984,1.1013579368591309,1.310839295387268,1318.800048828125,0.009421785362064838,0.06977660953998566,5565.89990234375,56578.0,6729.0,2173.02001953125,46200.62890625,16681.890625,2966.949951171875,11.770000457763672,1.59,-0.154285714,0.9569,-0.195,1.936,8.729047619
2016-07-21,0.747160792350769,0.30743688344955444,665.0120239257812,44.75,1.1019526720046997,1.326453447341919,1330.5,0.009328009560704231,0.06997900456190109,5588.7001953125,56641.0,6699.89990234375,2165.169921875,46272.66015625,16810.220703125,2968.489990234375,12.739999771118164,1.57,-0.154285714,0.9569,-0.195,1.936,8.729047619
2016-07-22,0.7506943941116333,0.3059413731098175,650.6190185546875,44.189998626708984,1.1032899618148804,1.3246086835861206,1323.0999755859375,0.009450813755393028,0.0703197792172432,5574.2998046875,57002.0,6730.5,2175.030029296875,46285.23828125,16627.25,2972.22998046875,12.020000457763672,1.57,-0.154285714,0.9569,-0.195,1.936,8.729047619
2016-07-25,0.7476076483726501,0.3075503706932068,654.0969848632812,43.130001068115234,1.097044587135315,1.3129734992980957,1319.300048828125,0.009405037388205528,0.069986991584301,5607.5,56873.0,6710.10009765625,2168.47998046875,46544.671875,16620.2890625,2973.219970703125,12.869999885559082,1.58,-0.154285714,0.9569,-0.195,1.936,8.729047619
2016-07-26,0.7476076483726501,0.30468297004699707,651.7839965820312,42.91999816894531,1.0991184711456299,1.3107877969741821,1320.699951171875,0.009471669793128967,0.06964530050754547,5612.60009765625,56783.0,6724.0,2169.179931640625,46788.3203125,16383.0400390625,2978.89990234375,13.050000190734863,1.57,-0.154285714,0.9569,-0.195,1.936,8.729047619
2016-07-27,0.7516536712646484,0.3058103919029236,654.3519897460938,41.91999816894531,1.0987803936004639,1.3152875900268555,1326.5999755859375,0.009537525475025177,0.06977514922618866,5615.0,56853.0,6750.39990234375,2166.580078125,46874.05078125,16664.8203125,2999.47998046875,12.829999923706055,1.52,-0.154285714,0.9569,-0.195,1.936,8.729047619
2016-07-28,0.7517440319061279,0.30688026547431946,655.0349731445312,41.13999938964844,1.1073460578918457,1.323784351348877,1332.300048828125,0.00952825602144003,0.07038447260856628,5636.7001953125,56667.0,6721.10009765625,2170.06005859375,46390.0,16476.83984375,2966.10009765625,12.720000267028809,1.52,-0.154285714,0.9569,-0.195,1.936,8.729047619
2016-07-29,0.751258373260498,0.3047015368938446,656.9920043945312,41.599998474121094,1.108438491821289,1.316187858581543,1349.0,0.009546995162963867,0.07075188308954239,5644.0,57308.0,6724.39990234375,2173.60009765625,45916.48046875,16569.26953125,2990.760009765625,11.869999885559082,1.46,-0.154285714,0.9569,-0.195,1.936,8.729047619
2016-08-01,0.7587829232215881,0.3080524802207947,606.27197265625,40.060001373291016,1.1168068647384644,1.3216325044631958,1351.4000244140625,0.00977211445569992,0.07197532802820206,5670.10009765625,56756.0,6694.0,2170.840087890625,46149.80078125,16635.76953125,2990.760009765625,12.4399995803833,1.51,-0.13173913,0.7421,-0.07,1.892,8.6333333333
2016-08-02,0.7528419494628906,0.3068991005420685,547.4650268554688,39.5099983215332,1.1168068647384644,1.3185480833053589,1364.4000244140625,0.009769536554813385,0.0718274712562561,5622.10009765625,56162.0,6645.39990234375,2157.030029296875,45559.5703125,16391.44921875,2906.97998046875,13.369999885559082,1.55,-0.13173913,0.7421,-0.07,1.892,8.6333333333
2016-08-03,0.7599939703941345,0.30742743611335754,566.35498046875,40.83000183105469,1.1219062805175781,1.333777904510498,1356.0999755859375,0.009894328191876411,0.07139241695404053,5551.39990234375,57077.0,6634.39990234375,2163.7900390625,45559.5703125,16083.1103515625,2911.06005859375,12.859999656677246,1.55,-0.13173913,0.7421,-0.07,1.892,8.6333333333
2016-08-04,0.759013295173645,0.30915722250938416,578.2890014648438,41.93000030517578,1.1151504516601562,1.332800269126892,1358.800048828125,0.00986806396394968,0.07191398739814758,5563.39990234375,57594.0,6740.2001953125,2164.25,45533.21875,16254.8896484375,2932.340087890625,12.420000076293945,1.51,-0.13173913,0.7421,-0.07,1.892,8.6333333333
2016-08-05,0.7640002965927124,0.31378456950187683,575.0430297851562,41.79999923706055,1.1134741306304932,1.3129217624664307,1336.4000244140625,0.0098815206438303,0.07303758710622787,5585.60009765625,57661.0,6793.5,2182.8701171875,45385.73828125,16254.4501953125,2973.7099609375,11.390000343322754,1.59,-0.13173913,0.7421,-0.07,1.892,8.6333333333
2016-08-08,0.7611798048019409,0.3163855969905853,591.0540161132812,43.02000045776367,1.1089547872543335,1.3085750341415405,1333.4000244140625,0.009790005162358284,0.07271727919578552,5625.7001953125,57635.0,6809.10009765625,2180.889892578125,45510.6484375,16650.5703125,2982.919921875,11.5,1.59,-0.13173913,0.7421,-0.07,1.892,8.6333333333
2016-08-09,0.7660487294197083,0.3155967891216278,587.801025390625,42.77000045776367,1.1083648204803467,1.3032373189926147,1339.0,0.00977631751447916,0.07359705865383148,5636.7001953125,57689.0,6851.2998046875,2181.739990234375,45510.6484375,16764.970703125,3029.179931640625,11.65999984741211,1.55,-0.13173913,0.7421,-0.07,1.892,8.6333333333
2016-08-10,0.7664597034454346,0.3181774914264679,592.10302734375,41.709999084472656,1.111580491065979,1.3007115125656128,1344.300048828125,0.009812097996473312,0.07447779923677444,5628.2001953125,56920.0,6866.39990234375,2175.489990234375,45132.05859375,16735.119140625,3018.4599609375,12.050000190734863,1.5,-0.13173913,0.7421,-0.07,1.892,8.6333333333
2016-08-12,0.7695859670639038,0.3185727894306183,587.5590209960938,44.4900016784668,1.113908290863037,1.2954877614974976,1335.800048828125,0.00982241053134203,0.0746619701385498,5626.2998046875,58298.0,6916.0,2184.050048828125,45703.1796875,16919.919921875,3044.93994140625,11.550000190734863,1.51,-0.13173913,0.7421,-0.07,1.892,8.6333333333
2016-08-15,0.7656381726264954,0.3134304881095886,567.239990234375,45.7400016784668,1.1166945695877075,1.290988802909851,1340.300048828125,0.009873325936496258,0.07436603307723999,5633.7998046875,59146.0,6941.2001953125,2190.14990234375,45303.87890625,16869.560546875,3046.64990234375,11.8100004196167,1.55,-0.13173913,0.7421,-0.07,1.892,8.6333333333
2016-08-16,0.7676364183425903,0.3139914572238922,577.4390258789062,46.58000183105469,1.1184055805206299,1.2883111238479614,1350.5,0.009877518750727177,0.0752558708190918,5625.7001953125,58855.0,6893.89990234375,2178.14990234375,45392.83984375,16596.509765625,3016.18994140625,12.640000343322754,1.57,-0.13173913,0.7421,-0.07,1.892,8.6333333333
2016-08-17,0.7700778245925903,0.31238284707069397,573.2160034179688,46.790000915527344,1.1275991201400757,1.303373098373413,1342.699951171875,0.009980040602385998,0.07457733154296875,5628.10009765625,59324.0,6859.2001953125,2182.219970703125,45386.78125,16745.640625,2980.5400390625,12.1899995803833,1.56,-0.13173913,0.7421,-0.07,1.892,8.6333333333
2016-08-18,0.766400933265686,0.31203195452690125,574.3179931640625,48.220001220703125,1.1298924684524536,1.3044612407684326,1351.199951171875,0.010009408928453922,0.0748368576169014,5607.2998046875,59166.0,6869.0,2187.02001953125,46063.62890625,16486.009765625,2995.300048828125,11.430000305175781,1.53,-0.13173913,0.7421,-0.07,1.892,8.6333333333
2016-08-19,0.7678722143173218,0.30884215235710144,575.6300048828125,48.52000045776367,1.1349449157714844,1.3166556358337402,1340.4000244140625,0.009988812729716301,0.0748867318034172,5625.39990234375,59099.0,6859.0,2183.8701171875,45877.01171875,16545.8203125,2968.199951171875,11.34000015258789,1.58,-0.13173913,0.7421,-0.07,1.892,8.6333333333
2016-08-22,0.7608034610748291,0.3120611608028412,586.7529907226562,47.04999923706055,1.1298158168792725,1.3056023120880127,1337.699951171875,0.009944905526936054,0.07416362315416336,5612.2998046875,57781.0,6828.5,2182.639892578125,45994.9609375,16598.189453125,2960.3701171875,12.270000457763672,1.55,-0.13173913,0.7421,-0.07,1.892,8.6333333333
2016-08-23,0.7630093097686768,0.31262701749801636,583.4149780273438,48.099998474121094,1.1319260597229004,1.3137152194976807,1340.5999755859375,0.009974963031709194,0.07374196499586105,5647.10009765625,58020.0,6868.5,2186.89990234375,46139.328125,16497.359375,2993.72998046875,12.380000114440918,1.55,-0.13173913,0.7421,-0.07,1.892,8.6333333333
2016-08-24,0.7613826394081116,0.30907124280929565,580.1820068359375,46.77000045776367,1.1300839185714722,1.3196094036102295,1324.4000244140625,0.009968996979296207,0.07201109081506729,5653.60009765625,57718.0,6835.7998046875,2175.43994140625,46858.5703125,16597.30078125,3008.590087890625,13.449999809265137,1.56,-0.13173913,0.7421,-0.07,1.892,8.6333333333
2016-08-25,0.7610350251197815,0.31024107336997986,577.760986328125,47.33000183105469,1.1263798475265503,1.3234516382217407,1320.0999755859375,0.009945102967321873,0.07064591348171234,5631.39990234375,57722.0,6816.89990234375,2172.469970703125,46759.578125,16555.94921875,2987.68994140625,13.630000114440918,1.58,-0.13173913,0.7421,-0.07,1.892,8.6333333333
2016-08-26,0.7624857425689697,0.30976054072380066,579.6510009765625,47.63999938964844,1.1290504932403564,1.3194352388381958,1321.5,0.00994480587542057,0.07046322524547577,5607.39990234375,57716.0,6838.10009765625,2169.0400390625,46806.73828125,16360.7099609375,3010.360107421875,13.649999618530273,1.62,-0.13173913,0.7421,-0.07,1.892,8.6333333333
2016-08-30,0.7577479481697083,0.3098277151584625,577.5029907226562,46.349998474121094,1.1192818880081177,1.3107877969741821,1311.699951171875,0.009822314605116844,0.06946422159671783,5573.5,58575.0,6820.7998046875,2176.1201171875,46819.1484375,16725.359375,3030.75,13.119999885559082,1.57,-0.13173913,0.7421,-0.07,1.892,8.6333333333
2016-08-31,0.7524454593658447,0.3089471161365509,575.4719848632812,44.70000076293945,1.1153244972229004,1.3090718984603882,1306.9000244140625,0.009721196256577969,0.06911089271306992,5529.39990234375,57901.0,6781.5,2170.949951171875,46261.01953125,16887.400390625,3023.1298828125,13.420000076293945,1.58,-0.13173913,0.7421,-0.07,1.892,8.6333333333
2016-09-01,0.7519927620887756,0.30998140573501587,572.302978515625,43.15999984741211,1.116071343421936,1.3133701086044312,1312.199951171875,0.009680354967713356,0.06812313944101334,5511.2001953125,58236.0,6746.0,2170.860107421875,46168.8984375,16926.83984375,3017.489990234375,13.479999542236328,1.57,-0.084090909,0.8243,-0.085,2.004,8.675
2016-09-02,0.7552869915962219,0.30738964676856995,575.5369873046875,44.439998626708984,1.1200717687606812,1.327492356300354,1322.0999755859375,0.009684479795396328,0.06860499083995819,5470.60009765625,59616.0,6894.60009765625,2179.97998046875,46972.62109375,16925.6796875,3079.739990234375,11.979999542236328,1.6,-0.084090909,0.8243,-0.085,2.004,8.675
2016-09-06,0.7593014240264893,0.306072473526001,610.4359741210938,44.83000183105469,1.1153244972229004,1.3313806056976318,1349.4000244140625,0.009660902433097363,0.06954441219568253,5510.39990234375,60129.0,6826.10009765625,2186.47998046875,47008.421875,17081.98046875,3070.159912109375,12.020000457763672,1.55,-0.084090909,0.8243,-0.085,2.004,8.675
2016-09-08,0.7669299840927124,0.31341084837913513,626.3159790039062,47.619998931884766,1.1241008043289185,1.333866834640503,1336.800048828125,0.009820384904742241,0.07144694775342941,5484.60009765625,60232.0,6858.7001953125,2181.300048828125,46588.7109375,16958.76953125,3083.5400390625,12.510000228881836,1.61,-0.084090909,0.8243,-0.085,2.004,8.675
2016-09-09,0.7650523781776428,0.3110516667366028,622.8610229492188,45.880001068115234,1.1271415948867798,1.331026315689087,1330.0999755859375,0.009774597361683846,0.07083632797002792,5440.5,58000.0,6777.0,2127.81005859375,46734.921875,16965.759765625,3053.199951171875,17.5,1.67,-0.084090909,0.8243,-0.085,2.004,8.675
2016-09-12,0.7544892430305481,0.3056515157222748,608.2429809570312,46.290000915527344,1.1241133213043213,1.327316164970398,1321.0,0.009762002155184746,0.06954596191644669,5319.10009765625,58586.0,6700.89990234375,2159.0400390625,46294.0703125,16672.919921875,3012.8798828125,15.15999984741211,1.68,-0.084090909,0.8243,-0.085,2.004,8.675
2016-09-13,0.7567158937454224,0.3079860806465149,609.2410278320312,44.900001525878906,1.1243535280227661,1.333866834640503,1319.0,0.009827913716435432,0.07020164281129837,5310.0,56821.0,6665.60009765625,2127.02001953125,46274.96875,16729.0390625,2974.800048828125,17.850000381469727,1.73,-0.084090909,0.8243,-0.085,2.004,8.675
2016-09-14,0.7469375729560852,0.3017410337924957,610.6840209960938,43.58000183105469,1.12186861038208,1.3194352388381958,1321.5,0.009755716659128666,0.06929594278335571,5326.60009765625,57059.0,6673.2998046875,2125.77001953125,45985.0703125,16614.240234375,2964.89990234375,18.139999389648438,1.7,-0.084090909,0.8243,-0.085,2.004,8.675
2016-09-15,0.7482229471206665,0.299087792634964,607.155029296875,43.90999984741211,1.1247328519821167,1.326435923576355,1313.5,0.009751531295478344,0.06989624351263046,5337.10009765625,57909.0,6730.2998046875,2147.260009765625,45713.44140625,16405.009765625,2973.77001953125,16.299999237060547,1.71,-0.084090909,0.8243,-0.085,2.004,8.675
2016-09-16,0.7513148188591003,0.30304867029190063,606.9730224609375,43.029998779296875,1.124593734741211,1.3247665166854858,1305.800048828125,0.00980315264314413,0.07046272605657578,5396.7001953125,57080.0,6710.2998046875,2139.159912109375,45430.37890625,16519.2890625,2935.25,15.369999885559082,1.7,-0.084090909,0.8243,-0.085,2.004,8.675
2016-09-20,0.7537499070167542,0.3056982159614563,608.31201171875,43.439998626708984,1.118067979812622,1.3044612407684326,1313.699951171875,0.009818745777010918,0.07144235074520111,5397.2998046875,57736.0,6830.7998046875,2139.760009765625,44864.62109375,16492.150390625,2964.860107421875,15.920000076293945,1.69,-0.084090909,0.8243,-0.085,2.004,8.675
2016-09-21,0.7558007836341858,0.3071158826351166,597.1489868164062,45.34000015258789,1.1153992414474487,1.2985326051712036,1326.9000244140625,0.009847656823694706,0.07197247445583344,5429.39990234375,58394.0,6834.7998046875,2163.1201171875,44284.62890625,16807.619140625,2982.179931640625,13.300000190734863,1.66,-0.084090909,0.8243,-0.085,2.004,8.675
2016-09-23,0.7649353742599487,0.3108486235141754,602.8419799804688,44.47999954223633,1.1210134029388428,1.3087291717529297,1337.199951171875,0.00991758517920971,0.0734567642211914,5518.60009765625,58697.0,6909.39990234375,2164.68994140625,45440.23046875,16754.01953125,3032.31005859375,12.289999961853027,1.62,-0.084090909,0.8243,-0.085,2.004,8.675
2016-09-26,0.7616146206855774,0.3083374500274658,608.0430297851562,45.93000030517578,1.123923897743225,1.297858476638794,1339.699951171875,0.009911883622407913,0.07273218780755997,5519.10009765625,58054.0,6818.0,2146.10009765625,44963.91015625,16544.560546875,2975.8798828125,14.5,1.59,-0.084090909,0.8243,-0.085,2.004,8.675
2016-09-27,0.763382077217102,0.3085848093032837,606.166015625,44.66999816894531,1.124985933303833,1.2969495058059692,1325.9000244140625,0.009964228607714176,0.07301253080368042,5493.7001953125,58382.0,6807.7001953125,2159.929931640625,44397.12890625,16683.9296875,2970.840087890625,13.100000381469727,1.56,-0.084090909,0.8243,-0.085,2.004,8.675
2016-09-28,0.7669888138771057,0.30934852361679077,604.72802734375,47.04999923706055,1.121956706047058,1.3012362718582153,1319.4000244140625,0.00995341781526804,0.07440309971570969,5500.2001953125,59356.0,6849.39990234375,2171.3701171875,45234.26171875,16465.400390625,2991.110107421875,12.390000343322754,1.57,-0.084090909,0.8243,-0.085,2.004,8.675
2016-09-29,0.7694082856178284,0.3107713460922241,605.6929931640625,47.83000183105469,1.1224982738494873,1.3039510250091553,1321.699951171875,0.009907366707921028,0.07340419292449951,5558.2001953125,58351.0,6919.39990234375,2151.1298828125,46095.37890625,16693.7109375,2991.580078125,14.020000457763672,1.56,-0.084090909,0.8243,-0.085,2.004,8.675
2016-09-30,0.7628347277641296,0.3068143427371979,609.7349853515625,48.2400016784668,1.121956706047058,1.2963443994522095,1313.300048828125,0.0098815206438303,0.07184888422489166,5525.2001953125,58367.0,6899.2998046875,2168.27001953125,45425.58984375,16449.83984375,3002.239990234375,13.289999961853027,1.6,-0.084090909,0.8243,-0.085,2.004,8.675
2016-10-03,0.7644091248512268,0.3067672848701477,612.1329956054688,48.810001373291016,1.1234692335128784,1.2931592464447021,1309.0,0.009846105240285397,0.07279715687036514,5564.7998046875,59461.0,6983.5,2161.199951171875,45107.140625,16598.669921875,2998.5,13.569999694824219,1.63,-0.084090909,0.8243,-0.085,2.004,8.675
2016-10-04,0.7686395049095154,0.31165269017219543,610.2039794921875,48.689998626708984,1.121038556098938,1.2848516702651978,1266.300048828125,0.009821542538702488,0.07354725897312164,5569.89990234375,59339.0,7074.2998046875,2150.489990234375,45473.03125,16735.650390625,3029.5,13.630000114440918,1.69,-0.084090909,0.8243,-0.085,2.004,8.675
2016-10-05,0.7610929608345032,0.30726686120033264,612.510986328125,49.83000183105469,1.121076226234436,1.273236632347107,1265.199951171875,0.009720062837004662,0.07235732674598694,5537.0,60254.0,7033.2998046875,2159.72998046875,45308.48046875,16819.240234375,3026.280029296875,12.989999771118164,1.72,-0.084090909,0.8243,-0.085,2.004,8.675
2016-10-06,0.7623694539070129,0.31070375442504883,613.02099609375,50.439998626708984,1.120824933052063,1.2755101919174194,1249.800048828125,0.00966557115316391,0.07287950068712234,5564.7998046875,60644.0,7000.0,2160.77001953125,45051.078125,16899.099609375,3021.580078125,12.84000015258789,1.75,-0.084090909,0.8243,-0.085,2.004,8.675
2016-10-07,0.7578054070472717,0.30986613035202026,617.1209716796875,49.810001373291016,1.1144545078277588,1.2402331829071045,1248.9000244140625,0.009637161158025265,0.07202856987714767,5548.5,61109.0,7044.39990234375,2153.739990234375,45112.109375,16860.08984375,3000.570068359375,13.479999542236328,1.73,-0.084090909,0.8243,-0.085,2.004,8.675
2016-10-11,0.7599939703941345,0.3122365474700928,641.072021484375,50.790000915527344,1.1140819787979126,1.2341108322143555,1253.0,0.009643481113016605,0.07258632034063339,5562.2001953125,61022.0,7070.89990234375,2136.72998046875,45395.71875,17024.759765625,3020.68994140625,15.359999656677246,1.77,-0.084090909,0.8243,-0.085,2.004,8.675
2016-10-13,0.7558007836341858,0.312431663274765,636.7860107421875,50.439998626708984,1.1011881828308105,1.2187690734863281,1255.0,0.009587359614670277,0.0702819675207138,5518.2998046875,61119.0,6977.7001953125,2132.550048828125,44005.78125,16774.240234375,2975.0400390625,16.690000534057617,1.75,-0.084090909,0.8243,-0.085,2.004,8.675
2016-10-14,0.7563723921775818,0.3147326409816742,640.3779907226562,50.349998474121094,1.1049723625183105,1.222195029258728,1253.0999755859375,0.009641156531870365,0.07017642259597778,5518.5,61767.0,7013.60009765625,2132.97998046875,44658.609375,16856.369140625,3025.18994140625,16.1200008392334,1.8,-0.084090909,0.8243,-0.085,2.004,8.675
2016-10-17,0.7596474885940552,0.312304824590683,639.1929931640625,49.939998626708984,1.0967799425125122,1.2183235883712769,1254.4000244140625,0.009611779823899269,0.0699545294046402,5470.89990234375,62696.0,6947.60009765625,2126.5,44253.1484375,16900.119140625,3008.719970703125,16.209999084472656,1.77,-0.084090909,0.8243,-0.085,2.004,8.675
2016-10-18,0.7640587091445923,0.31209036707878113,637.9600219726562,50.290000915527344,1.1015641689300537,1.2218962907791138,1260.800048828125,0.009629180654883385,0.07078142464160919,5492.0,63782.0,7000.10009765625,2139.60009765625,44543.12109375,16963.609375,3046.989990234375,15.279999732971191,1.75,-0.084090909,0.8243,-0.085,2.004,8.675
2016-10-19,0.7674597501754761,0.3142973780632019,630.52001953125,51.599998474121094,1.0976948738098145,1.230466365814209,1267.9000244140625,0.00962788239121437,0.07211573421955109,5518.39990234375,63506.0,7021.89990234375,2144.2900390625,44939.76171875,16998.91015625,3055.93994140625,14.40999984741211,1.76,-0.084090909,0.8243,-0.085,2.004,8.675
2016-10-20,0.7726184129714966,0.3158459961414337,630.8569946289062,50.43000030517578,1.0975141525268555,1.2289540767669678,1265.5999755859375,0.009672021493315697,0.07236727327108383,5526.2001953125,63838.0,7026.89990234375,2141.340087890625,44865.9609375,17235.5,3076.6298828125,13.75,1.76,-0.084090909,0.8243,-0.085,2.004,8.675
2016-10-21,0.7633005380630493,0.3185626268386841,632.8280029296875,50.849998474121094,1.0930395126342773,1.2256402969360352,1265.9000244140625,0.009605317376554012,0.07177308201789856,5513.89990234375,64108.0,7020.5,2141.159912109375,45069.01953125,17184.58984375,3077.64990234375,13.34000015258789,1.74,-0.084090909,0.8243,-0.085,2.004,8.675
2016-10-24,0.7602249979972839,0.317571222782135,653.760986328125,50.52000045776367,1.0882576704025269,1.2219113111495972,1262.0,0.009623064659535885,0.07178400456905365,5489.10009765625,64060.0,6986.39990234375,2151.330078125,45134.28125,17234.419921875,3093.860107421875,13.020000457763672,1.77,-0.084090909,0.8243,-0.085,2.004,8.675
2016-10-25,0.7594167590141296,0.3200511932373047,657.5880126953125,49.959999084472656,1.0875475406646729,1.2217471599578857,1271.9000244140625,0.009585797786712646,0.07190845906734467,5523.2998046875,63866.0,7017.60009765625,2143.159912109375,45201.6015625,17365.25,3087.409912109375,13.460000038146973,1.77,-0.084090909,0.8243,-0.085,2.004,8.675
2016-10-26,0.7650523781776428,0.32150205969810486,678.3040161132812,49.18000030517578,1.0887316465377808,1.217581868171692,1264.800048828125,0.009601167403161526,0.07274949550628662,5442.10009765625,63826.0,6958.10009765625,2139.429931640625,45011.08984375,17391.83984375,3080.97998046875,14.239999771118164,1.79,-0.084090909,0.8243,-0.085,2.004,8.675
2016-10-27,0.7649939060211182,0.3185931146144867,688.31298828125,49.720001220703125,1.091202735900879,1.2235409021377563,1267.9000244140625,0.009563611820340157,0.07208558171987534,5378.39990234375,64250.0,6986.60009765625,2133.0400390625,44591.05078125,17336.419921875,3085.169921875,15.359999656677246,1.85,-0.084090909,0.8243,-0.085,2.004,8.675
2016-10-28,0.759013295173645,0.31592583656311035,689.6510009765625,48.70000076293945,1.0900371074676514,1.2171372175216675,1275.5,0.009504890069365501,0.07222981005907059,5370.89990234375,64308.0,6996.2998046875,2126.409912109375,44308.171875,17446.41015625,3079.239990234375,16.190000534057617,1.86,-0.084090909,0.8243,-0.085,2.004,8.675
2016-10-31,0.7598206996917725,0.31219756603240967,700.9719848632812,46.86000061035156,1.0984665155410767,1.2215979099273682,1271.5,0.009563429281115532,0.07258684933185577,5402.39990234375,64925.0,6954.2001953125,2126.14990234375,44019.390625,17425.01953125,3055.25,17.059999465942383,1.84,-0.084090909,0.8243,-0.085,2.004,8.675
2016-11-01,0.7607455253601074,0.3126758933067322,729.7930297851562,46.66999816894531,1.0973334312438965,1.2236906290054321,1286.4000244140625,0.009540163911879063,0.074283167719841,5375.2001953125,63326.0,6917.10009765625,2111.719970703125,44444.48046875,17442.400390625,3023.14990234375,18.559999465942383,1.83,0.189090909,1.3818,0.02,2.535,8.9040909091
2016-11-04,0.768580436706543,0.3068991005420685,703.2349853515625,44.06999969482422,1.1102476119995117,1.2468827962875366,1303.300048828125,0.009703838266432285,0.07445240020751953,5263.10009765625,61598.0,6693.2998046875,2085.179931640625,43229.6484375,16905.359375,2954.530029296875,22.510000228881836,1.79,0.189090909,1.3818,0.02,2.535,8.9040909091
2016-11-07,0.7678722143173218,0.3093772232532501,703.1309814453125,44.88999938964844,1.1101243495941162,1.248907208442688,1278.300048828125,0.009597389958798885,0.07391911745071411,5330.89990234375,64052.0,6806.89990234375,2131.52001953125,43842.8203125,17177.2109375,3009.280029296875,18.709999084472656,1.83,0.189090909,1.3818,0.02,2.535,8.9040909091
2016-11-08,0.7720219492912292,0.3124121129512787,709.8480224609375,44.97999954223633,1.1052166223526,1.2399256229400635,1273.4000244140625,0.009575058706104755,0.07476523518562317,5342.2001953125,64158.0,6843.10009765625,2139.56005859375,44199.7890625,17171.380859375,3023.429931640625,18.739999771118164,1.88,0.189090909,1.3818,0.02,2.535,8.9040909091
2016-11-09,0.7745933532714844,0.31564658880233765,723.2730102539062,45.27000045776367,1.1019041538238525,1.2388503551483154,1272.5999755859375,0.009521089494228363,0.07557887583971024,5238.2998046875,63258.0,6911.7998046875,2163.260009765625,44494.26953125,16251.5400390625,3056.2900390625,14.380000114440918,2.07,0.189090909,1.3818,0.02,2.535,8.9040909091
2016-11-10,0.7649353742599487,0.3093102276325226,715.5339965820312,44.65999984741211,1.0920606851577759,1.242081642150879,1265.5,0.009447063319385052,0.07419223338365555,5408.89990234375,61201.0,6828.0,2167.47998046875,45022.98828125,17344.419921875,3046.590087890625,14.739999771118164,2.15,0.189090909,1.3818,0.02,2.535,8.9040909091
2016-11-11,0.760861337184906,0.2944987416267395,716.4110107421875,44.65999984741211,1.0889687538146973,1.2553352117538452,1265.5,0.009358388371765614,0.07107573002576828,5446.60009765625,59184.0,6730.39990234375,2164.449951171875,43995.6484375,17374.7890625,3030.02001953125,14.170000076293945,2.15,0.189090909,1.3818,0.02,2.535,8.9040909091
2016-11-14,0.754944920539856,0.29498523473739624,705.02099609375,43.31999969482422,1.0824854373931885,1.2573871612548828,1221.199951171875,0.009357075206935406,0.07022817432880402,5420.2998046875,59657.0,6753.2001953125,2164.199951171875,43466.1796875,17672.619140625,3039.800048828125,14.479999542236328,2.23,0.189090909,1.3818,0.02,2.535,8.9040909091
2016-11-16,0.7553440928459167,0.29055407643318176,744.197998046875,45.56999969482422,1.0727311372756958,1.2456402778625488,1223.4000244140625,0.009171114303171635,0.07061398774385452,5399.60009765625,60759.0,6749.7001953125,2176.93994140625,43592.37890625,17862.2109375,3026.360107421875,13.720000267028809,2.22,0.189090909,1.3818,0.02,2.535,8.9040909091
2016-11-17,0.7494566440582275,0.28979626297950745,740.9769897460938,45.41999816894531,1.0706638097763062,1.2442454099655151,1216.5,0.009192443452775478,0.07002555578947067,5408.89990234375,59770.0,6794.7001953125,2187.1201171875,44171.46875,17862.630859375,3041.7900390625,13.350000381469727,2.29,0.189090909,1.3818,0.02,2.535,8.9040909091
2016-11-18,0.7398091554641724,0.2913413345813751,751.5850219726562,45.689998626708984,1.062304139137268,1.2410026788711548,1208.5,0.009069801308214664,0.0693267360329628,5427.5,59962.0,6775.7998046875,2181.89990234375,44216.55859375,17967.41015625,3020.830078125,12.850000381469727,2.34,0.189090909,1.3818,0.02,2.535,8.9040909091
2016-11-21,0.7323324680328369,0.29565680027008057,739.2479858398438,47.4900016784668,1.0584250688552856,1.2324377298355103,1209.5999755859375,0.00901120062917471,0.06933178007602692,5419.2998046875,61070.0,6778.0,2198.179931640625,44169.80078125,18106.01953125,3032.969970703125,12.420000076293945,2.33,0.189090909,1.3818,0.02,2.535,8.9040909091
2016-11-22,0.7376807332038879,0.29521167278289795,751.3469848632812,48.029998779296875,1.0638864040374756,1.2493752241134644,1211.0,0.009037505835294724,0.07037842273712158,5480.60009765625,61954.0,6819.7001953125,2202.93994140625,44575.05859375,18162.939453125,3044.330078125,12.40999984741211,2.31,0.189090909,1.3818,0.02,2.535,8.9040909091
2016-11-25,0.7416747212409973,0.2949243485927582,741.6489868164062,46.060001373291016,1.0561892986297607,1.2452834844589233,1178.199951171875,0.008826748467981815,0.07073136419057846,5570.5,61559.0,6840.7998046875,2213.35009765625,44208.66015625,18381.220703125,3048.3798828125,12.34000015258789,2.36,0.189090909,1.3818,0.02,2.535,8.9040909091
2016-11-28,0.7445462346076965,0.2923121750354767,735.81298828125,47.08000183105469,1.0612331628799438,1.248127818107605,1190.5999755859375,0.008876895532011986,0.07131151854991913,5532.60009765625,62855.0,6799.5,2201.719970703125,43616.91015625,18356.890625,3016.800048828125,13.149999618530273,2.32,0.189090909,1.3818,0.02,2.535,8.9040909091
2016-11-29,0.7494566440582275,0.29349613189697266,735.60400390625,45.22999954223633,1.062134861946106,1.2411566972732544,1187.9000244140625,0.008953352458775043,0.0728641003370285,5520.5,60987.0,6772.0,2204.659912109375,43602.71875,18307.0390625,3038.419921875,12.899999618530273,2.3,0.189090909,1.3818,0.02,2.535,8.9040909091
2016-11-30,0.7484470009803772,0.28953617811203003,745.6909790039062,49.439998626708984,1.0648492574691772,1.249219298362732,1170.800048828125,0.008891260251402855,0.07208454608917236,5502.39990234375,61906.0,6783.7998046875,2198.81005859375,43691.421875,18308.48046875,3051.610107421875,13.329999923706055,2.37,0.189090909,1.3818,0.02,2.535,8.9040909091
2016-12-01,0.7388798594474792,0.29357367753982544,756.7739868164062,51.060001373291016,1.0592098236083984,1.2517211437225342,1166.9000244140625,0.008718851953744888,0.07097544521093369,5560.39990234375,59507.0,6752.89990234375,2191.080078125,43412.41015625,18513.119140625,3030.97998046875,14.069999694824219,2.45,0.251904762,1.4336,0.04,2.799,8.9542105263
2016-12-02,0.7421150207519531,0.27987685799598694,777.9439697265625,51.68000030517578,1.0663141012191772,1.2589701414108276,1175.0999755859375,0.008778938092291355,0.07096325606107712,5502.60009765625,60316.0,6730.7001953125,2191.949951171875,42822.16015625,18426.080078125,3015.1298828125,14.119999885559082,2.4,0.251904762,1.4336,0.04,2.799,8.9542105263
2016-12-05,0.7443799376487732,0.2877946197986603,758.7000122070312,51.790000915527344,1.0582010746002197,1.266784906387329,1174.0,0.008810184895992279,0.07190220057964325,5458.0,59832.0,6746.7998046875,2204.7099609375,43192.44140625,18274.990234375,3052.75,12.140000343322754,2.39,0.251904762,1.4336,0.04,2.799,8.9542105263
2016-12-06,0.747439980506897,0.2923976480960846,764.2239990234375,50.93000030517578,1.0757315158843994,1.2728476524353027,1167.5999755859375,0.008782484568655491,0.07294419407844543,5486.60009765625,61088.0,6779.7998046875,2212.22998046875,42422.359375,18360.5390625,3100.760009765625,11.789999961853027,2.39,0.251904762,1.4336,0.04,2.799,8.9542105263
2016-12-07,0.7472166419029236,0.29357367753982544,768.1320190429688,49.77000045776367,1.0720411539077759,1.2671059370040894,1175.0,0.0087679298594594,0.07334335893392563,5535.39990234375,61414.0,6902.2001953125,2241.35009765625,42927.171875,18496.689453125,3142.239990234375,12.220000267028809,2.34,0.251904762,1.4336,0.04,2.799,8.9542105263
2016-12-08,0.748615026473999,0.2957180142402649,770.8099975585938,50.84000015258789,1.0761945247650146,1.262785792350769,1169.800048828125,0.008794069290161133,0.07430044561624527,5599.0,60677.0,6931.60009765625,2246.18994140625,43891.0703125,18765.470703125,3185.7900390625,12.640000343322754,2.4,0.251904762,1.4336,0.04,2.799,8.9542105263
2016-12-09,0.7459513545036316,0.296410471200943,772.7940063476562,51.5,1.062134861946106,1.2584948539733887,1159.4000244140625,0.008766163140535355,0.07330852001905441,5615.7998046875,60501.0,6954.2001953125,2259.530029296875,44220.23828125,18996.369140625,3197.5400390625,11.75,2.47,0.251904762,1.4336,0.04,2.799,8.9542105263
2016-12-12,0.7448234558105469,0.296120822429657,780.0869750976562,52.83000183105469,1.0547411441802979,1.2597631216049194,1163.5,0.008664609864354134,0.07242755591869354,5619.10009765625,59179.0,6890.39990234375,2256.9599609375,43892.51171875,19155.029296875,3199.110107421875,12.640000343322754,2.49,0.251904762,1.4336,0.04,2.799,8.9542105263
2016-12-13,0.7497376203536987,0.2996434271335602,780.5560302734375,52.97999954223633,1.0641694068908691,1.2675877809524536,1156.699951171875,0.008695500902831554,0.07352887094020844,5600.7001953125,59281.0,6968.60009765625,2271.719970703125,44170.66015625,19250.51953125,3236.7099609375,12.720000267028809,2.48,0.251904762,1.4336,0.04,2.799,8.9542105263
2016-12-14,0.7494566440582275,0.29992201924324036,781.4810180664062,51.040000915527344,1.062925100326538,1.2663036584854126,1161.300048828125,0.008678747341036797,0.07363282144069672,5639.7001953125,58212.0,6949.2001953125,2253.280029296875,44051.69921875,19253.609375,3211.7099609375,13.1899995803833,2.54,0.251904762,1.4336,0.04,2.799,8.9542105263
2016-12-15,0.7410700917243958,0.29682397842407227,778.0880126953125,50.900001525878906,1.051414132118225,1.253824234008789,1127.800048828125,0.008531622588634491,0.07167179882526398,5595.0,58396.0,6999.0,2262.030029296875,43165.26171875,19273.7890625,3249.739990234375,12.789999961853027,2.6,0.251904762,1.4336,0.04,2.799,8.9542105263
2016-12-16,0.7368110418319702,0.2971149981021881,784.906982421875,51.900001525878906,1.0418837070465088,1.2423903942108154,1135.300048828125,0.008457303047180176,0.0716460645198822,5589.7001953125,58389.0,7011.60009765625,2258.070068359375,43165.26171875,19401.150390625,3259.239990234375,12.199999809265137,2.6,0.251904762,1.4336,0.04,2.799,8.9542105263
2016-12-19,0.7291286587715149,0.2949504554271698,792.7139892578125,52.119998931884766,1.0449975728988647,1.248907208442688,1140.5,0.008489612489938736,0.07140307128429413,5612.7998046875,57111.0,7017.2001953125,2262.530029296875,43332.171875,19391.599609375,3257.85009765625,11.710000038146973,2.54,0.251904762,1.4336,0.04,2.799,8.9542105263
2016-12-20,0.7251105904579163,0.29727399349212646,800.8759765625,52.22999954223633,1.0405826568603516,1.2390038967132568,1131.5,0.00854430627077818,0.07076749950647354,5640.0,57583.0,7044.0,2270.760009765625,43755.03125,19494.529296875,3279.409912109375,11.449999809265137,2.57,0.251904762,1.4336,0.04,2.799,8.9542105263
2016-12-21,0.7269555330276489,0.29823148250579834,834.281005859375,52.4900016784668,1.039047360420227,1.2365524768829346,1131.0999755859375,0.008483563549816608,0.07184744626283646,5662.0,57647.0,7041.39990234375,2265.179931640625,43563.98828125,19444.490234375,3270.75,11.270000457763672,2.55,0.251904762,1.4336,0.04,2.799,8.9542105263
2016-12-22,0.7235366702079773,0.30071568489074707,864.5399780273438,52.95000076293945,1.0428615808486938,1.2354830503463745,1128.800048828125,0.008503112010657787,0.07159887999296188,5691.7998046875,57255.0,7063.7001953125,2260.9599609375,43284.109375,19427.669921875,3269.510009765625,11.430000305175781,2.55,0.251904762,1.4336,0.04,2.799,8.9542105263
2016-12-28,0.7191140651702881,0.305866539478302,975.9210205078125,54.060001373291016,1.046233057975769,1.227596402168274,1139.4000244140625,0.008512087166309357,0.07185766100883484,5732.39990234375,59782.0,7106.10009765625,2249.919921875,43682.37109375,19401.720703125,3278.719970703125,12.949999809265137,2.51,0.251904762,1.4336,0.04,2.799,8.9542105263
2016-12-29,0.7184939980506897,0.304645836353302,973.4970092773438,53.77000045776367,1.0416991710662842,1.2224938869476318,1156.4000244140625,0.00854065828025341,0.0721781924366951,5746.7001953125,60227.0,7120.2998046875,2249.260009765625,43977.33984375,19145.140625,3271.760009765625,13.369999885559082,2.49,0.251904762,1.4336,0.04,2.799,8.9542105263
2017-01-04,0.7229925990104675,0.3064194917678833,1154.72998046875,53.2599983215332,1.0419923067092896,1.2245597839355469,1163.800048828125,0.008499137125909328,0.0724816769361496,5788.2001953125,61589.0,7189.7001953125,2270.75,43963.21875,19594.16015625,3317.52001953125,11.850000381469727,2.46,0.251904762,1.4336,0.04,2.799,8.9542105263
2017-01-05,0.7287036180496216,0.311129093170166,1013.3800048828125,53.7599983215332,1.0500892400741577,1.2326807975769043,1179.699951171875,0.008538762107491493,0.0735434740781784,5805.10009765625,62071.0,7195.2998046875,2269.0,43681.890625,19520.689453125,3316.469970703125,11.670000076293945,2.37,0.251904762,1.4336,0.04,2.799,8.9542105263
2017-01-06,0.7338372468948364,0.312724769115448,902.2009887695312,53.9900016784668,1.0605915784835815,1.2425447702407837,1171.9000244140625,0.008675660938024521,0.07368382066488266,5809.0,61665.0,7210.10009765625,2276.97998046875,44456.48828125,19454.330078125,3321.169921875,11.319999694824219,2.42,0.251904762,1.4336,0.04,2.799,8.9542105263
2017-01-10,0.7359976172447205,0.3129400908946991,907.6790161132812,50.81999969482422,1.0588620901107788,1.2173447608947754,1184.199951171875,0.008621804416179657,0.07328960299491882,5813.0,62132.0,7275.5,2268.89990234375,45019.80078125,19301.439453125,3306.2099609375,11.489999771118164,2.38,0.251904762,1.4336,0.04,2.799,8.9542105263
2017-01-11,0.7361602187156677,0.31303805112838745,777.7570190429688,52.25,1.0552419424057007,1.2174336910247803,1195.5999755859375,0.008630212396383286,0.07284966111183167,5823.7001953125,62446.0,7290.5,2275.320068359375,45745.62109375,19364.669921875,3307.93994140625,11.260000228881836,2.38,0.251904762,1.4336,0.04,2.799,8.9542105263
2017-01-12,0.7447125315666199,0.31286174058914185,804.833984375,53.0099983215332,1.0597710609436035,1.2214486598968506,1198.9000244140625,0.008688248693943024,0.07289586216211319,5821.60009765625,63954.0,7292.39990234375,2270.43994140625,45720.19921875,19134.69921875,3286.699951171875,11.539999961853027,2.36,0.251904762,1.4336,0.04,2.799,8.9542105263
2017-01-13,0.7488393187522888,0.31379440426826477,823.9840087890625,52.369998931884766,1.0616837739944458,1.2165449857711792,1195.300048828125,0.008721132762730122,0.07394809275865555,5776.7998046875,63652.0,7337.7998046875,2274.639892578125,46067.19921875,19287.279296875,3324.340087890625,11.229999542236328,2.4,0.251904762,1.4336,0.04,2.799,8.9542105263
2017-01-17,0.7473283410072327,0.30859434604644775,907.93798828125,52.47999954223633,1.0602991580963135,1.2040214538574219,1212.0,0.008760249242186546,0.07319047302007675,5754.7001953125,64354.0,7220.39990234375,2267.889892578125,46045.01171875,18813.529296875,3285.0400390625,11.869999885559082,2.33,0.251904762,1.4336,0.04,2.799,8.9542105263
2017-01-18,0.7550702691078186,0.31154587864875793,886.6179809570312,51.08000183105469,1.0696789026260376,1.2388043403625488,1211.300048828125,0.008859122171998024,0.07432534545660019,5733.7001953125,64150.0,7247.60009765625,2271.889892578125,46113.55078125,18894.369140625,3294.0,12.479999542236328,2.42,0.251904762,1.4336,0.04,2.799,8.9542105263
2017-01-19,0.7509198784828186,0.30963587760925293,899.072998046875,51.369998931884766,1.062778353691101,1.225970983505249,1200.9000244140625,0.008713685907423496,0.07343491911888123,5745.39990234375,63951.0,7208.39990234375,2263.68994140625,46102.44921875,19072.25,3290.330078125,12.779999732971191,2.47,0.251904762,1.4336,0.04,2.799,8.9542105263
2017-01-20,0.7566586136817932,0.31299883127212524,895.0260009765625,52.41999816894531,1.0659730434417725,1.2338367700576782,1204.300048828125,0.008697164244949818,0.07384433597326279,5709.7001953125,64521.0,7198.39990234375,2271.31005859375,45780.7890625,19137.91015625,3299.43994140625,11.539999961853027,2.48,0.251904762,1.4336,0.04,2.799,8.9542105263
2017-01-23,0.7573462724685669,0.3182382583618164,921.0120239257812,52.75,1.0713750123977661,1.2386969327926636,1215.0,0.008786574006080627,0.07349218428134918,5668.0,65749.0,7151.2001953125,2265.199951171875,46237.1796875,18891.029296875,3273.0400390625,11.770000457763672,2.41,0.251904762,1.4336,0.04,2.799,8.9542105263
2017-01-24,0.7582650780677795,0.31628555059432983,892.68701171875,53.18000030517578,1.0760787725448608,1.2517211437225342,1210.300048828125,0.008866820484399796,0.07432788610458374,5706.2998046875,65840.0,7150.2998046875,2280.070068359375,46461.91015625,18787.990234375,3281.530029296875,11.069999694824219,2.47,0.251904762,1.4336,0.04,2.799,8.9542105263
2017-01-27,0.7533524632453918,0.3148515522480011,919.75,53.16999816894531,1.068296194076538,1.2595410346984863,1188.0999755859375,0.008737058378756046,0.07496549934148788,5765.60009765625,66034.0,7184.5,2294.68994140625,46146.76171875,19467.400390625,3303.330078125,10.579999923706055,2.49,0.251904762,1.4336,0.04,2.799,8.9542105263
2017-01-30,0.7553611993789673,0.3215847611427307,920.3820190429688,52.630001068115234,1.0713980197906494,1.2591921091079712,1193.199951171875,0.008720829151570797,0.07424913346767426,5714.2998046875,64302.0,7118.5,2280.89990234375,45851.78125,19368.849609375,3262.719970703125,11.880000114440918,2.49,0.251904762,1.4336,0.04,2.799,8.9542105263
2017-01-31,0.7565441131591797,0.31994882225990295,970.4030151367188,52.810001373291016,1.0708587169647217,1.25,1208.5999755859375,0.00879894383251667,0.07402976602315903,5675.0,64671.0,7099.2001953125,2278.8701171875,45928.69921875,19041.33984375,3230.679931640625,11.989999771118164,2.45,0.251904762,1.4336,0.04,2.799,8.9542105263
2017-02-01,0.7580351233482361,0.31745025515556335,989.0230102539062,53.880001068115234,1.0803803205490112,1.2589701414108276,1205.5999755859375,0.008869730867445469,0.07425360381603241,5704.0,64836.0,7107.7001953125,2279.550048828125,46212.828125,19148.080078125,3258.919921875,11.8100004196167,2.48,0.258,1.3058,0.05,2.738,8.7525
2017-02-02,0.7583800554275513,0.31969308853149414,1011.7999877929688,53.540000915527344,1.0767391920089722,1.2661433219909668,1216.699951171875,0.008825268596410751,0.07431352883577347,5696.39990234375,64578.0,7140.7998046875,2280.85009765625,45861.98046875,18914.580078125,3253.610107421875,11.930000305175781,2.48,0.258,1.3058,0.05,2.738,8.7525
2017-02-03,0.7654623985290527,0.32025620341300964,1029.9100341796875,53.83000183105469,1.0761713981628418,1.2520031929016113,1218.5,0.008866112679243088,0.07477530092000961,5672.5,64954.0,7188.2998046875,2297.419921875,45417.5703125,18918.19921875,3273.110107421875,10.970000267028809,2.49,0.258,1.3058,0.05,2.738,8.7525
2017-02-06,0.7676010727882385,0.3205642104148865,1038.1500244140625,53.0099983215332,1.0782949924468994,1.2484238147735596,1230.0,0.008877919986844063,0.07544948905706406,5665.39990234375,63993.0,7172.2001953125,2292.56005859375,45353.94921875,18976.7109375,3238.31005859375,11.369999885559082,2.42,0.258,1.3058,0.05,2.738,8.7525
2017-02-07,0.764584481716156,0.32116132974624634,1061.3499755859375,52.16999816894531,1.0743216276168823,1.2468360662460327,1234.199951171875,0.008942384272813797,0.07528635114431381,5672.60009765625,64199.0,7186.2001953125,2293.080078125,45366.87890625,18910.779296875,3235.7099609375,11.289999961853027,2.4,0.258,1.3058,0.05,2.738,8.7525
2017-02-08,0.7622532248497009,0.3208521902561188,1063.0699462890625,52.34000015258789,1.0678056478500366,1.2496250867843628,1237.5999755859375,0.008897826075553894,0.0744779109954834,5703.39990234375,64835.0,7188.7998046875,2294.669921875,44922.9296875,19007.599609375,3238.0400390625,11.449999809265137,2.34,0.258,1.3058,0.05,2.738,8.7525
2017-02-09,0.7631723284721375,0.32093456387519836,994.3829956054688,53.0,1.0692213773727417,1.252803087234497,1235.0999755859375,0.008932399563491344,0.07458845525979996,5717.7001953125,64965.0,7229.5,2307.8701171875,45013.25,18907.669921875,3277.7900390625,10.880000114440918,2.4,0.258,1.3058,0.05,2.738,8.7525
2017-02-10,0.7625904083251953,0.3196113705635071,988.6740112304688,53.86000061035156,1.0658594369888306,1.2498124837875366,1234.4000244140625,0.008815699256956577,0.07452569901943207,5771.60009765625,66125.0,7258.7998046875,2316.10009765625,45756.80859375,19378.9296875,3270.830078125,10.850000381469727,2.41,0.258,1.3058,0.05,2.738,8.7525
2017-02-13,0.7670122981071472,0.3218435049057007,990.6420288085938,52.93000030517578,1.061954379081726,1.2484550476074219,1224.4000244140625,0.008778552524745464,0.07480058073997498,5812.89990234375,66968.0,7278.89990234375,2328.25,45941.80859375,19459.150390625,3305.22998046875,11.069999694824219,2.43,0.258,1.3058,0.05,2.738,8.7525
2017-02-14,0.7642396688461304,0.32153305411338806,1004.5499877929688,53.20000076293945,1.059849739074707,1.2523010969161987,1223.9000244140625,0.008794687688350677,0.07510214298963547,5810.89990234375,66713.0,7268.60009765625,2337.580078125,45437.28125,19238.98046875,3308.889892578125,10.739999771118164,2.47,0.258,1.3058,0.05,2.738,8.7525
2017-02-15,0.7669299840927124,0.3245489001274109,1007.47998046875,53.11000061035156,1.0578316450119019,1.2470382452011108,1231.699951171875,0.008748829364776611,0.07647247612476349,5859.10009765625,67976.0,7302.39990234375,2349.25,45410.7109375,19437.98046875,3323.7099609375,11.970000267028809,2.51,0.258,1.3058,0.05,2.738,8.7525
2017-02-16,0.7721471190452576,0.32721444964408875,1027.43994140625,53.36000061035156,1.0607378482818604,1.2469760179519653,1240.0,0.008763320744037628,0.07751517742872238,5863.0,67814.0,7277.89990234375,2347.219970703125,45485.4609375,19347.529296875,3311.0400390625,11.760000228881836,2.45,0.258,1.3058,0.05,2.738,8.7525
2017-02-17,0.7698229551315308,0.3238866329193115,1046.2099609375,53.400001525878906,1.0672245025634766,1.2489228248596191,1237.5999755859375,0.008825736120343208,0.07687104493379593,5851.0,67748.0,7300.0,2351.159912109375,45074.62890625,19234.619140625,3308.81005859375,11.489999771118164,2.42,0.258,1.3058,0.05,2.738,8.7525
2017-02-21,0.7688758969306946,0.32409659028053284,1115.300048828125,54.060001373291016,1.0609403848648071,1.2473337650299072,1237.5,0.00882768351584673,0.07661379128694534,5835.39990234375,69052.0,7274.7998046875,2365.3798828125,45555.98046875,19381.439453125,3339.330078125,11.569999694824219,2.43,0.258,1.3058,0.05,2.738,8.7525
2017-02-22,0.7676364183425903,0.32321664690971375,1117.43994140625,53.59000015258789,1.0542073249816895,1.248704433441162,1232.0,0.008797473274171352,0.0760779082775116,5850.10009765625,68590.0,7302.2998046875,2362.820068359375,45073.609375,19379.869140625,3339.27001953125,11.739999771118164,2.42,0.258,1.3058,0.05,2.738,8.7525
2017-02-23,0.7697044014930725,0.3265519440174103,1166.719970703125,54.45000076293945,1.0554089546203613,1.2453765869140625,1250.199951171875,0.008817020803689957,0.07693485915660858,5832.5,67461.0,7271.39990234375,2363.81005859375,45105.98046875,19371.4609375,3333.9599609375,11.710000038146973,2.38,0.258,1.3058,0.05,2.738,8.7525
2017-02-24,0.7713074088096619,0.3267653286457062,1173.6800537109375,53.9900016784668,1.0584474802017212,1.255618929862976,1256.9000244140625,0.008874531835317612,0.07779981940984726,5786.89990234375,66662.0,7243.7001953125,2367.340087890625,44580.51171875,19283.5390625,3304.090087890625,11.470000267028809,2.31,0.258,1.3058,0.05,2.738,8.7525
2017-03-01,0.7642280459403992,0.32175031304359436,1222.5,53.83000183105469,1.0569148063659668,1.2378076314926147,1248.9000244140625,0.008843530900776386,0.07620266824960709,5750.89990234375,66989.0,7382.89990234375,2395.9599609375,44676.91015625,19393.5390625,3390.199951171875,12.539999961853027,2.46,0.34826087,1.194,0.065,2.804,8.6159090909
2017-03-02,0.7657554149627686,0.32381319999694824,1251.010009765625,52.61000061035156,1.0535852909088135,1.227219820022583,1231.9000244140625,0.008762628771364689,0.07687104493379593,5820.7001953125,65855.0,7382.39990234375,2381.919921875,44836.8984375,19564.80078125,3384.7099609375,11.8100004196167,2.49,0.34826087,1.194,0.065,2.804,8.6159090909
2017-03-03,0.7572315335273743,0.3169974088668823,1274.989990234375,53.33000183105469,1.0509721040725708,1.227475881576538,1225.5,0.008745692670345306,0.07608497142791748,5775.39990234375,66786.0,7374.2998046875,2383.1201171875,44636.30078125,19469.169921875,3403.389892578125,10.960000038146973,2.49,0.34826087,1.194,0.065,2.804,8.6159090909
2017-03-06,0.7594744563102722,0.3205128312110901,1272.8299560546875,53.20000076293945,1.062044620513916,1.23001229763031,1224.5,0.008783718571066856,0.07692958414554596,5788.5,66341.0,7350.10009765625,2375.31005859375,44425.26171875,19379.140625,3387.4599609375,11.239999771118164,2.49,0.34826087,1.194,0.065,2.804,8.6159090909
2017-03-07,0.7589211463928223,0.318755567073822,1223.5400390625,53.13999938964844,1.0579211711883545,1.224289894104004,1215.0999755859375,0.008778320625424385,0.07690059393644333,5801.89990234375,65742.0,7339.0,2368.389892578125,44340.328125,19344.150390625,3385.1201171875,11.449999809265137,2.52,0.34826087,1.194,0.065,2.804,8.6159090909
2017-03-08,0.7594974637031555,0.32093456387519836,1150.0,50.279998779296875,1.0570154190063477,1.2204499244689941,1208.5,0.008777627721428871,0.07717776298522949,5799.5,64718.0,7334.60009765625,2362.97998046875,44326.3515625,19254.029296875,3389.6201171875,11.859999656677246,2.57,0.34826087,1.194,0.065,2.804,8.6159090909
2017-03-09,0.7528986930847168,0.31652581691741943,1188.489990234375,49.279998779296875,1.0547411441802979,1.217730164527893,1202.4000244140625,0.008740417659282684,0.07610130310058594,5780.5,64585.0,7315.0,2364.8701171875,43953.1484375,19318.580078125,3409.889892578125,12.300000190734863,2.6,0.34826087,1.194,0.065,2.804,8.6159090909
2017-03-10,0.750750720500946,0.31335192918777466,1116.719970703125,48.4900016784668,1.0578428506851196,1.2157316207885742,1200.699951171875,0.008684400469064713,0.07510947436094284,5811.2001953125,64675.0,7343.10009765625,2372.60009765625,44304.30859375,19604.609375,3416.27001953125,11.65999984741211,2.58,0.34826087,1.194,0.065,2.804,8.6159090909
2017-03-13,0.7543753385543823,0.3177124559879303,1231.9200439453125,48.400001525878906,1.0690041780471802,1.2171372175216675,1202.4000244140625,0.008715963922441006,0.07578375190496445,5794.60009765625,65534.0,7367.10009765625,2373.469970703125,44846.33984375,19633.75,3415.489990234375,11.350000381469727,2.62,0.34826087,1.194,0.065,2.804,8.6159090909
2017-03-14,0.7566586136817932,0.3172186315059662,1240.0,47.720001220703125,1.0651443004608154,1.220598816871643,1201.9000244140625,0.008702084422111511,0.07620278745889664,5798.10009765625,64699.0,7357.89990234375,2365.449951171875,44652.55078125,19609.5,3399.429931640625,12.300000190734863,2.6,0.34826087,1.194,0.065,2.804,8.6159090909
2017-03-15,0.7565498352050781,0.3160855770111084,1249.6099853515625,48.86000061035156,1.0612443685531616,1.2157464027404785,1200.0999755859375,0.00872151367366314,0.07610523700714111,5813.7001953125,66235.0,7368.60009765625,2385.260009765625,44655.55078125,19577.380859375,3409.320068359375,11.630000114440918,2.51,0.34826087,1.194,0.065,2.804,8.6159090909
2017-03-16,0.7705941200256348,0.32259103655815125,1187.81005859375,48.75,1.0737909078598022,1.2284257411956787,1226.5,0.008818186819553375,0.07806766778230667,5827.5,65783.0,7416.0,2381.3798828125,45523.12109375,19590.140625,3439.9599609375,11.210000038146973,2.53,0.34826087,1.194,0.065,2.804,8.6159090909
2017-03-17,0.7669888138771057,0.3205847442150116,1100.22998046875,48.779998779296875,1.077470064163208,1.2351168394088745,1229.800048828125,0.008823011070489883,0.07838588207960129,5840.7998046875,64210.0,7425.0,2378.25,45309.359375,19521.58984375,3448.409912109375,11.279999732971191,2.5,0.34826087,1.194,0.065,2.804,8.6159090909
2017-03-22,0.7674126029014587,0.3239600658416748,1049.1400146484375,48.040000915527344,1.081244707107544,1.2482056617736816,1249.300048828125,0.008966037072241306,0.07891476899385452,5732.0,63521.0,7324.7001953125,2348.449951171875,44855.71875,19041.380859375,3420.699951171875,12.8100004196167,2.4,0.34826087,1.194,0.065,2.804,8.6159090909
2017-03-23,0.7669417858123779,0.3241701126098633,1038.5899658203125,47.70000076293945,1.0790164470672607,1.2475050687789917,1246.9000244140625,0.008979159407317638,0.0796218290925026,5754.0,63531.0,7340.7001953125,2345.9599609375,44845.23046875,19085.310546875,3452.179931640625,13.119999885559082,2.41,0.34826087,1.194,0.065,2.804,8.6159090909
2017-03-24,0.7634170055389404,0.31866416335105896,937.52001953125,47.970001220703125,1.0783880949020386,1.251877784729004,1248.199951171875,0.009008684195578098,0.08028517663478851,5796.10009765625,63854.0,7336.7998046875,2343.97998046875,44662.6015625,19262.529296875,3444.14990234375,12.960000038146973,2.4,0.34826087,1.194,0.065,2.804,8.6159090909
2017-03-27,0.7633005380630493,0.3215744197368622,1045.77001953125,47.72999954223633,1.0849517583847046,1.2514548301696777,1255.4000244140625,0.009045517072081566,0.08065192401409149,5789.2001953125,64308.0,7293.5,2341.590087890625,44660.8984375,18985.58984375,3437.139892578125,12.5,2.38,0.34826087,1.194,0.065,2.804,8.6159090909
2017-03-28,0.7628929018974304,0.3199795186519623,1047.1500244140625,48.369998931884766,1.0860947370529175,1.2557923793792725,1255.300048828125,0.009027632884681225,0.07849971204996109,5860.39990234375,64640.0,7343.39990234375,2358.570068359375,45215.359375,19202.869140625,3465.070068359375,11.529999732971191,2.42,0.34826087,1.194,0.065,2.804,8.6159090909
2017-03-29,0.7652397751808167,0.31863370537757874,1039.969970703125,49.5099983215332,1.0817711353302002,1.2421433925628662,1253.4000244140625,0.008990704081952572,0.07706190645694733,5910.7001953125,65528.0,7373.7001953125,2361.1298828125,45404.69140625,19217.48046875,3475.27001953125,11.420000076293945,2.39,0.34826087,1.194,0.065,2.804,8.6159090909
2017-03-30,0.767047643661499,0.3202972114086151,1026.4300537109375,50.349998474121094,1.0759629011154175,1.2440440654754639,1245.0,0.008996527642011642,0.07668241113424301,5931.7998046875,65266.0,7369.5,2368.06005859375,45220.390625,19063.220703125,3481.580078125,11.539999961853027,2.42,0.34826087,1.194,0.065,2.804,8.6159090909
2017-03-31,0.7655209302902222,0.31769227981567383,1071.7900390625,50.599998474121094,1.0687072277069092,1.2478474378585815,1247.300048828125,0.008946464397013187,0.07444575428962708,5903.7998046875,64984.0,7322.89990234375,2362.719970703125,45167.1484375,18909.259765625,3500.929931640625,12.369999885559082,2.4,0.34826087,1.194,0.065,2.804,8.6159090909
2017-04-03,0.7629918456077576,0.320328027009964,1143.81005859375,50.2400016784668,1.0668829679489136,1.2540757656097412,1250.800048828125,0.008987552486360073,0.07487445324659348,5909.7001953125,65211.0,7282.7001953125,2358.840087890625,45561.08984375,18983.23046875,3472.93994140625,12.380000114440918,2.35,0.34826087,1.194,0.065,2.804,8.6159090909
2017-04-04,0.7605140805244446,0.3212335407733917,1133.25,51.029998779296875,1.067008137702942,1.249219298362732,1255.0,0.009032689034938812,0.07304228842258453,5895.7998046875,65769.0,7321.7998046875,2360.159912109375,45746.9296875,18810.25,3481.659912109375,11.789999961853027,2.36,0.34826087,1.194,0.065,2.804,8.6159090909
2017-04-05,0.756887674331665,0.323039174079895,1124.780029296875,51.150001525878906,1.0680338144302368,1.2439976930618286,1245.4000244140625,0.00902087427675724,0.07352238148450851,5915.89990234375,64775.0,7331.7001953125,2352.949951171875,46149.8515625,18861.26953125,3472.580078125,12.890000343322754,2.34,0.34826087,1.194,0.065,2.804,8.6159090909
2017-04-06,0.7567788362503052,0.32055389881134033,1182.6800537109375,51.70000076293945,1.0672472715377808,1.248907208442688,1250.300048828125,0.009059530682861805,0.07256852090358734,5897.2998046875,64223.0,7303.2001953125,2357.489990234375,46170.1015625,18597.060546875,3489.570068359375,12.390000343322754,2.34,0.34826087,1.194,0.065,2.804,8.6159090909
2017-04-07,0.7541478276252747,0.31831926107406616,1176.9000244140625,52.2400016784668,1.0644639730453491,1.246867299079895,1254.300048828125,0.009017376229166985,0.07261162251234055,5902.60009765625,64593.0,7349.39990234375,2355.5400390625,46085.03125,18664.630859375,3495.800048828125,12.869999885559082,2.38,0.34826087,1.194,0.065,2.804,8.6159090909
2017-04-10,0.7507225871086121,0.3179953396320343,1187.1300048828125,53.08000183105469,1.0582010746002197,1.2375165224075317,1251.0999755859375,0.008990784175693989,0.072686567902565,5948.89990234375,64650.0,7348.89990234375,2357.159912109375,46422.48828125,18797.880859375,3480.43994140625,14.050000190734863,2.37,0.34826087,1.194,0.065,2.804,8.6159090909
2017-04-11,0.7506943941116333,0.3193052113056183,1205.010009765625,53.400001525878906,1.0597598552703857,1.2425447702407837,1271.199951171875,0.009032036177814007,0.07187160849571228,5964.60009765625,64360.0,7365.5,2353.780029296875,46757.5390625,18747.869140625,3470.0400390625,15.069999694824219,2.32,0.34826087,1.194,0.065,2.804,8.6159090909
2017-04-12,0.7503620386123657,0.31879621744155884,1200.3699951171875,53.11000061035156,1.0611318349838257,1.2492347955703735,1275.300048828125,0.009125170297920704,0.07243673503398895,5968.89990234375,63892.0,7349.0,2344.929931640625,46747.19140625,18552.609375,3468.510009765625,15.770000457763672,2.28,0.34826087,1.194,0.065,2.804,8.6159090909
2017-04-13,0.7539090514183044,0.3201536536216736,1169.280029296875,53.18000030517578,1.0670650005340576,1.2549885511398315,1285.9000244140625,0.009182567708194256,0.07428427040576935,5925.89990234375,62826.0,7327.60009765625,2328.949951171875,46644.48828125,18426.83984375,3448.260009765625,15.960000038146973,2.24,0.34826087,1.194,0.065,2.804,8.6159090909
2017-04-18,0.7591862082481384,0.3194581866264343,1211.6700439453125,52.40999984741211,1.0644525289535522,1.2557765245437622,1291.699951171875,0.009164894931018353,0.07523322105407715,5868.7001953125,64159.0,7147.5,2342.18994140625,45873.21875,18418.58984375,3409.780029296875,14.420000076293945,2.18,0.34826087,1.194,0.065,2.804,8.6159090909
2017-04-19,0.7559149861335754,0.3219057023525238,1210.2900390625,50.439998626708984,1.0728693008422852,1.2844555377960205,1281.4000244140625,0.009213617071509361,0.07539613544940948,5839.89990234375,63407.0,7114.39990234375,2338.169921875,45771.9609375,18432.19921875,3420.989990234375,14.930000305175781,2.21,0.34826087,1.194,0.065,2.804,8.6159090909
2017-04-20,0.7496252059936523,0.3176317512989044,1229.0799560546875,50.27000045776367,1.0715012550354004,1.2782330513000488,1281.9000244140625,0.009188305586576462,0.07538578659296036,5854.39990234375,63761.0,7118.5,2355.840087890625,45735.5703125,18430.490234375,3440.030029296875,14.149999618530273,2.24,0.34826087,1.194,0.065,2.804,8.6159090909
2017-04-24,0.7555723190307617,0.3177831470966339,1250.1500244140625,49.22999954223633,1.087393879890442,1.2826268672943115,1275.800048828125,0.009092727676033974,0.07703626155853271,5900.7001953125,64389.0,7264.7001953125,2374.14990234375,46187.9296875,18875.880859375,3577.3798828125,10.84000015258789,2.28,0.34826087,1.194,0.065,2.804,8.6159090909
2017-04-26,0.7536931037902832,0.3177427351474762,1281.0799560546875,49.619998931884766,1.0928245782852173,1.283235788345337,1262.0999755859375,0.009005277417600155,0.07650711387395859,5936.7998046875,64862.0,7288.7001953125,2387.449951171875,46984.44921875,19289.4296875,3578.7099609375,10.850000381469727,2.32,0.34826087,1.194,0.065,2.804,8.6159090909
2017-04-28,0.746720016002655,0.3143566846847534,1316.47998046875,49.33000183105469,1.0864251852035522,1.2893576622009277,1266.0999755859375,0.008990704081952572,0.0749681368470192,5947.60009765625,65403.0,7203.89990234375,2384.199951171875,47071.73046875,19196.740234375,3559.590087890625,10.819999694824219,2.29,0.34826087,1.194,0.065,2.804,8.6159090909
2017-05-02,0.753409206867218,0.31495070457458496,1452.8199462890625,47.65999984741211,1.090893268585205,1.2897402048110962,1255.0999755859375,0.008943583816289902,0.07470603287220001,5971.39990234375,66722.0,7250.10009765625,2391.169921875,47138.8515625,19445.69921875,3578.2099609375,10.59000015258789,2.29,0.336363636,1.1175,0.04,2.548,8.6509090909
2017-05-08,0.7415812015533447,0.31469300389289856,1723.3499755859375,46.43000030517578,1.0965152978897095,1.296562910079956,1225.300048828125,0.008874374441802502,0.0743434727191925,5897.7998046875,65526.0,7300.89990234375,2399.3798828125,47076.8203125,19895.69921875,3642.110107421875,9.770000457763672,2.39,0.336363636,1.1175,0.04,2.548,8.6509090909
2017-05-09,0.7388798594474792,0.3128519654273987,1755.3599853515625,45.880001068115234,1.0927767753601074,1.2943308353424072,1214.300048828125,0.008831581100821495,0.07349147647619247,5874.5,66278.0,7342.2001953125,2396.919921875,47561.078125,19843.0,3649.080078125,9.960000038146973,2.42,0.336363636,1.1175,0.04,2.548,8.6509090909
2017-05-10,0.7342413067817688,0.31379440426826477,1787.1300048828125,47.33000183105469,1.0886842012405396,1.2948503494262695,1217.300048828125,0.008795229718089104,0.07341335713863373,5911.10009765625,67350.0,7385.2001953125,2399.6298828125,47635.578125,19900.08984375,3645.739990234375,10.210000038146973,2.41,0.336363636,1.1175,0.04,2.548,8.6509090909
2017-05-11,0.7361059784889221,0.31588590145111084,1848.5699462890625,47.83000183105469,1.087074637413025,1.2930588722229004,1222.699951171875,0.008746763691306114,0.0741383284330368,5912.0,67538.0,7386.60009765625,2394.43994140625,47488.44921875,19961.55078125,3623.550048828125,10.600000381469727,2.39,0.336363636,1.1175,0.04,2.548,8.6509090909
2017-05-12,0.7378984093666077,0.3185727894306183,1724.239990234375,47.84000015258789,1.0864958763122559,1.2891582250595093,1226.199951171875,0.00878665130585432,0.07487384229898453,5870.89990234375,68222.0,7435.39990234375,2390.89990234375,47430.4296875,19883.900390625,3637.52001953125,10.399999618530273,2.33,0.336363636,1.1175,0.04,2.548,8.6509090909
2017-05-15,0.7392895221710205,0.31469300389289856,1738.4300537109375,48.849998474121094,1.0927289724349976,1.2886598110198975,1228.5999755859375,0.008828384801745415,0.07481221854686737,5868.39990234375,68474.0,7454.39990234375,2402.320068359375,47436.8203125,19869.849609375,3641.8798828125,10.420000076293945,2.34,0.336363636,1.1175,0.04,2.548,8.6509090909
2017-05-16,0.7420544624328613,0.3217296004295349,1734.449951171875,48.65999984741211,1.0981770753860474,1.2903059720993042,1235.0,0.008799564093351364,0.07594167441129684,5882.2001953125,68684.0,7522.0,2400.669921875,47426.9609375,19919.8203125,3641.889892578125,10.649999618530273,2.33,0.336363636,1.1175,0.04,2.548,8.6509090909
2017-05-17,0.7421150207519531,0.32301828265190125,1839.0899658203125,49.06999969482422,1.1093976497650146,1.2916892766952515,1257.5,0.008877367712557316,0.07650699466466904,5821.2001953125,67540.0,7503.5,2357.030029296875,47504.0703125,19814.880859375,3584.830078125,15.59000015258789,2.22,0.336363636,1.1175,0.04,2.548,8.6509090909
2017-05-18,0.7431076765060425,0.3191421627998352,1888.6500244140625,49.349998474121094,1.115635633468628,1.2970168590545654,1251.699951171875,0.008998794481158257,0.07543070614337921,5775.5,61597.0,7436.39990234375,2365.719970703125,47769.4296875,19553.859375,3562.219970703125,14.65999984741211,2.23,0.336363636,1.1175,0.04,2.548,8.6509090909
2017-05-19,0.742225170135498,0.29682397842407227,1987.7099609375,50.33000183105469,1.1113580465316772,1.2958402633666992,1252.699951171875,0.008976579643785954,0.07457538694143295,5768.89990234375,62639.0,7470.7001953125,2381.72998046875,47962.6015625,19590.759765625,3587.010009765625,12.039999961853027,2.23,0.336363636,1.1175,0.04,2.548,8.6509090909
2017-05-22,0.7452120184898376,0.30738019943237305,2173.39990234375,50.72999954223633,1.120485782623291,1.3012192249298096,1260.699951171875,0.008986017666757107,0.07575125992298126,5811.2001953125,61673.0,7496.2998046875,2394.02001953125,48005.19140625,19678.279296875,3576.530029296875,10.930000305175781,2.25,0.336363636,1.1175,0.04,2.548,8.6509090909
2017-05-23,0.7471049427986145,0.3062412142753601,2320.419921875,51.470001220703125,1.123885989189148,1.2995283603668213,1254.800048828125,0.009017864242196083,0.0755646601319313,5802.7998046875,62662.0,7485.2998046875,2398.419921875,48046.16015625,19613.279296875,3595.030029296875,10.720000267028809,2.29,0.336363636,1.1175,0.04,2.548,8.6509090909
2017-05-24,0.747160792350769,0.3059413731098175,2443.639892578125,51.36000061035156,1.11793053150177,1.2956557273864746,1252.4000244140625,0.008932000957429409,0.07638252526521683,5811.60009765625,63257.0,7514.89990234375,2404.389892578125,47822.12109375,19742.98046875,3586.6201171875,10.020000457763672,2.26,0.336363636,1.1175,0.04,2.548,8.6509090909
2017-05-25,0.7497488260269165,0.30541813373565674,2304.97998046875,48.900001525878906,1.1230907440185547,1.2980270385742188,1255.800048828125,0.008966679684817791,0.07758132368326187,5828.7998046875,63227.0,7517.7001953125,2415.070068359375,47572.16015625,19813.130859375,3586.6201171875,9.989999771118164,2.25,0.336363636,1.1175,0.04,2.548,8.6509090909
2017-05-26,0.7456009387969971,0.3054834306240082,2202.419921875,49.79999923706055,1.121076226234436,1.293326497077942,1267.5999755859375,0.008950147777795792,0.07742275297641754,5792.10009765625,64085.0,7547.60009765625,2415.820068359375,47535.4296875,19686.83984375,3579.02001953125,9.8100004196167,2.25,0.336363636,1.1175,0.04,2.548,8.6509090909
2017-05-30,0.7438815832138062,0.3071819245815277,2175.469970703125,49.65999984741211,1.1129041910171509,1.281410574913025,1262.0999755859375,0.00899490900337696,0.07697375863790512,5756.0,63962.0,7526.5,2412.909912109375,47699.3515625,19677.849609375,3561.219970703125,10.380000114440918,2.21,0.336363636,1.1175,0.04,2.548,8.6509090909
2017-05-31,0.7459346652030945,0.3071064352989197,2286.409912109375,48.31999969482422,1.117168664932251,1.2809016704559326,1272.0,0.009022095240652561,0.07627660036087036,5761.2998046875,62711.0,7520.0,2411.800048828125,47153.91015625,19650.5703125,3554.590087890625,10.40999984741211,2.21,0.336363636,1.1175,0.04,2.548,8.6509090909
2017-06-01,0.7426661252975464,0.31006789207458496,2407.8798828125,48.36000061035156,1.1243535280227661,1.2875481843948364,1267.0,0.009025597013533115,0.07647891342639923,5772.5,62289.0,7543.7998046875,2430.06005859375,46487.5,19860.029296875,3567.02001953125,9.890000343322754,2.21,0.25047619,1.0846,0.075,2.421,9.020952381
2017-06-02,0.7379528880119324,0.3077870011329651,2488.550048828125,47.65999984741211,1.1215791702270508,1.2888258695602417,1276.800048828125,0.008973680436611176,0.07759522646665573,5821.10009765625,62511.0,7547.60009765625,2439.070068359375,46522.53125,20177.279296875,3591.820068359375,9.75,2.15,0.25047619,1.0846,0.075,2.421,9.020952381
2017-06-05,0.7428702712059021,0.3077680468559265,2686.81005859375,47.400001525878906,1.128082513809204,1.2870012521743774,1279.300048828125,0.009052805602550507,0.07803964614868164,5792.10009765625,62450.0,7525.7998046875,2436.10009765625,46442.0703125,20170.8203125,3591.820068359375,10.069999694824219,2.18,0.25047619,1.0846,0.075,2.421,9.020952381
2017-06-06,0.7487271428108215,0.3033888638019562,2863.199951171875,48.189998626708984,1.1256824731826782,1.2907389402389526,1294.4000244140625,0.009059530682861805,0.07879891991615295,5708.10009765625,62955.0,7525.0,2429.330078125,45889.51171875,19979.900390625,3554.179931640625,10.449999809265137,2.14,0.25047619,1.0846,0.075,2.421,9.020952381
2017-06-07,0.7509763240814209,0.3052503168582916,2732.159912109375,45.720001220703125,1.1271415948867798,1.2906723022460938,1290.0999755859375,0.00913166906684637,0.07807010412216187,5707.7998046875,63171.0,7478.60009765625,2433.139892578125,45809.078125,19984.619140625,3548.840087890625,10.390000343322754,2.18,0.25047619,1.0846,0.075,2.421,9.020952381
2017-06-08,0.7542046904563904,0.30606311559677124,2805.6201171875,45.63999938964844,1.125517725944519,1.2962098121643066,1276.300048828125,0.009099180810153484,0.07802929729223251,5714.7998046875,62756.0,7450.0,2433.7900390625,45733.78125,19909.259765625,3563.8798828125,10.15999984741211,2.19,0.25047619,1.0846,0.075,2.421,9.020952381
2017-06-09,0.7528306245803833,0.30678611993789673,2823.81005859375,45.83000183105469,1.1184805631637573,1.2722970247268677,1268.5,0.009102576412260532,0.07741633802652359,5715.5,62211.0,7527.2998046875,2431.77001953125,45874.21875,20013.259765625,3586.070068359375,10.699999809265137,2.21,0.25047619,1.0846,0.075,2.421,9.020952381
2017-06-13,0.7547739148139954,0.301504522562027,2717.02001953125,46.459999084472656,1.1196202039718628,1.2669775485992432,1265.800048828125,0.009097442962229252,0.07800397276878357,5801.7998046875,61829.0,7500.39990234375,2440.35009765625,45264.87109375,19898.75,3557.8701171875,10.420000076293945,2.21,0.25047619,1.0846,0.075,2.421,9.020952381
2017-06-14,0.7538067698478699,0.3017137348651886,2506.3701171875,44.72999954223633,1.1208877563476562,1.2750548124313354,1272.800048828125,0.009086365811526775,0.07828989624977112,5862.2001953125,61923.0,7474.39990234375,2437.919921875,45084.859375,19883.51953125,3547.14990234375,10.640000343322754,2.15,0.25047619,1.0846,0.075,2.421,9.020952381
2017-06-15,0.7588980793952942,0.3055674433708191,2464.580078125,44.459999084472656,1.1215791702270508,1.2754452228546143,1252.199951171875,0.009136926382780075,0.07919155061244965,5796.7001953125,61923.0,7419.39990234375,2432.4599609375,44512.1484375,19831.8203125,3525.4599609375,10.899999618530273,2.16,0.25047619,1.0846,0.075,2.421,9.020952381
2017-06-16,0.7585526704788208,0.30547407269477844,2518.56005859375,44.7400016784668,1.1146905422210693,1.275835633277893,1254.0,0.00901290588080883,0.07770853489637375,5808.0,61626.0,7463.5,2433.14990234375,44512.1484375,19943.259765625,3543.8798828125,10.380000114440918,2.16,0.25047619,1.0846,0.075,2.421,9.020952381
2017-06-19,0.7621369957923889,0.3040807545185089,2589.60009765625,44.20000076293945,1.120824933052063,1.277955174446106,1244.199951171875,0.009012743830680847,0.07816769182682037,5835.5,62014.0,7523.7998046875,2453.4599609375,45381.19921875,20067.75,3579.580078125,10.369999885559082,2.19,0.25047619,1.0846,0.075,2.421,9.020952381
2017-06-20,0.7591918706893921,0.30477583408355713,2721.7900390625,43.22999954223633,1.1144545078277588,1.273236632347107,1241.0,0.00895471591502428,0.07705602794885635,5792.2998046875,60766.0,7472.7001953125,2437.030029296875,44970.48828125,20230.41015625,3560.659912109375,10.859999656677246,2.16,0.25047619,1.0846,0.075,2.421,9.020952381
2017-06-21,0.7576102018356323,0.3007066547870636,2689.10009765625,42.529998779296875,1.1136974096298218,1.263248324394226,1243.4000244140625,0.008981982246041298,0.07657847553491592,5703.2001953125,60762.0,7447.7998046875,2435.610107421875,45213.44921875,20138.7890625,3554.35009765625,10.75,2.16,0.25047619,1.0846,0.075,2.421,9.020952381
2017-06-22,0.7550873756408691,0.29999399185180664,2705.409912109375,42.7400016784668,1.1167196035385132,1.2675718069076538,1247.5999755859375,0.008983919396996498,0.07657730579376221,5742.2998046875,61272.0,7439.2998046875,2434.5,44944.6484375,20110.509765625,3555.760009765625,10.479999542236328,2.15,0.25047619,1.0846,0.075,2.421,9.020952381
2017-06-23,0.7541478276252747,0.2994281053543091,2744.909912109375,43.0099983215332,1.1149640083312988,1.267812728881836,1256.199951171875,0.008985533379018307,0.07714679837226868,5754.60009765625,61087.0,7424.10009765625,2438.300048828125,45358.66015625,20132.669921875,3543.679931640625,10.020000457763672,2.15,0.25047619,1.0846,0.075,2.421,9.020952381
2017-06-26,0.7567674517631531,0.2992667853832245,2478.449951171875,43.380001068115234,1.1198835372924805,1.2743399143218994,1246.300048828125,0.008989652618765831,0.0774485319852829,5758.39990234375,62188.0,7446.7998046875,2439.070068359375,45113.2109375,20153.349609375,3561.760009765625,9.899999618530273,2.14,0.25047619,1.0846,0.075,2.421,9.020952381
2017-06-27,0.7584375739097595,0.30350854992866516,2552.449951171875,44.2400016784668,1.118355631828308,1.2724589109420776,1246.4000244140625,0.008939906023442745,0.07772846519947052,5752.5,61675.0,7434.39990234375,2419.3798828125,45288.37890625,20225.08984375,3538.320068359375,11.0600004196167,2.21,0.25047619,1.0846,0.075,2.421,9.020952381
2017-06-28,0.7586677670478821,0.30193236470222473,2574.7900390625,44.7400016784668,1.1339154243469238,1.281295657157898,1248.0,0.008913609199225903,0.07686920464038849,5796.10009765625,62018.0,7387.7998046875,2440.68994140625,45504.55078125,20130.41015625,3535.699951171875,10.029999732971191,2.22,0.25047619,1.0846,0.075,2.421,9.020952381
2017-06-29,0.7635919451713562,0.30492451786994934,2539.320068359375,44.93000030517578,1.1382650136947632,1.2941465377807617,1244.199951171875,0.00890044029802084,0.07736584544181824,5855.89990234375,62239.0,7350.2998046875,2419.699951171875,45211.73828125,20220.30078125,3471.330078125,11.4399995803833,2.27,0.25047619,1.0846,0.075,2.421,9.020952381
2017-06-30,0.7685213685035706,0.3027825653553009,2480.840087890625,46.040000915527344,1.144164800643921,1.3011176586151123,1240.699951171875,0.008927853778004646,0.07700303941965103,5764.0,62900.0,7312.7001953125,2423.409912109375,45421.76171875,20033.4296875,3441.8798828125,11.180000305175781,2.31,0.25047619,1.0846,0.075,2.421,9.020952381
2017-07-03,0.7688285708427429,0.31469300389289856,2564.06005859375,47.06999969482422,1.1423088312149048,1.301642656326294,1217.9000244140625,0.008907733485102654,0.07663128525018692,5727.5,63280.0,7377.10009765625,2429.010009765625,45994.44140625,20055.80078125,3491.81005859375,11.220000267028809,2.35,0.25047619,1.0846,0.075,2.421,9.020952381
2017-07-05,0.7612088322639465,0.30218783020973206,2601.989990234375,45.130001068115234,1.1360150575637817,1.2934937477111816,1220.4000244140625,0.008852534927427769,0.0758541151881218,5801.0,63154.0,7367.60009765625,2432.5400390625,46241.44140625,20081.630859375,3478.409912109375,11.069999694824219,2.33,0.25047619,1.0846,0.075,2.421,9.020952381
2017-07-06,0.7600921392440796,0.3042287826538086,2608.56005859375,45.52000045776367,1.1346874237060547,1.2931759357452393,1222.199951171875,0.00883493758738041,0.07470715045928955,5797.5,62470.0,7337.2998046875,2409.75,46000.76953125,19994.060546875,3462.06005859375,12.539999961853027,2.37,0.25047619,1.0846,0.075,2.421,9.020952381
2017-07-07,0.7579776644706726,0.3032784163951874,2518.659912109375,44.22999954223633,1.1424784660339355,1.2973533868789673,1208.5999755859375,0.00883790384978056,0.07457399368286133,5743.89990234375,62322.0,7350.89990234375,2425.179931640625,45670.48828125,19929.08984375,3463.840087890625,11.1899995803833,2.39,0.25047619,1.0846,0.075,2.421,9.020952381
2017-07-10,0.7605140805244446,0.31469300389289856,2372.56005859375,44.400001525878906,1.140380859375,1.2891249656677246,1212.0999755859375,0.008773083798587322,0.07475573569536209,5762.89990234375,63025.0,7370.0,2427.429931640625,45976.55859375,20080.98046875,3478.06005859375,11.109999656677246,2.38,0.25047619,1.0846,0.075,2.421,9.020952381
2017-07-11,0.7605140805244446,0.31469300389289856,2337.7900390625,45.040000915527344,1.140380859375,1.2891249656677246,1213.5999755859375,0.008773083798587322,0.07475573569536209,5768.5,63832.0,7329.7998046875,2425.530029296875,46192.62890625,20195.48046875,3464.47998046875,10.890000343322754,2.37,0.25047619,1.0846,0.075,2.421,9.020952381
2017-07-12,0.7639011144638062,0.30739909410476685,2398.840087890625,45.4900016784668,1.1473942995071411,1.2859586477279663,1218.0999755859375,0.0087913628667593,0.07389017194509506,5717.7001953125,64836.0,7416.89990234375,2443.25,46674.3515625,20098.380859375,3515.22998046875,10.300000190734863,2.33,0.25047619,1.0846,0.075,2.421,9.020952381
2017-07-13,0.7679194211959839,0.3118373453617096,2357.89990234375,46.08000183105469,1.1418914794921875,1.2893743515014648,1216.300048828125,0.008823399432003498,0.07551102340221405,5779.10009765625,65178.0,7413.39990234375,2447.830078125,47056.01953125,20099.810546875,3527.830078125,9.899999618530273,2.35,0.25047619,1.0846,0.075,2.421,9.020952381
2017-07-14,0.774053692817688,0.31152647733688354,2233.340087890625,46.540000915527344,1.140393853187561,1.294716238975525,1226.5999755859375,0.008816942572593689,0.07575757801532745,5808.7001953125,65436.0,7378.39990234375,2459.27001953125,47309.26171875,20118.859375,3525.93994140625,9.510000228881836,2.33,0.25047619,1.0846,0.075,2.421,9.020952381
2017-07-17,0.7825216054916382,0.31469300389289856,2228.409912109375,46.02000045776367,1.1475391387939453,1.311131477355957,1232.800048828125,0.008897034451365471,0.0768013745546341,5800.7998046875,65212.0,7404.10009765625,2459.139892578125,47499.6015625,20118.859375,3516.35009765625,9.819999694824219,2.31,0.25047619,1.0846,0.075,2.421,9.020952381
2017-07-18,0.7791013717651367,0.3143467903137207,2318.8798828125,46.400001525878906,1.1474337577819824,1.3053126335144043,1241.0999755859375,0.008882493712008,0.07727020233869553,5738.2001953125,65338.0,7390.2001953125,2460.610107421875,46927.83984375,19999.91015625,3478.679931640625,9.890000343322754,2.27,0.25047619,1.0846,0.075,2.421,9.020952381
2017-07-19,0.7918283343315125,0.31718844175338745,2273.429931640625,47.119998931884766,1.1549744606018066,1.303865909576416,1241.199951171875,0.008928969502449036,0.07750201225280762,5779.39990234375,65180.0,7430.89990234375,2473.830078125,47748.6796875,20020.859375,3500.280029296875,9.789999961853027,2.27,0.25047619,1.0846,0.075,2.421,9.020952381
2017-07-20,0.7960199117660522,0.31769227981567383,2817.60009765625,46.790000915527344,1.1528440713882446,1.3032711744308472,1244.800048828125,0.008938387967646122,0.07734981179237366,5805.7001953125,64938.0,7487.89990234375,2473.449951171875,47909.9296875,20144.58984375,3499.489990234375,9.579999923706055,2.27,0.25047619,1.0846,0.075,2.421,9.020952381
2017-07-21,0.7947861552238464,0.320677250623703,2667.760009765625,45.77000045776367,1.1628718376159668,1.2965459823608398,1254.300048828125,0.008937748149037361,0.07680373638868332,5771.2001953125,64684.0,7452.89990234375,2472.5400390625,47801.91015625,20099.75,3451.7099609375,9.359999656677246,2.24,0.25047619,1.0846,0.075,2.421,9.020952381
2017-07-24,0.7925311923027039,0.31469300389289856,2754.860107421875,46.34000015258789,1.1681697368621826,1.3004746437072754,1253.9000244140625,0.00901347491890192,0.07744553685188293,5738.0,65100.0,7377.7001953125,2469.909912109375,48058.3515625,19975.669921875,3453.169921875,9.430000305175781,2.26,0.25047619,1.0846,0.075,2.421,9.020952381
2017-07-25,0.7927699685096741,0.31802570819854736,2576.47998046875,47.88999938964844,1.1638869047164917,1.3031013011932373,1251.699951171875,0.008990218862891197,0.0772087499499321,5775.2998046875,65668.0,7434.7998046875,2477.1298828125,48223.2890625,19955.19921875,3473.5400390625,9.430000305175781,2.33,0.25047619,1.0846,0.075,2.421,9.020952381
2017-07-26,0.7932730913162231,0.31533804535865784,2529.449951171875,48.75,1.1644561290740967,1.3027619123458862,1249.0,0.008928332477807999,0.07654096186161041,5823.2998046875,65011.0,7452.2998046875,2477.830078125,48563.7890625,20050.16015625,3491.18994140625,9.600000381469727,2.29,0.25047619,1.0846,0.075,2.421,9.020952381
2017-07-27,0.8000128269195557,0.3187251091003418,2671.780029296875,49.040000915527344,1.1728004217147827,1.311475396156311,1259.5999755859375,0.008998632431030273,0.07756086438894272,5832.2001953125,65277.0,7443.0,2475.419921875,48569.421875,20079.640625,3493.139892578125,10.109999656677246,2.32,0.25047619,1.0846,0.075,2.421,9.020952381
2017-07-28,0.7973591089248657,0.3171984851360321,2809.010009765625,49.709999084472656,1.1688660383224487,1.3076680898666382,1268.4000244140625,0.009001143276691437,0.07692135870456696,5755.2001953125,65497.0,7368.39990234375,2472.10009765625,48551.2890625,19959.83984375,3467.72998046875,10.289999961853027,2.3,0.25047619,1.0846,0.075,2.421,9.020952381
2017-07-31,0.7985944747924805,0.31469300389289856,2875.340087890625,50.16999816894531,1.1747292280197144,1.3144922256469727,1266.5999755859375,0.009048954583704472,0.07698822021484375,5773.89990234375,65920.0,7372.0,2470.300048828125,48873.12890625,19925.1796875,3449.360107421875,10.260000228881836,2.3,0.25047619,1.0846,0.075,2.421,9.020952381
2017-08-01,0.7998719811439514,0.31991812586784363,2718.260009765625,49.15999984741211,1.182410478591919,1.3195397853851318,1272.5999755859375,0.009061336517333984,0.07597976177930832,5820.60009765625,66516.0,7423.7001953125,2476.35009765625,49038.6796875,19985.7890625,3449.360107421875,10.09000015258789,2.26,0.346086957,1.1241,0.01,2.626,9.1172727273
2017-08-02,0.7956082820892334,0.32022541761398315,2710.669921875,49.59000015258789,1.1811256408691406,1.3207945823669434,1271.800048828125,0.009055346250534058,0.0754799023270607,5794.5,67136.0,7411.39990234375,2477.570068359375,48811.0703125,20080.0390625,3459.320068359375,10.279999732971191,2.27,0.346086957,1.1241,0.01,2.626,9.1172727273
2017-08-03,0.7955195903778076,0.321316123008728,2804.72998046875,49.029998779296875,1.1851149797439575,1.3228389024734497,1267.800048828125,0.009028774686157703,0.07567960023880005,5786.7998046875,66777.0,7474.7998046875,2472.159912109375,49243.7890625,20029.259765625,3466.3701171875,10.4399995803833,2.24,0.346086957,1.1241,0.01,2.626,9.1172727273
2017-08-04,0.7959882616996765,0.3213883936405182,2895.889892578125,49.58000183105469,1.1884952783584595,1.314405918121338,1258.300048828125,0.009099180810153484,0.07480718940496445,5773.2998046875,66898.0,7511.7001953125,2476.830078125,49506.1484375,19952.330078125,3507.409912109375,10.029999732971191,2.27,0.346086957,1.1241,0.01,2.626,9.1172727273
2017-08-07,0.7930842638015747,0.3195602595806122,3378.93994140625,49.38999938964844,1.1778424978256226,1.3046995401382446,1258.199951171875,0.00902641098946333,0.07462073862552643,5824.5,67940.0,7531.89990234375,2480.909912109375,49763.8203125,20055.890625,3505.800048828125,9.930000305175781,2.26,0.346086957,1.1241,0.01,2.626,9.1172727273
2017-08-08,0.791671633720398,0.3200819194316864,3419.93994140625,49.16999816894531,1.1800941228866577,1.3037809133529663,1256.4000244140625,0.009029345586895943,0.07565801590681076,5795.7001953125,67899.0,7542.7001953125,2474.919921875,49572.69140625,19996.009765625,3515.6298828125,10.960000038146973,2.29,0.346086957,1.1241,0.01,2.626,9.1172727273
2017-08-09,0.7898269891738892,0.31990787386894226,3342.469970703125,49.560001373291016,1.1754610538482666,1.2986170053482056,1273.0,0.009082487784326077,0.07487215846776962,5816.39990234375,67671.0,7498.10009765625,2474.02001953125,49572.69140625,19738.7109375,3468.449951171875,11.109999656677246,2.24,0.346086957,1.1241,0.01,2.626,9.1172727273
2017-08-10,0.7891601324081421,0.3172287046909332,3381.280029296875,48.59000015258789,1.1761523485183716,1.3014055490493774,1283.699951171875,0.00908686127513647,0.07448290288448334,5810.60009765625,66992.0,7389.89990234375,2438.2099609375,49303.26953125,19729.740234375,3433.5400390625,16.040000915527344,2.2,0.346086957,1.1241,0.01,2.626,9.1172727273
2017-08-11,0.7866582870483398,0.3150995671749115,3650.6201171875,48.81999969482422,1.177024483680725,1.2976733446121216,1287.699951171875,0.00916539877653122,0.07436060905456543,5743.5,67359.0,7310.0,2441.320068359375,48766.7109375,19729.740234375,3406.340087890625,15.510000228881836,2.19,0.346086957,1.1241,0.01,2.626,9.1172727273
2017-08-14,0.7904075980186462,0.31469300389289856,4325.1298828125,47.59000015258789,1.182550311088562,1.3005930185317993,1284.199951171875,0.009154994040727615,0.07445240020751953,5778.60009765625,68285.0,7353.89990234375,2465.840087890625,49108.55078125,19537.099609375,3450.659912109375,12.329999923706055,2.22,0.346086957,1.1241,0.01,2.626,9.1172727273
2017-08-15,0.7853608131408691,0.31375500559806824,4181.93017578125,47.54999923706055,1.1775789260864258,1.2965123653411865,1273.699951171875,0.009096532128751278,0.07522813230752945,5804.0,68355.0,7383.89990234375,2464.610107421875,48655.12109375,19753.310546875,3461.909912109375,12.039999961853027,2.27,0.346086957,1.1241,0.01,2.626,9.1172727273
2017-08-16,0.7825950980186462,0.31569644808769226,4376.6298828125,46.779998779296875,1.1741223335266113,1.2867032289505005,1276.9000244140625,0.009041918441653252,0.0751461610198021,5830.7998046875,68594.0,7433.0,2468.110107421875,49211.76171875,19729.279296875,3484.570068359375,11.739999771118164,2.23,0.346086957,1.1241,0.01,2.626,9.1172727273
2017-08-17,0.7932101488113403,0.31731927394866943,4331.68994140625,47.09000015258789,1.1774264574050903,1.2891582250595093,1286.4000244140625,0.00909099169075489,0.07593648880720139,5827.2001953125,67977.0,7387.89990234375,2430.010009765625,49065.80859375,19702.630859375,3461.969970703125,15.550000190734863,2.19,0.346086957,1.1241,0.01,2.626,9.1172727273
2017-08-18,0.7875256538391113,0.3151293694972992,4160.6201171875,48.5099983215332,1.1715501546859741,1.2865046262741089,1285.699951171875,0.009146787226200104,0.07527405023574829,5798.5,68715.0,7324.0,2425.550048828125,48929.87109375,19470.41015625,3446.030029296875,14.260000228881836,2.19,0.346086957,1.1241,0.01,2.626,9.1172727273
2017-08-21,0.7927510738372803,0.31469300389289856,4001.739990234375,47.369998931884766,1.1756268739700317,1.2873657941818237,1290.800048828125,0.009147456847131252,0.07599131017923355,5780.0,68635.0,7318.89990234375,2428.3701171875,49029.0,19393.130859375,3423.530029296875,13.1899995803833,2.18,0.346086957,1.1241,0.01,2.626,9.1172727273
2017-08-22,0.79377681016922,0.3161555230617523,4100.52001953125,47.63999938964844,1.1811953783035278,1.289823293685913,1285.0999755859375,0.009179027751088142,0.07604909688234329,5804.7998046875,70011.0,7381.7001953125,2452.510009765625,49588.44140625,19383.83984375,3455.590087890625,11.350000381469727,2.22,0.346086957,1.1241,0.01,2.626,9.1172727273
2017-08-23,0.7913270592689514,0.31640562415122986,4151.52001953125,48.40999984741211,1.176221489906311,1.2823965549468994,1288.9000244140625,0.009113194420933723,0.07573118060827255,5792.7001953125,70478.0,7382.7001953125,2444.0400390625,49734.51171875,19434.640625,3438.6298828125,12.25,2.17,0.346086957,1.1241,0.01,2.626,9.1172727273
2017-08-24,0.79107666015625,0.31854233145713806,4334.68017578125,47.43000030517578,1.1816558837890625,1.28037691116333,1286.5,0.009181893430650234,0.07605835050344467,5801.7001953125,71133.0,7407.10009765625,2438.969970703125,50101.48046875,19353.76953125,3444.72998046875,12.229999542236328,2.19,0.346086957,1.1241,0.01,2.626,9.1172727273
2017-08-25,0.7900142073631287,0.3178134262561798,4371.60009765625,47.869998931884766,1.1802195310592651,1.280393362045288,1292.5,0.009131252765655518,0.07577904313802719,5803.39990234375,71074.0,7401.5,2443.050048828125,50175.328125,19452.609375,3438.550048828125,11.279999732971191,2.17,0.346086957,1.1241,0.01,2.626,9.1172727273
2017-08-29,0.7924558520317078,0.31587591767311096,4579.02001953125,46.439998626708984,1.1963869333267212,1.2927078008651733,1313.0999755859375,0.009196502156555653,0.07648681104183197,5733.60009765625,71330.0,7337.39990234375,2446.300048828125,49883.28125,19362.55078125,3388.219970703125,11.699999809265137,2.13,0.346086957,1.1241,0.01,2.626,9.1172727273
2017-08-30,0.7956715226173401,0.3160356283187866,4565.2998046875,45.959999084472656,1.1970456838607788,1.292657732963562,1308.0999755859375,0.009108297526836395,0.076987624168396,5733.7998046875,70886.0,7365.2998046875,2457.590087890625,49674.921875,19506.5390625,3403.7099609375,11.220000267028809,2.15,0.346086957,1.1241,0.01,2.626,9.1172727273
2017-08-31,0.7907013297080994,0.31657591462135315,4703.39013671875,47.22999954223633,1.1893434524536133,1.2920564413070679,1316.199951171875,0.00905305054038763,0.07688463479280472,5776.2998046875,70835.0,7430.60009765625,2471.64990234375,49997.26953125,19646.240234375,3421.469970703125,10.59000015258789,2.12,0.346086957,1.1241,0.01,2.626,9.1172727273
2017-09-01,0.7939658164978027,0.31786397099494934,4892.009765625,47.290000915527344,1.1910432577133179,1.2941633462905884,1324.5,0.009080260992050171,0.07700660079717636,5786.10009765625,71923.0,7438.5,2476.550048828125,49996.3984375,19691.470703125,3443.8798828125,10.130000114440918,2.16,0.347142857,1.2436,0.06,2.71,9.025
2017-09-05,0.7945336103439331,0.31853219866752625,4376.52978515625,48.65999984741211,1.1893434524536133,1.2924071550369263,1339.199951171875,0.009106638841331005,0.07730723172426224,5767.7998046875,72151.0,7372.89990234375,2457.85009765625,49642.75,19385.810546875,3420.860107421875,12.229999542236328,2.07,0.347142857,1.2436,0.06,2.71,9.025
2017-09-06,0.8006982207298279,0.3209448754787445,4597.1201171875,49.15999984741211,1.1924067735671997,1.3041210174560547,1333.9000244140625,0.009207934141159058,0.07751277089118958,5752.89990234375,73412.0,7354.10009765625,2465.5400390625,49023.66015625,19357.970703125,3433.800048828125,11.630000114440918,2.1,0.347142857,1.2436,0.06,2.71,9.025
2017-09-07,0.8010895252227783,0.32279932498931885,4599.8798828125,49.09000015258789,1.1927765607833862,1.3049719333648682,1345.0999755859375,0.009163047187030315,0.07819708436727524,5753.7998046875,73412.0,7397.0,2465.10009765625,49430.80859375,19396.51953125,3447.659912109375,11.550000190734863,2.05,0.347142857,1.2436,0.06,2.71,9.025
2017-09-08,0.8058017492294312,0.32283058762550354,4228.75,47.47999954223633,1.2029062509536743,1.3104785680770874,1346.0,0.009236169047653675,0.07813464850187302,5739.39990234375,73079.0,7377.60009765625,2461.429931640625,49274.03125,19274.8203125,3447.68994140625,12.119999885559082,2.06,0.347142857,1.2436,0.06,2.71,9.025
2017-09-11,0.8051530122756958,0.31469300389289856,4161.27001953125,48.06999969482422,1.2017642259597778,1.3197661638259888,1331.0,0.009239496663212776,0.07750135660171509,5779.0,74319.0,7413.60009765625,2488.110107421875,49627.5390625,19545.76953125,3495.18994140625,10.729999542236328,2.14,0.347142857,1.2436,0.06,2.71,9.025
2017-09-12,0.8023750185966492,0.32261186838150024,4130.81005859375,48.22999954223633,1.1959433555603027,1.3169677257537842,1328.0,0.009141186252236366,0.07713525742292404,5806.39990234375,74539.0,7400.7001953125,2496.47998046875,49970.8515625,19776.619140625,3512.56005859375,10.579999923706055,2.17,0.347142857,1.2436,0.06,2.71,9.025
2017-09-13,0.8020082116127014,0.32031774520874023,3882.590087890625,49.29999923706055,1.1974613666534424,1.3289213180541992,1323.4000244140625,0.00907227024435997,0.07705716043710709,5804.0,74788.0,7379.7001953125,2498.3701171875,49783.58984375,19865.8203125,3523.139892578125,10.5,2.2,0.347142857,1.2436,0.06,2.71,9.025
2017-09-14,0.797957181930542,0.31932559609413147,3154.949951171875,49.88999938964844,1.1890605688095093,1.3206027746200562,1324.699951171875,0.009048545733094215,0.07609829306602478,5798.39990234375,74657.0,7295.39990234375,2495.6201171875,49514.828125,19807.439453125,3526.47998046875,10.4399995803833,2.2,0.347142857,1.2436,0.06,2.71,9.025
2017-09-15,0.8001792430877686,0.32070812582969666,3637.52001953125,49.88999938964844,1.1921650171279907,1.3399077653884888,1320.4000244140625,0.009097608737647533,0.07623985409736633,5755.7998046875,75757.0,7215.5,2500.22998046875,49274.6015625,19909.5,3515.550048828125,10.170000076293945,2.2,0.347142857,1.2436,0.06,2.71,9.025
2017-09-18,0.7996801733970642,0.3215744197368622,4065.199951171875,49.90999984741211,1.193716287612915,1.3575152158737183,1306.300048828125,0.008993048220872879,0.07603984326124191,5779.0,75990.0,7253.2998046875,2503.8701171875,49736.5390625,19909.5,3526.739990234375,10.149999618530273,2.23,0.347142857,1.2436,0.06,2.71,9.025
2017-09-19,0.7971112728118896,0.31898942589759827,3924.969970703125,49.47999954223633,1.1959290504455566,1.3516618013381958,1306.199951171875,0.008968931622803211,0.07527513056993484,5772.39990234375,75974.0,7275.2998046875,2506.64990234375,49751.69921875,20299.380859375,3531.179931640625,10.180000305175781,2.24,0.347142857,1.2436,0.06,2.71,9.025
2017-09-20,0.8005764484405518,0.31920325756073,3905.949951171875,50.40999984741211,1.199256420135498,1.3515340089797974,1312.0,0.008962339721620083,0.07504983246326447,5769.7001953125,76004.0,7272.0,2508.239990234375,49575.87890625,20310.4609375,3525.550048828125,9.779999732971191,2.28,0.347142857,1.2436,0.06,2.71,9.025
2017-09-21,0.8016674518585205,0.31942757964134216,3631.0400390625,50.54999923706055,1.1872113943099976,1.3489633798599243,1290.5999755859375,0.008885256014764309,0.07507789134979248,5716.7001953125,75604.0,7263.89990234375,2500.60009765625,49548.8515625,20347.48046875,3539.590087890625,9.670000076293945,2.27,0.347142857,1.2436,0.06,2.71,9.025
2017-09-22,0.7930591702461243,0.31903013586997986,3630.699951171875,50.65999984741211,1.194557547569275,1.3579760789871216,1293.300048828125,0.008892682380974293,0.075278639793396,5740.60009765625,75390.0,7310.60009765625,2502.219970703125,49564.6796875,20296.44921875,3541.419921875,9.59000015258789,2.26,0.347142857,1.2436,0.06,2.71,9.025
2017-09-25,0.7964954376220703,0.3201536536216736,3926.070068359375,52.220001220703125,1.1927196979522705,1.3507307767868042,1306.800048828125,0.008893315680325031,0.07556065917015076,5741.7001953125,74443.0,7301.2998046875,2496.659912109375,49564.6796875,20397.580078125,3537.81005859375,10.210000038146973,2.22,0.347142857,1.2436,0.06,2.71,9.025
2017-09-26,0.7936822772026062,0.31672632694244385,3892.35009765625,51.880001068115234,1.185564637184143,1.3477815389633179,1297.0,0.008947664871811867,0.07504633814096451,5729.60009765625,74319.0,7285.7001953125,2496.840087890625,48819.3515625,20330.189453125,3536.3798828125,10.170000076293945,2.24,0.347142857,1.2436,0.06,2.71,9.025
2017-09-27,0.7877613306045532,0.31606563925743103,4200.669921875,52.13999938964844,1.1786059141159058,1.3448090553283691,1283.4000244140625,0.008898617699742317,0.07485534250736237,5725.5,73797.0,7313.5,2507.0400390625,49018.25,20267.05078125,3555.169921875,9.869999885559082,2.31,0.347142857,1.2436,0.06,2.71,9.025
2017-09-28,0.785071074962616,0.3132930099964142,4174.72998046875,51.560001373291016,1.1749638319015503,1.3398897647857666,1285.5,0.008860534988343716,0.07367079704999924,5731.5,73567.0,7322.7998046875,2510.06005859375,48842.890625,20363.109375,3563.639892578125,9.550000190734863,2.31,0.347142857,1.2436,0.06,2.71,9.025
2017-09-29,0.7846275568008423,0.3143764138221741,4163.06982421875,51.66999816894531,1.178175449371338,1.343021035194397,1281.5,0.008891496807336807,0.074018694460392,5744.89990234375,74294.0,7372.7998046875,2519.360107421875,49376.4609375,20356.279296875,3594.85009765625,9.510000228881836,2.33,0.347142857,1.2436,0.06,2.71,9.025
2017-10-02,0.7845598459243774,0.3161155879497528,4409.31982421875,50.58000183105469,1.1807351112365723,1.3394052982330322,1272.699951171875,0.00887799821794033,0.07381544262170792,5791.2998046875,74360.0,7438.7998046875,2529.1201171875,49609.578125,20400.779296875,3602.68994140625,9.449999809265137,2.34,0.347142857,1.2436,0.06,2.71,9.025
2017-10-03,0.7827175855636597,0.31716832518577576,4317.47998046875,50.41999816894531,1.173378348350525,1.3275628089904785,1271.5,0.008867606520652771,0.0736263170838356,5764.2001953125,76763.0,7468.10009765625,2534.580078125,50139.9296875,20614.0703125,3605.72998046875,9.510000228881836,2.33,0.347142857,1.2436,0.06,2.71,9.025
2017-10-04,0.783631443977356,0.31839022040367126,4229.35986328125,49.97999954223633,1.1747568845748901,1.3241175413131714,1273.699951171875,0.008861477486789227,0.0733024924993515,5719.60009765625,76591.0,7467.60009765625,2537.739990234375,50542.41015625,20626.66015625,3594.909912109375,9.630000114440918,2.33,0.347142857,1.2436,0.06,2.71,9.025
2017-10-05,0.7861697673797607,0.319162517786026,4328.41015625,50.790000915527344,1.175723671913147,1.323276400566101,1269.9000244140625,0.008863440714776516,0.07371586561203003,5720.2998046875,76618.0,7508.0,2552.070068359375,50786.3984375,20628.560546875,3613.5400390625,9.1899995803833,2.35,0.347142857,1.2436,0.06,2.71,9.025
2017-10-06,0.7790589332580566,0.3172186315059662,4370.81005859375,49.290000915527344,1.1712344884872437,1.3112690448760986,1271.5999755859375,0.008867291733622551,0.07318426668643951,5777.39990234375,76055.0,7522.89990234375,2549.330078125,51010.37890625,20690.7109375,3603.320068359375,9.649999618530273,2.37,0.347142857,1.2436,0.06,2.71,9.025
2017-10-09,0.7779377102851868,0.31690698862075806,4772.02001953125,49.58000183105469,1.1742464303970337,1.3084039688110352,1281.800048828125,0.008884861133992672,0.07269449532032013,5805.10009765625,75727.0,7507.89990234375,2544.72998046875,51323.23046875,20690.7109375,3610.5,10.329999923706055,2.37,0.347142857,1.2436,0.06,2.71,9.025
2017-10-10,0.7759155631065369,0.31379440426826477,4781.990234375,50.91999816894531,1.1741636991500854,1.314405918121338,1290.5999755859375,0.008876422420144081,0.07251369208097458,5807.10009765625,76897.0,7538.2998046875,2550.639892578125,51362.73046875,20823.509765625,3598.7900390625,10.079999923706055,2.35,0.347142857,1.2436,0.06,2.71,9.025
2017-10-11,0.7786524295806885,0.31468310952186584,4826.47998046875,51.29999923706055,1.1814883947372437,1.3211086988449097,1285.800048828125,0.00890115275979042,0.07307858020067215,5840.7998046875,76660.0,7533.7998046875,2555.239990234375,51438.55078125,20881.26953125,3607.389892578125,9.850000381469727,2.35,0.347142857,1.2436,0.06,2.71,9.025
2017-10-12,0.7804573774337769,0.315487265586853,5446.91015625,50.599998474121094,1.1865493059158325,1.3239772319793701,1293.300048828125,0.008894107304513454,0.07400664687156677,5864.10009765625,76660.0,7556.2001953125,2550.929931640625,51352.8203125,20954.720703125,3605.5400390625,9.90999984741211,2.33,0.347142857,1.2436,0.06,2.71,9.025
2017-10-13,0.7827788591384888,0.31555697321891785,5647.2099609375,51.45000076293945,1.1831799745559692,1.326435923576355,1301.5,0.0089095588773489,0.0742732360959053,5884.7001953125,76990.0,7535.39990234375,2553.169921875,51450.390625,21155.1796875,3604.550048828125,9.609999656677246,2.28,0.347142857,1.2436,0.06,2.71,9.025
2017-10-16,0.7885688543319702,0.3178437650203705,5725.58984375,51.869998931884766,1.181404709815979,1.3288860321044922,1299.9000244140625,0.008937987498939037,0.07539431005716324,5917.2001953125,76892.0,7527.0,2557.639892578125,51713.37109375,21255.560546875,3606.27001953125,9.90999984741211,2.3,0.347142857,1.2436,0.06,2.71,9.025
2017-10-17,0.7844183444976807,0.3154275715351105,5605.509765625,51.880001068115234,1.1794538497924805,1.3252933025360107,1283.0,0.008913053199648857,0.07503068447113037,5958.10009765625,76201.0,7516.2001953125,2559.360107421875,51510.16015625,21336.119140625,3607.77001953125,10.3100004196167,2.3,0.347142857,1.2436,0.06,2.71,9.025
2017-10-18,0.7851697206497192,0.31684672832489014,5590.68994140625,52.040000915527344,1.1771907806396484,1.319487452507019,1279.9000244140625,0.008911623619496822,0.07473338395357132,5954.7998046875,76591.0,7542.89990234375,2561.260009765625,51747.2109375,21363.05078125,3619.64990234375,10.069999694824219,2.34,0.347142857,1.2436,0.06,2.71,9.025
2017-10-19,0.7842522263526917,0.31544747948646545,5708.52001953125,51.290000915527344,1.1795234680175781,1.321300745010376,1286.9000244140625,0.008848539553582668,0.07377895712852478,5959.7998046875,76283.0,7523.0,2562.10009765625,51525.51953125,21448.51953125,3602.080078125,10.050000190734863,2.33,0.347142857,1.2436,0.06,2.71,9.025
2017-10-20,0.7875069975852966,0.3159657418727875,6011.4501953125,51.470001220703125,1.184805989265442,1.3150626420974731,1277.4000244140625,0.008874689228832722,0.07405213266611099,5968.60009765625,76391.0,7523.2001953125,2575.2099609375,51600.66015625,21457.640625,3605.090087890625,9.970000267028809,2.39,0.347142857,1.2436,0.06,2.71,9.025
2017-10-23,0.7807010412216187,0.31339120864868164,5930.31982421875,51.900001525878906,1.175364375114441,1.3189828395843506,1277.699951171875,0.008768238127231598,0.07303588092327118,5957.2001953125,75413.0,7524.5,2564.97998046875,51669.890625,21696.650390625,3608.8701171875,11.069999694824219,2.38,0.347142857,1.2436,0.06,2.71,9.025
2017-10-24,0.78125,0.30917635560035706,5526.64013671875,52.470001220703125,1.1759172677993774,1.3206549882888794,1275.0,0.008823011070489883,0.07306202501058578,5962.5,76350.0,7526.5,2569.1298828125,51597.48828125,21805.169921875,3610.68994140625,11.15999984741211,2.42,0.347142857,1.2436,0.06,2.71,9.025
2017-10-25,0.7775444984436035,0.30839449167251587,5750.7998046875,52.18000030517578,1.1759034395217896,1.3131976127624512,1275.4000244140625,0.008776087313890457,0.07278814911842346,5972.7001953125,76671.0,7447.2001953125,2557.14990234375,51857.609375,21707.619140625,3591.4599609375,11.229999542236328,2.44,0.347142857,1.2436,0.06,2.71,9.025
2017-10-26,0.770790159702301,0.30948254466056824,5904.830078125,52.63999938964844,1.182075023651123,1.327351450920105,1266.300048828125,0.008806073106825352,0.07106006890535355,5982.5,75896.0,7486.5,2560.39990234375,52273.51953125,21739.779296875,3637.199951171875,11.300000190734863,2.46,0.347142857,1.2436,0.06,2.71,9.025
2017-10-27,0.7659724950790405,0.3042750656604767,5780.89990234375,53.900001525878906,1.163724422454834,1.3130252361297607,1268.5,0.008762398734688759,0.0702381357550621,5969.2998046875,75976.0,7505.0,2581.070068359375,52403.44921875,22008.44921875,3652.22998046875,9.800000190734863,2.42,0.347142857,1.2436,0.06,2.71,9.025
2017-10-30,0.7668123245239258,0.30913811922073364,6130.52978515625,54.150001525878906,1.1604562997817993,1.3134045600891113,1274.0999755859375,0.008792059496045113,0.07092440128326416,5983.7001953125,74800.0,7487.7998046875,2572.830078125,52479.1796875,22011.669921875,3662.179931640625,10.5,2.37,0.347142857,1.2436,0.06,2.71,9.025
2017-10-31,0.7697636485099792,0.30420100688934326,6468.39990234375,54.380001068115234,1.1652703285217285,1.3212482929229736,1267.0,0.008849870413541794,0.07119414210319519,5976.39990234375,74308.0,7493.10009765625,2575.260009765625,52570.19921875,22011.609375,3673.949951171875,10.180000305175781,2.38,0.347142857,1.2436,0.06,2.71,9.025
2017-11-01,0.7659900188446045,0.30584782361984253,6767.31005859375,54.29999923706055,1.165175199508667,1.3292216062545776,1274.0999755859375,0.00879894383251667,0.07082504034042358,6005.5,73824.0,7488.0,2579.360107421875,53056.58984375,22420.080078125,3697.39990234375,10.199999809265137,2.37,0.308181818,1.3299,0.035,2.565,9.7709090909
2017-11-02,0.7676953673362732,0.3061661720275879,7078.5,54.540000915527344,1.1628718376159668,1.3255391120910645,1274.9000244140625,0.008760249242186546,0.07116272300481796,6002.2001953125,73824.0,7555.2998046875,2579.85009765625,52845.62890625,22539.119140625,3688.800048828125,9.930000305175781,2.35,0.308181818,1.3299,0.035,2.565,9.7709090909
2017-11-03,0.7713906764984131,0.30631622672080994,7207.759765625,55.63999938964844,1.1661807298660278,1.30532968044281,1266.5,0.008770698681473732,0.0715717151761055,6030.2998046875,73915.0,7560.39990234375,2587.840087890625,53198.9609375,22539.119140625,3689.9599609375,9.140000343322754,2.34,0.308181818,1.3299,0.035,2.565,9.7709090909
2017-11-06,0.7651694416999817,0.3037113547325134,7022.759765625,57.349998474121094,1.1614941358566284,1.30804443359375,1279.4000244140625,0.00875825434923172,0.07045875489711761,6027.2001953125,74311.0,7562.2998046875,2591.1298828125,53563.6796875,22548.349609375,3682.360107421875,9.399999618530273,2.32,0.308181818,1.3299,0.035,2.565,9.7709090909
2017-11-07,0.768994152545929,0.30789124965667725,7144.3798828125,57.20000076293945,1.1612648963928223,1.3175057172775269,1273.699951171875,0.008789585903286934,0.07090896368026733,6087.39990234375,72415.0,7513.10009765625,2590.639892578125,53832.94921875,22937.599609375,3658.77001953125,9.890000343322754,2.32,0.308181818,1.3299,0.035,2.565,9.7709090909
2017-11-08,0.7655092477798462,0.30580103397369385,7459.68994140625,56.810001373291016,1.1601063013076782,1.3172106742858887,1281.5999755859375,0.008790358901023865,0.07037991285324097,6089.10009765625,74363.0,7529.7001953125,2594.3798828125,53730.6015625,22913.8203125,3655.0400390625,9.779999732971191,2.32,0.308181818,1.3299,0.035,2.565,9.7709090909
2017-11-09,0.7678722143173218,0.3075692653656006,7143.580078125,57.16999816894531,1.15968918800354,1.3113033771514893,1285.5999755859375,0.008777550421655178,0.07068166881799698,6122.39990234375,72931.0,7484.10009765625,2584.6201171875,53513.8203125,22868.7109375,3612.5,10.5,2.33,0.308181818,1.3299,0.035,2.565,9.7709090909
2017-11-10,0.7682615518569946,0.30781543254852295,6618.14013671875,56.7400016784668,1.164686679840088,1.3144404888153076,1272.4000244140625,0.008820286951959133,0.07018455117940903,6104.2998046875,72166.0,7433.0,2582.300048828125,53424.9296875,22681.419921875,3593.760009765625,11.289999961853027,2.4,0.308181818,1.3299,0.035,2.565,9.7709090909
2017-11-13,0.7647013664245605,0.3052130341529846,6559.490234375,56.7599983215332,1.1661127805709839,1.312026023864746,1277.300048828125,0.008796158246695995,0.06953135877847672,6097.2001953125,72475.0,7415.2001953125,2584.840087890625,53531.2109375,22380.990234375,3574.52001953125,11.5,2.4,0.308181818,1.3299,0.035,2.565,9.7709090909
2017-11-14,0.7614986300468445,0.305259644985199,6635.75,55.70000076293945,1.1664936542510986,1.3123359680175781,1281.5,0.008803979493677616,0.06916633993387222,6048.7001953125,70827.0,7414.39990234375,2578.8701171875,53273.73828125,22380.009765625,3556.3798828125,11.59000015258789,2.38,0.308181818,1.3299,0.035,2.565,9.7709090909
2017-11-15,0.7631257772445679,0.30194148421287537,7315.5400390625,55.33000183105469,1.1792869567871094,1.3157894611358643,1276.5,0.008818186819553375,0.06963691115379333,6012.2998046875,70827.0,7372.60009765625,2564.6201171875,53004.171875,22028.3203125,3545.719970703125,13.130000114440918,2.33,0.308181818,1.3299,0.035,2.565,9.7709090909
2017-11-16,0.7631257772445679,0.30194148421287537,7871.68994140625,55.13999938964844,1.1792869567871094,1.3157894611358643,1277.4000244140625,0.008818186819553375,0.06963691115379333,6023.5,72512.0,7386.89990234375,2585.639892578125,53378.66015625,22351.119140625,3564.800048828125,11.760000228881836,2.37,0.308181818,1.3299,0.035,2.565,9.7709090909
2017-11-17,0.7587311267852783,0.30575427412986755,7708.990234375,56.54999923706055,1.1777453422546387,1.3200448751449585,1295.800048828125,0.008847365155816078,0.07072985917329788,6038.2998046875,73437.0,7380.7001953125,2578.85009765625,53909.140625,22396.80078125,3547.4599609375,11.430000305175781,2.35,0.308181818,1.3299,0.035,2.565,9.7709090909
2017-11-20,0.7554011344909668,0.30726686120033264,8200.6396484375,56.09000015258789,1.1731857061386108,1.3202714920043945,1274.5999755859375,0.008925543166697025,0.07146327942609787,6028.0,73437.0,7389.5,2582.139892578125,54327.421875,22261.759765625,3561.409912109375,10.649999618530273,2.37,0.308181818,1.3299,0.035,2.565,9.7709090909
2017-11-21,0.7555723190307617,0.30731406807899475,8071.259765625,56.83000183105469,1.1741223335266113,1.3245033025741577,1281.0999755859375,0.008884861133992672,0.07124993950128555,6044.2001953125,74595.0,7411.2998046875,2599.030029296875,55065.37109375,22416.48046875,3579.320068359375,9.729999542236328,2.36,0.308181818,1.3299,0.035,2.565,9.7709090909
2017-11-22,0.7584893703460693,0.3070027530193329,8253.5498046875,58.02000045776367,1.173722743988037,1.3245558738708496,1291.5999755859375,0.00890146940946579,0.07161322981119156,6067.60009765625,74519.0,7419.0,2597.080078125,54494.44140625,22523.150390625,3562.64990234375,9.880000114440918,2.32,0.308181818,1.3299,0.035,2.565,9.7709090909
2017-11-24,0.7625671029090881,0.31053006649017334,8253.6904296875,58.95000076293945,1.1853959560394287,1.330672025680542,1286.699951171875,0.008988440968096256,0.07208713889122009,6063.10009765625,74157.0,7409.60009765625,2602.419921875,53998.140625,22550.849609375,3581.22998046875,9.670000076293945,2.34,0.308181818,1.3299,0.035,2.565,9.7709090909
2017-11-27,0.7611972093582153,0.3093198239803314,9818.349609375,58.11000061035156,1.1926485300064087,1.3324450254440308,1293.800048828125,0.008954877033829689,0.07117630541324615,6070.39990234375,74059.0,7383.89990234375,2601.419921875,53810.96875,22495.990234375,3564.02001953125,9.869999885559082,2.32,0.308181818,1.3299,0.035,2.565,9.7709090909
2017-11-28,0.7607165575027466,0.30994299054145813,10058.7998046875,57.9900016784668,1.1904903650283813,1.3322319984436035,1294.699951171875,0.008995233103632927,0.07273208349943161,6066.7001953125,74140.0,7460.7001953125,2627.0400390625,53645.44140625,22486.240234375,3583.489990234375,10.029999732971191,2.34,0.308181818,1.3299,0.035,2.565,9.7709090909
2017-11-29,0.7605488300323486,0.3115555942058563,9888.6103515625,57.29999923706055,1.184805989265442,1.3365410566329956,1282.0999755859375,0.008956721052527428,0.07318597286939621,6096.10009765625,72700.0,7393.60009765625,2626.070068359375,53957.05859375,22597.19921875,3589.909912109375,10.699999809265137,2.37,0.308181818,1.3299,0.035,2.565,9.7709090909
2017-11-30,0.7566586136817932,0.3081853985786438,10233.599609375,57.400001525878906,1.18519926071167,1.3417235612869263,1273.199951171875,0.008928411640226841,0.07326634973287582,6057.2001953125,71971.0,7326.7001953125,2647.580078125,53269.828125,22724.9609375,3569.929931640625,11.279999732971191,2.42,0.308181818,1.3299,0.035,2.565,9.7709090909
2017-12-01,0.7563438415527344,0.3056982159614563,10975.599609375,58.36000061035156,1.1898245811462402,1.3529969453811646,1278.800048828125,0.008884466253221035,0.07292616367340088,6075.5,72264.0,7300.5,2642.219970703125,52888.359375,22819.029296875,3527.550048828125,11.430000305175781,2.37,0.296842105,1.2781,0.045,2.583,9.4994736842
2017-12-04,0.759013295173645,0.306993305683136,11657.2001953125,57.470001220703125,1.1859863996505737,1.349400281906128,1274.300048828125,0.00886022113263607,0.07272938638925552,6070.60009765625,73090.0,7339.0,2639.43994140625,53076.578125,22707.16015625,3576.219970703125,11.680000305175781,2.37,0.296842105,1.2781,0.045,2.583,9.4994736842
2017-12-05,0.7604100108146667,0.30839449167251587,11916.7001953125,57.619998931884766,1.1867746114730835,1.347527265548706,1261.5999755859375,0.008888968266546726,0.07397817820310593,6057.2998046875,72546.0,7327.5,2629.570068359375,52412.51171875,22622.380859375,3570.570068359375,11.329999923706055,2.36,0.296842105,1.2781,0.045,2.583,9.4994736842
2017-12-06,0.7604620456695557,0.3086134195327759,14291.5,55.959999084472656,1.1832919120788574,1.341525673866272,1262.800048828125,0.008891734294593334,0.0743611678481102,6029.89990234375,73268.0,7348.0,2629.27001953125,51572.44921875,22177.0390625,3561.570068359375,11.020000457763672,2.33,0.296842105,1.2781,0.045,2.583,9.4994736842
2017-12-07,0.7566872239112854,0.3091859221458435,17899.69921875,56.689998626708984,1.1804285049438477,1.3392258882522583,1249.800048828125,0.008905433118343353,0.07395574450492859,6060.7998046875,72487.0,7320.7998046875,2636.97998046875,51656.5703125,22498.029296875,3573.1298828125,10.15999984741211,2.37,0.296842105,1.2781,0.045,2.583,9.4994736842
2017-12-08,0.7512019276618958,0.30421027541160583,16569.400390625,57.36000061035156,1.1772184371948242,1.348435878753662,1245.199951171875,0.008836030028760433,0.07288895547389984,6077.39990234375,72732.0,7394.0,2651.5,51671.171875,22811.080078125,3591.449951171875,9.579999923706055,2.38,0.296842105,1.2781,0.045,2.583,9.4994736842
2017-12-11,0.7508071064949036,0.30415475368499756,16936.80078125,57.9900016784668,1.1769968271255493,1.3392080068588257,1243.699951171875,0.008807236328721046,0.07318340241909027,6081.89990234375,72800.0,7453.5,2659.989990234375,51711.21875,22938.73046875,3582.2099609375,9.34000015258789,2.39,0.296842105,1.2781,0.045,2.583,9.4994736842
2017-12-12,0.7529497146606445,0.3027275800704956,17415.400390625,57.13999938964844,1.1777591705322266,1.334935188293457,1238.5,0.008807468228042126,0.07353157550096512,6093.10009765625,73814.0,7500.39990234375,2664.110107421875,51312.30859375,22866.169921875,3600.35009765625,9.920000076293945,2.4,0.296842105,1.2781,0.045,2.583,9.4994736842
2017-12-13,0.7556580305099487,0.30274590849876404,16408.19921875,56.599998474121094,1.1742602586746216,1.331948161125183,1245.4000244140625,0.008807080797851086,0.07321448624134064,6103.10009765625,72914.0,7496.5,2662.85009765625,51151.26953125,22758.0703125,3581.75,10.180000305175781,2.36,0.296842105,1.2781,0.045,2.583,9.4994736842
2017-12-14,0.7633005380630493,0.302242636680603,16564.0,57.040000915527344,1.1835860013961792,1.3409678936004639,1253.800048828125,0.008866663090884686,0.07428758591413498,6096.39990234375,72429.0,7448.10009765625,2652.010009765625,51498.359375,22694.44921875,3556.219970703125,10.489999771118164,2.35,0.296842105,1.2781,0.045,2.583,9.4994736842
2017-12-15,0.7665008306503296,0.2993653416633606,17706.900390625,57.29999923706055,1.1774957180023193,1.3432915210723877,1254.300048828125,0.008897113613784313,0.07414217293262482,6087.10009765625,72608.0,7490.60009765625,2675.81005859375,50953.23046875,22553.220703125,3560.530029296875,9.420000076293945,2.35,0.296842105,1.2781,0.045,2.583,9.4994736842
2017-12-18,0.7651109099388123,0.3037666976451874,19114.19921875,57.15999984741211,1.1743566989898682,1.3317352533340454,1262.199951171875,0.008871854282915592,0.07642105221748352,6130.0,73115.0,7537.0,2690.159912109375,51026.83984375,22901.76953125,3609.419921875,9.529999732971191,2.39,0.296842105,1.2781,0.045,2.583,9.4994736842
2017-12-19,0.7665772438049316,0.303905189037323,17776.69921875,57.459999084472656,1.1784253120422363,1.3380789756774902,1260.699951171875,0.008883519098162651,0.07856496423482895,6163.2001953125,72680.0,7544.10009765625,2681.469970703125,51266.37109375,22868.0,3582.219970703125,10.029999732971191,2.46,0.296842105,1.2781,0.045,2.583,9.4994736842
2017-12-20,0.7653451561927795,0.3040899932384491,16624.599609375,58.09000015258789,1.1841325759887695,1.3386881351470947,1266.0999755859375,0.008850889280438423,0.07859120517969131,6167.89990234375,73367.0,7525.2001953125,2679.25,51268.87109375,22891.720703125,3552.64990234375,9.720000267028809,2.49,0.296842105,1.2781,0.045,2.583,9.4994736842
2017-12-21,0.767224133014679,0.303352028131485,15802.900390625,58.36000061035156,1.1878176927566528,1.3372023105621338,1267.300048828125,0.008830724284052849,0.07855299115180969,6156.2998046875,75133.0,7604.0,2684.570068359375,52082.44140625,22866.099609375,3570.780029296875,9.619999885559082,2.48,0.296842105,1.2781,0.045,2.583,9.4994736842
2017-12-22,0.7707723379135132,0.3024071753025055,13831.7998046875,58.470001220703125,1.1857331991195679,1.338043212890625,1275.4000244140625,0.008824334479868412,0.07845598459243774,6167.2998046875,75187.0,7592.7001953125,2683.340087890625,52063.76953125,22902.759765625,3553.389892578125,9.899999618530273,2.48,0.296842105,1.2781,0.045,2.583,9.4994736842
2017-12-27,0.7730425000190735,0.3021421730518341,15838.5,59.63999938964844,1.1857894659042358,1.337470531463623,1287.0,0.008833687752485275,0.0800800770521164,6169.7001953125,76073.0,7620.7001953125,2682.6201171875,51986.69140625,22911.2109375,3550.169921875,10.470000267028809,2.42,0.296842105,1.2781,0.045,2.583,9.4994736842
2017-12-28,0.7774840593338013,0.30181390047073364,14606.5,59.84000015258789,1.1900794506072998,1.3403927087783813,1294.0999755859375,0.008832595311105251,0.08161666244268417,6189.39990234375,76402.0,7622.89990234375,2687.5400390625,52071.171875,22783.98046875,3524.31005859375,10.180000305175781,2.43,0.296842105,1.2781,0.045,2.583,9.4994736842
2017-12-29,0.7794293165206909,0.30201444029808044,14656.2001953125,60.41999816894531,1.1941723823547363,1.344085931777954,1306.300048828125,0.008859357796609402,0.0806744396686554,6167.2998046875,76402.0,7687.7998046875,2673.610107421875,52533.0390625,22764.939453125,3503.9599609375,11.039999961853027,2.4,0.296842105,1.2781,0.045,2.583,9.4994736842
2018-01-02,0.7801042199134827,0.3020235598087311,14982.099609375,60.369998931884766,1.2011579275131226,1.3511322736740112,1313.699951171875,0.008867606520652771,0.08072979748249054,6166.0,77891.0,7648.10009765625,2695.81005859375,52823.98828125,22764.939453125,3503.9599609375,9.770000457763672,2.46,0.474545455,1.3931,0.08,2.747,9.076
2018-01-03,0.783392071723938,0.30695560574531555,15201.0,61.630001068115234,1.2063454389572144,1.359619379043579,1316.199951171875,0.008909162133932114,0.08041416108608246,6175.2998046875,77995.0,7671.10009765625,2713.06005859375,52832.0703125,22764.939453125,3509.8798828125,9.149999618530273,2.44,0.474545455,1.3931,0.08,2.747,9.076
2018-01-04,0.7828401327133179,0.30907124280929565,15599.2001953125,62.0099983215332,1.2010425329208374,1.3511322736740112,1319.4000244140625,0.008880442008376122,0.08089960366487503,6185.39990234375,78647.0,7695.89990234375,2723.989990234375,52662.62890625,23506.330078125,3568.8798828125,9.220000267028809,2.46,0.474545455,1.3931,0.08,2.747,9.076
2018-01-05,0.7863799333572388,0.3093006908893585,17429.5,61.439998626708984,1.2068840265274048,1.3552889823913574,1320.300048828125,0.008866584859788418,0.08138550817966461,6229.7001953125,79071.0,7724.2001953125,2743.14990234375,52842.6796875,23714.529296875,3607.6298828125,9.220000267028809,2.47,0.474545455,1.3931,0.08,2.747,9.076
2018-01-08,0.786101758480072,0.30992376804351807,15170.099609375,61.72999954223633,1.2037460803985596,1.3575890064239502,1318.5999755859375,0.008837513625621796,0.081330306828022,6236.5,79379.0,7696.5,2747.7099609375,53131.69921875,23714.529296875,3616.449951171875,9.520000457763672,2.49,0.474545455,1.3931,0.08,2.747,9.076
2018-01-09,0.7848061919212341,0.30873724818229675,14595.400390625,62.959999084472656,1.1970456838607788,1.3571282625198364,1311.699951171875,0.008838528767228127,0.08082506060600281,6241.5,78864.0,7731.0,2751.2900390625,53184.359375,23849.990234375,3622.8701171875,10.079999923706055,2.55,0.474545455,1.3931,0.08,2.747,9.076
2018-01-10,0.7810669541358948,0.3079955577850342,14973.2998046875,63.56999969482422,1.1929330825805664,1.353234887123108,1317.4000244140625,0.008868786506354809,0.08109313249588013,6205.89990234375,78201.0,7748.5,2748.22998046875,53167.9609375,23788.19921875,3609.830078125,9.819999694824219,2.55,0.474545455,1.3931,0.08,2.747,9.076
2018-01-11,0.7847322225570679,0.30994299054145813,13405.7998046875,63.79999923706055,1.1956144571304321,1.351278305053711,1320.5999755859375,0.008973116986453533,0.08052178472280502,6176.2001953125,79365.0,7762.89990234375,2767.56005859375,52824.80078125,23710.4296875,3595.239990234375,9.880000114440918,2.54,0.474545455,1.3931,0.08,2.747,9.076
2018-01-12,0.7885813117027283,0.31111940741539,13980.599609375,64.30000305175781,1.2042099237442017,1.3541878461837769,1333.4000244140625,0.008985210210084915,0.08078594505786896,6176.7998046875,79349.0,7778.60009765625,2786.239990234375,53296.1015625,23653.8203125,3612.610107421875,10.15999984741211,2.55,0.474545455,1.3931,0.08,2.747,9.076
2018-01-16,0.7962924242019653,0.31121623516082764,11490.5,63.72999954223633,1.2268433570861816,1.379824161529541,1335.4000244140625,0.00904314499348402,0.08138484507799149,6165.89990234375,79832.0,7755.89990234375,2776.419921875,53777.6796875,23951.810546875,3622.010009765625,11.65999984741211,2.54,0.474545455,1.3931,0.08,2.747,9.076
2018-01-17,0.797130286693573,0.3102988004684448,11188.599609375,63.970001220703125,1.227129340171814,1.3798813819885254,1338.0,0.009058956056833267,0.08160374313592911,6134.2998046875,81189.0,7725.39990234375,2802.56005859375,54068.83984375,23868.33984375,3612.780029296875,11.90999984741211,2.57,0.474545455,1.3931,0.08,2.747,9.076
2018-01-18,0.7972510457038879,0.31034696102142334,11474.900390625,63.95000076293945,1.218397855758667,1.382800817489624,1326.0,0.008978595025837421,0.08126262575387955,6130.39990234375,80963.0,7701.0,2798.030029296875,54010.48828125,23763.369140625,3620.909912109375,12.220000267028809,2.62,0.474545455,1.3931,0.08,2.747,9.076
2018-01-19,0.8005764484405518,0.3120027482509613,11607.400390625,63.369998931884766,1.2236607074737549,1.3894678354263306,1331.9000244140625,0.00900689885020256,0.08254911750555038,6119.2998046875,81220.0,7730.7998046875,2810.300048828125,54058.73828125,23808.060546875,3649.070068359375,11.270000457763672,2.64,0.474545455,1.3931,0.08,2.747,9.076
2018-01-22,0.8002112507820129,0.31301844120025635,10931.400390625,63.4900016784668,1.2255502939224243,1.3891589641571045,1330.9000244140625,0.009034729562699795,0.08281230926513672,6106.2001953125,81675.0,7715.39990234375,2832.969970703125,54165.8515625,23816.330078125,3665.280029296875,11.029999732971191,2.66,0.474545455,1.3931,0.08,2.747,9.076
2018-01-23,0.8008328676223755,0.312431663274765,10868.400390625,64.47000122070312,1.2256253957748413,1.3984841108322144,1335.699951171875,0.009011768735945225,0.08304199576377869,6150.7001953125,80678.0,7731.7998046875,2839.1298828125,54521.80859375,24124.150390625,3672.2900390625,11.100000381469727,2.63,0.474545455,1.3931,0.08,2.747,9.076
2018-01-24,0.8004482388496399,0.30907124280929565,11359.400390625,65.61000061035156,1.2310267686843872,1.401738166809082,1355.9000244140625,0.009082074277102947,0.08315939456224442,6168.7998046875,83680.0,7643.39990234375,2837.5400390625,54575.94140625,23940.779296875,3643.219970703125,11.470000267028809,2.65,0.474545455,1.3931,0.08,2.747,9.076
2018-01-25,0.8048937320709229,0.3179548978805542,11259.400390625,65.51000213623047,1.239111304283142,1.4220906496047974,1362.4000244140625,0.009146954864263535,0.08422045409679413,6164.7001953125,83680.0,7615.7998046875,2839.25,54558.01953125,23669.490234375,3630.14990234375,11.579999923706055,2.63,0.474545455,1.3931,0.08,2.747,9.076
2018-01-29,0.8116883039474487,0.3173595666885376,11296.400390625,65.55999755859375,1.2428072690963745,1.4149274826049805,1351.5999755859375,0.009204797446727753,0.08437465876340866,6187.60009765625,84698.0,7671.5,2853.530029296875,53863.76171875,23629.33984375,3643.0400390625,13.84000015258789,2.7,0.474545455,1.3931,0.08,2.747,9.076
2018-01-30,0.8095985651016235,0.317097932100296,10106.2998046875,64.5,1.2381141185760498,1.4076577425003052,1335.4000244140625,0.009180543944239616,0.08377665281295776,6135.2998046875,84482.0,7588.0,2822.429931640625,52700.0,23291.970703125,3606.75,14.789999961853027,2.73,0.474545455,1.3931,0.08,2.747,9.076
2018-01-31,0.8101101517677307,0.3145148456096649,10221.099609375,64.7300033569336,1.2409565448760986,1.4155884981155396,1339.0,0.009196924045681953,0.0836043506860733,6146.5,84913.0,7533.60009765625,2823.81005859375,52614.6484375,23098.2890625,3609.2900390625,13.539999961853027,2.72,0.474545455,1.3931,0.08,2.747,9.076
2018-02-01,0.806126594543457,0.31400132179260254,9170.5400390625,65.80000305175781,1.241865873336792,1.420051097869873,1344.300048828125,0.009157425723969936,0.08447087556123734,6198.7998046875,85495.0,7490.39990234375,2821.97998046875,52453.69921875,23486.109375,3577.35009765625,13.470000267028809,2.78,0.659,1.6034,0.045,2.845,8.746
2018-02-02,0.8040524125099182,0.3160855770111084,8830.75,65.44999694824219,1.2510008811950684,1.4266760349273682,1333.699951171875,0.00914026703685522,0.08448657393455505,6229.7998046875,84041.0,7443.39990234375,2762.1298828125,51908.171875,23274.529296875,3523.280029296875,17.309999465942383,2.84,0.659,1.6034,0.045,2.845,8.746
2018-02-05,0.7906388640403748,0.31100329756736755,6955.27001953125,64.1500015258789,1.244694471359253,1.411133885383606,1333.0,0.009088017046451569,0.08291344344615936,6128.39990234375,81861.0,7335.0,2648.93994140625,50496.30078125,22682.080078125,3478.77001953125,37.31999969482422,2.77,0.659,1.6034,0.045,2.845,8.746
2018-02-06,0.7874636054039001,0.306645005941391,7754.0,63.38999938964844,1.2367818355560303,1.3943694829940796,1326.0999755859375,0.009166322648525238,0.08261117339134216,5930.2001953125,83894.0,7141.39990234375,2695.139892578125,49855.828125,21610.240234375,3394.919921875,29.979999542236328,2.79,0.659,1.6034,0.045,2.845,8.746
2018-02-07,0.7893905639648438,0.3092719614505768,7621.2998046875,61.790000915527344,1.2381294965744019,1.395868182182312,1311.5999755859375,0.009121840819716454,0.08383072912693024,5981.5,82767.0,7279.39990234375,2681.659912109375,50182.3515625,21645.369140625,3454.52001953125,27.729999542236328,2.84,0.659,1.6034,0.045,2.845,8.746
2018-02-08,0.7817386388778687,0.3058197498321533,8265.58984375,61.150001525878906,1.2268133163452148,1.3879250288009644,1316.9000244140625,0.009157844819128513,0.08291750401258469,5995.2001953125,81533.0,7170.7001953125,2581.0,49934.7890625,21890.859375,3377.300048828125,33.459999084472656,2.85,0.659,1.6034,0.045,2.845,8.746
2018-02-09,0.7787495255470276,0.3044510781764984,8736.98046875,59.20000076293945,1.2260762453079224,1.3934950828552246,1313.0999755859375,0.00921412743628025,0.0823386162519455,5937.5,80899.0,7092.39990234375,2619.550048828125,49287.44921875,21382.619140625,3325.989990234375,29.059999465942383,2.83,0.659,1.6034,0.045,2.845,8.746
2018-02-14,0.786101758480072,0.30356383323669434,9494.6298828125,60.599998474121094,1.235376238822937,1.3886960744857788,1355.5,0.00927953701466322,0.08361763507127762,5940.0,83543.0,7214.0,2698.6298828125,50556.0,21154.169921875,3369.830078125,19.260000228881836,2.91,0.659,1.6034,0.045,2.845,8.746
2018-02-15,0.7928327918052673,0.3109259307384491,10166.400390625,61.34000015258789,1.2467273473739624,1.401581048965454,1352.0999755859375,0.009382007643580437,0.08534971624612808,6008.7001953125,84291.0,7234.7998046875,2731.199951171875,52565.44921875,21464.98046875,3389.6298828125,19.1299991607666,2.9,0.659,1.6034,0.045,2.845,8.746
2018-02-16,0.7943821549415588,0.30994299054145813,10233.900390625,61.68000030517578,1.2503595352172852,1.4104173183441162,1353.199951171875,0.009424093179404736,0.0860762968659401,6004.7998046875,84525.0,7294.7001953125,2732.219970703125,52110.80078125,21720.25,3426.800048828125,19.459999084472656,2.87,0.659,1.6034,0.045,2.845,8.746
2018-02-20,0.7908889651298523,0.3093006908893585,11403.7001953125,61.900001525878906,1.2398641109466553,1.3992668390274048,1328.800048828125,0.009371280670166016,0.0856664627790451,6045.60009765625,85804.0,7246.7998046875,2716.260009765625,51020.4609375,21925.099609375,3435.080078125,20.600000381469727,2.88,0.659,1.6034,0.045,2.845,8.746
2018-02-21,0.7880903482437134,0.30728572607040405,10690.400390625,61.68000030517578,1.233532428741455,1.4001091718673706,1330.0,0.009312634356319904,0.08534243702888489,6047.2998046875,86052.0,7281.60009765625,2701.330078125,51727.37109375,21970.810546875,3430.159912109375,20.020000457763672,2.94,0.659,1.6034,0.045,2.845,8.746
2018-02-22,0.7798426151275635,0.30603501200675964,10005.0,62.77000045776367,1.2281843423843384,1.3910139799118042,1330.5999755859375,0.00929756835103035,0.08575078845024109,6057.7001953125,86686.0,7252.39990234375,2703.9599609375,51258.51953125,21736.439453125,3431.989990234375,18.719999313354492,2.92,0.659,1.6034,0.045,2.845,8.746
2018-02-23,0.7839509844779968,0.30781543254852295,10301.099609375,63.54999923706055,1.2326656579971313,1.3953033685684204,1328.199951171875,0.00936206802725792,0.08583248406648636,6105.2001953125,87293.0,7244.39990234375,2747.300048828125,51747.1484375,21892.779296875,3441.4599609375,16.489999771118164,2.88,0.659,1.6034,0.045,2.845,8.746
2018-02-26,0.7838403582572937,0.30890893936157227,10366.7001953125,63.90999984741211,1.228712558746338,1.3968042135238647,1330.699951171875,0.00933933537453413,0.08645067363977432,6146.10009765625,87653.0,7289.60009765625,2779.60009765625,51861.359375,22153.630859375,3463.179931640625,15.800000190734863,2.86,0.659,1.6034,0.045,2.845,8.746
2018-02-27,0.7849909663200378,0.31031808257102966,10725.599609375,63.0099983215332,1.2315573692321777,1.3966480493545532,1315.5,0.00933977123349905,0.08647676557302475,6159.2998046875,86935.0,7282.5,2744.280029296875,52033.51171875,22389.859375,3458.030029296875,18.59000015258789,2.9,0.659,1.6034,0.045,2.845,8.746
2018-02-28,0.7793624997138977,0.3078343868255615,10397.900390625,61.63999938964844,1.2230321168899536,1.3906078338623047,1315.5,0.00930873304605484,0.08547519892454147,6117.2998046875,85481.0,7231.89990234375,2713.830078125,51383.44921875,22068.240234375,3438.9599609375,19.850000381469727,2.87,0.659,1.6034,0.045,2.845,8.746
2018-03-01,0.7765783667564392,0.3081853985786438,10951.0,60.9900016784668,1.2191256284713745,1.375421166419983,1302.9000244140625,0.009377344511449337,0.08491847664117813,6075.7001953125,85378.0,7175.60009765625,2677.669921875,51011.01953125,21724.470703125,3399.159912109375,22.469999313354492,2.81,0.52952381,1.508,0.045,2.713,8.497
2018-03-02,0.776469886302948,0.3076923191547394,11086.400390625,61.25,1.2270842790603638,1.377543330192566,1321.0999755859375,0.009419477544724941,0.08441668003797531,6028.39990234375,85761.0,7069.89990234375,2691.25,50824.62109375,21181.640625,3324.75,19.59000015258789,2.86,0.52952381,1.508,0.045,2.713,8.497
2018-03-05,0.7754703164100647,0.30773019790649414,11573.2998046875,62.56999969482422,1.2315422296524048,1.3795006275177002,1318.0999755859375,0.009473644196987152,0.08391056954860687,5996.39990234375,86023.0,7116.0,2720.93994140625,51021.75,21042.08984375,3355.320068359375,18.729999542236328,2.88,0.52952381,1.508,0.045,2.713,8.497
2018-03-06,0.7766990065574646,0.3085467517375946,10779.900390625,62.599998474121094,1.2336541414260864,1.3852334022521973,1333.5999755859375,0.009411764331161976,0.08451499044895172,6061.5,85653.0,7146.7998046875,2728.1201171875,52257.98828125,21417.759765625,3357.860107421875,18.360000610351562,2.88,0.52952381,1.508,0.045,2.713,8.497
2018-03-07,0.7786343097686768,0.31172069907188416,9965.5703125,61.150001525878906,1.2416653633117676,1.390008568763733,1326.0,0.009475349448621273,0.08442523330450058,6005.39990234375,85484.0,7157.7998046875,2726.800048828125,52005.08984375,21252.720703125,3377.360107421875,17.760000228881836,2.89,0.52952381,1.508,0.045,2.713,8.497
2018-03-08,0.7827115058898926,0.30836597084999084,9395.009765625,60.119998931884766,1.2414649724960327,1.390627145767212,1319.9000244140625,0.009417437948286533,0.08447094261646271,6046.60009765625,84985.0,7203.2001953125,2738.969970703125,52057.140625,21368.0703125,3413.280029296875,16.540000915527344,2.86,0.52952381,1.508,0.045,2.713,8.497
2018-03-09,0.7790589332580566,0.30617555975914,9337.5498046875,62.040000915527344,1.2306632995605469,1.3805670738220215,1322.4000244140625,0.009397966787219048,0.08397962898015976,6069.10009765625,86371.0,7224.5,2786.570068359375,52348.5703125,21469.19921875,3420.5400390625,14.640000343322754,2.9,0.52952381,1.508,0.045,2.713,8.497
2018-03-12,0.7862686514854431,0.3071158826351166,9205.1201171875,61.36000061035156,1.2308752536773682,1.38554048538208,1319.4000244140625,0.009355324320495129,0.08467242866754532,6101.39990234375,86900.0,7214.7998046875,2783.02001953125,52440.890625,21824.029296875,3429.47998046875,15.779999732971191,2.87,0.52952381,1.508,0.045,2.713,8.497
2018-03-13,0.7872899770736694,0.3067202568054199,9194.849609375,60.709999084472656,1.2339584827423096,1.3907625675201416,1325.9000244140625,0.009410878643393517,0.08468117564916611,6077.10009765625,86384.0,7138.7998046875,2765.31005859375,52371.5,21968.099609375,3397.35009765625,16.350000381469727,2.84,0.52952381,1.508,0.045,2.713,8.497
2018-03-14,0.7857990264892578,0.30687084794044495,8269.8095703125,60.959999084472656,1.239234209060669,1.397233486175537,1324.4000244140625,0.009388965554535389,0.08489540964365005,6042.60009765625,86051.0,7132.7001953125,2749.47998046875,51788.828125,21777.2890625,3390.97998046875,17.229999542236328,2.81,0.52952381,1.508,0.045,2.713,8.497
2018-03-15,0.7879785895347595,0.3068896532058716,8300.8603515625,61.189998626708984,1.2375624179840088,1.3971552848815918,1316.800048828125,0.009420187212526798,0.08501449227333069,6027.60009765625,84928.0,7139.7998046875,2747.330078125,51613.140625,21803.94921875,3414.1298828125,16.59000015258789,2.82,0.52952381,1.508,0.045,2.713,8.497
2018-03-16,0.7789375185966492,0.30468297004699707,8338.349609375,62.34000015258789,1.2309207916259766,1.3938642740249634,1311.300048828125,0.009406541474163532,0.08405409753322601,6054.89990234375,84886.0,7164.10009765625,2752.010009765625,51421.640625,21676.509765625,3437.39990234375,15.800000190734863,2.85,0.52952381,1.508,0.045,2.713,8.497
2018-03-19,0.7716049551963806,0.30486875772476196,8630.650390625,62.060001373291016,1.228078842163086,1.3943500518798828,1316.800048828125,0.009436721913516521,0.0834948942065239,6064.7001953125,83913.0,7042.89990234375,2712.919921875,51434.83984375,21480.900390625,3394.7900390625,19.020000457763672,2.85,0.52952381,1.508,0.045,2.713,8.497
2018-03-20,0.7708317637443542,0.3044974207878113,8913.4697265625,63.400001525878906,1.2336845397949219,1.4025245904922485,1311.0999755859375,0.009434318169951439,0.08327712118625641,6040.7998046875,84164.0,7061.2998046875,2716.93994140625,51615.21875,21380.970703125,3412.080078125,18.200000762939453,2.89,0.52952381,1.508,0.045,2.713,8.497
2018-03-22,0.777478039264679,0.30555808544158936,8728.4697265625,64.30000305175781,1.2347661256790161,1.414627194404602,1326.5999755859375,0.009440285153687,0.08458469808101654,6043.2001953125,84768.0,6952.60009765625,2643.68994140625,50517.26171875,21591.990234375,3348.18994140625,23.34000015258789,2.83,0.52952381,1.508,0.045,2.713,8.497
2018-03-23,0.7693490982055664,0.3017410337924957,8879.6201171875,65.87999725341797,1.2324985265731812,1.4114724397659302,1349.300048828125,0.009526712819933891,0.08419350534677505,5929.0,84377.0,6921.89990234375,2588.260009765625,49755.19921875,20617.859375,3298.070068359375,24.8700008392334,2.82,0.52952381,1.508,0.045,2.713,8.497
2018-03-26,0.7708614468574524,0.30170461535453796,8209.400390625,65.55000305175781,1.235437273979187,1.4147672653198242,1354.4000244140625,0.009536615572869778,0.08550296723842621,5901.39990234375,85088.0,6888.7001953125,2658.550048828125,49566.23046875,20766.099609375,3278.719970703125,21.030000686645508,2.85,0.52952381,1.508,0.045,2.713,8.497
2018-03-27,0.7756146788597107,0.3020874261856079,7833.0400390625,65.25,1.2457488775253296,1.423892855644226,1341.300048828125,0.009478673338890076,0.08593575656414032,5943.7001953125,83808.0,7000.10009765625,2612.6201171875,49417.76171875,21317.3203125,3316.949951171875,22.5,2.78,0.52952381,1.508,0.045,2.713,8.497
2018-03-28,0.768757700920105,0.30094194412231445,7954.47998046875,64.37999725341797,1.240787148475647,1.417635440826416,1324.199951171875,0.009479301981627941,0.08587612211704254,5899.2001953125,83874.0,7044.7001953125,2605.0,48139.78125,21031.310546875,3331.25,22.8700008392334,2.77,0.52952381,1.508,0.045,2.713,8.497
2018-03-29,0.766007661819458,0.3012683391571045,7165.7001953125,64.94000244140625,1.2310267686843872,1.4080342054367065,1322.800048828125,0.009362244047224522,0.08497476577758789,5868.89990234375,85366.0,7056.60009765625,2640.8701171875,48794.5,21159.080078125,3361.5,19.969999313354492,2.74,0.52952381,1.508,0.045,2.713,8.497
2018-04-03,0.7654623985290527,0.3021695613861084,7456.10986328125,63.5099983215332,1.229271411895752,1.4046719074249268,1332.800048828125,0.009451884776353836,0.08437422662973404,5859.10009765625,84623.0,7030.5,2614.449951171875,48179.94140625,21292.2890625,3346.929931640625,21.100000381469727,2.79,0.52952381,1.508,0.045,2.713,8.497
2018-04-04,0.768202543258667,0.2994549870491028,6853.83984375,63.369998931884766,1.2278525829315186,1.4068654775619507,1335.800048828125,0.009395317174494267,0.0846267119050026,5863.7001953125,84360.0,7034.0,2644.68994140625,48051.8984375,21319.55078125,3340.35009765625,20.059999465942383,2.79,0.52952381,1.508,0.045,2.713,8.497
2018-04-05,0.7719981074333191,0.30050787329673767,6811.47021484375,63.540000915527344,1.228682279586792,1.4088078737258911,1324.300048828125,0.009365575388073921,0.08430139720439911,5888.0,85210.0,7199.5,2662.840087890625,49097.21875,21645.419921875,3429.949951171875,18.940000534057617,2.83,0.52952381,1.508,0.045,2.713,8.497
2018-04-06,0.7668300271034241,0.2992578446865082,6636.31982421875,62.060001373291016,1.2251598834991455,1.400874137878418,1331.9000244140625,0.009341254830360413,0.08341341465711594,5886.89990234375,84820.0,7183.60009765625,2604.469970703125,49140.58984375,21567.51953125,3408.10009765625,21.489999771118164,2.77,0.52952381,1.508,0.045,2.713,8.497
2018-04-09,0.768226146697998,0.2969561815261841,6770.72998046875,63.41999816894531,1.227144479751587,1.4091651439666748,1336.300048828125,0.009348589926958084,0.08316312730312347,5904.7001953125,83307.0,7194.7998046875,2613.159912109375,49391.359375,21678.259765625,3414.85009765625,21.770000457763672,2.78,0.52952381,1.508,0.045,2.713,8.497
2018-04-10,0.7699592709541321,0.2923121750354767,6834.759765625,65.51000213623047,1.2322403192520142,1.4138271808624268,1342.0,0.009367769584059715,0.0827278345823288,5951.7998046875,84510.0,7266.7998046875,2656.8701171875,50036.0703125,21794.3203125,3438.780029296875,20.469999313354492,2.8,0.52952381,1.508,0.045,2.713,8.497
2018-04-11,0.7763975262641907,0.2934875190258026,6968.31982421875,66.81999969482422,1.2363078594207764,1.4182183742523193,1356.5,0.009335935115814209,0.08314971625804901,5925.7998046875,85246.0,7257.10009765625,2642.18994140625,49472.8984375,21687.099609375,3419.7099609375,20.239999771118164,2.79,0.52952381,1.508,0.045,2.713,8.497
2018-04-12,0.7765181064605713,0.2964631915092468,7889.25,67.06999969482422,1.2371643781661987,1.4189025163650513,1338.4000244140625,0.009360753931105137,0.08372965455055237,5911.39990234375,85444.0,7258.2998046875,2663.989990234375,49808.94921875,21660.279296875,3443.969970703125,18.489999771118164,2.83,0.52952381,1.508,0.045,2.713,8.497
2018-04-13,0.7757349610328674,0.29316917061805725,7895.9599609375,67.38999938964844,1.2329696416854858,1.4238117933273315,1344.800048828125,0.009326444007456303,0.08304475247859955,5924.7001953125,84334.0,7264.60009765625,2656.300048828125,49882.87109375,21778.740234375,3448.0,17.40999984741211,2.82,0.52952381,1.508,0.045,2.713,8.497
2018-04-16,0.7774477601051331,0.2920304834842682,8058.669921875,66.22000122070312,1.233258605003357,1.4246840476989746,1347.5,0.009302498772740364,0.08279166370630264,5933.0,82862.0,7198.2001953125,2677.840087890625,50121.19921875,21835.529296875,3441.0400390625,16.559999465942383,2.83,0.52952381,1.508,0.045,2.713,8.497
2018-04-17,0.7772907018661499,0.29273146390914917,7902.08984375,66.5199966430664,1.2385127544403076,1.4342057704925537,1347.199951171875,0.009341778233647346,0.08310479670763016,5934.2998046875,84086.0,7226.10009765625,2706.389892578125,50176.0,21847.58984375,3477.909912109375,15.25,2.82,0.52952381,1.508,0.045,2.713,8.497
2018-04-18,0.7766990065574646,0.29361677169799805,8163.419921875,68.47000122070312,1.237317442893982,1.4296538829803467,1351.199951171875,0.009344397112727165,0.08346409350633621,5956.2998046875,85776.0,7317.2998046875,2708.639892578125,51025.80078125,22158.19921875,3490.889892578125,15.600000381469727,2.87,0.52952381,1.508,0.045,2.713,8.497
2018-04-19,0.778889000415802,0.296112060546875,8294.3095703125,68.29000091552734,1.237914800643921,1.4204343557357788,1346.800048828125,0.00931567046791315,0.08386320620775223,5976.39990234375,85824.0,7328.89990234375,2693.1298828125,50729.19140625,22191.1796875,3486.60009765625,15.960000038146973,2.92,0.52952381,1.508,0.045,2.713,8.497
2018-04-20,0.7723379135131836,0.2956218421459198,8845.830078125,68.37999725341797,1.2345526218414307,1.4086490869522095,1336.699951171875,0.009308213368058205,0.08356383442878723,5964.39990234375,85550.0,7368.2001953125,2670.139892578125,50765.87890625,22162.240234375,3494.199951171875,16.8799991607666,2.96,0.52952381,1.508,0.045,2.713,8.497
2018-04-23,0.7659900188446045,0.2929372787475586,8930.8798828125,68.63999938964844,1.2273402214050293,1.4001679420471191,1322.5,0.009270504117012024,0.08270136266946793,5976.0,85602.0,7398.89990234375,2670.2900390625,50877.98046875,22088.0390625,3513.06005859375,16.34000015258789,2.98,0.52952381,1.508,0.045,2.713,8.497
2018-04-24,0.7603406310081482,0.289947509765625,9697.5,67.69999694824219,1.22089684009552,1.3938252925872803,1331.4000244140625,0.009194471873342991,0.0810556709766388,6009.39990234375,85469.0,7425.39990234375,2634.56005859375,50871.01953125,22278.119140625,3510.8798828125,18.020000457763672,3.0,0.52952381,1.508,0.045,2.713,8.497
2018-04-26,0.7571169137954712,0.2872820198535919,9281.509765625,68.19000244140625,1.2171669006347656,1.3939224481582642,1316.300048828125,0.009143777191638947,0.08044340461492538,6003.0,86383.0,7421.39990234375,2666.93994140625,50684.21875,22319.609375,3506.030029296875,16.239999771118164,3.0,0.52952381,1.508,0.045,2.713,8.497
2018-04-30,0.7575184106826782,0.2891761362552643,9240.5498046875,68.56999969482422,1.2122827768325806,1.37710702419281,1316.199951171875,0.009166071191430092,0.08117739856243134,6071.60009765625,86115.0,7509.2998046875,2648.050048828125,51419.21875,22467.869140625,3536.52001953125,15.930000305175781,2.95,0.52952381,1.508,0.045,2.713,8.497
2018-05-02,0.7482901811599731,0.28521719574928284,9235.919921875,67.93000030517578,1.1991558074951172,1.3609329462051392,1302.5999755859375,0.009101499803364277,0.07898582518100739,6136.7001953125,84547.0,7543.2001953125,2635.669921875,51553.859375,22472.779296875,3553.7900390625,15.970000267028809,2.97,0.45,1.5016,0.03,2.79,8.8268181818
2018-05-03,0.7486711144447327,0.28172188997268677,9743.8603515625,68.43000030517578,1.19510018825531,1.3573862314224243,1310.699951171875,0.009105228818953037,0.07880344986915588,6187.0,83288.0,7502.7001953125,2629.72998046875,50408.1484375,22472.779296875,3529.1201171875,15.899999618530273,2.94,0.45,1.5016,0.03,2.79,8.8268181818
2018-05-04,0.7528419494628906,0.28355923295021057,9700.759765625,69.72000122070312,1.1989257335662842,1.3572388887405396,1312.699951171875,0.009166238829493523,0.07944326102733612,6155.39990234375,83118.0,7567.10009765625,2663.419921875,50873.58984375,22472.779296875,3550.590087890625,14.770000457763672,2.95,0.45,1.5016,0.03,2.79,8.8268181818
2018-05-08,0.7518796920776367,0.28175362944602966,9234.8203125,69.05999755859375,1.1933743953704834,1.3570362329483032,1312.0,0.009179111570119858,0.07980865240097046,6183.2001953125,82956.0,7565.7998046875,2671.919921875,51002.578125,22508.689453125,3557.8798828125,14.710000038146973,2.97,0.45,1.5016,0.03,2.79,8.8268181818
2018-05-09,0.7449344992637634,0.28074905276298523,9325.1796875,71.13999938964844,1.1867886781692505,1.3553440570831299,1311.300048828125,0.009172292426228523,0.07950755953788757,6204.39990234375,84265.0,7662.5,2697.7900390625,51279.359375,22408.880859375,3569.739990234375,13.420000076293945,3.0,0.45,1.5016,0.03,2.79,8.8268181818
2018-05-10,0.7459346652030945,0.27852824330329895,9043.9404296875,71.36000061035156,1.184721827507019,1.3544628620147705,1320.800048828125,0.009103571064770222,0.07965867966413498,6215.89990234375,85861.0,7701.0,2723.070068359375,51493.0703125,22497.1796875,3569.739990234375,13.229999542236328,2.97,0.45,1.5016,0.03,2.79,8.8268181818
2018-05-11,0.7526153922080994,0.2817298173904419,8441.490234375,70.69999694824219,1.1917530298233032,1.352338194847107,1319.0,0.00913776084780693,0.08125582337379456,6216.39990234375,85220.0,7724.60009765625,2727.719970703125,51822.78125,22758.48046875,3565.52001953125,12.649999618530273,2.97,0.45,1.5016,0.03,2.79,8.8268181818
2018-05-14,0.7551102638244629,0.2775541841983795,8716.7900390625,70.95999908447266,1.1952143907546997,1.355380892753601,1316.5,0.009145950898528099,0.08166265487670898,6235.0,85232.0,7711.0,2730.1298828125,52000.48046875,22865.859375,3565.739990234375,12.930000305175781,3.0,0.45,1.5016,0.03,2.79,8.8268181818
2018-05-15,0.7525983452796936,0.2761210501194,8510.3798828125,71.30999755859375,1.1931180953979492,1.3562448024749756,1288.9000244140625,0.009113194420933723,0.08119980990886688,6198.7001953125,85130.0,7723.0,2711.449951171875,51333.23046875,22818.01953125,3564.2900390625,14.630000114440918,3.08,0.45,1.5016,0.03,2.79,8.8268181818
2018-05-16,0.7468482851982117,0.27407020330429077,8368.830078125,71.48999786376953,1.1820889711380005,1.3500195741653442,1290.199951171875,0.009066429920494556,0.07955139130353928,6208.10009765625,86537.0,7734.2001953125,2722.4599609375,52108.1015625,22717.23046875,3562.85009765625,13.420000076293945,3.09,0.45,1.5016,0.03,2.79,8.8268181818
2018-05-17,0.7517666816711426,0.27215325832366943,8094.31982421875,71.48999786376953,1.1816978454589844,1.354830026626587,1288.199951171875,0.009061336517333984,0.0804586112499237,6197.2001953125,83622.0,7788.0,2720.1298828125,51675.01953125,22838.369140625,3592.179931640625,13.430000305175781,3.11,0.45,1.5016,0.03,2.79,8.8268181818
2018-05-18,0.7506380081176758,0.2706286609172821,8250.9697265625,71.27999877929688,1.1795234680175781,1.3515340089797974,1290.199951171875,0.009022990241646767,0.07932654768228531,6190.89990234375,83082.0,7778.7998046875,2712.969970703125,51292.1796875,22930.359375,3573.760009765625,13.420000076293945,3.06,0.45,1.5016,0.03,2.79,8.8268181818
2018-05-21,0.752428412437439,0.2674941122531891,8418.990234375,72.23999786376953,1.1766643524169922,1.3477089405059814,1290.199951171875,0.009018759243190289,0.07842706888914108,6190.2001953125,81815.0,7859.2001953125,2733.010009765625,51310.87109375,23002.369140625,3573.760009765625,13.079999923706055,3.06,0.45,1.5016,0.03,2.79,8.8268181818
2018-05-22,0.7582650780677795,0.27205702662467957,8041.77978515625,72.12999725341797,1.1792453527450562,1.3431833982467651,1291.699951171875,0.009010795503854752,0.07893270254135132,6149.89990234375,82739.0,7877.5,2724.43994140625,51598.328125,22960.33984375,3587.25,13.220000267028809,3.06,0.45,1.5016,0.03,2.79,8.8268181818
2018-05-23,0.7578915357589722,0.27427318692207336,7557.81982421875,71.83999633789062,1.1788560152053833,1.3441040515899658,1289.300048828125,0.00903130229562521,0.07963749021291733,6140.2998046875,80867.0,7788.39990234375,2733.2900390625,50599.94921875,22689.740234375,3541.820068359375,12.579999923706055,3.01,0.45,1.5016,0.03,2.79,8.8268181818
2018-05-24,0.7567158937454224,0.275816410779953,7587.33984375,70.70999908447266,1.1710150241851807,1.3371307849884033,1303.699951171875,0.0091017484664917,0.08029291033744812,6144.10009765625,80122.0,7716.7001953125,2727.760009765625,50345.5,22437.009765625,3521.760009765625,12.529999732971191,2.98,0.45,1.5016,0.03,2.79,8.8268181818
2018-05-25,0.7571971416473389,0.27411529421806335,7480.14013671875,67.87999725341797,1.1722642183303833,1.3383476734161377,1303.300048828125,0.0091481264680624,0.08054513484239578,6141.0,78898.0,7730.2998046875,2721.330078125,50541.98828125,22450.7890625,3515.360107421875,13.220000267028809,2.93,0.45,1.5016,0.03,2.79,8.8268181818
2018-05-29,0.7547739148139954,0.26779496669769287,7472.58984375,66.7300033569336,1.162696123123169,1.3315579891204834,1298.699951171875,0.00914168730378151,0.0803099274635315,6121.7001953125,76072.0,7632.60009765625,2689.860107421875,49622.5390625,22358.4296875,3428.139892578125,17.020000457763672,2.77,0.45,1.5016,0.03,2.79,8.8268181818
2018-05-30,0.7481670379638672,0.268521249294281,7406.52001953125,68.20999908447266,1.1539349555969238,1.3253810405731201,1301.5,0.009225603193044662,0.07880295068025589,6093.7998046875,76754.0,7689.60009765625,2724.010009765625,49287.328125,22018.51953125,3441.18994140625,14.9399995803833,2.84,0.45,1.5016,0.03,2.79,8.8268181818
2018-06-01,0.7562122941017151,0.26867276430130005,7541.4501953125,65.80999755859375,1.1693171262741089,1.3289390802383423,1294.800048828125,0.009195487014949322,0.07873569428920746,6104.0,77240.0,7701.7998046875,2734.6201171875,50875.01171875,22171.349609375,3453.5400390625,13.460000038146973,2.89,0.327142857,1.4229,0.03,2.697,9.2971428571
2018-06-04,0.7568819522857666,0.26584431529045105,7514.47021484375,64.75,1.1668611764907837,1.3356484174728394,1293.0999755859375,0.009124253876507282,0.07893843203783035,6138.60009765625,78596.0,7741.2998046875,2746.8701171875,51404.55078125,22475.939453125,3469.570068359375,12.739999771118164,2.94,0.327142857,1.4229,0.03,2.697,9.2971428571
2018-06-05,0.7654037475585938,0.2670583724975586,7633.759765625,65.5199966430664,1.1700559854507446,1.3316465616226196,1297.5,0.009093968197703362,0.07957126945257187,6108.5,76642.0,7686.7998046875,2748.800048828125,51413.9296875,22539.5390625,3456.7900390625,12.399999618530273,2.92,0.327142857,1.4229,0.03,2.697,9.2971428571
2018-06-06,0.7624624371528625,0.2628604471683502,7653.97998046875,64.7300033569336,1.1726216077804565,1.3406083583831787,1297.0999755859375,0.009102576412260532,0.0784478634595871,6137.39990234375,76117.0,7712.39990234375,2772.35009765625,51736.76953125,22625.73046875,3460.820068359375,11.640000343322754,2.97,0.327142857,1.4229,0.03,2.697,9.2971428571
2018-06-07,0.7665772438049316,0.2601862847805023,7678.240234375,65.94999694824219,1.178550362586975,1.3421558141708374,1298.699951171875,0.009080590680241585,0.07873643934726715,6169.39990234375,73851.0,7704.39990234375,2770.3701171875,52037.69140625,22823.259765625,3459.77001953125,12.130000114440918,2.93,0.327142857,1.4229,0.03,2.697,9.2971428571
2018-06-08,0.761440634727478,0.25636422634124756,7624.919921875,65.73999786376953,1.1795234680175781,1.3419216871261597,1298.0999755859375,0.00911626871675253,0.07712776213884354,6156.7998046875,72942.0,7681.10009765625,2779.030029296875,51881.9296875,22694.5,3447.300048828125,12.180000305175781,2.93,0.327142857,1.4229,0.03,2.697,9.2971428571
2018-06-12,0.7604620456695557,0.26962897181510925,6582.35986328125,66.36000061035156,1.177412509918213,1.3374348878860474,1295.0999755859375,0.0090591199696064,0.07606818526983261,6164.7998046875,72754.0,7703.7998046875,2786.85009765625,51909.3984375,22878.349609375,3475.580078125,12.34000015258789,2.96,0.327142857,1.4229,0.03,2.697,9.2971428571
2018-06-13,0.7575757503509521,0.26917901635169983,6349.89990234375,66.63999938964844,1.17482590675354,1.3372559547424316,1296.9000244140625,0.00905370619148016,0.07522813230752945,6133.10009765625,72122.0,7703.7001953125,2775.6298828125,52200.03125,22966.380859375,3479.56005859375,12.9399995803833,2.98,0.327142857,1.4229,0.03,2.697,9.2971428571
2018-06-14,0.7570710182189941,0.2689039409160614,6675.35009765625,66.88999938964844,1.1807769536972046,1.3382760286331177,1304.0,0.009070953354239464,0.07514655590057373,6129.60009765625,71421.0,7765.7998046875,2782.489990234375,52178.23828125,22738.609375,3527.110107421875,12.119999885559082,2.94,0.327142857,1.4229,0.03,2.697,9.2971428571
2018-06-15,0.7465472221374512,0.26288118958473206,6456.580078125,65.05999755859375,1.1566576957702637,1.3256621360778809,1274.5999755859375,0.00903791468590498,0.07442081719636917,6205.2998046875,70758.0,7633.89990234375,2779.659912109375,51327.69921875,22851.75,3505.02001953125,11.979999542236328,2.93,0.327142857,1.4229,0.03,2.697,9.2971428571
2018-06-18,0.743992269039154,0.2681899964809418,6734.81982421875,65.8499984741211,1.159595012664795,1.3275099992752075,1276.199951171875,0.009040202014148235,0.07455120235681534,6212.7998046875,69815.0,7631.2998046875,2773.75,51004.9296875,22680.330078125,3466.64990234375,12.3100004196167,2.92,0.327142857,1.4229,0.03,2.697,9.2971428571
2018-06-19,0.7403568625450134,0.26693716645240784,6769.93994140625,65.06999969482422,1.1630746126174927,1.3258730173110962,1275.5999755859375,0.009079518727958202,0.07326651364564896,6208.89990234375,71394.0,7603.89990234375,2762.590087890625,50020.3984375,22278.48046875,3435.300048828125,13.350000381469727,2.89,0.327142857,1.4229,0.03,2.697,9.2971428571
2018-06-20,0.738825261592865,0.2670226991176605,6776.5498046875,66.22000122070312,1.1588560342788696,1.317332148551941,1271.199951171875,0.00908504519611597,0.0728103518486023,6274.60009765625,72123.0,7627.39990234375,2767.320068359375,50396.44140625,22555.4296875,3439.60009765625,12.789999961853027,2.93,0.327142857,1.4229,0.03,2.697,9.2971428571
2018-06-21,0.7374087572097778,0.26531532406806946,6729.740234375,65.54000091552734,1.1579033136367798,1.3175230026245117,1267.199951171875,0.009061911143362522,0.07322606444358826,6332.89990234375,70075.0,7556.39990234375,2749.760009765625,50023.5390625,22693.0390625,3403.510009765625,14.640000343322754,2.9,0.327142857,1.4229,0.03,2.697,9.2971428571
2018-06-22,0.7378984093666077,0.2655971944332123,6083.68994140625,68.58000183105469,1.1605775356292725,1.3247840404510498,1267.4000244140625,0.009094877168536186,0.07362696528434753,6322.10009765625,70641.0,7682.2998046875,2754.8798828125,50623.1015625,22516.830078125,3441.60009765625,13.770000457763672,2.9,0.327142857,1.4229,0.03,2.697,9.2971428571
2018-06-25,0.743837296962738,0.26411008834838867,6249.18017578125,68.08000183105469,1.1661399602890015,1.3262423276901245,1265.5999755859375,0.009096118621528149,0.07460136711597443,6308.7001953125,70953.0,7509.7998046875,2717.070068359375,49707.69921875,22338.150390625,3369.2099609375,17.329999923706055,2.87,0.327142857,1.4229,0.03,2.697,9.2971428571
2018-06-26,0.7409602999687195,0.26489365100860596,6093.669921875,70.52999877929688,1.1702749729156494,1.3278449773788452,1256.5999755859375,0.009120509028434753,0.07401267439126968,6292.10009765625,71405.0,7537.89990234375,2723.06005859375,49572.76953125,22342.0,3368.719970703125,15.920000076293945,2.88,0.327142857,1.4229,0.03,2.697,9.2971428571
2018-06-27,0.7391692996025085,0.2634490728378296,6157.1298828125,72.76000213623047,1.1650259494781494,1.3221042156219482,1252.800048828125,0.009082899428904057,0.07398802787065506,6290.5,70609.0,7621.7001953125,2699.6298828125,49329.6015625,22271.76953125,3397.1298828125,17.90999984741211,2.83,0.327142857,1.4229,0.03,2.697,9.2971428571
2018-06-28,0.7343222498893738,0.25906065106391907,5903.43994140625,73.44999694824219,1.1563634872436523,1.3120431900024414,1247.800048828125,0.009073175489902496,0.07220633327960968,6305.7998046875,71767.0,7615.60009765625,2716.31005859375,49776.921875,22270.390625,3365.52001953125,16.850000381469727,2.84,0.327142857,1.4229,0.03,2.697,9.2971428571
2018-06-29,0.7346459031105042,0.25910091400146484,6218.2998046875,74.1500015258789,1.1562966108322144,1.3075141906738281,1251.300048828125,0.009050920605659485,0.07263693958520889,6289.7001953125,72763.0,7636.89990234375,2718.3701171875,51516.05859375,22304.509765625,3395.60009765625,16.09000015258789,2.85,0.327142857,1.4229,0.03,2.697,9.2971428571
2018-07-02,0.7398638129234314,0.25802454352378845,6614.18017578125,73.94000244140625,1.1678558588027954,1.3207770586013794,1239.800048828125,0.00903260800987482,0.07294424623250961,6273.2998046875,72840.0,7547.89990234375,2726.7099609375,50979.87109375,21811.9296875,3372.2099609375,15.600000381469727,2.87,0.327142857,1.4229,0.03,2.697,9.2971428571
2018-07-03,0.7338911294937134,0.2555845081806183,6529.58984375,74.13999938964844,1.1642121076583862,1.314405918121338,1251.5999755859375,0.009019491262733936,0.0723196491599083,6302.7998046875,73668.0,7593.2998046875,2713.219970703125,51286.8203125,21785.5390625,3406.340087890625,16.139999389648438,2.83,0.327142857,1.4229,0.03,2.697,9.2971428571
2018-07-05,0.7381708025932312,0.2556890845298767,6639.14013671875,72.94000244140625,1.166235089302063,1.3229262828826904,1257.300048828125,0.009049610234797001,0.07315877825021744,6302.89990234375,74553.0,7603.2001953125,2736.610107421875,51193.98046875,21546.990234375,3440.919921875,14.970000267028809,2.84,0.327142857,1.4229,0.03,2.697,9.2971428571
2018-07-06,0.738661527633667,0.25436878204345703,6673.5,73.80000305175781,1.1695905923843384,1.3225764036178589,1254.300048828125,0.009043307974934578,0.07390382140874863,6355.7001953125,75010.0,7617.7001953125,2759.820068359375,51122.671875,21788.140625,3448.489990234375,13.369999885559082,2.82,0.327142857,1.4229,0.03,2.697,9.2971428571
2018-07-10,0.7470491528511047,0.2583111524581909,6329.9501953125,74.11000061035156,1.1756960153579712,1.325556755065918,1253.800048828125,0.009012824855744839,0.07463911920785904,6342.7998046875,74862.0,7692.0,2793.840087890625,51795.51171875,22196.890625,3473.31005859375,12.640000343322754,2.87,0.327142857,1.4229,0.03,2.697,9.2971428571
2018-07-11,0.7413997650146484,0.26211634278297424,6394.7099609375,70.37999725341797,1.1727042198181152,1.3257324695587158,1242.800048828125,0.009022746235132217,0.07479599118232727,6300.2001953125,74399.0,7592.0,2774.02001953125,51044.55859375,21932.2109375,3422.35009765625,13.630000114440918,2.85,0.327142857,1.4229,0.03,2.697,9.2971428571
2018-07-12,0.7365885972976685,0.2579912841320038,6228.81005859375,70.33000183105469,1.1676785945892334,1.3210039138793945,1245.0,0.008931920863687992,0.07381653785705566,6349.7998046875,75856.0,7651.2998046875,2798.2900390625,50672.37890625,22187.9609375,3445.489990234375,12.579999923706055,2.85,0.327142857,1.4229,0.03,2.697,9.2971428571
2018-07-13,0.7406858801841736,0.25768545269966125,6238.0498046875,71.01000213623047,1.1665889024734497,1.3180439472198486,1239.5999755859375,0.008875871077179909,0.075164794921875,6351.89990234375,76594.0,7661.89990234375,2801.31005859375,50244.078125,22597.349609375,3454.5400390625,12.180000305175781,2.83,0.327142857,1.4229,0.03,2.697,9.2971428571
2018-07-16,0.7421150207519531,0.25978073477745056,6741.75,68.05999755859375,1.1679104566574097,1.3227688074111938,1238.0999755859375,0.008896876126527786,0.07546771317720413,6326.7001953125,76653.0,7600.5,2798.429931640625,49338.94921875,22597.349609375,3449.080078125,12.829999923706055,2.85,0.327142857,1.4229,0.03,2.697,9.2971428571
2018-07-17,0.7414712309837341,0.25933611392974854,7321.0400390625,68.08000183105469,1.170946478843689,1.3236442804336548,1225.699951171875,0.008898855186998844,0.07569117099046707,6288.39990234375,78130.0,7626.2998046875,2809.550048828125,49995.66015625,22697.359375,3457.5,12.0600004196167,2.86,0.327142857,1.4229,0.03,2.697,9.2971428571
2018-07-18,0.7377406358718872,0.2606950104236603,7370.77978515625,68.76000213623047,1.1653246879577637,1.3106160163879395,1226.300048828125,0.008848617784678936,0.07535908371210098,6329.10009765625,77363.0,7676.2998046875,2815.6201171875,50168.73828125,22794.189453125,3485.080078125,12.100000381469727,2.88,0.327142857,1.4229,0.03,2.697,9.2971428571
2018-07-19,0.7398912310600281,0.2597942352294922,7466.85986328125,69.45999908447266,1.164564609527588,1.3078221082687378,1222.4000244140625,0.008865955285727978,0.07537016272544861,6355.0,77487.0,7684.0,2804.489990234375,50199.69921875,22764.6796875,3471.639892578125,12.869999885559082,2.84,0.327142857,1.4229,0.03,2.697,9.2971428571
2018-07-20,0.7362794280052185,0.26119890809059143,7354.1298828125,70.45999908447266,1.1655147075653076,1.3023037910461426,1229.5,0.008899726904928684,0.07387614250183105,6377.39990234375,78571.0,7678.7998046875,2801.830078125,50904.19921875,22697.880859375,3460.030029296875,12.859999656677246,2.89,0.327142857,1.4229,0.03,2.697,9.2971428571
2018-07-23,0.7433009743690491,0.26519569754600525,7711.10986328125,67.88999938964844,1.1741912364959717,1.3147169351577759,1224.0,0.00900470931082964,0.0747227743268013,6320.10009765625,77996.0,7655.7998046875,2806.97998046875,50481.3203125,22396.990234375,3454.050048828125,12.619999885559082,2.96,0.327142857,1.4229,0.03,2.697,9.2971428571
2018-07-24,0.7380073666572571,0.2645222842693329,8424.26953125,68.5199966430664,1.1694128513336182,1.3102725744247437,1223.9000244140625,0.00897182896733284,0.07435829192399979,6355.2001953125,79155.0,7709.10009765625,2820.39990234375,50989.640625,22510.48046875,3483.31005859375,12.40999984741211,2.95,0.327142857,1.4229,0.03,2.697,9.2971428571
2018-07-25,0.7426220178604126,0.2669442892074585,8181.39013671875,69.30000305175781,1.1685519218444824,1.3152183294296265,1231.4000244140625,0.008989491499960423,0.07536646723747253,6341.7001953125,80218.0,7658.2998046875,2846.070068359375,50321.55078125,22614.25,3468.449951171875,12.289999961853027,2.94,0.327142857,1.4229,0.03,2.697,9.2971428571
2018-07-26,0.7459402084350586,0.2712673544883728,7951.580078125,69.61000061035156,1.1737502813339233,1.3199577331542969,1225.300048828125,0.009021606296300888,0.07635045051574707,6337.60009765625,79405.0,7663.2001953125,2837.43994140625,50703.73046875,22586.869140625,3509.260009765625,12.140000343322754,2.98,0.327142857,1.4229,0.03,2.697,9.2971428571
2018-07-27,0.7380073666572571,0.2670726180076599,8165.009765625,68.69000244140625,1.1642934083938599,1.3108737468719482,1222.5999755859375,0.008997174911201,0.07557036727666855,6391.5,79866.0,7701.2998046875,2818.820068359375,51126.8984375,22712.75,3527.179931640625,13.029999732971191,2.96,0.327142857,1.4229,0.03,2.697,9.2971428571
2018-07-30,0.7400829195976257,0.26946187019348145,8180.47998046875,70.12999725341797,1.16604483127594,1.3111830949783325,1221.300048828125,0.009014368988573551,0.0759013295173645,6368.7998046875,80276.0,7700.89990234375,2802.60009765625,51227.6796875,22544.83984375,3512.31005859375,14.260000228881836,2.98,0.327142857,1.4229,0.03,2.697,9.2971428571
2018-07-31,0.7407297492027283,0.26823315024375916,7780.43994140625,68.76000213623047,1.1707408428192139,1.3135426044464111,1223.699951171875,0.009009495377540588,0.0760151669383049,6366.2001953125,79220.0,7748.7998046875,2816.2900390625,51315.0,22553.720703125,3525.489990234375,12.829999923706055,2.96,0.327142857,1.4229,0.03,2.697,9.2971428571
2018-08-01,0.7419498562812805,0.26645350456237793,7624.91015625,67.66000366210938,1.168961763381958,1.3121638298034668,1217.9000244140625,0.00894390419125557,0.07556922733783722,6362.10009765625,79302.0,7652.89990234375,2813.360107421875,51276.96875,22746.69921875,3525.489990234375,13.149999618530273,3.0,0.290869565,1.3991,0.11,2.59,9.2809090909
2018-08-02,0.7405816912651062,0.26688018441200256,7567.14990234375,68.95999908447266,1.1665889024734497,1.3126115798950195,1210.5999755859375,0.0089589674025774,0.07567513734102249,6327.7001953125,79637.0,7575.89990234375,2827.219970703125,50340.48046875,22512.529296875,3469.2099609375,12.1899995803833,2.98,0.290869565,1.3991,0.11,2.59,9.2809090909
2018-08-03,0.7360084652900696,0.2667804956436157,7434.39013671875,68.48999786376953,1.1586008071899414,1.3018121719360352,1214.199951171875,0.008953352458775043,0.07444630563259125,6326.39990234375,81435.0,7659.10009765625,2840.35009765625,50988.4609375,22525.1796875,3482.39990234375,11.640000343322754,2.95,0.290869565,1.3991,0.11,2.59,9.2809090909
2018-08-06,0.7395902872085571,0.2701023519039154,6951.7998046875,69.01000213623047,1.1562297344207764,1.3003562688827515,1208.5999755859375,0.008990056812763214,0.07496768981218338,6359.0,81051.0,7663.7998046875,2850.39990234375,50784.44140625,22507.3203125,3483.300048828125,11.270000457763672,2.94,0.290869565,1.3991,0.11,2.59,9.2809090909
2018-08-07,0.738552451133728,0.26777347922325134,6753.1201171875,69.16999816894531,1.1558021306991577,1.2944984436035156,1209.5999755859375,0.008981497958302498,0.07445794343948364,6340.7998046875,80347.0,7718.5,2858.449951171875,51578.05859375,22662.740234375,3504.3701171875,10.930000305175781,2.98,0.290869565,1.3991,0.11,2.59,9.2809090909
2018-08-08,0.7424456477165222,0.2666311264038086,6305.7998046875,66.94000244140625,1.1602946519851685,1.2946659326553345,1212.5999755859375,0.00898109469562769,0.07509875297546387,6354.89990234375,79152.0,7776.7001953125,2857.699951171875,51615.859375,22644.310546875,3493.60009765625,10.850000381469727,2.96,0.290869565,1.3991,0.11,2.59,9.2809090909
2018-08-10,0.7372456192970276,0.26318562030792236,6184.7099609375,67.62999725341797,1.1523923873901367,1.2828407287597656,1211.0999755859375,0.009001629427075386,0.07307377457618713,6366.7998046875,76514.0,7667.0,2833.280029296875,51577.23046875,22298.080078125,3426.280029296875,13.15999984741211,2.87,0.290869565,1.3991,0.11,2.59,9.2809090909
2018-08-13,0.7288098335266113,0.2587054371833801,6297.56982421875,67.19999694824219,1.1394712924957275,1.2758845090866089,1191.300048828125,0.009039221331477165,0.07023631036281586,6341.2998046875,77496.0,7642.5,2821.929931640625,51821.390625,21857.4296875,3409.679931640625,14.779999732971191,2.88,0.290869565,1.3991,0.11,2.59,9.2809090909
2018-08-14,0.7267969846725464,0.2575991749763489,6199.7099609375,67.04000091552734,1.1402509212493896,1.2762752771377563,1193.0,0.00903660710901022,0.06955312192440033,6386.2001953125,78602.0,7611.60009765625,2839.9599609375,51551.75,22356.080078125,3409.43994140625,13.3100004196167,2.89,0.290869565,1.3991,0.11,2.59,9.2809090909
2018-08-15,0.7235890030860901,0.2587724030017853,6308.52001953125,65.01000213623047,1.1345715522766113,1.271779179573059,1177.5,0.00898908730596304,0.07008592784404755,6415.7001953125,77078.0,7497.89990234375,2818.3701171875,49615.05859375,22204.220703125,3359.080078125,14.640000343322754,2.86,0.290869565,1.3991,0.11,2.59,9.2809090909
2018-08-16,0.7233691811561584,0.25637081265449524,6334.72998046875,65.45999908447266,1.134429931640625,1.2693899869918823,1176.199951171875,0.009043553844094276,0.06853276491165161,6412.60009765625,76819.0,7556.39990234375,2840.68994140625,50506.37890625,22192.0390625,3377.56005859375,13.449999809265137,2.87,0.290869565,1.3991,0.11,2.59,9.2809090909
2018-08-17,0.7259528040885925,0.2561541199684143,6580.6298828125,65.91000366210938,1.1371389627456665,1.2714558839797974,1176.5,0.009008684195578098,0.06797726452350616,6426.2001953125,76029.0,7558.60009765625,2850.1298828125,50601.890625,22270.380859375,3372.93994140625,12.640000343322754,2.87,0.290869565,1.3991,0.11,2.59,9.2809090909
2018-08-20,0.7308178544044495,0.2557675540447235,6308.52978515625,66.43000030517578,1.1437721252441406,1.2747135162353516,1186.800048828125,0.009051822125911713,0.06782972067594528,6435.10009765625,76328.0,7591.2998046875,2857.050048828125,51101.53125,22199.0,3393.669921875,12.489999771118164,2.82,0.290869565,1.3991,0.11,2.59,9.2809090909
2018-08-21,0.7336488366127014,0.2521432042121887,6488.759765625,67.3499984741211,1.149134635925293,1.2804261445999146,1192.5999755859375,0.00909520871937275,0.06896170973777771,6383.0,75180.0,7565.7001953125,2862.9599609375,51125.83984375,22219.73046875,3411.659912109375,12.859999656677246,2.85,0.290869565,1.3991,0.11,2.59,9.2809090909
2018-08-22,0.7359814047813416,0.24700506031513214,6376.7099609375,67.86000061035156,1.1576753854751587,1.290555715560913,1196.300048828125,0.009079848416149616,0.0695202425122261,6373.7998046875,76902.0,7574.2001953125,2861.820068359375,52061.609375,22362.55078125,3420.179931640625,12.25,2.82,0.290869565,1.3991,0.11,2.59,9.2809090909
2018-08-23,0.7332990765571594,0.2477148324251175,6534.8798828125,67.83000183105469,1.1584800481796265,1.2904725074768066,1187.0,0.009042572230100632,0.07062546163797379,6360.2998046875,75634.0,7563.2001953125,2856.97998046875,52131.76171875,22410.8203125,3419.260009765625,12.40999984741211,2.82,0.290869565,1.3991,0.11,2.59,9.2809090909
2018-08-24,0.7243227958679199,0.24317292869091034,6719.9599609375,68.72000122070312,1.154334545135498,1.281065821647644,1206.300048828125,0.008979320526123047,0.06952410936355591,6357.89990234375,76262.0,7577.5,2874.68994140625,52741.7109375,22601.76953125,3427.43994140625,11.989999771118164,2.82,0.290869565,1.3991,0.11,2.59,9.2809090909
2018-08-28,0.7348618507385254,0.24524831771850586,7096.27978515625,68.52999877929688,1.1683608293533325,1.2896735668182373,1207.4000244140625,0.00899790320545435,0.07062496244907379,6413.60009765625,77473.0,7617.2001953125,2897.52001953125,53883.328125,22813.470703125,3447.570068359375,12.5,2.88,0.290869565,1.3991,0.11,2.59,9.2809090909
2018-08-29,0.7341066002845764,0.24190230667591095,7047.16015625,69.51000213623047,1.1691256761550903,1.2867693901062012,1204.5,0.00899587944149971,0.07045826315879822,6457.0,78389.0,7563.2001953125,2914.0400390625,54030.6015625,22848.220703125,3456.1298828125,12.25,2.89,0.290869565,1.3991,0.11,2.59,9.2809090909
2018-08-30,0.7311919331550598,0.24357567727565765,6978.22998046875,70.25,1.1709738969802856,1.3035939931869507,1197.699951171875,0.008951590396463871,0.06974604725837708,6460.5,76404.0,7516.0,2901.1298828125,52650.19921875,22869.5,3430.989990234375,13.529999732971191,2.86,0.290869565,1.3991,0.11,2.59,9.2809090909
2018-08-31,0.7261636853218079,0.24104516208171844,7037.580078125,69.80000305175781,1.1664663553237915,1.301100730895996,1200.300048828125,0.00900909025222063,0.06803470849990845,6427.7998046875,76678.0,7432.39990234375,2901.52001953125,52464.01171875,22865.150390625,3392.89990234375,12.859999656677246,2.86,0.290869565,1.3991,0.11,2.59,9.2809090909
2018-09-04,0.7208245992660522,0.24068547785282135,7361.66015625,69.87000274658203,1.161548137664795,1.2869019508361816,1192.699951171875,0.00900187250226736,0.06734006851911545,6398.89990234375,74712.0,7457.89990234375,2896.719970703125,51691.03125,22696.900390625,3359.360107421875,13.15999984741211,2.9,0.290869565,1.3991,0.11,2.59,9.2809090909
2018-09-05,0.718339204788208,0.24074922502040863,6792.830078125,68.72000122070312,1.1586545705795288,1.2858428955078125,1194.9000244140625,0.008971747942268848,0.06527969241142273,6339.2001953125,75092.0,7383.2998046875,2888.60009765625,50832.73046875,22580.830078125,3315.6201171875,13.90999984741211,2.9,0.290869565,1.3991,0.11,2.59,9.2809090909
2018-09-06,0.719610869884491,0.24136517941951752,6529.169921875,67.7699966430664,1.1635212898254395,1.2914891242980957,1197.9000244140625,0.008972713723778725,0.06493042409420013,6267.7998046875,76416.0,7319.0,2878.050048828125,50893.140625,22487.939453125,3295.949951171875,14.649999618530273,2.88,0.290869565,1.3991,0.11,2.59,9.2809090909
2018-09-10,0.7117944359779358,0.247292160987854,6329.7001953125,67.54000091552734,1.1561094522476196,1.2930254936218262,1193.0,0.009015507064759731,0.06557376682758331,6249.7001953125,76436.0,7279.2998046875,2877.1298828125,50544.69140625,22373.08984375,3309.280029296875,14.15999984741211,2.94,0.290869565,1.3991,0.11,2.59,9.2809090909
2018-09-11,0.7109847068786621,0.24482201039791107,6321.2001953125,69.25,1.159595012664795,1.302643060684204,1195.4000244140625,0.008997012861073017,0.06584058701992035,6287.60009765625,74657.0,7273.5,2887.889892578125,50042.08984375,22664.689453125,3311.659912109375,13.220000267028809,2.98,0.290869565,1.3991,0.11,2.59,9.2809090909
2018-09-12,0.7110706567764282,0.24087099730968475,6351.7998046875,70.37000274658203,1.1596084833145142,1.3015578985214233,1204.699951171875,0.008960011415183544,0.06640679389238358,6283.89990234375,75125.0,7313.39990234375,2888.919921875,49814.73828125,22604.609375,3326.60009765625,13.140000343322754,2.97,0.290869565,1.3991,0.11,2.59,9.2809090909
2018-09-13,0.7170617580413818,0.2403961718082428,6517.31005859375,68.58999633789062,1.1629259586334229,1.3045463562011719,1202.0,0.008991188369691372,0.06692275404930115,6239.89990234375,74687.0,7281.60009765625,2904.179931640625,49991.171875,22821.3203125,3333.679931640625,12.369999885559082,2.97,0.290869565,1.3991,0.11,2.59,9.2809090909
2018-09-14,0.7188039422035217,0.2378121316432953,6512.7099609375,68.98999786376953,1.1691803932189941,1.311131477355957,1195.0,0.00892761442810297,0.06772544234991074,6276.2998046875,75429.0,7304.0,2904.97998046875,50440.98046875,23094.669921875,3344.6298828125,12.069999694824219,2.99,0.290869565,1.3991,0.11,2.59,9.2809090909
2018-09-17,0.7145919799804688,0.23969319462776184,6281.2001953125,68.91000366210938,1.1628988981246948,1.307326316833496,1199.699951171875,0.008932319469749928,0.06695815920829773,6293.89990234375,76789.0,7302.10009765625,2888.800048828125,50196.921875,23094.669921875,3346.110107421875,13.680000305175781,2.99,0.290869565,1.3991,0.11,2.59,9.2809090909
2018-09-18,0.7145919799804688,0.24200768768787384,6371.2998046875,69.8499984741211,1.1669156551361084,1.3146305084228516,1196.800048828125,0.008953352458775043,0.06680946052074432,6269.5,78314.0,7300.2001953125,2904.31005859375,50219.76953125,23420.5390625,3358.4599609375,12.789999961853027,3.05,0.290869565,1.3991,0.11,2.59,9.2809090909
2018-09-19,0.7226007580757141,0.24047710001468658,6398.5400390625,71.12000274658203,1.167992353439331,1.3168463706970215,1202.199951171875,0.008906543254852295,0.06730018556118011,6297.0,78169.0,7331.10009765625,2907.949951171875,50272.01171875,23672.51953125,3368.56005859375,11.75,3.08,0.290869565,1.3991,0.11,2.59,9.2809090909
2018-09-20,0.7259528040885925,0.2421131581068039,6519.669921875,70.80000305175781,1.167460560798645,1.3141123056411743,1206.199951171875,0.008903371170163155,0.06831768155097961,6276.89990234375,78116.0,7367.2998046875,2930.75,50397.19140625,23674.9296875,3403.1201171875,11.800000190734863,3.07,0.290869565,1.3991,0.11,2.59,9.2809090909
2018-09-21,0.7286505103111267,0.2453385591506958,6734.9501953125,70.77999877929688,1.1775927543640137,1.327087163925171,1196.199951171875,0.008889283984899521,0.06994034349918365,6305.39990234375,79444.0,7490.2001953125,2929.669921875,50987.1484375,23869.9296875,3430.81005859375,11.680000305175781,3.07,0.290869565,1.3991,0.11,2.59,9.2809090909
2018-09-25,0.7253209352493286,0.2444210946559906,6446.47021484375,72.27999877929688,1.175295352935791,1.311733365058899,1200.0,0.008866348303854465,0.06965970993041992,6299.10009765625,78630.0,7507.60009765625,2915.56005859375,50659.4609375,23940.259765625,3419.780029296875,12.420000076293945,3.1,0.290869565,1.3991,0.11,2.59,9.2809090909
2018-09-26,0.7249003052711487,0.24548311531543732,6495.0,71.56999969482422,1.1763184070587158,1.3179919719696045,1194.0,0.008851985447108746,0.06978026032447815,6307.7998046875,78656.0,7511.5,2905.969970703125,50361.859375,24033.7890625,3433.14990234375,12.890000343322754,3.06,0.290869565,1.3991,0.11,2.59,9.2809090909
2018-09-27,0.725789487361908,0.2480897158384323,6676.75,72.12000274658203,1.1748534440994263,1.3172800540924072,1182.300048828125,0.008872799575328827,0.07075823843479156,6299.2998046875,80000.0,7545.39990234375,2914.0,49800.78125,23796.740234375,3449.7900390625,12.40999984741211,3.06,0.290869565,1.3991,0.11,2.59,9.2809090909
2018-09-28,0.7205129861831665,0.24925224483013153,6644.1298828125,73.25,1.1637378931045532,1.3078734874725342,1191.5,0.00882168672978878,0.07090036571025848,6325.5,79342.0,7510.2001953125,2913.97998046875,49520.66015625,24120.0390625,3399.199951171875,12.119999885559082,3.05,0.290869565,1.3991,0.11,2.59,9.2809090909
2018-10-01,0.7223920226097107,0.24674907326698303,6589.6201171875,75.30000305175781,1.1605371236801147,1.3039000034332275,1187.0999755859375,0.008787655271589756,0.07091394066810608,6292.7001953125,78624.0,7495.7001953125,2924.590087890625,49587.390625,24245.759765625,3414.159912109375,12.0,3.09,0.399090909,1.5462,0.13,2.682,9.6239130435
2018-10-02,0.7228567600250244,0.24897919595241547,6556.10009765625,75.2300033569336,1.157755732536316,1.3043591976165771,1202.4000244140625,0.008776087313890457,0.07038585096597672,6245.7998046875,81612.0,7474.60009765625,2923.429931640625,49263.48828125,24270.619140625,3388.989990234375,12.050000190734863,3.05,0.399090909,1.5462,0.13,2.682,9.6239130435
2018-10-03,0.7187522649765015,0.25383931398391724,6502.58984375,76.41000366210938,1.1551746129989624,1.2981956005096436,1198.300048828125,0.008804598823189735,0.06969389319419861,6265.2001953125,83273.0,7510.2998046875,2925.510009765625,48992.62890625,24110.9609375,3405.47998046875,11.609999656677246,3.15,0.399090909,1.5462,0.13,2.682,9.6239130435
2018-10-04,0.7096225023269653,0.2563839554786682,6576.68994140625,74.33000183105469,1.147631287574768,1.294062852859497,1197.199951171875,0.008734692819416523,0.068355031311512,6293.89990234375,82953.0,7418.2998046875,2901.610107421875,48908.51953125,23975.619140625,3375.080078125,14.220000267028809,3.19,0.399090909,1.5462,0.13,2.682,9.6239130435
2018-10-05,0.7080999612808228,0.2581377923488617,6622.47998046875,74.33999633789062,1.1518083810806274,1.3024225234985352,1201.199951171875,0.008780093863606453,0.06742997467517853,6301.10009765625,82322.0,7318.5,2885.570068359375,48258.140625,23783.720703125,3345.510009765625,14.819999694824219,3.23,0.399090909,1.5462,0.13,2.682,9.6239130435
2018-10-08,0.7052882313728333,0.2607018053531647,6652.22998046875,74.29000091552734,1.1522595882415771,1.31271493434906,1184.4000244140625,0.008793914690613747,0.06751555949449539,6218.60009765625,86084.0,7233.2998046875,2884.429931640625,48041.87890625,23783.720703125,3309.719970703125,15.6899995803833,3.23,0.399090909,1.5462,0.13,2.682,9.6239130435
2018-10-09,0.7073636651039124,0.26474636793136597,6642.64013671875,74.95999908447266,1.1494120359420776,1.309311866760254,1187.199951171875,0.008841967210173607,0.06736365705728531,6155.5,86088.0,7237.60009765625,2880.340087890625,47970.6796875,23469.390625,3321.7900390625,15.949999809265137,3.21,0.399090909,1.5462,0.13,2.682,9.6239130435
2018-10-10,0.7114905714988708,0.26919350028038025,6585.52978515625,73.16999816894531,1.1506949663162231,1.3157029151916504,1189.300048828125,0.008849713951349258,0.06865774095058441,6163.7998046875,83679.0,7145.7001953125,2785.679931640625,46625.6015625,23506.0390625,3266.89990234375,22.959999084472656,3.22,0.399090909,1.5462,0.13,2.682,9.6239130435
2018-10-11,0.7064142823219299,0.26632577180862427,6256.240234375,70.97000122070312,1.1533360481262207,1.3206725120544434,1223.5,0.008921243250370026,0.06777547299861908,5993.5,82921.0,7006.89990234375,2728.3701171875,46050.3515625,22590.859375,3209.18994140625,24.979999542236328,3.14,0.399090909,1.5462,0.13,2.682,9.6239130435
2018-10-15,0.710782527923584,0.26443833112716675,6596.5400390625,71.77999877929688,1.1551345586776733,1.3103927373886108,1226.4000244140625,0.008913291618227959,0.06883639097213745,5948.0,83360.0,7029.2001953125,2750.7900390625,46295.03125,22271.30078125,3210.3701171875,21.299999237060547,3.16,0.399090909,1.5462,0.13,2.682,9.6239130435
2018-10-16,0.713541567325592,0.2678164839744568,6596.10986328125,71.91999816894531,1.1583458185195923,1.315477967262268,1227.300048828125,0.00894126482307911,0.06977198272943497,5977.7998046875,85718.0,7059.39990234375,2809.919921875,47007.19140625,22549.240234375,3257.340087890625,17.6200008392334,3.16,0.399090909,1.5462,0.13,2.682,9.6239130435
2018-10-17,0.7139134407043457,0.2685573101043701,6544.43017578125,69.75,1.1575279235839844,1.318721890449524,1223.699951171875,0.008901390247046947,0.07054787874221802,6047.10009765625,85764.0,7054.60009765625,2809.2099609375,46163.87109375,22841.119140625,3243.080078125,17.399999618530273,3.19,0.399090909,1.5462,0.13,2.682,9.6239130435
2018-10-18,0.7111009955406189,0.2712820768356323,6476.7099609375,68.6500015258789,1.1500862836837769,1.3104442358016968,1226.5,0.00887878704816103,0.07022126764059067,6050.10009765625,83847.0,7027.0,2768.780029296875,45935.94921875,22658.16015625,3211.590087890625,20.059999465942383,3.17,0.399090909,1.5462,0.13,2.682,9.6239130435
2018-10-19,0.709723174571991,0.26879552006721497,6465.41015625,69.12000274658203,1.1460003852844238,1.3024225234985352,1225.300048828125,0.008913847617805004,0.06931159645318985,6042.7998046875,84220.0,7049.7998046875,2767.780029296875,45895.359375,22532.080078125,3210.820068359375,19.889999389648438,3.2,0.399090909,1.5462,0.13,2.682,9.6239130435
2018-10-22,0.7113286256790161,0.26947641372680664,6487.16015625,69.16999816894531,1.1509466171264648,1.3065404891967773,1221.199951171875,0.008890469558537006,0.06937795877456665,6006.2001953125,85597.0,7042.7998046875,2755.8798828125,46034.48828125,22614.8203125,3190.090087890625,19.639999389648438,3.2,0.399090909,1.5462,0.13,2.682,9.6239130435
2018-10-23,0.7072685956954956,0.2715694010257721,6475.740234375,66.43000030517578,1.1467890739440918,1.2965964078903198,1233.4000244140625,0.008868629112839699,0.06982338428497314,5944.89990234375,85300.0,6955.2001953125,2740.68994140625,45007.5,22010.779296875,3140.93994140625,20.709999084472656,3.17,0.399090909,1.5462,0.13,2.682,9.6239130435
2018-10-24,0.7091192603111267,0.2708265781402588,6495.83984375,66.81999969482422,1.147315263748169,1.2981280088424683,1227.800048828125,0.008893315680325031,0.07032991200685501,5926.5,83064.0,6963.0,2656.10009765625,44669.76171875,22091.1796875,3130.330078125,25.229999542236328,3.1,0.399090909,1.5462,0.13,2.682,9.6239130435
2018-10-25,0.7062994837760925,0.2680174708366394,6476.2900390625,67.33000183105469,1.1399258375167847,1.2888258695602417,1229.0999755859375,0.00892761442810297,0.06873608380556107,5759.5,84084.0,7004.10009765625,2705.570068359375,45416.62109375,21268.73046875,3164.39990234375,24.219999313354492,3.14,0.399090909,1.5462,0.13,2.682,9.6239130435
2018-10-26,0.7081149816513062,0.26991280913352966,6474.75,67.58999633789062,1.1377859115600586,1.2824623584747314,1232.5,0.008900756947696209,0.06846567243337631,5759.60009765625,85720.0,6939.60009765625,2658.68994140625,44651.44921875,21184.599609375,3134.889892578125,24.15999984741211,3.08,0.399090909,1.5462,0.13,2.682,9.6239130435
2018-10-29,0.709773600101471,0.27460458874702454,6332.6298828125,67.04000091552734,1.1398738622665405,1.2831040620803833,1224.5,0.00893591158092022,0.06866717338562012,5813.7998046875,83797.0,7026.2998046875,2641.25,45109.76953125,21149.80078125,3154.929931640625,24.700000762939453,3.08,0.399090909,1.5462,0.13,2.682,9.6239130435
2018-10-30,0.7063294053077698,0.26912105083465576,6334.27001953125,66.18000030517578,1.137617588043213,1.2802459001541138,1222.5999755859375,0.008902817033231258,0.06803924590349197,5887.89990234375,86886.0,7035.89990234375,2682.6298828125,44534.5703125,21457.2890625,3147.1298828125,23.350000381469727,3.12,0.399090909,1.5462,0.13,2.682,9.6239130435
2018-10-31,0.7099247574806213,0.2706652879714966,6317.60986328125,65.30999755859375,1.1346358060836792,1.2708903551101685,1212.300048828125,0.008845486678183079,0.06851661205291748,5913.2998046875,87424.0,7128.10009765625,2711.739990234375,46141.21875,21920.4609375,3197.510009765625,21.229999542236328,3.15,0.399090909,1.5462,0.13,2.682,9.6239130435
2018-11-01,0.7083156108856201,0.2687666416168213,6377.77978515625,63.689998626708984,1.1316697597503662,1.276943564414978,1236.0,0.008861241862177849,0.06777363270521164,5925.89990234375,88419.0,7114.7001953125,2740.3701171875,47256.7109375,21687.650390625,3204.2099609375,19.34000015258789,3.14,0.314090909,1.4541,0.085,2.683,9.55
2018-11-05,0.7198283672332764,0.2702702581882477,6419.66015625,63.099998474121094,1.1397570371627808,1.3005592823028564,1229.800048828125,0.008838685229420662,0.07011983543634415,5904.7998046875,89598.0,7103.7998046875,2738.31005859375,48537.25,21898.990234375,3217.3701171875,19.959999084472656,3.2,0.314090909,1.4541,0.085,2.683,9.55
2018-11-06,0.7212925553321838,0.2684851884841919,6461.009765625,62.209999084472656,1.141291856765747,1.3058068752288818,1223.800048828125,0.008830334059894085,0.07072736322879791,5958.7001953125,88669.0,7040.7001953125,2755.449951171875,48124.03125,22147.75,3207.419921875,19.90999984741211,3.22,0.314090909,1.4541,0.085,2.683,9.55
2018-11-07,0.7243595123291016,0.2659645080566406,6530.14013671875,61.66999816894531,1.1438506841659546,1.3112518787384033,1226.199951171875,0.008821220137178898,0.07093507051467896,5982.0,87714.0,7117.2998046875,2813.889892578125,48295.921875,22085.80078125,3246.159912109375,16.360000610351562,3.22,0.314090909,1.4541,0.085,2.683,9.55
2018-11-08,0.7275902032852173,0.26806774735450745,6453.72021484375,60.66999816894531,1.1434059143066406,1.3128528594970703,1222.9000244140625,0.0088069261983037,0.07188762724399567,6015.89990234375,85620.0,7140.7001953125,2806.830078125,47638.53125,22486.919921875,3237.60009765625,16.719999313354492,3.24,0.314090909,1.4541,0.085,2.683,9.55
2018-11-09,0.7266808152198792,0.266014039516449,6385.6201171875,60.189998626708984,1.1368415355682373,1.3066771030426025,1206.4000244140625,0.00877554714679718,0.07084240019321442,6011.0,85641.0,7105.2998046875,2781.010009765625,46897.28125,22250.25,3229.489990234375,17.360000610351562,3.19,0.314090909,1.4541,0.085,2.683,9.55
2018-11-12,0.7226999998092651,0.26813966035842896,6371.27001953125,59.93000030517578,1.132502794265747,1.2938451766967773,1201.300048828125,0.00878379587084055,0.06975981593132019,6027.2001953125,85525.0,7053.10009765625,2726.219970703125,45928.23828125,22269.880859375,3194.080078125,20.450000762939453,3.19,0.314090909,1.4541,0.085,2.683,9.55
2018-11-13,0.7175660133361816,0.26550552248954773,6359.490234375,55.689998626708984,1.1233429908752441,1.2857933044433594,1199.199951171875,0.00879538431763649,0.06919122487306595,5922.60009765625,84914.0,7053.7998046875,2722.179931640625,45833.2109375,21810.51953125,3224.820068359375,20.020000457763672,3.14,0.314090909,1.4541,0.085,2.683,9.55
2018-11-14,0.7231390476226807,0.263060986995697,5738.35009765625,56.25,1.1311193704605103,1.3014055490493774,1207.9000244140625,0.008788195438683033,0.06933754682540894,5822.2998046875,85973.0,7033.7998046875,2701.580078125,45805.3984375,21846.48046875,3205.360107421875,21.25,3.12,0.314090909,1.4541,0.085,2.683,9.55
2018-11-16,0.7271669507026672,0.26438242197036743,5575.5498046875,56.459999084472656,1.1324899196624756,1.276650071144104,1220.800048828125,0.008806305006146431,0.07047265768051147,5822.7998046875,88515.0,7013.89990234375,2736.27001953125,45851.1796875,21680.33984375,3180.739990234375,18.139999389648438,3.08,0.314090909,1.4541,0.085,2.683,9.55
2018-11-19,0.7317965626716614,0.2672010660171509,4871.490234375,56.7599983215332,1.141396164894104,1.2833181619644165,1223.0999755859375,0.008870752528309822,0.07157274335622787,5786.39990234375,87901.0,7000.89990234375,2690.72998046875,46188.83984375,21821.16015625,3160.330078125,20.100000381469727,3.06,0.314090909,1.4541,0.085,2.683,9.55
2018-11-21,0.7216569185256958,0.2662619352340698,4602.169921875,54.630001068115234,1.1372424364089966,1.2789195775985718,1225.800048828125,0.008872877806425095,0.07096526771783829,5722.10009765625,87269.0,7050.2001953125,2649.929931640625,45132.171875,21507.5390625,3153.909912109375,20.799999237060547,3.06,0.314090909,1.4541,0.085,2.683,9.55
2018-11-23,0.725021243095398,0.2629433870315552,4347.10986328125,50.41999816894531,1.1403158903121948,1.287597894668579,1221.0,0.008851281367242336,0.07282684743404388,5793.39990234375,86230.0,6952.89990234375,2632.56005859375,44535.5,21646.55078125,3137.2099609375,21.520000457763672,3.05,0.314090909,1.4541,0.085,2.683,9.55
2018-11-26,0.7233796119689941,0.272257000207901,3779.1298828125,51.630001068115234,1.1337354183197021,1.2812299728393555,1220.199951171875,0.008855905383825302,0.07222657650709152,5749.60009765625,85547.0,7036.0,2673.449951171875,45545.1796875,21812.0,3172.7099609375,18.899999618530273,3.07,0.314090909,1.4541,0.085,2.683,9.55
2018-11-27,0.7223502397537231,0.25382643938064575,3820.719970703125,51.560001373291016,1.1333370208740234,1.2812299728393555,1211.199951171875,0.008810262195765972,0.07191398739814758,5802.7998046875,87891.0,7016.89990234375,2682.169921875,45224.640625,21952.400390625,3166.419921875,19.020000457763672,3.06,0.314090909,1.4541,0.085,2.683,9.55
2018-11-28,0.7229612469673157,0.2581644356250763,4257.419921875,50.290000915527344,1.1298797130584717,1.2743724584579468,1221.4000244140625,0.008789895102381706,0.07189692556858063,5800.10009765625,89251.0,7004.5,2743.7900390625,45799.078125,22177.01953125,3168.2900390625,18.489999771118164,3.06,0.314090909,1.4541,0.085,2.683,9.55
2018-11-29,0.7302521467208862,0.2597942352294922,4278.8466796875,51.45000076293945,1.1368545293807983,1.2824130058288574,1224.0999755859375,0.008806305006146431,0.07264168560504913,5835.7001953125,89710.0,7039.0,2737.800048828125,45703.171875,22262.599609375,3174.159912109375,18.790000915527344,3.03,0.314090909,1.4541,0.085,2.683,9.55
2018-11-30,0.7321876883506775,0.2596728205680847,4017.2685546875,50.93000030517578,1.1392766237258911,1.2784454822540283,1220.199951171875,0.008817486464977264,0.07324343919754028,5749.2998046875,89504.0,6980.2001953125,2760.169921875,44656.890625,22351.060546875,3173.1298828125,18.06999969482422,3.01,0.314090909,1.4541,0.085,2.683,9.55
2018-12-03,0.7373108863830566,0.2587188184261322,3894.130859375,52.95000076293945,1.1342240571975708,1.2753475904464722,1233.9000244140625,0.008790204301476479,0.0729011744260788,5856.2998046875,89820.0,7062.39990234375,2790.3701171875,46052.359375,22574.759765625,3214.989990234375,16.440000534057617,2.98,0.314090909,1.4541,0.085,2.683,9.55
2018-12-04,0.7356890439987183,0.2603624165058136,3956.893798828125,53.25,1.135486125946045,1.2725884914398193,1241.0999755859375,0.00880382489413023,0.07307911664247513,5797.5,88624.0,7022.7998046875,2700.06005859375,46164.8515625,22036.05078125,3189.25,20.739999771118164,2.91,0.314090909,1.4541,0.085,2.683,9.55
2018-12-06,0.7266386151313782,0.25857165455818176,3521.101806640625,51.4900016784668,1.13490629196167,1.2727665901184082,1238.0999755859375,0.008845564909279346,0.07230030745267868,5736.7001953125,88846.0,6704.10009765625,2695.949951171875,44778.75,21501.619140625,3045.93994140625,21.190000534057617,2.87,0.314090909,1.4541,0.085,2.683,9.55
2018-12-07,0.7231180667877197,0.2578781843185425,3419.937255859375,52.61000061035156,1.1374752521514893,1.2778573036193848,1246.800048828125,0.00887398049235344,0.07123064994812012,5757.89990234375,88115.0,6778.10009765625,2633.080078125,45005.30859375,21678.6796875,3058.530029296875,23.229999542236328,2.85,0.314090909,1.4541,0.085,2.683,9.55
2018-12-10,0.7184939980506897,0.25602948665618896,3502.656005859375,51.0,1.1400948762893677,1.2721028327941895,1243.699951171875,0.0088887307792902,0.07054026424884796,5627.5,85915.0,6721.5,2637.719970703125,44417.69921875,21219.5,3016.989990234375,22.639999389648438,2.85,0.314090909,1.4541,0.085,2.683,9.55
2018-12-11,0.7190985083580017,0.25531697273254395,3424.588134765625,51.650001525878906,1.1356538534164429,1.2561235427856445,1241.9000244140625,0.008835405111312866,0.0696786418557167,5651.2001953125,86420.0,6806.89990234375,2636.780029296875,45234.328125,21148.01953125,3055.320068359375,21.760000228881836,2.89,0.314090909,1.4541,0.085,2.683,9.55
2018-12-12,0.7212925553321838,0.2562394142150879,3486.9501953125,51.150001525878906,1.1323105096817017,1.2492972612380981,1244.4000244140625,0.008819586597383022,0.06984459608793259,5727.2998046875,86977.0,6880.2001953125,2651.070068359375,45603.19140625,21602.75,3107.969970703125,21.459999084472656,2.91,0.314090909,1.4541,0.085,2.683,9.55
2018-12-13,0.7221259474754333,0.25946393609046936,3313.67724609375,52.58000183105469,1.1373459100723267,1.2628655433654785,1242.699951171875,0.008827293291687965,0.07094211131334305,5735.2998046875,87838.0,6877.5,2650.5400390625,45639.0,21816.189453125,3112.169921875,20.649999618530273,2.91,0.314090909,1.4541,0.085,2.683,9.55
2018-12-14,0.7224911451339722,0.2570231556892395,3242.48486328125,51.20000076293945,1.1363636255264282,1.2655024528503418,1237.0,0.008805917575955391,0.07055719196796417,5678.7998046875,87450.0,6845.2001953125,2599.949951171875,45528.87109375,21374.830078125,3092.60009765625,21.6299991607666,2.89,0.314090909,1.4541,0.085,2.683,9.55
2018-12-18,0.7177205085754395,0.25656816363334656,3696.05908203125,46.2400016784668,1.1349835395812988,1.2615749835968018,1249.199951171875,0.00886296946555376,0.06954102963209152,5661.7998046875,86610.0,6701.60009765625,2546.159912109375,45227.16015625,21115.44921875,3040.1298828125,25.579999923706055,2.82,0.314090909,1.4541,0.085,2.683,9.55
2018-12-19,0.7188039422035217,0.2556956112384796,3745.95068359375,47.20000076293945,1.1375399827957153,1.2655024528503418,1252.0999755859375,0.008886992931365967,0.06976882368326187,5650.0,85674.0,6765.89990234375,2506.9599609375,45537.578125,20987.919921875,3051.3798828125,25.579999923706055,2.77,0.314090909,1.4541,0.085,2.683,9.55
2018-12-20,0.7113893628120422,0.2566603422164917,4134.44140625,45.880001068115234,1.1389521360397339,1.262785792350769,1263.5999755859375,0.00889600533992052,0.06962867081165314,5572.89990234375,85269.0,6711.89990234375,2467.419921875,45352.859375,20392.580078125,3000.06005859375,28.3799991607666,2.79,0.314090909,1.4541,0.085,2.683,9.55
2018-12-21,0.7115918397903442,0.260491281747818,3896.543701171875,45.59000015258789,1.1456853151321411,1.2669775485992432,1253.800048828125,0.008995152078568935,0.06954223662614822,5533.2998046875,85697.0,6721.2001953125,2416.6201171875,45554.3984375,20166.189453125,3000.610107421875,30.110000610351562,2.79,0.314090909,1.4541,0.085,2.683,9.55
2018-12-27,0.7074787616729736,0.255062997341156,3654.83349609375,44.61000061035156,1.1361312866210938,1.2648781538009644,1277.300048828125,0.008992320857942104,0.06896647065877914,5662.10009765625,85460.0,6584.7001953125,2488.830078125,45655.44921875,20077.619140625,2937.360107421875,29.959999084472656,2.77,0.314090909,1.4541,0.085,2.683,9.55
2018-12-28,0.7035317420959473,0.2582978308200836,3923.918701171875,45.33000183105469,1.143105387687683,1.2646220922470093,1279.9000244140625,0.009020792320370674,0.06899787485599518,5716.0,87887.0,6734.0,2485.739990234375,46493.7890625,20014.76953125,2986.530029296875,28.34000015258789,2.72,0.314090909,1.4541,0.085,2.683,9.55
2019-01-04,0.7006235718727112,0.26630449295043945,3857.717529296875,47.959999084472656,1.1391078233718872,1.2628813982009888,1282.699951171875,0.009275749325752258,0.06988608837127686,5677.0,91841.0,6837.39990234375,2531.93994140625,46156.109375,19561.9609375,3041.85009765625,21.3799991607666,2.67,0.132727273,1.3221,0.0,2.271,9.2963636364
2019-01-07,0.7123776078224182,0.2731344997882843,4025.248291015625,48.52000045776367,1.1410444974899292,1.2734960317611694,1286.800048828125,0.009214721620082855,0.07152717560529709,5744.5,91699.0,6810.89990234375,2549.68994140625,45876.359375,20038.970703125,3033.639892578125,21.399999618530273,2.7,0.132727273,1.3221,0.0,2.271,9.2963636364
2019-01-08,0.7145919799804688,0.2678021490573883,4030.847900390625,49.779998779296875,1.1479737758636475,1.278608798980713,1283.199951171875,0.009206746704876423,0.07214643061161041,5783.2998046875,92032.0,6861.60009765625,2574.409912109375,46116.171875,20204.0390625,3054.93994140625,20.469999313354492,2.73,0.132727273,1.3221,0.0,2.271,9.2963636364
2019-01-09,0.7163323760032654,0.269367516040802,4035.29638671875,52.36000061035156,1.1456066370010376,1.2737879753112793,1289.300048828125,0.00919320434331894,0.07170360535383224,5838.39990234375,93613.0,6906.60009765625,2584.9599609375,47140.8515625,20427.060546875,3070.239990234375,19.979999542236328,2.74,0.132727273,1.3221,0.0,2.271,9.2963636364
2019-01-10,0.7175660133361816,0.27173912525177,3678.924560546875,52.59000015258789,1.1554949283599854,1.279967188835144,1284.699951171875,0.00924308318644762,0.07223398238420486,5853.89990234375,93806.0,6942.89990234375,2596.639892578125,47164.359375,20163.80078125,3075.72998046875,19.5,2.74,0.132727273,1.3221,0.0,2.271,9.2963636364
2019-01-11,0.7187005877494812,0.269694447517395,3687.365478515625,51.59000015258789,1.151012897491455,1.2753963470458984,1287.0999755859375,0.009233781136572361,0.07217840105295181,5834.7998046875,93658.0,6918.2001953125,2596.260009765625,47491.37890625,20359.69921875,3070.0400390625,18.190000534057617,2.71,0.132727273,1.3221,0.0,2.271,9.2963636364
2019-01-15,0.7199423909187317,0.27045300602912903,3630.67529296875,52.11000061035156,1.1472889184951782,1.2874983549118042,1286.199951171875,0.00923787523061037,0.0726601630449295,5871.7998046875,94056.0,6895.0,2610.300048828125,47382.4609375,20555.2890625,3068.050048828125,18.600000381469727,2.72,0.132727273,1.3221,0.0,2.271,9.2963636364
2019-01-16,0.7207674384117126,0.2690775990486145,3655.0068359375,52.310001373291016,1.1416828632354736,1.2872166633605957,1291.5999755859375,0.009204373694956303,0.07288523763418198,5893.7001953125,94393.0,6862.7001953125,2616.10009765625,47665.19921875,20442.75,3077.219970703125,19.040000915527344,2.73,0.132727273,1.3221,0.0,2.271,9.2963636364
2019-01-17,0.7173087000846863,0.2677878141403198,3678.56396484375,52.06999969482422,1.1398088932037354,1.2885768413543701,1291.0,0.00917119812220335,0.07310476154088974,5909.7998046875,95351.0,6834.89990234375,2635.9599609375,47298.3984375,20402.26953125,3069.35009765625,18.059999465942383,2.75,0.132727273,1.3221,0.0,2.271,9.2963636364
2019-01-18,0.7190313339233398,0.2667449116706848,3657.83935546875,53.79999923706055,1.13926362991333,1.2983977794647217,1281.300048828125,0.009161451831459999,0.07293733209371567,5941.2001953125,96097.0,6968.2998046875,2670.7099609375,47585.01953125,20666.0703125,3134.919921875,17.799999237060547,2.79,0.132727273,1.3221,0.0,2.271,9.2963636364
2019-01-22,0.7158913612365723,0.2665671408176422,3604.5771484375,52.56999969482422,1.136932134628296,1.2891747951507568,1282.5,0.009118263609707355,0.07241234183311462,5924.2998046875,95103.0,6901.39990234375,2632.89990234375,47952.19140625,20622.91015625,3112.800048828125,20.799999237060547,2.74,0.132727273,1.3221,0.0,2.271,9.2963636364
2019-01-23,0.7122101187705994,0.26232948899269104,3585.123046875,52.619998931884766,1.1364023685455322,1.2957731485366821,1283.0999755859375,0.009144528768956661,0.07166198641061783,5908.7001953125,96558.0,6842.89990234375,2638.699951171875,47742.01953125,20593.720703125,3112.1298828125,19.520000457763672,2.76,0.132727273,1.3221,0.0,2.271,9.2963636364
2019-01-24,0.714796245098114,0.26579487323760986,3600.865478515625,53.130001068115234,1.1388224363327026,1.308215618133545,1279.0999755859375,0.00913308747112751,0.07242335379123688,5930.5,97677.0,6819.0,2642.330078125,47473.3515625,20574.630859375,3126.31005859375,18.889999389648438,2.72,0.132727273,1.3221,0.0,2.271,9.2963636364
2019-01-29,0.7165992856025696,0.26598575711250305,3448.116943359375,53.310001373291016,1.143000841140747,1.3160146474838257,1308.199951171875,0.00915298331528902,0.07322118431329727,5939.5,95639.0,6833.89990234375,2640.0,48201.0,20664.640625,3153.419921875,19.1299991607666,2.72,0.132727273,1.3221,0.0,2.271,9.2963636364
2019-01-30,0.7159220576286316,0.26892563700675964,3486.181640625,54.22999954223633,1.1435366868972778,1.30804443359375,1309.9000244140625,0.009139347821474075,0.07348618656396866,5951.2001953125,96996.0,6941.60009765625,2681.050048828125,47972.1796875,20556.5390625,3161.739990234375,17.65999984741211,2.7,0.132727273,1.3221,0.0,2.271,9.2963636364
2019-01-31,0.7254682779312134,0.2716358006000519,3457.792724609375,53.790000915527344,1.1487650871276855,1.3117163181304932,1319.699951171875,0.009175911545753479,0.07503057271242142,5937.2998046875,97394.0,6968.89990234375,2704.10009765625,47955.98046875,20773.490234375,3159.429931640625,16.56999969482422,2.63,0.132727273,1.3221,0.0,2.271,9.2963636364
2019-02-01,0.7271669507026672,0.2745141088962555,3487.9453125,55.2599983215332,1.1449507474899292,1.3109424114227295,1316.9000244140625,0.009187460877001286,0.07547853142023087,5935.2998046875,97861.0,7020.2001953125,2706.530029296875,47697.78125,20788.390625,3171.1201171875,16.139999389648438,2.7,0.0555,1.239,-0.015,2.126,9.261
2019-02-04,0.7249003052711487,0.27342575788497925,3459.154052734375,54.560001373291016,1.1455278396606445,1.3077365159988403,1314.300048828125,0.0091375932097435,0.0751015767455101,5963.0,98589.0,7034.10009765625,2724.8701171875,47183.390625,20883.76953125,3165.199951171875,15.729999542236328,2.73,0.0555,1.239,-0.015,2.126,9.261
2019-02-05,0.7214018106460571,0.27270248532295227,3466.357421875,53.65999984741211,1.1436283588409424,1.3031013011932373,1314.199951171875,0.009094133041799068,0.07457010447978973,6068.10009765625,98311.0,7177.39990234375,2737.699951171875,47999.08984375,20844.44921875,3215.0400390625,15.569999694824219,2.71,0.0555,1.239,-0.015,2.126,9.261
2019-02-06,0.7243752479553223,0.272605836391449,3413.767822265625,54.0099983215332,1.140992522239685,1.2957228422164917,1309.5,0.00909578800201416,0.07482229918241501,6091.7998046875,94636.0,7173.10009765625,2731.610107421875,48318.53125,20874.060546875,3212.75,15.380000114440918,2.7,0.0555,1.239,-0.015,2.126,9.261
2019-02-07,0.7109948396682739,0.2706579566001892,3399.4716796875,52.63999938964844,1.1365960836410522,1.2934435606002808,1309.4000244140625,0.009093058295547962,0.0739205926656723,6159.10009765625,94406.0,7093.60009765625,2706.050048828125,47672.55078125,20751.279296875,3150.760009765625,16.3700008392334,2.65,0.0555,1.239,-0.015,2.126,9.261
2019-02-08,0.709541916847229,0.26918625831604004,3666.7802734375,52.720001220703125,1.1338768005371094,1.2949174642562866,1313.699951171875,0.00911111943423748,0.073482945561409,6136.2001953125,95343.0,7071.2001953125,2707.8798828125,47001.7890625,20333.169921875,3135.6201171875,15.720000267028809,2.63,0.0555,1.239,-0.015,2.126,9.261
2019-02-12,0.7063493728637695,0.2662973999977112,3653.528564453125,53.099998474121094,1.1279042959213257,1.2864052057266235,1309.199951171875,0.009057970717549324,0.07255998998880386,6148.7001953125,96168.0,7133.10009765625,2744.72998046875,47807.05859375,20864.2109375,3190.75,15.430000305175781,2.68,0.0555,1.239,-0.015,2.126,9.261
2019-02-13,0.7104795575141907,0.2696871757507324,3632.070556640625,53.900001525878906,1.1334655284881592,1.2892080545425415,1310.800048828125,0.009048545733094215,0.07272568345069885,6140.2001953125,95842.0,7190.7998046875,2753.030029296875,48388.5,21144.48046875,3202.3701171875,15.649999618530273,2.71,0.0555,1.239,-0.015,2.126,9.261
2019-02-14,0.7092198729515076,0.266439288854599,3616.880859375,54.40999984741211,1.12649405002594,1.2856775522232056,1309.800048828125,0.009015263058245182,0.07122750580310822,6139.60009765625,98015.0,7197.0,2745.72998046875,48349.8203125,21139.7109375,3182.659912109375,16.219999313354492,2.66,0.0555,1.239,-0.015,2.126,9.261
2019-02-15,0.710328221321106,0.26867276430130005,3620.810791015625,55.59000015258789,1.1295350790023804,1.2798361778259277,1318.0999755859375,0.009046662598848343,0.07084712386131287,6148.60009765625,97526.0,7236.7001953125,2775.60009765625,48446.140625,20900.630859375,3241.25,14.90999984741211,2.66,0.0555,1.239,-0.015,2.126,9.261
2019-02-19,0.7132158875465393,0.2679743766784668,3947.094482421875,56.09000015258789,1.131196141242981,1.2924071550369263,1340.0999755859375,0.009042327292263508,0.07105300575494766,6184.2001953125,97659.0,7179.2001953125,2779.760009765625,48956.53125,21302.650390625,3239.409912109375,14.880000114440918,2.65,0.0555,1.239,-0.015,2.126,9.261
2019-02-20,0.7166917324066162,0.26867276430130005,3999.820556640625,56.91999816894531,1.1343011856079102,1.3061310052871704,1343.300048828125,0.009043880738317966,0.07127431035041809,6175.7998046875,96545.0,7228.60009765625,2784.699951171875,49405.41015625,21431.490234375,3259.489990234375,14.020000457763672,2.65,0.0555,1.239,-0.015,2.126,9.261
2019-02-21,0.7170000672340393,0.26852846145629883,3954.1181640625,56.959999084472656,1.1346358060836792,1.30451238155365,1323.5,0.009028122760355473,0.07138420641422272,6214.60009765625,96932.0,7167.39990234375,2774.8798828125,49205.359375,21464.23046875,3263.699951171875,14.460000038146973,2.69,0.0555,1.239,-0.015,2.126,9.261
2019-02-22,0.710883617401123,0.26549845933914185,4005.526611328125,57.2599983215332,1.1343011856079102,1.3041380643844604,1329.199951171875,0.009032770991325378,0.07137402147054672,6241.89990234375,97886.0,7178.60009765625,2792.669921875,49735.69140625,21425.509765625,3270.550048828125,13.510000228881836,2.65,0.0555,1.239,-0.015,2.126,9.261
2019-02-25,0.7159220576286316,0.2669300436973572,3882.6962890625,55.47999954223633,1.1342240571975708,1.306557536125183,1325.9000244140625,0.009027551859617233,0.07166419178247452,6263.60009765625,97240.0,7183.7001953125,2796.110107421875,49638.421875,21528.23046875,3280.010009765625,14.850000381469727,2.67,0.0555,1.239,-0.015,2.126,9.261
2019-02-26,0.7174115777015686,0.26663821935653687,3854.35791015625,55.5,1.1367511749267578,1.31271493434906,1325.0999755859375,0.009005277417600155,0.0723777562379837,6209.0,97603.0,7151.10009765625,2793.89990234375,49965.890625,21449.390625,3289.320068359375,15.170000076293945,2.64,0.0555,1.239,-0.015,2.126,9.261
2019-02-27,0.719398558139801,0.2668730318546295,3851.04736328125,56.939998626708984,1.1393154859542847,1.3258028030395508,1317.699951171875,0.009045190177857876,0.07231678068637848,6233.60009765625,97307.0,7107.2001953125,2792.3798828125,49955.05078125,21556.509765625,3282.77001953125,14.699999809265137,2.69,0.0555,1.239,-0.015,2.126,9.261
2019-02-28,0.7148473858833313,0.2682907283306122,3854.785400390625,57.220001220703125,1.1380189657211304,1.3318239450454712,1312.800048828125,0.009020223282277584,0.07185663282871246,6252.7001953125,95584.0,7074.7001953125,2784.489990234375,49667.1015625,21385.16015625,3298.260009765625,14.779999732971191,2.73,0.0555,1.239,-0.015,2.126,9.261
2019-03-01,0.7102777361869812,0.26684457063674927,3859.583740234375,55.79999923706055,1.1373459100723267,1.3264886140823364,1296.4000244140625,0.008980127051472664,0.07112780213356018,6273.7998046875,94604.0,7106.7001953125,2803.68994140625,49841.26953125,21602.689453125,3312.10009765625,13.569999694824219,2.76,0.010952381,1.19,-0.095,1.957,9.2375
2019-03-06,0.7087423801422119,0.2649427652359009,3903.942626953125,56.220001220703125,1.1307101249694824,1.3156682252883911,1284.9000244140625,0.008939267136156559,0.07059106230735779,6326.7998046875,94217.0,7196.0,2771.449951171875,49875.0390625,21596.810546875,3324.669921875,15.739999771118164,2.69,0.010952381,1.19,-0.095,1.957,9.2375
2019-03-07,0.7034822702407837,0.2606338560581207,3911.484375,56.65999984741211,1.1314009428024292,1.3182177543640137,1283.800048828125,0.00895872712135315,0.07014541327953339,6344.2001953125,94340.0,7157.60009765625,2748.929931640625,49665.55078125,21456.009765625,3308.85009765625,16.59000015258789,2.64,0.010952381,1.19,-0.095,1.957,9.2375
2019-03-08,0.7023458480834961,0.2584446966648102,3901.131591796875,56.06999969482422,1.1198333501815796,1.3092432022094727,1297.0,0.008957844227552414,0.06896085292100906,6287.10009765625,95365.0,7104.2998046875,2743.070068359375,49233.12890625,21025.560546875,3283.60009765625,16.049999237060547,2.62,0.010952381,1.19,-0.095,1.957,9.2375
2019-03-11,0.7039278745651245,0.262233167886734,3905.227294921875,56.790000915527344,1.1232421398162842,1.2988362312316895,1288.800048828125,0.009002520702779293,0.06938854604959488,6263.2998046875,98027.0,7130.60009765625,2783.300048828125,49387.30859375,21125.08984375,3304.43994140625,14.329999923706055,2.64,0.010952381,1.19,-0.095,1.957,9.2375
2019-03-12,0.7073386311531067,0.26059991121292114,3909.15625,56.869998931884766,1.1259232759475708,1.3248542547225952,1296.300048828125,0.00898133683949709,0.06994278728961945,6260.60009765625,97828.0,7151.2001953125,2791.52001953125,49468.4296875,21503.689453125,3303.949951171875,13.770000457763672,2.61,0.010952381,1.19,-0.095,1.957,9.2375
2019-03-13,0.7064142823219299,0.26235702633857727,3906.71728515625,58.2599983215332,1.1287446022033691,1.3066771030426025,1307.5,0.008984241634607315,0.06969223916530609,6246.0,98904.0,7159.2001953125,2810.919921875,49584.8515625,21290.240234375,3323.449951171875,13.40999984741211,2.61,0.010952381,1.19,-0.095,1.957,9.2375
2019-03-14,0.7087172269821167,0.26224005222320557,3924.369140625,58.61000061035156,1.133105993270874,1.3285682201385498,1293.4000244140625,0.00899312924593687,0.06940636783838272,6266.7998046875,98605.0,7185.39990234375,2808.47998046875,49485.03125,21287.01953125,3342.030029296875,13.5,2.63,0.010952381,1.19,-0.095,1.957,9.2375
2019-03-15,0.706813633441925,0.260382741689682,3960.9111328125,58.52000045776367,1.1308379173278809,1.3258554935455322,1301.800048828125,0.008948305621743202,0.06890659034252167,6265.10009765625,99137.0,7228.2998046875,2822.47998046875,49684.03125,21450.849609375,3386.080078125,12.880000114440918,2.59,0.010952381,1.19,-0.095,1.957,9.2375
2019-03-18,0.7082905769348145,0.26226067543029785,4032.50732421875,59.09000015258789,1.1319772005081177,1.329716444015503,1300.300048828125,0.008963705971837044,0.06934187561273575,6283.60009765625,99994.0,7299.2001953125,2832.93994140625,50388.58984375,21584.5,3387.93994140625,13.100000381469727,2.6,0.010952381,1.19,-0.095,1.957,9.2375
2019-03-19,0.7099751830101013,0.26385223865509033,4071.190185546875,59.029998779296875,1.133619785308838,1.326435923576355,1305.0,0.008978837169706821,0.06930727511644363,6276.60009765625,99588.0,7324.0,2832.570068359375,50475.109375,21566.849609375,3409.0,13.5600004196167,2.61,0.010952381,1.19,-0.095,1.957,9.2375
2019-03-20,0.7089684009552002,0.2640124559402466,4087.476318359375,59.83000183105469,1.135486125946045,1.3271400928497314,1300.5,0.008976579643785954,0.06896256655454636,6251.7998046875,98041.0,7291.0,2824.22998046875,49827.55859375,21608.919921875,3372.3798828125,13.90999984741211,2.54,0.010952381,1.19,-0.095,1.957,9.2375
2019-03-22,0.710782527923584,0.26378265023231506,4023.96826171875,59.040000915527344,1.1375011205673218,1.313232183456421,1311.5999755859375,0.009024782106280327,0.07042551040649414,6280.89990234375,93735.0,7207.60009765625,2800.7099609375,49792.421875,21627.33984375,3305.72998046875,16.479999542236328,2.44,0.010952381,1.19,-0.095,1.957,9.2375
2019-03-25,0.7083156108856201,0.25601640343666077,3963.070556640625,58.81999969482422,1.129586100578308,1.3206549882888794,1321.9000244140625,0.009084220044314861,0.06910229474306107,6208.7001953125,93662.0,7177.60009765625,2798.360107421875,49161.53125,20977.109375,3300.47998046875,16.329999923706055,2.43,0.010952381,1.19,-0.095,1.957,9.2375
2019-03-26,0.7116121053695679,0.25949761271476746,3985.080810546875,59.939998626708984,1.131580114364624,1.3215277194976807,1314.300048828125,0.009085292927920818,0.0699281170964241,6213.10009765625,95307.0,7196.2998046875,2818.4599609375,49372.2109375,21428.390625,3319.530029296875,14.680000305175781,2.41,0.010952381,1.19,-0.095,1.957,9.2375
2019-03-27,0.713699460029602,0.25806450843811035,4087.066162109375,59.40999984741211,1.127484679222107,1.321143627166748,1309.9000244140625,0.009045353159308434,0.06941021978855133,6217.60009765625,91903.0,7194.2001953125,2805.3701171875,49897.3203125,21378.73046875,3322.0400390625,15.149999618530273,2.39,0.010952381,1.19,-0.095,1.957,9.2375
2019-03-28,0.7084510922431946,0.2507396936416626,4069.107177734375,59.29999923706055,1.1251758337020874,1.3152703046798706,1289.800048828125,0.00905059278011322,0.06849737465381622,6256.5,94389.0,7234.2998046875,2815.43994140625,49903.30859375,21033.759765625,3320.2900390625,14.430000305175781,2.39,0.010952381,1.19,-0.095,1.957,9.2375
2019-03-29,0.7083156108856201,0.2565615475177765,4098.37451171875,60.13999938964844,1.1230024099349976,1.30565345287323,1293.0,0.009038567543029785,0.0685654729604721,6261.7001953125,95415.0,7279.2001953125,2834.39990234375,50273.9296875,21205.810546875,3351.7099609375,13.710000038146973,2.41,0.010952381,1.19,-0.095,1.957,9.2375
2019-04-01,0.7113893628120422,0.254939466714859,4158.18310546875,61.59000015258789,1.1223849058151245,1.3022867441177368,1288.4000244140625,0.009009414352476597,0.06979779899120331,6299.7001953125,96054.0,7317.39990234375,2867.18994140625,50879.640625,21509.029296875,3385.3798828125,13.399999618530273,2.49,-0.0395,1.1906,-0.045,1.865,9.063
2019-04-02,0.710989773273468,0.2598415017127991,4879.8779296875,62.58000183105469,1.1205737590789795,1.3068991899490356,1290.0,0.00897255353629589,0.07053778320550919,6327.7998046875,95387.0,7391.10009765625,2867.239990234375,50952.078125,21505.310546875,3395.699951171875,13.359999656677246,2.48,-0.0395,1.1906,-0.045,1.865,9.063
2019-04-03,0.7058408260345459,0.2595852017402649,4973.02197265625,62.459999084472656,1.1203854084014893,1.312766671180725,1289.9000244140625,0.008984322659671307,0.07040964812040329,6368.7001953125,94491.0,7418.2998046875,2873.39990234375,51640.69921875,21713.2109375,3435.56005859375,13.739999771118164,2.52,-0.0395,1.1906,-0.045,1.865,9.063
2019-04-04,0.7117488384246826,0.258511483669281,4922.798828125,62.099998474121094,1.1246949434280396,1.3176966905593872,1289.0,0.008977063931524754,0.07079295068979263,6320.39990234375,96313.0,7401.89990234375,2879.389892578125,51449.26953125,21724.94921875,3441.929931640625,13.579999923706055,2.51,-0.0395,1.1906,-0.045,1.865,9.063
2019-04-05,0.7110353112220764,0.25934281945228577,5036.68115234375,63.08000183105469,1.1225864887237549,1.3077024221420288,1290.4000244140625,0.008955919183790684,0.0708998590707779,6270.60009765625,97108.0,7446.89990234375,2892.739990234375,51517.73046875,21807.5,3447.469970703125,12.819999694824219,2.5,-0.0395,1.1906,-0.045,1.865,9.063
2019-04-08,0.7101768255233765,0.25813111662864685,5289.77099609375,64.4000015258789,1.121956706047058,1.3038150072097778,1297.0999755859375,0.008951670490205288,0.07094110548496246,6310.7998046875,97369.0,7451.89990234375,2895.77001953125,51705.98046875,21761.650390625,3438.06005859375,13.180000305175781,2.52,-0.0395,1.1906,-0.045,1.865,9.063
2019-04-09,0.7121593952178955,0.2598617374897003,5204.95849609375,63.97999954223633,1.1256444454193115,1.306335687637329,1303.5,0.008972150273621082,0.07083256542682648,6315.5,96292.0,7425.60009765625,2878.199951171875,51564.08984375,21802.58984375,3417.219970703125,14.279999732971191,2.51,-0.0395,1.1906,-0.045,1.865,9.063
2019-04-10,0.7129108309745789,0.25987526774406433,5324.5517578125,64.61000061035156,1.126697063446045,1.305721640586853,1309.0999755859375,0.009000495076179504,0.07104644179344177,6316.5,95953.0,7421.89990234375,2888.2099609375,52161.05078125,21687.5703125,3424.64990234375,13.300000190734863,2.48,-0.0395,1.1906,-0.045,1.865,9.063
2019-04-11,0.7166917324066162,0.2615062892436981,5064.48779296875,63.58000183105469,1.1276500225067139,1.3099292516708374,1288.5999755859375,0.009010226465761662,0.07197455316781998,6294.10009765625,94755.0,7418.0,2888.320068359375,51942.03125,21711.380859375,3435.340087890625,13.020000457763672,2.51,-0.0395,1.1906,-0.045,1.865,9.063
2019-04-12,0.7122507095336914,0.2593495547771454,5089.5390625,63.88999938964844,1.1260753870010376,1.3056023120880127,1290.5999755859375,0.008958887308835983,0.07138879597187042,6347.0,92875.0,7437.10009765625,2907.409912109375,52141.51953125,21870.560546875,3447.830078125,12.010000228881836,2.56,-0.0395,1.1906,-0.045,1.865,9.063
2019-04-15,0.7173087000846863,0.2577120363712311,5067.1083984375,63.400001525878906,1.1305055618286133,1.3083868026733398,1286.800048828125,0.008926339447498322,0.0716717392206192,6347.89990234375,93083.0,7436.89990234375,2905.580078125,51960.6796875,22169.109375,3450.4599609375,12.319999694824219,2.55,-0.0395,1.1906,-0.045,1.865,9.063
2019-04-16,0.7176175117492676,0.2583712339401245,5235.5595703125,64.05000305175781,1.1304928064346313,1.3102725744247437,1272.5999755859375,0.008933117613196373,0.07124841213226318,6372.2998046875,94333.0,7469.89990234375,2907.06005859375,52590.28125,22221.66015625,3463.360107421875,12.180000305175781,2.6,-0.0395,1.1906,-0.045,1.865,9.063
2019-04-17,0.7164915204048157,0.2561606764793396,5251.93798828125,63.7599983215332,1.128502607345581,1.3046314716339111,1272.199951171875,0.00892912968993187,0.07133227586746216,6350.2998046875,93285.0,7471.2998046875,2900.449951171875,52561.4296875,22277.970703125,3477.72998046875,12.600000381469727,2.59,-0.0395,1.1906,-0.045,1.865,9.063
2019-04-18,0.7174115777015686,0.2540198564529419,5298.3857421875,64.0,1.129713773727417,1.3039339780807495,1271.9000244140625,0.008925702422857285,0.07162091881036758,6349.89990234375,94578.0,7459.89990234375,2905.030029296875,52872.78125,22090.119140625,3499.22998046875,12.09000015258789,2.57,-0.0395,1.1906,-0.045,1.865,9.063
2019-04-23,0.7137249112129211,0.25418776273727417,5572.3623046875,66.30000305175781,1.1258978843688965,1.2981449365615845,1269.300048828125,0.008934235200285912,0.07067088037729263,6411.10009765625,95923.0,7523.10009765625,2933.679931640625,53184.19140625,22259.740234375,3503.85009765625,12.279999732971191,2.57,-0.0395,1.1906,-0.045,1.865,9.063
2019-04-24,0.7096678018569946,0.2552127242088318,5464.86669921875,65.88999938964844,1.122435212135315,1.2938116788864136,1275.5,0.008938387967646122,0.07015968859195709,6470.60009765625,95045.0,7471.7998046875,2927.25,52785.5703125,22200.0,3502.6298828125,13.140000343322754,2.53,-0.0395,1.1906,-0.045,1.865,9.063
2019-04-26,0.7017790079116821,0.252991646528244,5279.34814453125,63.29999923706055,1.113684892654419,1.289607048034668,1284.9000244140625,0.008965473622083664,0.06940829008817673,6473.2001953125,96236.0,7428.2001953125,2939.8798828125,52572.0390625,22258.73046875,3500.409912109375,12.729999542236328,2.51,-0.0395,1.1906,-0.045,1.865,9.063
2019-05-07,0.6992518305778503,0.25200343132019043,5829.50146484375,61.400001525878906,1.1201846599578857,1.3099292516708374,1283.5,0.009024863131344318,0.06919217854738235,6383.5,94389.0,7260.5,2884.050048828125,51707.1484375,21923.720703125,3401.159912109375,19.31999969482422,2.45,-0.134545455,1.13,-0.095,1.655,9.1023809524
2019-05-09,0.6994963884353638,0.2546927034854889,6174.52880859375,61.70000076293945,1.1198333501815796,1.3012022972106934,1283.5,0.009088595397770405,0.06959765404462814,6377.2998046875,94808.0,7207.39990234375,2870.719970703125,50264.19921875,21402.130859375,3350.7099609375,19.100000381469727,2.45,-0.134545455,1.13,-0.095,1.655,9.1023809524
2019-05-10,0.6987094879150391,0.25345972180366516,6378.84912109375,61.65999984741211,1.1222084760665894,1.3009653091430664,1285.699951171875,0.009106887504458427,0.06977685540914536,6393.10009765625,94258.0,7203.2998046875,2881.39990234375,50533.58984375,21344.919921875,3361.050048828125,16.040000915527344,2.47,-0.134545455,1.13,-0.095,1.655,9.1023809524
2019-05-13,0.6985093951225281,0.2525443732738495,7814.9150390625,61.040000915527344,1.1236460208892822,1.3010668754577637,1300.0999755859375,0.009119594469666481,0.07044833153486252,6381.2998046875,91727.0,7163.7001953125,2811.8701171875,50181.3984375,21191.279296875,3320.780029296875,20.549999237060547,2.4,-0.134545455,1.13,-0.095,1.655,9.1023809524
2019-05-14,0.6945891380310059,0.2505951523780823,7994.416015625,61.779998779296875,1.1232547760009766,1.2963106632232666,1294.699951171875,0.009161368012428284,0.06981777399778366,6327.2001953125,92092.0,7241.60009765625,2834.409912109375,50078.01171875,21067.23046875,3364.3798828125,18.059999465942383,2.42,-0.134545455,1.13,-0.095,1.655,9.1023809524
2019-05-15,0.6939143538475037,0.25156599283218384,8205.16796875,62.02000045776367,1.1204482316970825,1.2906556129455566,1296.300048828125,0.009118180721998215,0.0702306404709816,6370.89990234375,91623.0,7297.0,2850.9599609375,49877.1015625,21188.560546875,3385.780029296875,16.440000534057617,2.37,-0.134545455,1.13,-0.095,1.655,9.1023809524
2019-05-16,0.6927126049995422,0.2500062584877014,7884.9091796875,62.869998931884766,1.1207244396209717,1.2847524881362915,1285.0,0.00913450587540865,0.07039973139762878,6417.5,90024.0,7353.5,2876.320068359375,50360.28125,21062.98046875,3438.56005859375,15.289999961853027,2.4,-0.134545455,1.13,-0.095,1.655,9.1023809524
2019-05-17,0.6893223524093628,0.24714548885822296,7343.8955078125,62.7599983215332,1.1173559427261353,1.2797706127166748,1274.5,0.009101582691073418,0.0700279176235199,6460.2001953125,89993.0,7348.60009765625,2859.530029296875,50081.1796875,21250.08984375,3425.639892578125,15.960000038146973,2.39,-0.134545455,1.13,-0.095,1.655,9.1023809524
2019-05-20,0.690321683883667,0.24405719339847565,7978.30908203125,63.099998474121094,1.1165324449539185,1.2731555700302124,1276.0999755859375,0.009077704511582851,0.06934861093759537,6564.7001953125,91946.0,7310.89990234375,2840.22998046875,49551.1484375,21301.73046875,3369.780029296875,16.309999465942383,2.41,-0.134545455,1.13,-0.095,1.655,9.1023809524
2019-05-21,0.6920607089996338,0.24420620501041412,7963.32763671875,62.9900016784668,1.1168566942214966,1.2729123830795288,1272.0,0.009085128083825111,0.06957407295703888,6584.39990234375,94485.0,7328.89990234375,2864.360107421875,49486.2890625,21272.44921875,3386.510009765625,14.949999809265137,2.43,-0.134545455,1.13,-0.095,1.655,9.1023809524
2019-05-22,0.6920607089996338,0.24420620501041412,7680.06640625,61.41999816894531,1.1168566942214966,1.2729123830795288,1273.5999755859375,0.009085128083825111,0.06957407295703888,6598.10009765625,94361.0,7334.2001953125,2856.27001953125,49193.8984375,21283.369140625,3386.719970703125,14.75,2.39,-0.134545455,1.13,-0.095,1.655,9.1023809524
2019-05-23,0.6877579092979431,0.24772097170352936,7881.8466796875,57.90999984741211,1.1155484914779663,1.2664159536361694,1284.800048828125,0.009072680957615376,0.06963934004306793,6584.2998046875,93910.0,7231.0,2822.239990234375,48290.12890625,21151.140625,3327.199951171875,16.920000076293945,2.31,-0.134545455,1.13,-0.095,1.655,9.1023809524
2019-05-24,0.689959704875946,0.24760441482067108,7987.37158203125,58.630001068115234,1.1184556484222412,1.2664639949798584,1283.0,0.009127585217356682,0.0690319761633873,6545.60009765625,93628.0,7277.7001953125,2826.06005859375,48427.671875,21117.220703125,3350.699951171875,15.850000381469727,2.32,-0.134545455,1.13,-0.095,1.655,9.1023809524
2019-05-28,0.6919936537742615,0.24739615619182587,8719.9619140625,59.13999938964844,1.1193821430206299,1.2682307958602905,1276.5,0.00913166906684637,0.06931208074092865,6580.39990234375,96393.0,7269.0,2802.389892578125,48464.671875,21260.140625,3348.860107421875,17.5,2.26,-0.134545455,1.13,-0.095,1.655,9.1023809524
2019-05-29,0.6926167011260986,0.24853365123271942,8659.4873046875,58.810001373291016,1.1170687675476074,1.2659670114517212,1280.5999755859375,0.009145282208919525,0.06803276389837265,6536.60009765625,96567.0,7185.2998046875,2783.02001953125,49003.05859375,21003.369140625,3297.81005859375,17.899999618530273,2.25,-0.134545455,1.13,-0.095,1.655,9.1023809524
2019-05-30,0.691840410232544,0.2516736090183258,8319.47265625,56.59000015258789,1.1137346029281616,1.2629451751708984,1287.0999755859375,0.009128918871283531,0.06835690885782242,6489.2001953125,97457.0,7218.2001953125,2788.860107421875,49666.8515625,20942.529296875,3297.81005859375,17.299999237060547,2.22,-0.134545455,1.13,-0.095,1.655,9.1023809524
2019-05-31,0.6906077861785889,0.2512562870979309,8574.501953125,53.5,1.1131147146224976,1.2609704732894897,1305.800048828125,0.009144362062215805,0.06770939379930496,6491.7998046875,97030.0,7161.7001953125,2752.06005859375,49587.46875,20601.189453125,3280.429931640625,18.709999084472656,2.14,-0.134545455,1.13,-0.095,1.655,9.1023809524
2019-06-03,0.6929622888565063,0.2548290193080902,8208.9951171875,53.25,1.1174057722091675,1.2639508247375488,1322.699951171875,0.009241119027137756,0.06849455833435059,6410.7998046875,97020.0,7184.7998046875,2744.449951171875,50213.4609375,20410.880859375,3300.219970703125,18.860000610351562,2.07,-0.134545455,1.13,-0.095,1.655,9.1023809524
2019-06-04,0.6972042322158813,0.2574599087238312,7707.77099609375,53.47999954223633,1.124631643295288,1.2664159536361694,1323.4000244140625,0.009256944991648197,0.0692228376865387,6416.7001953125,97380.0,7214.2998046875,2803.27001953125,50452.37890625,20408.5390625,3333.489990234375,16.969999313354492,2.12,-0.134545455,1.13,-0.095,1.655,9.1023809524
2019-06-05,0.6991393566131592,0.25949761271476746,7824.2314453125,51.68000030517578,1.1254037618637085,1.2702767848968506,1328.300048828125,0.009237534366548061,0.06836531311273575,6443.60009765625,95999.0,7220.2001953125,2826.14990234375,50975.71875,20776.099609375,3339.949951171875,16.09000015258789,2.12,-0.134545455,1.13,-0.095,1.655,9.1023809524
2019-06-06,0.6971070170402527,0.2577718198299408,7822.0234375,52.59000015258789,1.1229015588760376,1.2688584327697754,1337.5999755859375,0.009231223724782467,0.06740724295377731,6466.39990234375,97205.0,7259.89990234375,2843.489990234375,50988.44140625,20774.0390625,3338.409912109375,15.930000305175781,2.12,-0.134545455,1.13,-0.095,1.655,9.1023809524
2019-06-07,0.6975446939468384,0.25783827900886536,8043.951171875,53.9900016784668,1.1276500225067139,1.269841194152832,1341.199951171875,0.009220498614013195,0.06665022671222687,6525.2001953125,97821.0,7331.89990234375,2873.340087890625,51976.890625,20884.7109375,3378.3798828125,16.299999237060547,2.09,-0.134545455,1.13,-0.095,1.655,9.1023809524
2019-06-11,0.6961122155189514,0.25743338465690613,7927.71435546875,53.27000045776367,1.1318106651306152,1.2691160440444946,1326.4000244140625,0.009228582493960857,0.067531518638134,6624.39990234375,98960.0,7398.5,2885.719970703125,52656.328125,21204.279296875,3401.10009765625,15.989999771118164,2.15,-0.134545455,1.13,-0.095,1.655,9.1023809524
2019-06-12,0.6960880160331726,0.25939664244651794,8145.857421875,51.13999938964844,1.1329518556594849,1.2724426984786987,1331.9000244140625,0.009218798950314522,0.06824447959661484,6628.89990234375,98321.0,7367.60009765625,2879.840087890625,52619.4296875,21129.720703125,3386.6298828125,15.90999984741211,2.13,-0.134545455,1.13,-0.095,1.655,9.1023809524
2019-06-13,0.6930487751960754,0.25867196917533875,8230.923828125,52.279998779296875,1.1295605897903442,1.2693415880203247,1339.199951171875,0.009217609651386738,0.06728841364383698,6619.10009765625,98774.0,7368.60009765625,2891.639892578125,52592.4296875,21032.0,3390.5,15.819999694824219,2.1,-0.134545455,1.13,-0.095,1.655,9.1023809524
2019-06-14,0.6913239359855652,0.2598617374897003,8693.8330078125,52.5099983215332,1.1280443668365479,1.268005609512329,1340.0999755859375,0.009231820702552795,0.06731237471103668,6633.60009765625,98040.0,7345.7998046875,2886.97998046875,52166.6796875,21116.890625,3379.18994140625,15.279999732971191,2.09,-0.134545455,1.13,-0.095,1.655,9.1023809524
2019-06-18,0.6854009628295898,0.2572678029537201,9081.7626953125,53.900001525878906,1.1224603652954102,1.2541544437408447,1346.5999755859375,0.009213278070092201,0.06758583337068558,6647.89990234375,99404.0,7443.0,2917.75,52593.96875,20972.7109375,3452.889892578125,15.149999618530273,2.06,-0.134545455,1.13,-0.095,1.655,9.1023809524
2019-06-19,0.6880418062210083,0.25910091400146484,9273.521484375,53.7599983215332,1.1198208332061768,1.2566603422164917,1344.5999755859375,0.009210392832756042,0.06891561299562454,6728.5,100303.0,7403.5,2926.4599609375,52534.390625,21333.869140625,3454.699951171875,14.329999923706055,2.03,-0.134545455,1.13,-0.095,1.655,9.1023809524
2019-06-21,0.6922379732131958,0.26057273149490356,10144.556640625,57.43000030517578,1.1295605897903442,1.2707933187484741,1396.199951171875,0.009321662597358227,0.06976468116044998,6734.2998046875,102013.0,7407.5,2950.4599609375,52902.87890625,21258.640625,3466.919921875,15.399999618530273,2.07,-0.134545455,1.13,-0.095,1.655,9.1023809524
2019-06-24,0.6944299936294556,0.2617458403110504,11011.1025390625,57.900001525878906,1.1384724378585815,1.2750873565673828,1414.300048828125,0.009318622760474682,0.0698603093624115,6745.5,102062.0,7416.7001953125,2945.35009765625,52760.9609375,21285.990234375,3455.570068359375,15.260000228881836,2.02,-0.134545455,1.13,-0.095,1.655,9.1023809524
2019-06-25,0.696567952632904,0.2613969147205353,11790.9169921875,57.83000183105469,1.140029788017273,1.2739664316177368,1414.9000244140625,0.009317319840192795,0.06966990232467651,6734.5,100093.0,7422.39990234375,2917.3798828125,52279.51171875,21193.810546875,3444.360107421875,16.280000686645508,2.0,-0.134545455,1.13,-0.095,1.655,9.1023809524
2019-06-26,0.6961848735809326,0.2600442171096802,13016.2314453125,59.380001068115234,1.1369967460632324,1.2690677642822266,1411.5999755859375,0.009331317618489265,0.06980705261230469,6716.10009765625,100689.0,7416.39990234375,2913.780029296875,52407.30078125,21086.58984375,3442.949951171875,16.209999084472656,2.05,-0.134545455,1.13,-0.095,1.655,9.1023809524
2019-06-27,0.6986606121063232,0.26022014021873474,11182.806640625,59.43000030517578,1.1374752521514893,1.269841194152832,1408.4000244140625,0.009281775914132595,0.07032299041748047,6743.0,100724.0,7402.2998046875,2924.919921875,52056.359375,21338.169921875,3442.3798828125,15.819999694824219,2.01,-0.134545455,1.13,-0.095,1.655,9.1023809524
2019-06-28,0.7003781795501709,0.2620545029640198,12407.33203125,58.470001220703125,1.1372941732406616,1.267748475074768,1409.699951171875,0.009281001053750515,0.07063194364309311,6699.2001953125,100967.0,7425.60009765625,2941.760009765625,52198.94140625,21275.919921875,3473.68994140625,15.079999923706055,2.0,-0.134545455,1.13,-0.095,1.655,9.1023809524
2019-07-01,0.702331006526947,0.25977399945259094,10583.134765625,59.09000015258789,1.1364928483963013,1.2694543600082397,1385.5999755859375,0.009226623922586441,0.07107118517160416,6731.39990234375,101340.0,7497.5,2964.330078125,52464.75,21729.970703125,3497.590087890625,14.0600004196167,2.03,-0.38826087,0.8304,-0.16,1.32,8.7803130435
2019-07-02,0.6964758634567261,0.260443776845932,10801.677734375,56.25,1.1287446022033691,1.2644623517990112,1404.5999755859375,0.009227986447513103,0.07077491283416748,6741.10009765625,100605.0,7559.2001953125,2973.010009765625,52093.3515625,21754.26953125,3507.97998046875,12.930000305175781,1.98,-0.38826087,0.8304,-0.16,1.32,8.7803130435
2019-07-03,0.699594259262085,0.2601524591445923,11961.26953125,57.34000015258789,1.1293054819107056,1.25982666015625,1417.699951171875,0.009276007302105427,0.07105149328708649,6770.10009765625,102043.0,7609.2998046875,2995.820068359375,51960.55859375,21638.16015625,3540.6298828125,12.569999694824219,1.96,-0.38826087,0.8304,-0.16,1.32,8.7803130435
2019-07-05,0.702538251876831,0.2631025016307831,10978.4599609375,57.5099983215332,1.128579020500183,1.2583048343658447,1396.699951171875,0.009275749325752258,0.07123283296823502,6831.7998046875,104089.0,7553.10009765625,2990.409912109375,51539.30078125,21746.380859375,3527.97998046875,13.279999732971191,2.04,-0.38826087,0.8304,-0.16,1.32,8.7803130435
2019-07-08,0.6982752084732056,0.2618418037891388,12285.9580078125,57.65999984741211,1.1227376461029053,1.2525520324707031,1397.0,0.009218798950314522,0.07044634968042374,6757.39990234375,104530.0,7549.2998046875,2975.949951171875,51649.359375,21534.349609375,3523.760009765625,13.960000038146973,2.05,-0.38826087,0.8304,-0.16,1.32,8.7803130435
2019-07-10,0.6927126049995422,0.2632271647453308,12156.5126953125,60.43000030517578,1.120824933052063,1.2458575963974,1410.0999755859375,0.009180712513625622,0.0705178827047348,6777.7001953125,105817.0,7530.7001953125,2993.070068359375,51491.94921875,21533.48046875,3501.52001953125,13.029999732971191,2.07,-0.38826087,0.8304,-0.16,1.32,8.7803130435
2019-07-11,0.6961848735809326,0.2666453421115875,11358.662109375,60.20000076293945,1.125885248184204,1.2508130073547363,1404.300048828125,0.009230712428689003,0.0715584009885788,6805.7998046875,105146.0,7509.7998046875,2999.909912109375,51188.171875,21643.529296875,3496.72998046875,12.930000305175781,2.13,-0.38826087,0.8304,-0.16,1.32,8.7803130435
2019-07-12,0.6972576975822449,0.26632577180862427,11815.986328125,60.209999084472656,1.1252391338348389,1.2523481845855713,1409.9000244140625,0.009209120646119118,0.07167123258113861,6788.7998046875,103906.0,7506.0,3013.77001953125,51189.53125,21685.900390625,3497.6298828125,12.390000343322754,2.12,-0.38826087,0.8304,-0.16,1.32,8.7803130435
2019-07-16,0.7040022611618042,0.26640382409095764,9477.6416015625,57.619998931884766,1.1261768341064453,1.251799464225769,1409.199951171875,0.009268785826861858,0.0719391331076622,6735.7998046875,103775.0,7577.2001953125,3004.0400390625,51958.0390625,21535.25,3521.360107421875,12.859999656677246,2.13,-0.38826087,0.8304,-0.16,1.32,8.7803130435
2019-07-17,0.701655924320221,0.2654491364955902,9693.802734375,56.779998779296875,1.1212271451950073,1.2412029504776,1421.300048828125,0.009242058731615543,0.07172931730747223,6764.0,103856.0,7535.5,2984.419921875,51565.16015625,21469.1796875,3501.580078125,13.970000267028809,2.06,-0.38826087,0.8304,-0.16,1.32,8.7803130435
2019-07-18,0.7010164856910706,0.2658301889896393,10666.482421875,55.29999923706055,1.12296462059021,1.2434717416763306,1426.0999755859375,0.00926466379314661,0.07144541293382645,6735.39990234375,104717.0,7493.10009765625,2995.110107421875,51733.359375,21046.240234375,3482.830078125,13.529999732971191,2.04,-0.38826087,0.8304,-0.16,1.32,8.7803130435
2019-07-19,0.7067188024520874,0.2690052092075348,10530.732421875,55.630001068115234,1.1261515617370605,1.2541857957839966,1425.0999755859375,0.00931090023368597,0.07213601469993591,6786.2001953125,103452.0,7508.7001953125,2976.610107421875,52107.1796875,21466.990234375,3480.179931640625,14.449999809265137,2.05,-0.38826087,0.8304,-0.16,1.32,8.7803130435
2019-07-22,0.7043097019195557,0.2669585347175598,10343.1064453125,56.220001220703125,1.1218308210372925,1.2512825727462769,1425.300048828125,0.009275577962398529,0.07187832146883011,6781.2001953125,103949.0,7514.89990234375,2985.030029296875,51890.578125,21416.7890625,3489.919921875,13.529999732971191,2.05,-0.38826087,0.8304,-0.16,1.32,8.7803130435
2019-07-23,0.7031854391098022,0.26739397644996643,9900.767578125,56.77000045776367,1.1206114292144775,1.2474894523620605,1420.0999755859375,0.00926749687641859,0.07218600809574127,6812.5,103704.0,7556.89990234375,3005.469970703125,52209.62890625,21620.880859375,3532.8701171875,12.609999656677246,2.08,-0.38826087,0.8304,-0.16,1.32,8.7803130435
2019-07-24,0.6997410655021667,0.2650832533836365,9811.92578125,55.880001068115234,1.1151255369186401,1.243904948234558,1422.800048828125,0.009239410981535912,0.07181999087333679,6862.39990234375,104120.0,7501.5,3019.56005859375,51626.640625,21709.5703125,3532.89990234375,12.069999694824219,2.05,-0.38826087,0.8304,-0.16,1.32,8.7803130435
2019-07-25,0.697934091091156,0.26516056060791016,9911.841796875,56.02000045776367,1.1142433881759644,1.2485953569412231,1413.9000244140625,0.00924308318644762,0.07211416959762573,6901.89990234375,102655.0,7489.10009765625,3003.669921875,51563.2109375,21756.55078125,3510.14990234375,12.739999771118164,2.08,-0.38826087,0.8304,-0.16,1.32,8.7803130435
2019-07-26,0.6952168941497803,0.26488664746284485,9870.3037109375,56.20000076293945,1.1146159172058105,1.2453454732894897,1418.5,0.009202510118484497,0.07103029638528824,6879.2998046875,102819.0,7549.10009765625,3025.860107421875,51522.69140625,21658.150390625,3524.469970703125,12.15999984741211,2.08,-0.38826087,0.8304,-0.16,1.32,8.7803130435
2019-07-29,0.6906220316886902,0.2650059759616852,9519.1455078125,56.869998931884766,1.1132138967514038,1.2376697063446045,1419.5999755859375,0.009205305948853493,0.07021337747573853,6911.39990234375,103483.0,7686.60009765625,3020.969970703125,51977.41015625,21616.80078125,3523.580078125,12.829999923706055,2.06,-0.38826087,0.8304,-0.16,1.32,8.7803130435
2019-07-30,0.6899406909942627,0.2645432651042938,9607.423828125,58.04999923706055,1.1143054962158203,1.2217471599578857,1429.699951171875,0.009185604751110077,0.07060730457305908,6928.2998046875,102933.0,7646.7998046875,3013.179931640625,51206.87890625,21709.310546875,3462.85009765625,13.9399995803833,2.06,-0.38826087,0.8304,-0.16,1.32,8.7803130435
2019-07-31,0.6875215172767639,0.2639009952545166,10085.6279296875,58.58000183105469,1.1157974004745483,1.2161602973937988,1426.0999755859375,0.009211326949298382,0.07052788138389587,6896.7001953125,101812.0,7586.7998046875,2980.3798828125,50798.69921875,21521.529296875,3466.85009765625,16.1200008392334,2.02,-0.38826087,0.8304,-0.16,1.32,8.7803130435
2019-08-01,0.6846501231193542,0.2623501121997833,10399.6689453125,53.95000076293945,1.1071745157241821,1.215376853942871,1420.9000244140625,0.009189487434923649,0.06978075206279755,6871.89990234375,102126.0,7584.89990234375,2953.56005859375,51331.51953125,21540.990234375,3466.85009765625,17.8700008392334,1.9,-0.649090909,0.5776,-0.28,0.959,9.030952381
2019-08-02,0.6803507804870605,0.26059991121292114,10518.1748046875,55.65999984741211,1.1078859567642212,1.2124298810958862,1445.5999755859375,0.009308299981057644,0.06847064197063446,6846.10009765625,102674.0,7407.10009765625,2932.050048828125,50332.328125,21087.16015625,3376.1201171875,17.610000610351562,1.86,-0.649090909,0.5776,-0.28,0.959,9.030952381
2019-08-05,0.6793016791343689,0.2574731707572937,11805.6533203125,54.689998626708984,1.1108025312423706,1.215214490890503,1464.5999755859375,0.009382886812090874,0.06789926439523697,6710.60009765625,100098.0,7223.89990234375,2844.739990234375,49066.140625,20720.2890625,3310.929931640625,24.59000015258789,1.75,-0.649090909,0.5776,-0.28,0.959,9.030952381
2019-08-06,0.6763520240783691,0.25169262290000916,11478.1689453125,53.630001068115234,1.1243788003921509,1.2158203125,1472.4000244140625,0.009470324963331223,0.06690797954797745,6546.5,102164.0,7171.7001953125,2881.77001953125,49113.359375,20585.310546875,3291.659912109375,20.170000076293945,1.73,-0.649090909,0.5776,-0.28,0.959,9.030952381
2019-08-07,0.6763017177581787,0.25260818004608154,11941.96875,51.09000015258789,1.1206992864608765,1.2169743776321411,1507.300048828125,0.009404064156115055,0.06699179857969284,6588.5,102782.0,7198.7001953125,2883.97998046875,49253.73828125,20516.560546875,3309.989990234375,19.489999771118164,1.71,-0.649090909,0.5776,-0.28,0.959,9.030952381
2019-08-08,0.6758126616477966,0.25205424427986145,11966.4072265625,52.540000915527344,1.1204355955123901,1.2143291234970093,1497.699951171875,0.009423205628991127,0.06645180284976959,6642.2998046875,104115.0,7285.89990234375,2938.090087890625,49619.578125,20593.349609375,3375.3798828125,16.90999984741211,1.72,-0.649090909,0.5776,-0.28,0.959,9.030952381
2019-08-13,0.6755889058113098,0.25101029872894287,10895.830078125,57.099998474121094,1.1218308210372925,1.207875370979309,1502.199951171875,0.009491448290646076,0.06541420519351959,6648.10009765625,103299.0,7250.89990234375,2926.320068359375,49448.44140625,20455.439453125,3357.159912109375,17.520000457763672,1.68,-0.649090909,0.5776,-0.28,0.959,9.030952381
2019-08-14,0.6797772645950317,0.25237229466438293,10051.7041015625,55.22999954223633,1.1177055835723877,1.2064181566238403,1515.9000244140625,0.009381743147969246,0.06608206033706665,6677.5,100258.0,7147.89990234375,2840.60009765625,48277.8203125,20655.130859375,3288.699951171875,22.100000381469727,1.59,-0.649090909,0.5776,-0.28,0.959,9.030952381
2019-08-15,0.6754018664360046,0.24689528346061707,10311.5458984375,54.470001220703125,1.1143302917480469,1.2060399055480957,1519.5999755859375,0.009441443718969822,0.06491314619779587,6490.7998046875,99057.0,7067.0,2847.60009765625,48116.96875,20405.650390625,3282.780029296875,21.18000030517578,1.52,-0.649090909,0.5776,-0.28,0.959,9.030952381
2019-08-16,0.6772773265838623,0.2506203055381775,10374.3388671875,54.869998931884766,1.1113580465316772,1.209160566329956,1512.5,0.009426580742001534,0.06559140235185623,6485.89990234375,99806.0,7117.2001953125,2888.679931640625,48158.37890625,20418.810546875,3329.080078125,18.469999313354492,1.55,-0.649090909,0.5776,-0.28,0.959,9.030952381
2019-08-19,0.6786608695983887,0.24971282482147217,10916.0537109375,56.209999084472656,1.109385371208191,1.2161011695861816,1500.4000244140625,0.009395847097039223,0.06542233377695084,6550.5,99469.0,7189.7001953125,2923.64990234375,48646.94921875,20563.16015625,3369.18994140625,16.8799991607666,1.6,-0.649090909,0.5776,-0.28,0.959,9.030952381
2019-08-20,0.6755843758583069,0.24550721049308777,10763.232421875,56.34000015258789,1.1083157062530518,1.2131506204605103,1504.5999755859375,0.009383152239024639,0.06473664939403534,6627.39990234375,99222.0,7125.0,2900.510009765625,48545.62890625,20677.220703125,3350.22998046875,17.5,1.55,-0.649090909,0.5776,-0.28,0.959,9.030952381
2019-08-21,0.6775205135345459,0.2468099743127823,10138.0498046875,55.68000030517578,1.1097793579101562,1.2162343263626099,1504.5999755859375,0.009409639053046703,0.06515210121870041,6572.60009765625,101202.0,7204.0,2924.429931640625,48837.01171875,20618.5703125,3394.889892578125,15.800000190734863,1.59,-0.649090909,0.5776,-0.28,0.959,9.030952381
2019-08-22,0.678499698638916,0.24850893020629883,10131.0556640625,55.349998474121094,1.10907781124115,1.213224172592163,1497.300048828125,0.00938112661242485,0.06585923582315445,6593.0,100011.0,7128.2001953125,2922.949951171875,48435.0390625,20628.009765625,3373.669921875,16.68000030517578,1.62,-0.649090909,0.5776,-0.28,0.959,9.030952381
2019-08-23,0.6755843758583069,0.2458210587501526,10407.96484375,54.16999816894531,1.1084016561508179,1.2251899242401123,1526.5999755859375,0.009392493404448032,0.06572763621807098,6614.2998046875,97667.0,7095.0,2847.110107421875,48247.94921875,20710.91015625,3334.25,19.8700008392334,1.52,-0.649090909,0.5776,-0.28,0.959,9.030952381
2019-08-27,0.6769564151763916,0.24087677896022797,10185.5,54.93000030517578,1.1103708744049072,1.222195029258728,1541.0,0.009435920976102352,0.0654960349202156,6565.60009765625,97276.0,7089.60009765625,2869.159912109375,48147.8515625,20456.080078125,3370.469970703125,20.309999465942383,1.49,-0.649090909,0.5776,-0.28,0.959,9.030952381
2019-08-28,0.6754383444786072,0.24255360662937164,9754.4228515625,55.779998779296875,1.109004020690918,1.2283201217651367,1537.800048828125,0.00945733767002821,0.06527543067932129,6600.7998046875,98194.0,7114.7001953125,2887.93994140625,48429.3515625,20479.419921875,3365.3798828125,19.350000381469727,1.47,-0.649090909,0.5776,-0.28,0.959,9.030952381
2019-08-29,0.6739588975906372,0.23994050920009613,9510.2001953125,56.709999084472656,1.1085859537124634,1.2218515872955322,1526.5,0.009427736513316631,0.0649494081735611,6605.7001953125,100524.0,7184.2998046875,2924.580078125,48561.359375,20460.9296875,3411.330078125,17.8799991607666,1.5,-0.649090909,0.5776,-0.28,0.959,9.030952381
2019-08-30,0.673582136631012,0.23991747200489044,9598.173828125,55.099998474121094,1.1061947345733643,1.218650221824646,1519.0999755859375,0.00939514022320509,0.06530953198671341,6698.2001953125,101135.0,7207.2001953125,2926.4599609375,49320.23046875,20704.369140625,3426.760009765625,18.979999542236328,1.5,-0.649090909,0.5776,-0.28,0.959,9.030952381
2019-09-03,0.6712490320205688,0.2389828860759735,10623.5400390625,53.939998626708984,1.0968520641326904,1.2066656351089478,1545.9000244140625,0.009416816756129265,0.06564178317785263,6673.5,99681.0,7268.2001953125,2906.27001953125,48872.8515625,20625.16015625,3420.739990234375,19.65999984741211,1.47,-0.649090909,0.5776,-0.28,0.959,9.030952381
2019-09-04,0.6763977408409119,0.2400902658700943,10594.4931640625,56.2599983215332,1.0974539518356323,1.2090436220169067,1550.300048828125,0.009446348994970322,0.06621859222650528,6656.10009765625,101201.0,7311.2998046875,2937.780029296875,49031.01171875,20649.140625,3450.830078125,17.329999923706055,1.47,-0.649090909,0.5776,-0.28,0.959,9.030952381
2019-09-05,0.6799945831298828,0.24430762231349945,10575.533203125,56.29999923706055,1.10349702835083,1.2248897552490234,1515.4000244140625,0.009405125863850117,0.06759359687566757,6720.7998046875,102243.0,7271.2001953125,2976.0,49576.76953125,21085.939453125,3484.699951171875,16.270000457763672,1.57,-0.649090909,0.5776,-0.28,0.959,9.030952381
2019-09-06,0.6811803579330444,0.2435460388660431,10353.302734375,56.52000045776367,1.1036310195922852,1.2323921918869019,1506.199951171875,0.009339509531855583,0.06727754324674606,6752.7001953125,102935.0,7282.2998046875,2978.7099609375,49673.76953125,21199.5703125,3495.18994140625,15.0,1.55,-0.649090909,0.5776,-0.28,0.959,9.030952381
2019-09-09,0.6846688985824585,0.24622659385204315,10334.974609375,57.849998474121094,1.1020619869232178,1.2283051013946533,1502.199951171875,0.009350600652396679,0.0676150768995285,6760.10009765625,103181.0,7235.7998046875,2978.429931640625,49602.19921875,21318.419921875,3495.02001953125,15.270000457763672,1.63,-0.649090909,0.5776,-0.28,0.959,9.030952381
2019-09-10,0.6865302920341492,0.24429570138454437,10115.9755859375,57.400001525878906,1.1048381328582764,1.2345373630523682,1490.300048828125,0.009316451847553253,0.06775985658168793,6728.0,103032.0,7268.0,2979.389892578125,49484.55859375,21392.099609375,3498.989990234375,15.199999809265137,1.72,-0.649090909,0.5776,-0.28,0.959,9.030952381
2019-09-11,0.6858522295951843,0.2451280653476715,10178.3720703125,55.75,1.1050333976745605,1.2354830503463745,1494.4000244140625,0.00929368007928133,0.06823562830686569,6752.2001953125,103446.0,7338.0,3000.929931640625,50359.1484375,21597.759765625,3516.820068359375,14.609999656677246,1.75,-0.649090909,0.5776,-0.28,0.959,9.030952381
2019-09-12,0.6873797178268433,0.2460508942604065,10410.126953125,55.09000015258789,1.1013457775115967,1.233471393585205,1498.699951171875,0.009257459081709385,0.0681379958987236,6765.7001953125,104371.0,7344.7001953125,3009.570068359375,50768.83984375,21759.609375,3538.860107421875,14.220000267028809,1.79,-0.649090909,0.5776,-0.28,0.959,9.030952381
2019-09-13,0.6863889098167419,0.24637217819690704,10360.546875,54.849998474121094,1.1058276891708374,1.2329391241073608,1490.9000244140625,0.009244194254279137,0.06855089962482452,6777.10009765625,103501.0,7367.5,3007.389892578125,51145.55859375,21988.2890625,3550.110107421875,13.739999771118164,1.9,-0.649090909,0.5776,-0.28,0.959,9.030952381
2019-09-17,0.686294674873352,0.24514010548591614,10241.2724609375,59.34000015258789,1.100594401359558,1.2428536415100098,1505.0999755859375,0.009245476685464382,0.06823982298374176,6801.7001953125,104617.0,7320.39990234375,3005.699951171875,50873.91015625,22001.3203125,3521.260009765625,14.4399995803833,1.81,-0.649090909,0.5776,-0.28,0.959,9.030952381
2019-09-18,0.6866245269775391,0.2453385591506958,10198.248046875,58.11000061035156,1.1074687242507935,1.2502655982971191,1507.5,0.009251806885004044,0.0680619329214096,6791.2001953125,104532.0,7314.10009765625,3006.72998046875,50134.23046875,21960.7109375,3528.0400390625,13.949999809265137,1.8,-0.649090909,0.5776,-0.28,0.959,9.030952381
2019-09-19,0.6825705766677856,0.24346895515918732,10266.4150390625,58.130001068115234,1.1031439304351807,1.247053861618042,1498.4000244140625,0.009222964756190777,0.06813613325357437,6825.2001953125,104339.0,7356.39990234375,3006.7900390625,50077.78125,22044.44921875,3552.64990234375,14.050000190734863,1.79,-0.649090909,0.5776,-0.28,0.959,9.030952381
2019-09-20,0.6792786121368408,0.2400038242340088,10181.6416015625,58.09000015258789,1.1048502922058105,1.2525050640106201,1507.300048828125,0.009255745448172092,0.06755661219358444,6839.0,104817.0,7344.89990234375,2992.070068359375,50341.640625,22079.08984375,3571.389892578125,15.319999694824219,1.74,-0.649090909,0.5776,-0.28,0.959,9.030952381
2019-09-25,0.6799483299255371,0.2402864396572113,8486.9931640625,56.4900016784668,1.1016855239868164,1.2485953569412231,1504.5999755859375,0.009331578388810158,0.06733235716819763,6814.7001953125,104481.0,7290.0,2984.8701171875,48865.05859375,22020.150390625,3513.030029296875,15.960000038146973,1.73,-0.649090909,0.5776,-0.28,0.959,9.030952381
2019-09-26,0.6755387783050537,0.24113236367702484,8118.9677734375,56.40999984741211,1.0952903032302856,1.2359564304351807,1507.5,0.009285740554332733,0.06674543023109436,6785.60009765625,105319.0,7351.10009765625,2977.6201171875,49243.6484375,22048.240234375,3532.179931640625,16.06999969482422,1.7,-0.649090909,0.5776,-0.28,0.959,9.030952381
2019-09-27,0.6754018664360046,0.23985417187213898,8251.845703125,55.90999984741211,1.0922753810882568,1.2331976890563965,1499.0999755859375,0.009280226193368435,0.06658632308244705,6824.10009765625,105078.0,7426.2001953125,2961.7900390625,49167.51953125,21878.900390625,3545.8798828125,17.219999313354492,1.69,-0.649090909,0.5776,-0.28,0.959,9.030952381
2019-09-30,0.6760868430137634,0.24055229127407074,8293.8681640625,54.06999969482422,1.0942714214324951,1.2293167114257812,1465.699951171875,0.009264063090085983,0.066130131483078,6800.60009765625,104745.0,7408.2001953125,2976.739990234375,48813.58984375,21755.83984375,3569.449951171875,16.239999771118164,1.68,-0.649090909,0.5776,-0.28,0.959,9.030952381
2019-10-01,0.6753106117248535,0.24068547785282135,8343.2763671875,53.619998931884766,1.0899657011032104,1.2289994955062866,1482.0,0.009253347292542458,0.06606337428092957,6853.0,104053.0,7360.2998046875,2940.25,48938.16015625,21885.240234375,3518.25,18.559999465942383,1.65,-0.469545455,0.6373,-0.15,1.037,8.9273913043
2019-10-02,0.6708707809448242,0.24069705605506897,8393.0419921875,52.63999938964844,1.0934937000274658,1.2292261123657227,1501.0,0.009281862527132034,0.06526435166597366,6753.2998046875,101031.0,7122.5,2887.610107421875,48005.41015625,21778.609375,3413.31005859375,20.559999465942383,1.6,-0.469545455,0.6373,-0.15,1.037,8.9273913043
2019-10-03,0.6709608435630798,0.2424595057964325,8259.9921875,52.45000076293945,1.0963709354400635,1.230436086654663,1507.0999755859375,0.009331578388810158,0.06550118327140808,6611.7001953125,101516.0,7077.60009765625,2910.6298828125,47743.890625,21341.740234375,3417.3701171875,19.1200008392334,1.54,-0.469545455,0.6373,-0.15,1.037,8.9273913043
2019-10-04,0.6745316982269287,0.24492394924163818,8205.939453125,52.810001373291016,1.0975382328033447,1.2342326641082764,1506.199951171875,0.009361017495393753,0.06613581627607346,6636.89990234375,102551.0,7155.39990234375,2952.010009765625,47975.44140625,21410.19921875,3446.7099609375,17.040000915527344,1.52,-0.469545455,0.6373,-0.15,1.037,8.9273913043
2019-10-07,0.6764526963233948,0.24663347005844116,8245.623046875,52.75,1.098659634590149,1.2334411144256592,1497.699951171875,0.009366452693939209,0.06637021154165268,6686.7001953125,100573.0,7197.89990234375,2938.7900390625,48635.62890625,21375.25,3471.239990234375,17.860000610351562,1.56,-0.469545455,0.6373,-0.15,1.037,8.9273913043
2019-10-08,0.6732510924339294,0.24359941482543945,8228.783203125,52.630001068115234,1.0972130298614502,1.2288031578063965,1497.199951171875,0.009323921985924244,0.06593131273984909,6713.7001953125,99981.0,7143.2001953125,2893.06005859375,48465.3203125,21587.779296875,3432.760009765625,20.280000686645508,1.54,-0.469545455,0.6373,-0.15,1.037,8.9273913043
2019-10-09,0.6728116869926453,0.24444499611854553,8595.740234375,52.59000015258789,1.0960105657577515,1.2219561338424683,1506.0999755859375,0.009349201805889606,0.06547223776578903,6667.0,101249.0,7166.5,2919.39990234375,48310.69140625,21456.380859375,3462.110107421875,18.639999389648438,1.59,-0.469545455,0.6373,-0.15,1.037,8.9273913043
2019-10-10,0.6718172430992126,0.243409663438797,8586.4736328125,53.54999923706055,1.0987803936004639,1.2212995290756226,1494.800048828125,0.009330272674560547,0.06578385084867477,6662.89990234375,101817.0,7186.39990234375,2938.1298828125,49032.5390625,21551.98046875,3493.9599609375,17.56999969482422,1.67,-0.469545455,0.6373,-0.15,1.037,8.9273913043
2019-10-11,0.6763200163841248,0.24340376257896423,8321.7568359375,54.70000076293945,1.1011033058166504,1.2433171272277832,1482.699951171875,0.00926955882459879,0.06659385561943054,6721.89990234375,103832.0,7247.10009765625,2970.27001953125,49404.05859375,21798.869140625,3569.919921875,15.579999923706055,1.76,-0.469545455,0.6373,-0.15,1.037,8.9273913043
2019-10-15,0.6775398254394531,0.2425006628036499,8205.369140625,52.810001373291016,1.1029006242752075,1.2611771821975708,1477.5999755859375,0.009226113557815552,0.06754885613918304,6763.2998046875,104490.0,7211.60009765625,2995.679931640625,49391.19921875,22207.2109375,3598.64990234375,13.539999961853027,1.77,-0.469545455,0.6373,-0.15,1.037,8.9273913043
2019-10-16,0.6753197908401489,0.23931461572647095,8047.52685546875,53.36000061035156,1.1034727096557617,1.2760635614395142,1488.0,0.009189740754663944,0.06725446879863739,6843.2001953125,105423.0,7168.0,2989.68994140625,49855.05859375,22472.919921875,3599.25,13.680000305175781,1.75,-0.469545455,0.6373,-0.15,1.037,8.9273913043
2019-10-17,0.6756391525268555,0.24104516208171844,8103.9111328125,53.93000030517578,1.107493281364441,1.2823801040649414,1492.300048828125,0.009201578795909882,0.06698416918516159,6791.5,105016.0,7182.2998046875,2997.949951171875,49715.30078125,22451.859375,3588.6201171875,13.789999961853027,1.76,-0.469545455,0.6373,-0.15,1.037,8.9273913043
2019-10-18,0.6825472712516785,0.2403210699558258,7973.20751953125,53.779998779296875,1.1127183437347412,1.286860466003418,1488.199951171875,0.009209713898599148,0.0674813911318779,6758.39990234375,104729.0,7150.60009765625,2986.199951171875,49510.8984375,22492.6796875,3579.409912109375,14.25,1.76,-0.469545455,0.6373,-0.15,1.037,8.9273913043
2019-10-21,0.6847720146179199,0.24324388802051544,8243.720703125,53.310001373291016,1.1155734062194824,1.2900229692459106,1482.4000244140625,0.00922441203147173,0.06778603792190552,6757.7001953125,106022.0,7163.60009765625,3006.719970703125,49834.609375,22548.900390625,3600.080078125,14.0,1.8,-0.469545455,0.6373,-0.15,1.037,8.9273913043
2019-10-23,0.6861298680305481,0.2451941817998886,7514.671875,55.970001220703125,1.112928867340088,1.2884771823883057,1489.9000244140625,0.009218034334480762,0.0685974583029747,6778.2001953125,107544.0,7260.7001953125,3004.52001953125,49244.55078125,22625.380859375,3606.889892578125,14.010000228881836,1.77,-0.469545455,0.6373,-0.15,1.037,8.9273913043
2019-10-24,0.6850300431251526,0.24794821441173553,7493.48876953125,56.22999954223633,1.1132385730743408,1.2923235893249512,1498.9000244140625,0.009204543195664883,0.06830979138612747,6796.7001953125,106986.0,7328.2998046875,3010.2900390625,49124.4296875,22750.599609375,3621.3701171875,13.710000038146973,1.77,-0.469545455,0.6373,-0.15,1.037,8.9273913043
2019-10-25,0.6816632747650146,0.24756765365600586,8660.7001953125,56.65999984741211,1.1103955507278442,1.2840267419815063,1499.5,0.009207594208419323,0.06813613325357437,6841.0,107364.0,7324.5,3022.550048828125,48858.46875,22799.810546875,3624.679931640625,12.649999618530273,1.8,-0.469545455,0.6373,-0.15,1.037,8.9273913043
2019-10-28,0.682400107383728,0.24981887638568878,9256.1484375,55.810001373291016,1.1084262132644653,1.283202886581421,1490.0,0.009196755476295948,0.06840039044618607,6842.5,108187.0,7331.2998046875,3039.419921875,49516.5,22867.26953125,3625.68994140625,13.109999656677246,1.85,-0.469545455,0.6373,-0.15,1.037,8.9273913043
2019-10-29,0.6839599013328552,0.2507019639015198,9427.6875,55.540000915527344,1.1099148988723755,1.2857435941696167,1487.0,0.009177342988550663,0.0686572715640068,6848.5,107556.0,7306.2998046875,3036.889892578125,49477.44140625,22974.130859375,3622.090087890625,13.199999809265137,1.84,-0.469545455,0.6373,-0.15,1.037,8.9273913043
2019-10-30,0.6855888962745667,0.2502064108848572,9205.7265625,55.060001373291016,1.1114816665649414,1.2866700887680054,1493.199951171875,0.00918492954224348,0.06839945167303085,6794.7001953125,108408.0,7330.7998046875,3046.77001953125,49629.3203125,22843.119140625,3620.2900390625,12.329999923706055,1.78,-0.469545455,0.6373,-0.15,1.037,8.9273913043
2019-10-31,0.6897883415222168,0.25086548924446106,9199.5849609375,54.18000030517578,1.1154489517211914,1.290172815322876,1511.4000244140625,0.009192105382680893,0.06679580360651016,6772.89990234375,107220.0,7248.39990234375,3037.56005859375,50168.48046875,22927.0390625,3604.409912109375,13.220000267028809,1.69,-0.469545455,0.6373,-0.15,1.037,8.9273913043
2019-11-01,0.6892986297607422,0.24900399148464203,9261.1044921875,56.20000076293945,1.1157102584838867,1.2939623594284058,1508.0,0.009259602054953575,0.06625412404537201,6779.10009765625,108196.0,7302.39990234375,3066.909912109375,50428.140625,22850.76953125,3623.739990234375,12.300000190734863,1.73,-0.352380952,0.765,-0.08,1.152,9.1342857143
2019-11-05,0.6890279054641724,0.24932682514190674,9342.52734375,57.22999954223633,1.1128545999526978,1.2891582250595093,1480.800048828125,0.0092001399025321,0.06771031022071838,6811.60009765625,108451.0,7388.10009765625,3074.6201171875,50984.37890625,23251.990234375,3676.52001953125,13.100000381469727,1.86,-0.352380952,0.765,-0.08,1.152,9.1342857143
2019-11-06,0.6890848875045776,0.25050100684165955,9360.8798828125,56.349998474121094,1.107419729232788,1.288062334060669,1490.199951171875,0.009162039496004581,0.06781131774187088,6773.2001953125,108336.0,7396.7001953125,3076.780029296875,51410.3203125,23303.8203125,3688.739990234375,12.619999885559082,1.81,-0.352380952,0.765,-0.08,1.152,9.1342857143
2019-11-07,0.6877300143241882,0.24495993554592133,9267.5615234375,57.150001525878906,1.1070396900177002,1.2856775522232056,1464.199951171875,0.009181640110909939,0.06754520535469055,6836.89990234375,109581.0,7406.39990234375,3085.179931640625,51223.33984375,23330.3203125,3706.679931640625,12.729999542236328,1.92,-0.352380952,0.765,-0.08,1.152,9.1342857143
2019-11-08,0.6860997080802917,0.24393217265605927,8804.880859375,57.2400016784668,1.1019697189331055,1.2779992818832397,1461.300048828125,0.009151307865977287,0.06795786321163177,6833.2001953125,107629.0,7359.39990234375,3093.080078125,50406.94140625,23391.869140625,3699.64990234375,12.069999694824219,1.94,-0.352380952,0.765,-0.08,1.152,9.1342857143
2019-11-11,0.6858004927635193,0.24193158745765686,8757.7880859375,56.86000061035156,1.102244257926941,1.2796396017074585,1455.5,0.009155329316854477,0.06732437759637833,6877.0,108215.0,7328.5,3087.010009765625,49976.01953125,23331.83984375,3696.820068359375,12.6899995803833,1.94,-0.352380952,0.765,-0.08,1.152,9.1342857143
2019-11-12,0.6850253343582153,0.24088840186595917,8815.662109375,56.79999923706055,1.1035456657409668,1.2858428955078125,1452.0999755859375,0.009170778095722198,0.06719301640987396,6857.10009765625,106785.0,7365.39990234375,3091.840087890625,50210.48828125,23520.009765625,3712.199951171875,12.680000305175781,1.92,-0.352380952,0.765,-0.08,1.152,9.1342857143
2019-11-13,0.6843999624252319,0.2399289757013321,8808.2626953125,57.119998931884766,1.1012367010116577,1.285214900970459,1461.699951171875,0.009174901060760021,0.06699583679437637,6805.60009765625,105914.0,7351.2001953125,3094.0400390625,50115.48828125,23319.869140625,3699.5,13.0,1.88,-0.352380952,0.765,-0.08,1.152,9.1342857143
2019-11-14,0.6839500665664673,0.23988868296146393,8708.0947265625,56.77000045776367,1.1013215780258179,1.2853800058364868,1471.800048828125,0.009191345423460007,0.06712085008621216,6840.7998046875,106557.0,7292.7998046875,3096.6298828125,50012.48046875,23141.55078125,3688.81005859375,13.050000190734863,1.82,-0.352380952,0.765,-0.08,1.152,9.1342857143
2019-11-18,0.6815982460975647,0.23839040100574493,8309.2861328125,57.04999923706055,1.105509877204895,1.2921231985092163,1470.9000244140625,0.009199717082083225,0.06799386441707611,6871.7001953125,106347.0,7307.7001953125,3122.030029296875,50191.03125,23416.759765625,3704.919921875,12.460000038146973,1.81,-0.352380952,0.765,-0.08,1.152,9.1342857143
2019-11-19,0.680522084236145,0.23716914653778076,8206.1455078125,55.209999084472656,1.1072357892990112,1.2950851917266846,1473.300048828125,0.009202849119901657,0.06753379851579666,6914.10009765625,105618.0,7323.7998046875,3120.179931640625,51060.33984375,23292.650390625,3696.56005859375,12.859999656677246,1.79,-0.352380952,0.765,-0.08,1.152,9.1342857143
2019-11-21,0.6798997521400452,0.23837901651859283,7642.75,58.58000183105469,1.1078859567642212,1.2927078008651733,1463.0999755859375,0.009218459017574787,0.06764526665210724,6777.7001953125,107497.0,7238.60009765625,3103.5400390625,50235.6796875,23038.580078125,3679.659912109375,13.130000114440918,1.77,-0.352380952,0.765,-0.08,1.152,9.1342857143
2019-11-22,0.6789419054985046,0.23856669664382935,7296.57763671875,57.77000045776367,1.1065863370895386,1.2919896841049194,1463.0999755859375,0.009209374897181988,0.06815192103385925,6816.5,108692.0,7326.7998046875,3110.2900390625,50484.87890625,23112.880859375,3687.320068359375,12.34000015258789,1.77,-0.352380952,0.765,-0.08,1.152,9.1342857143
2019-11-25,0.6792001724243164,0.23837901651859283,7146.1337890625,58.0099983215332,1.1022562980651855,1.2853471040725708,1456.5999755859375,0.009197093546390533,0.06802998483181,6835.60009765625,108424.0,7396.2998046875,3133.639892578125,50474.91015625,23292.810546875,3707.679931640625,11.869999885559082,1.76,-0.352380952,0.765,-0.08,1.152,9.1342857143
2019-11-26,0.677639901638031,0.23666398227214813,7218.37109375,58.40999984741211,1.1014429330825806,1.289723515510559,1459.800048828125,0.009174985811114311,0.0677630677819252,6889.7998046875,107059.0,7403.10009765625,3140.52001953125,49818.421875,23373.3203125,3705.550048828125,11.539999961853027,1.74,-0.352380952,0.765,-0.08,1.152,9.1342857143
2019-11-27,0.6789000034332275,0.2363060563802719,7531.66357421875,58.11000061035156,1.1022562980651855,1.2860909700393677,1453.4000244140625,0.009166155010461807,0.06766266375780106,6950.60009765625,107708.0,7429.7998046875,3153.6298828125,49910.5703125,23437.76953125,3712.85009765625,11.75,1.77,-0.352380952,0.765,-0.08,1.152,9.1342857143
2019-11-29,0.6769000291824341,0.23877744376659393,7761.24365234375,55.16999816894531,1.101176142692566,1.29128897190094,1465.5999755859375,0.009131419472396374,0.06802397221326828,6948.0,108233.0,7346.5,3140.97998046875,49093.16015625,23293.91015625,3703.580078125,12.619999885559082,1.78,-0.352380952,0.765,-0.08,1.152,9.1342857143
2019-12-02,0.6764801144599915,0.23606617748737335,7321.98828125,55.959999084472656,1.1019041538238525,1.29128897190094,1462.300048828125,0.00912950187921524,0.06826511770486832,6965.2998046875,109061.0,7285.89990234375,3113.8701171875,48609.0,23529.5,3626.659912109375,14.90999984741211,1.83,-0.352380952,0.765,-0.08,1.152,9.1342857143
2019-12-03,0.6818817257881165,0.2368377447128296,7320.1455078125,56.099998474121094,1.1079105138778687,1.294062852859497,1478.199951171875,0.009172460064291954,0.06874699890613556,6818.39990234375,108956.0,7158.7998046875,3093.199951171875,48299.66015625,23379.810546875,3610.989990234375,15.960000038146973,1.72,-0.352380952,0.765,-0.08,1.152,9.1342857143
2019-12-04,0.6848700046539307,0.23786869645118713,7252.03466796875,58.43000030517578,1.1085245609283447,1.2997816801071167,1474.0,0.009203611873090267,0.06834055483341217,6714.39990234375,110301.0,7188.5,3112.760009765625,48809.328125,23135.23046875,3660.02001953125,14.800000190734863,1.77,-0.352380952,0.765,-0.08,1.152,9.1342857143
2019-12-05,0.684960126876831,0.23774993419647217,7448.3076171875,58.43000030517578,1.108303427696228,1.311131477355957,1476.9000244140625,0.009188474155962467,0.06858569383621216,6791.10009765625,110622.0,7137.89990234375,3117.429931640625,48589.7109375,23300.08984375,3648.1298828125,14.520000457763672,1.8,-0.352380952,0.765,-0.08,1.152,9.1342857143
2019-12-06,0.6833000183105469,0.23897147178649902,7546.99658203125,59.20000076293945,1.1105434894561768,1.3158414363861084,1459.0999755859375,0.009196417406201363,0.06837653368711472,6813.5,111126.0,7239.7001953125,3145.909912109375,49065.2109375,23354.400390625,3692.340087890625,13.619999885559082,1.84,-0.352380952,0.765,-0.08,1.152,9.1342857143
2019-12-09,0.683531641960144,0.24278327822685242,7400.8994140625,59.02000045776367,1.105888843536377,1.3139568567276,1459.300048828125,0.009205814450979233,0.06844022870063782,6836.39990234375,110977.0,7233.89990234375,3135.9599609375,49019.87890625,23430.69921875,3672.179931640625,15.859999656677246,1.83,-0.352380952,0.765,-0.08,1.152,9.1342857143
2019-12-10,0.6827998757362366,0.2414817363023758,7278.11962890625,59.2400016784668,1.106499433517456,1.314578652381897,1462.5999755859375,0.009209629148244858,0.06818166375160217,6812.10009765625,110672.0,7213.7998046875,3132.52001953125,49225.73046875,23410.189453125,3671.780029296875,15.680000305175781,1.85,-0.352380952,0.765,-0.08,1.152,9.1342857143
2019-12-11,0.6811400055885315,0.241277813911438,7217.42724609375,58.7599983215332,1.1092746257781982,1.3131287097930908,1469.4000244140625,0.009194218553602695,0.06768615543842316,6853.2001953125,110964.0,7216.2998046875,3141.6298828125,49537.2890625,23391.859375,3687.449951171875,14.989999771118164,1.79,-0.352380952,0.765,-0.08,1.152,9.1342857143
2019-12-12,0.687049150466919,0.2425006628036499,7243.13427734375,59.18000030517578,1.1135857105255127,1.3200099468231201,1466.699951171875,0.009212428703904152,0.068137526512146,6810.7998046875,112200.0,7273.5,3168.570068359375,49603.05859375,23424.810546875,3706.35009765625,13.9399995803833,1.9,-0.352380952,0.765,-0.08,1.152,9.1342857143
2019-12-13,0.6927126049995422,0.24466341733932495,7269.6845703125,60.06999969482422,1.1186057329177856,1.347527265548706,1475.5999755859375,0.009139681234955788,0.06938325613737106,6844.60009765625,112565.0,7353.39990234375,3168.800048828125,50499.01953125,24023.099609375,3731.070068359375,12.630000114440918,1.82,-0.352380952,0.765,-0.08,1.152,9.1342857143
2019-12-17,0.6874316930770874,0.24619020521640778,6640.51513671875,60.939998626708984,1.1136974096298218,1.3272457122802734,1474.5999755859375,0.009126086719334126,0.069549061357975,6950.5,112616.0,7525.2998046875,3192.52001953125,50994.19140625,24066.119140625,3745.280029296875,12.289999961853027,1.89,-0.352380952,0.765,-0.08,1.152,9.1342857143
2019-12-18,0.6852600574493408,0.24568817019462585,7276.802734375,60.93000030517578,1.115138053894043,1.3122154474258423,1472.5999755859375,0.009131086058914661,0.06950560212135315,6967.0,114315.0,7540.7998046875,3191.139892578125,51462.5,23934.4296875,3739.0,12.579999923706055,1.92,-0.352380952,0.765,-0.08,1.152,9.1342857143
2019-12-19,0.6854700446128845,0.24632588028907776,7202.84423828125,61.220001220703125,1.1115927696228027,1.3087291717529297,1478.199951171875,0.009128168225288391,0.06995458155870438,6942.60009765625,115131.0,7573.7998046875,3205.3701171875,51268.609375,23864.849609375,3739.169921875,12.5,1.92,-0.352380952,0.765,-0.08,1.152,9.1342857143
2019-12-20,0.6893000602722168,0.24577270448207855,7218.81640625,60.439998626708984,1.1125946044921875,1.3017443418502808,1474.699951171875,0.009142188355326653,0.0703536719083786,6924.39990234375,115121.0,7582.5,3221.219970703125,51151.12109375,23816.630859375,3776.56005859375,12.510000228881836,1.92,-0.352380952,0.765,-0.08,1.152,9.1342857143
2019-12-23,0.6903898119926453,0.24510405957698822,7355.62841796875,60.52000045776367,1.1079840660095215,1.3005423545837402,1482.5,0.009132503531873226,0.07011885195970535,6894.7001953125,115863.0,7623.60009765625,3224.010009765625,50876.109375,23821.109375,3776.659912109375,12.609999656677246,1.93,-0.352380952,0.765,-0.08,1.152,9.1342857143
2019-12-27,0.6946374177932739,0.24662737548351288,7290.08837890625,61.720001220703125,1.110111951828003,1.3002209663391113,1513.800048828125,0.009128918871283531,0.07076554745435715,6936.2998046875,116534.0,7644.89990234375,3240.02001953125,51147.44921875,23837.720703125,3782.27001953125,13.430000305175781,1.88,-0.352380952,0.765,-0.08,1.152,9.1342857143
2019-12-30,0.6982996463775635,0.24861399829387665,7292.9951171875,61.68000030517578,1.1182304620742798,1.3091918230056763,1514.5,0.00913842860609293,0.07116986811161041,6921.60009765625,115964.0,7587.10009765625,3221.2900390625,51398.390625,23656.619140625,3748.469970703125,14.819999694824219,1.9,-0.352380952,0.765,-0.08,1.152,9.1342857143
2020-01-06,0.694420337677002,0.2464875429868698,7769.21923828125,63.27000045776367,1.1161960363388062,1.308010220527649,1566.199951171875,0.009262346662580967,0.0698409378528595,6857.39990234375,116878.0,7575.2998046875,3246.280029296875,50999.609375,23204.859375,3752.52001953125,13.850000381469727,1.81,-0.313636364,0.7235,-0.065,1.159,9.0168181818
2020-01-07,0.693731427192688,0.24628114700317383,8163.6923828125,62.70000076293945,1.1197994947433472,1.317002534866333,1571.800048828125,0.00922458153218031,0.0704091489315033,6943.60009765625,116662.0,7573.89990234375,3237.179931640625,51154.44140625,23575.720703125,3759.25,13.789999961853027,1.83,-0.313636364,0.7235,-0.065,1.159,9.0168181818
2020-01-08,0.6860399842262268,0.24592986702919006,8079.86279296875,59.61000061035156,1.1154738664627075,1.31137216091156,1557.4000244140625,0.009257887490093708,0.06966117024421692,6930.10009765625,116247.0,7574.89990234375,3253.050048828125,51090.5390625,23204.759765625,3772.56005859375,13.449999809265137,1.87,-0.313636364,0.7235,-0.065,1.159,9.0168181818
2020-01-09,0.6873801350593567,0.2461356669664383,7879.0712890625,59.560001373291016,1.1113210916519165,1.3105130195617676,1551.699951171875,0.009171703830361366,0.0706389769911766,6991.39990234375,115947.0,7598.10009765625,3274.699951171875,50916.05859375,23739.869140625,3795.8798828125,12.539999961853027,1.85,-0.313636364,0.7235,-0.065,1.159,9.0168181818
2020-01-10,0.6853210926055908,0.24437329173088074,8166.55419921875,59.040000915527344,1.1111111640930176,1.3070186376571655,1557.5,0.009131835773587227,0.07035861909389496,7041.89990234375,115503.0,7587.89990234375,3265.35009765625,51245.4296875,23850.5703125,3789.52001953125,12.5600004196167,1.83,-0.313636364,0.7235,-0.065,1.159,9.0168181818
2020-01-14,0.6898902058601379,0.24120795726776123,8827.7646484375,58.22999954223633,1.1135733127593994,1.2988194227218628,1542.4000244140625,0.009091570973396301,0.06954877078533173,7078.0,117632.0,7622.39990234375,3283.14990234375,51725.890625,24025.169921875,3774.8798828125,12.390000343322754,1.82,-0.313636364,0.7235,-0.065,1.159,9.0168181818
2020-01-15,0.6896551251411438,0.24205456674098969,8807.0107421875,57.810001373291016,1.113089919090271,1.3022528886795044,1552.0999755859375,0.009102991782128811,0.0694463700056076,7113.5,116414.0,7642.7998046875,3289.2900390625,51835.05859375,23916.580078125,3768.9599609375,12.420000076293945,1.79,-0.313636364,0.7235,-0.065,1.159,9.0168181818
2020-01-16,0.6907795071601868,0.2395668625831604,8723.7861328125,58.52000045776367,1.1154004335403442,1.3041210174560547,1549.0,0.009100588969886303,0.06954731792211533,7158.60009765625,116704.0,7609.7998046875,3316.81005859375,51965.23828125,23933.130859375,3774.139892578125,12.319999694824219,1.81,-0.313636364,0.7235,-0.065,1.159,9.0168181818
2020-01-17,0.6901001930236816,0.23902858793735504,8929.0380859375,58.540000915527344,1.1139578819274902,1.3078734874725342,1558.800048828125,0.009076468646526337,0.06943590939044952,7180.2998046875,118478.0,7674.60009765625,3329.6201171875,52735.75,24041.259765625,3808.260009765625,12.100000381469727,1.84,-0.313636364,0.7235,-0.065,1.159,9.0168181818
2020-01-21,0.6876397132873535,0.2387489527463913,8745.89453125,58.34000015258789,1.109693169593811,1.3005592823028564,1556.4000244140625,0.009076634421944618,0.06900453567504883,7180.5,117026.0,7610.7001953125,3320.7900390625,51835.359375,23864.560546875,3789.1201171875,12.850000381469727,1.78,-0.313636364,0.7235,-0.065,1.159,9.0168181818
2020-01-22,0.684689998626709,0.23747892677783966,8680.8759765625,56.7400016784668,1.108561396598816,1.3048017024993896,1555.300048828125,0.009098518639802933,0.06905171275138855,7249.0,118391.0,7571.89990234375,3321.75,51808.62109375,24031.349609375,3769.7900390625,12.90999984741211,1.77,-0.313636364,0.7235,-0.065,1.159,9.0168181818
2020-01-23,0.6842987537384033,0.23916006088256836,8406.515625,55.59000015258789,1.1096439361572266,1.3144749402999878,1564.5999755859375,0.00911344401538372,0.06978853791952133,7199.0,119528.0,7507.7001953125,3325.5400390625,50847.578125,23795.439453125,3736.85009765625,12.979999542236328,1.74,-0.313636364,0.7235,-0.065,1.159,9.0168181818
2020-01-24,0.6839804649353027,0.239859938621521,8445.4345703125,54.189998626708984,1.1055220365524292,1.311991572380066,1571.0999755859375,0.00912808533757925,0.06960056722164154,7203.2001953125,118376.0,7586.0,3295.469970703125,51212.26171875,23827.1796875,3779.159912109375,14.5600004196167,1.7,-0.313636364,0.7235,-0.065,1.159,9.0168181818
2020-01-28,0.6761700510978699,0.23774993419647217,9358.58984375,53.47999954223633,1.101976990699768,1.3060115575790405,1569.199951171875,0.009181050583720207,0.06858569383621216,7129.2998046875,116479.0,7480.7001953125,3276.239990234375,49800.26953125,23215.7109375,3719.219970703125,16.280000686645508,1.65,-0.313636364,0.7235,-0.065,1.159,9.0168181818
2020-01-29,0.6764206886291504,0.23846998810768127,9316.6298828125,53.33000183105469,1.1022562980651855,1.3024563789367676,1569.800048828125,0.009163214825093746,0.06876254826784134,7135.89990234375,115385.0,7483.60009765625,3273.39990234375,50343.609375,23379.400390625,3736.360107421875,16.389999389648438,1.6,-0.313636364,0.7235,-0.065,1.159,9.0168181818
2020-01-30,0.6752194762229919,0.2364681214094162,9508.9931640625,52.13999938964844,1.1016855239868164,1.3022021055221558,1583.5,0.009175405837595463,0.06853210926055908,7108.60009765625,115528.0,7382.0,3283.659912109375,50552.7109375,22977.75,3690.780029296875,15.489999771118164,1.57,-0.313636364,0.7235,-0.065,1.159,9.0168181818
2020-01-31,0.6708257794380188,0.2357267439365387,9350.529296875,51.560001373291016,1.1029127836227417,1.3089004755020142,1582.9000244140625,0.009184676222503185,0.06784168630838394,7121.2001953125,113761.0,7286.0,3225.52001953125,50072.609375,23205.1796875,3640.909912109375,18.84000015258789,1.51,-0.313636364,0.7235,-0.065,1.159,9.0168181818
2020-02-03,0.66936194896698,0.23350301384925842,9293.521484375,50.11000061035156,1.1089794635772705,1.31816565990448,1577.199951171875,0.00922747515141964,0.06667818129062653,7019.89990234375,114629.0,7326.2998046875,3248.919921875,49903.25,22971.939453125,3661.27001953125,17.969999313354492,1.54,-0.313636364,0.7235,-0.065,1.159,9.0168181818
2020-02-04,0.6690497994422913,0.23547141253948212,9180.962890625,49.61000061035156,1.1062926054000854,1.2997479438781738,1550.4000244140625,0.009207085706293583,0.06726577877998352,7047.60009765625,115557.0,7439.7998046875,3297.590087890625,50892.53125,23084.58984375,3732.280029296875,16.049999237060547,1.61,-0.313636364,0.7235,-0.065,1.159,9.0168181818
2020-02-05,0.6731785535812378,0.2350894659757614,9613.423828125,50.75,1.1047282218933105,1.3032711744308472,1557.800048828125,0.00913684256374836,0.0677163153886795,7080.89990234375,116028.0,7482.5,3334.68994140625,51484.328125,23319.560546875,3777.840087890625,15.149999618530273,1.66,-0.313636364,0.7235,-0.065,1.159,9.0168181818
2020-02-06,0.6751797795295715,0.236205592751503,9729.8017578125,50.95000076293945,1.1002310514450073,1.2997140884399414,1565.0999755859375,0.009106306359171867,0.06783340126276016,7146.5,115190.0,7504.7998046875,3345.780029296875,51612.0703125,23873.58984375,3805.52001953125,14.960000038146973,1.65,-0.313636364,0.7235,-0.065,1.159,9.0168181818
2020-02-07,0.6733997464179993,0.23360119760036469,9795.943359375,50.31999969482422,1.0982975959777832,1.2930254936218262,1568.5999755859375,0.009093554690480232,0.06709910184144974,7121.39990234375,113770.0,7466.7001953125,3327.7099609375,51396.0703125,23827.98046875,3798.489990234375,15.470000267028809,1.59,-0.313636364,0.7235,-0.065,1.159,9.0168181818
2020-02-10,0.6672316193580627,0.23146003484725952,9856.611328125,49.56999969482422,1.0949305295944214,1.2891582250595093,1574.699951171875,0.009120343253016472,0.06635259836912155,7108.0,112570.0,7446.89990234375,3352.090087890625,51007.05078125,23685.98046875,3793.179931640625,15.039999961853027,1.56,-0.313636364,0.7235,-0.065,1.159,9.0168181818
2020-02-12,0.6720998883247375,0.23107865452766418,10326.0546875,51.16999816894531,1.091941475868225,1.2956557273864746,1567.4000244140625,0.009103902615606785,0.06760593503713608,7185.2998046875,116674.0,7534.39990234375,3379.449951171875,52000.03125,23861.2109375,3854.429931640625,13.739999771118164,1.62,-0.313636364,0.7235,-0.065,1.159,9.0168181818
2020-02-13,0.6713197827339172,0.22964750230312347,10214.3798828125,51.41999816894531,1.0875948667526245,1.295756459236145,1575.0999755859375,0.009103653952479362,0.06726985424757004,7226.89990234375,115662.0,7452.0,3373.93994140625,52055.55859375,23827.73046875,3846.739990234375,14.149999618530273,1.61,-0.313636364,0.7235,-0.065,1.159,9.0168181818
2020-02-14,0.6721997857093811,0.2300560474395752,10312.1162109375,52.04999923706055,1.0845986604690552,1.3046824932098389,1582.699951171875,0.009110952727496624,0.06709176301956177,7227.10009765625,114381.0,7409.10009765625,3380.159912109375,52049.98046875,23687.58984375,3840.969970703125,13.680000305175781,1.59,-0.313636364,0.7235,-0.065,1.159,9.0168181818
2020-02-18,0.6711999773979187,0.23113371431827545,10141.99609375,52.04999923706055,1.0840108394622803,1.3008975982666016,1600.0,0.009104980155825615,0.06677483767271042,7208.2998046875,114977.0,7382.0,3370.2900390625,51922.16015625,23193.80078125,3836.5400390625,14.829999923706055,1.55,-0.313636364,0.7235,-0.065,1.159,9.0168181818
2020-02-19,0.6696000099182129,0.22963166236877441,9633.38671875,53.290000915527344,1.079540491104126,1.3002209663391113,1607.5,0.009097608737647533,0.06665955483913422,7237.39990234375,116518.0,7457.0,3386.14990234375,52126.578125,23400.69921875,3865.179931640625,14.380000114440918,1.56,-0.313636364,0.7235,-0.065,1.159,9.0168181818
2020-02-20,0.6684000492095947,0.22914758324623108,9608.4755859375,53.779998779296875,1.081009864807129,1.2928247451782227,1616.5999755859375,0.008991996757686138,0.06674543023109436,7255.2001953125,114586.0,7436.60009765625,3373.22998046875,52033.26171875,23479.150390625,3822.97998046875,15.5600004196167,1.52,-0.313636364,0.7235,-0.065,1.159,9.0168181818
2020-02-21,0.6613800525665283,0.22767114639282227,9686.44140625,53.380001068115234,1.078799843788147,1.2883278131484985,1644.5999755859375,0.00893223937600851,0.06616425514221191,7230.39990234375,113681.0,7403.89990234375,3337.75,51582.4296875,23386.740234375,3800.3798828125,17.079999923706055,1.46,-0.313636364,0.7235,-0.065,1.159,9.0168181818
2020-02-26,0.6605198383331299,0.2279566079378128,8820.5224609375,48.72999954223633,1.0881996154785156,1.3003394603729248,1640.0,0.009067333303391933,0.0657247006893158,6790.7001953125,105718.0,7042.5,3116.389892578125,49500.51953125,22426.189453125,3577.679931640625,27.559999465942383,1.33,-0.313636364,0.7235,-0.065,1.159,9.0168181818
2020-02-27,0.6546516418457031,0.22476455569267273,8784.494140625,47.09000015258789,1.0885894298553467,1.2906889915466309,1640.0,0.009061007760465145,0.06548788398504257,6737.39990234375,102984.0,6796.39990234375,2978.760009765625,48032.828125,21948.23046875,3455.919921875,39.15999984741211,1.3,-0.313636364,0.7235,-0.065,1.159,9.0168181818
2020-02-28,0.6580203175544739,0.22297538816928864,8672.455078125,44.7599983215332,1.0997228622436523,1.2888922691345215,1564.0999755859375,0.009119095280766487,0.06464123725891113,6511.5,104172.0,6580.60009765625,2954.219970703125,45851.76171875,21142.9609375,3329.489990234375,40.11000061035156,1.13,-0.313636364,0.7235,-0.065,1.159,9.0168181818
2020-03-02,0.6516313552856445,0.22515930235385895,8869.669921875,46.75,1.1051311492919922,1.2807048559188843,1592.300048828125,0.00928531028330326,0.06345821917057037,6461.10009765625,106625.0,6654.89990234375,3090.22998046875,46648.19921875,21344.080078125,3338.830078125,33.41999816894531,1.1,-0.313636364,0.7235,-0.065,1.159,9.0168181818
2020-03-03,0.6547498106956482,0.2235935926437378,8787.7861328125,47.18000030517578,1.1144047975540161,1.2767152786254883,1642.0999755859375,0.009217694401741028,0.06495657563209534,6511.60009765625,105537.0,6718.2001953125,3003.3701171875,47671.23828125,21082.73046875,3371.969970703125,36.81999969482422,1.02,-0.313636364,0.7235,-0.065,1.159,9.0168181818
2020-03-04,0.6582195162773132,0.22157227993011475,8755.24609375,46.779998779296875,1.118067979812622,1.2820841073989868,1641.0999755859375,0.009342563338577747,0.06493759900331497,6398.5,107224.0,6815.60009765625,3130.1201171875,47560.6796875,21100.060546875,3420.56005859375,31.989999771118164,1.02,-0.313636364,0.7235,-0.065,1.159,9.0168181818
2020-03-05,0.6626901030540466,0.2181786596775055,9078.7626953125,45.900001525878906,1.113908290863037,1.2874983549118042,1666.4000244140625,0.009287034161388874,0.0655544251203537,6472.39990234375,102233.0,6705.39990234375,3023.93994140625,47618.75,21329.119140625,3363.580078125,39.619998931884766,0.92,-0.313636364,0.7235,-0.065,1.159,9.0168181818
2020-03-06,0.6615506410598755,0.2170986831188202,9122.5458984375,41.279998779296875,1.1223849058151245,1.295068383216858,1670.800048828125,0.009411942213773727,0.06416013836860657,6287.5,97997.0,6462.60009765625,2972.3701171875,46759.71875,20749.75,3232.070068359375,41.939998626708984,0.74,-0.313636364,0.7235,-0.065,1.159,9.0168181818
2020-03-09,0.6613581776618958,0.2178744226694107,7923.64453125,31.1299991607666,1.1386020183563232,1.3099292516708374,1674.5,0.009621120058000088,0.062247391790151596,5822.39990234375,86067.0,5965.7998046875,2746.56005859375,43687.171875,19698.759765625,2959.070068359375,54.459999084472656,0.54,-0.313636364,0.7235,-0.065,1.159,9.0168181818
2020-03-10,0.6597998738288879,0.2117343246936798,7909.7294921875,34.36000061035156,1.1397960186004639,1.3075313568115234,1659.0999755859375,0.009698192588984966,0.06230137497186661,5995.7998046875,92214.0,5960.2001953125,2882.22998046875,44252.33984375,19867.119140625,2910.02001953125,47.29999923706055,0.76,-0.313636364,0.7235,-0.065,1.159,9.0168181818
2020-03-11,0.6499098539352417,0.21541975438594818,7911.43017578125,32.97999954223633,1.1316505670547485,1.2909722328186035,1641.4000244140625,0.009521451778709888,0.06271283328533173,5789.2998046875,85171.0,5876.5,2741.3798828125,43891.48828125,19416.060546875,2905.56005859375,53.900001525878906,0.82,-0.313636364,0.7235,-0.065,1.159,9.0168181818
2020-03-12,0.647939920425415,0.20773610472679138,4970.7880859375,31.5,1.1261515617370605,1.2818212509155273,1589.300048828125,0.00956480111926794,0.061544522643089294,5370.89990234375,72583.0,5237.5,2480.639892578125,39536.1796875,18559.630859375,2545.22998046875,75.47000122070312,0.88,-0.313636364,0.7235,-0.065,1.159,9.0168181818
2020-03-13,0.6274116039276123,0.20875954627990723,5563.70703125,31.729999542236328,1.1184931993484497,1.257023572921753,1515.699951171875,0.009559315629303455,0.060379911214113235,5590.7001953125,82678.0,5366.10009765625,2711.02001953125,39476.08984375,17431.05078125,2586.02001953125,57.83000183105469,0.94,-0.313636364,0.7235,-0.065,1.159,9.0168181818
2020-03-16,0.6177682876586914,0.20607508718967438,5014.47998046875,28.700000762939453,1.115536093711853,1.2399870157241821,1485.9000244140625,0.009373124688863754,0.061549220234155655,5058.2001953125,71168.0,5151.10009765625,2386.1298828125,36301.80859375,17002.0390625,2450.3701171875,82.69000244140625,0.73,-0.313636364,0.7235,-0.065,1.159,9.0168181818
2020-03-17,0.6099420189857483,0.20003999769687653,5225.62939453125,26.950000762939453,1.1163206100463867,1.2266627550125122,1524.9000244140625,0.009418413043022156,0.060246411710977554,5332.7998046875,74617.0,5294.89990234375,2529.18994140625,37375.328125,17011.529296875,2530.5,75.91000366210938,1.02,-0.313636364,0.7235,-0.065,1.159,9.0168181818
2020-03-18,0.5992200374603271,0.19961275160312653,5238.4384765625,20.3700008392334,1.101552128791809,1.2121652364730835,1477.300048828125,0.009312981739640236,0.06051693856716156,4998.7998046875,66895.0,5080.60009765625,2398.10009765625,34715.640625,16726.55078125,2385.820068359375,76.44999694824219,1.18,-0.313636364,0.7235,-0.065,1.159,9.0168181818
2020-03-19,0.5809798836708069,0.1959262192249298,6191.19287109375,25.219999313354492,1.0961546897888184,1.1625338792800903,1478.5999755859375,0.009228497743606567,0.058505091816186905,4809.39990234375,68332.0,5151.60009765625,2409.389892578125,34239.30078125,16552.830078125,2454.080078125,72.0,1.12,-0.313636364,0.7235,-0.065,1.159,9.0168181818
2020-03-23,0.5753309726715088,0.1981964260339737,6416.31494140625,23.360000610351562,1.0694386959075928,1.162304162979126,1567.0,0.009052887558937073,0.05658525228500366,4564.10009765625,63570.0,4993.89990234375,2237.39990234375,34695.8984375,16887.779296875,2485.5400390625,61.59000015258789,0.76,-0.313636364,0.7235,-0.065,1.159,9.0168181818
2020-03-24,0.5876600742340088,0.19448821246623993,6734.8037109375,24.010000228881836,1.0764610767364502,1.1595547199249268,1660.199951171875,0.009023071266710758,0.056321531534194946,4753.2998046875,69729.0,5446.0,2447.330078125,37550.71875,18092.349609375,2715.110107421875,61.66999816894531,0.84,-0.313636364,0.7235,-0.065,1.159,9.0168181818
2020-03-25,0.597550094127655,0.1961514949798584,6681.06298828125,24.489999771118164,1.080263614654541,1.1792036294937134,1632.300048828125,0.008999279700219631,0.05715886130928993,5006.2001953125,74956.0,5688.2001953125,2475.56005859375,39493.21875,19546.630859375,2800.139892578125,63.95000076293945,0.88,-0.313636364,0.7235,-0.065,1.159,9.0168181818
2020-03-26,0.5908098220825195,0.19866102933883667,6716.4404296875,22.600000381469727,1.0889569520950317,1.1851149797439575,1650.0999755859375,0.00901908427476883,0.05788243189454079,5135.2001953125,77710.0,5815.7001953125,2630.070068359375,41110.44921875,18664.599609375,2847.780029296875,61.0,0.83,-0.313636364,0.7235,-0.065,1.159,9.0168181818
2020-03-27,0.60791015625,0.199100062251091,6469.79833984375,21.510000228881836,1.1048258543014526,1.2200626134872437,1623.9000244140625,0.009165146388113499,0.05780547112226486,4874.2001953125,73429.0,5510.2998046875,2541.469970703125,39172.390625,19389.4296875,2728.64990234375,65.54000091552734,0.72,-0.313636364,0.7235,-0.065,1.159,9.0168181818
2020-03-30,0.618058443069458,0.19590061902999878,6429.841796875,20.09000015258789,1.113908290863037,1.245319128036499,1622.0,0.009309859946370125,0.05586018040776253,5194.0,74640.0,5563.7001953125,2626.64990234375,39756.73828125,19084.970703125,2765.6201171875,57.08000183105469,0.7,-0.313636364,0.7235,-0.065,1.159,9.0168181818
2020-03-31,0.6168993711471558,0.1925780475139618,6438.64453125,20.479999542236328,1.1030466556549072,1.2371643781661987,1583.4000244140625,0.00925625953823328,0.05580076947808266,5110.60009765625,73020.0,5672.0,2584.590087890625,40738.5703125,18917.009765625,2786.89990234375,53.540000915527344,0.7,-0.313636364,0.7235,-0.065,1.159,9.0168181818
2020-04-01,0.6136998534202576,0.19217835366725922,6606.7763671875,20.309999465942383,1.102657437324524,1.2408487796783447,1578.199951171875,0.009301632642745972,0.05636247992515564,5290.7001953125,70967.0,5454.60009765625,2470.5,40027.41015625,18065.41015625,2680.300048828125,57.060001373291016,0.62,-0.4495,0.3577,-0.04,0.854,11.2326315789
2020-04-02,0.6091395616531372,0.19054152071475983,6793.62451171875,25.31999969482422,1.0953621864318848,1.238236665725708,1625.699951171875,0.00932340044528246,0.05515902116894722,5188.7001953125,72253.0,5480.2001953125,2526.89990234375,41245.26171875,17818.720703125,2688.489990234375,50.90999984741211,0.63,-0.4495,0.3577,-0.04,0.854,11.2326315789
2020-04-03,0.6063215136528015,0.19028408825397491,6733.38720703125,28.34000015258789,1.0847399234771729,1.2394952774047852,1633.699951171875,0.009259173646569252,0.054136279970407486,5106.89990234375,69538.0,5415.5,2488.64990234375,40873.41015625,17820.189453125,2662.989990234375,46.79999923706055,0.62,-0.4495,0.3577,-0.04,0.854,11.2326315789
2020-04-06,0.5994700789451599,0.18696831166744232,7271.78125,26.079999923706055,1.0806955099105835,1.2220158576965332,1677.0,0.00920022465288639,0.051951829344034195,5323.60009765625,74073.0,5582.39990234375,2663.679931640625,42534.5390625,18576.30078125,2795.969970703125,45.2400016784668,0.67,-0.4495,0.3577,-0.04,0.854,11.2326315789
2020-04-07,0.6117599606513977,0.18920402228832245,7176.41455078125,23.6299991607666,1.0803803205490112,1.2240501642227173,1664.800048828125,0.009164642542600632,0.05380144715309143,5301.2998046875,76358.0,5704.5,2659.409912109375,43590.0,18950.1796875,2857.669921875,46.70000076293945,0.75,-0.4495,0.3577,-0.04,0.854,11.2326315789
2020-04-08,0.6152199506759644,0.19150850176811218,7334.0986328125,25.09000015258789,1.0895144939422607,1.2338672876358032,1665.4000244140625,0.009203780442476273,0.05484892055392265,5258.7998046875,78625.0,5677.7001953125,2749.97998046875,42772.19921875,19353.240234375,2851.27001953125,43.349998474121094,0.77,-0.4495,0.3577,-0.04,0.854,11.2326315789
2020-04-09,0.6235308051109314,0.1951790750026703,7302.08935546875,22.760000228881836,1.0863661766052246,1.23931086063385,1736.199951171875,0.009180882014334202,0.054943542927503586,5439.39990234375,77682.0,5842.7001953125,2789.820068359375,43837.44921875,19345.76953125,2892.7900390625,41.66999816894531,0.73,-0.4495,0.3577,-0.04,0.854,11.2326315789
2020-04-14,0.6401106119155884,0.1923631727695465,6842.427734375,20.110000610351562,1.0922993421554565,1.2523951530456543,1756.699951171875,0.00929169449955225,0.05525838956236839,5542.5,79918.0,5791.2998046875,2846.06005859375,45580.91015625,19638.810546875,2917.739990234375,37.7599983215332,0.76,-0.4495,0.3577,-0.04,0.854,11.2326315789
2020-04-15,0.6434298753738403,0.19372335076332092,6642.10986328125,19.8700008392334,1.098538875579834,1.26262629032135,1727.199951171875,0.00933672022074461,0.05467378720641136,5523.2998046875,78831.0,5597.7001953125,2783.360107421875,44202.8984375,19550.08984375,2808.199951171875,40.84000015258789,0.63,-0.4495,0.3577,-0.04,0.854,11.2326315789
2020-04-16,0.6308901309967041,0.19094902276992798,7116.80419921875,19.8700008392334,1.0905101299285889,1.252097249031067,1720.4000244140625,0.0092929033562541,0.05360148102045059,5467.60009765625,77812.0,5628.39990234375,2799.550048828125,44180.0,19290.19921875,2812.35009765625,40.11000061035156,0.61,-0.4495,0.3577,-0.04,0.854,11.2326315789
2020-04-17,0.6358600854873657,0.19117169082164764,7096.1845703125,18.270000457763672,1.0858471393585205,1.2487823963165283,1689.199951171875,0.009263977408409119,0.05358465388417244,5544.7001953125,78990.0,5787.0,2874.56005859375,45044.37109375,19897.259765625,2888.300048828125,38.150001525878906,0.65,-0.4495,0.3577,-0.04,0.854,11.2326315789
2020-04-20,0.6340188980102539,0.1911059319972992,6881.95849609375,-37.630001068115234,1.0866966247558594,1.248751163482666,1701.5999755859375,0.0092876385897398,0.053194887936115265,5414.7001953125,78973.0,5812.7998046875,2823.159912109375,44796.921875,19669.119140625,2909.5,43.83000183105469,0.63,-0.4495,0.3577,-0.04,0.854,11.2326315789
2020-04-22,0.6293998956680298,0.18814675509929657,7117.20751953125,13.779999732971191,1.0856467485427856,1.2298610210418701,1728.699951171875,0.009283240884542465,0.05275319144129753,5273.7998046875,80687.0,5770.60009765625,2799.31005859375,44248.8203125,19137.94921875,2834.89990234375,41.97999954223633,0.63,-0.4495,0.3577,-0.04,0.854,11.2326315789
2020-04-23,0.6298998594284058,0.18325422704219818,7429.724609375,16.5,1.080964207649231,1.2323921918869019,1733.300048828125,0.009275319054722786,0.052674245089292526,5272.7998046875,79673.0,5826.60009765625,2797.800048828125,45661.9609375,19429.439453125,2852.4599609375,41.380001068115234,0.61,-0.4495,0.3577,-0.04,0.854,11.2326315789
2020-04-24,0.6376798748970032,0.18073050677776337,7550.90087890625,16.940000534057617,1.077702283859253,1.235223650932312,1723.5,0.009287896566092968,0.05235108360648155,5300.7001953125,75331.0,5752.2001953125,2836.739990234375,45595.46875,19262.0,2809.070068359375,35.93000030517578,0.6,-0.4495,0.3577,-0.04,0.854,11.2326315789
2020-04-28,0.6449116468429565,0.17690974473953247,7807.05859375,12.34000015258789,1.0824854373931885,1.2422668933868408,1710.5,0.009321141988039017,0.053187329322099686,5381.2001953125,81312.0,5958.5,2863.389892578125,46100.7109375,19771.189453125,2932.06005859375,33.56999969482422,0.62,-0.4495,0.3577,-0.04,0.854,11.2326315789
2020-04-30,0.6555013060569763,0.18744845688343048,8658.5537109375,18.84000015258789,1.087725043296814,1.2471472024917603,1684.199951171875,0.009379982948303223,0.05511190742254257,5597.7001953125,80506.0,5901.2001953125,2912.429931640625,46348.26171875,20193.689453125,2927.929931640625,34.150001525878906,0.64,-0.4495,0.3577,-0.04,0.854,11.2326315789
2020-05-07,0.6390756368637085,0.17497201263904572,9951.5185546875,23.549999237060547,1.0798553228378296,1.232559323310852,1721.800048828125,0.009416993707418442,0.05315789952874184,5449.89990234375,78119.0,5936.0,2881.18994140625,46096.03125,19674.76953125,2880.60009765625,31.440000534057617,0.63,-0.5165,0.2743,0.0,0.903,10.074
2020-05-11,0.653710126876831,0.18258169293403625,8601.7958984375,24.139999389648438,1.0839520692825317,1.2417423725128174,1695.300048828125,0.00935287494212389,0.0545845553278923,5559.10009765625,79065.0,5939.7001953125,2930.18994140625,46359.51171875,20390.66015625,2883.75,27.56999969482422,0.73,-0.5165,0.2743,0.0,0.903,10.074
2020-05-12,0.6484664082527161,0.1719069629907608,8804.4775390625,25.780000686645508,1.080940842628479,1.2333498001098633,1704.4000244140625,0.009296617470681667,0.05434250831604004,5497.2998046875,77872.0,5994.7998046875,2870.1201171875,46518.03125,20366.48046875,2884.199951171875,33.040000915527344,0.69,-0.5165,0.2743,0.0,0.903,10.074
2020-05-13,0.6455298662185669,0.16992931067943573,9269.9873046875,25.290000915527344,1.0846810340881348,1.2254902124404907,1713.9000244140625,0.009333756752312183,0.05432804301381111,5513.7001953125,77772.0,5904.10009765625,2820.0,46416.44140625,20267.05078125,2810.550048828125,35.279998779296875,0.64,-0.5165,0.2743,0.0,0.903,10.074
2020-05-14,0.6454944014549255,0.1698831170797348,9733.7216796875,27.559999465942383,1.08236825466156,1.224155068397522,1738.0999755859375,0.00935165025293827,0.05414918065071106,5418.0,79011.0,5741.5,2852.5,45445.1015625,19914.779296875,2760.22998046875,32.61000061035156,0.63,-0.5165,0.2743,0.0,0.903,10.074
2020-05-15,0.6471235156059265,0.17213481664657593,9328.197265625,29.43000030517578,1.0806955099105835,1.2233912944793701,1753.4000244140625,0.009314022026956081,0.05427997559309006,5492.7998046875,77557.0,5799.7998046875,2863.699951171875,45948.359375,20037.470703125,2770.699951171875,31.889999389648438,0.64,-0.5165,0.2743,0.0,0.903,10.074
2020-05-18,0.6425785422325134,0.17078836262226105,9726.5751953125,31.81999969482422,1.0821340084075928,1.2085760831832886,1731.800048828125,0.0093276621773839,0.05385870486497879,5557.5,81194.0,6048.60009765625,2953.909912109375,47673.5390625,20133.73046875,2911.8798828125,29.299999237060547,0.73,-0.5165,0.2743,0.0,0.903,10.074
2020-05-19,0.652600109577179,0.17485575377941132,9729.0380859375,32.5,1.0915124416351318,1.2200031280517578,1744.199951171875,0.009312634356319904,0.05453751981258392,5658.7998046875,80742.0,6002.2001953125,2922.93994140625,48160.6484375,20433.44921875,2902.580078125,30.530000686645508,0.7,-0.5165,0.2743,0.0,0.903,10.074
2020-05-20,0.6540094017982483,0.17375591397285461,9522.9814453125,33.4900016784668,1.0927767753601074,1.2255953550338745,1750.5999755859375,0.009275577962398529,0.05457710847258568,5680.10009765625,81319.0,6067.2001953125,2971.610107421875,48379.91015625,20595.150390625,2942.389892578125,27.989999771118164,0.68,-0.5165,0.2743,0.0,0.903,10.074
2020-05-21,0.65923011302948,0.17573149502277374,9081.76171875,33.91999816894531,1.0982975959777832,1.2236906290054321,1720.5,0.009294457733631134,0.055811699479818344,5660.89990234375,83027.0,6015.2998046875,2948.510009765625,47232.26171875,20552.310546875,2942.389892578125,29.530000686645508,0.68,-0.5165,0.2743,0.0,0.903,10.074
2020-05-22,0.6566894054412842,0.18010228872299194,9182.5771484375,33.25,1.0952903032302856,1.2223445177078247,1734.5999755859375,0.009291003458201885,0.056910984218120575,5608.7998046875,82173.0,5993.2998046875,2955.449951171875,46432.0390625,20388.16015625,2905.469970703125,28.15999984741211,0.66,-0.5165,0.2743,0.0,0.903,10.074
2020-05-26,0.6547399163246155,0.18370871245861053,8835.052734375,34.349998474121094,1.0902997255325317,1.220137119293213,1704.800048828125,0.009286172688007355,0.056704770773649216,5889.89990234375,85469.0,6067.7998046875,2991.77001953125,46795.96875,21271.169921875,2999.219970703125,28.010000228881836,0.69,-0.5165,0.2743,0.0,0.903,10.074
2020-05-27,0.6646699905395508,0.18712575733661652,9181.017578125,32.810001373291016,1.0981770753860474,1.23350191116333,1710.300048828125,0.009303105063736439,0.057534750550985336,5884.89990234375,87946.0,6144.2998046875,3036.1298828125,46600.640625,21419.23046875,3051.080078125,27.6200008392334,0.68,-0.5165,0.2743,0.0,0.903,10.074
2020-05-28,0.6620806455612183,0.18965615332126617,9525.7509765625,33.709999084472656,1.1016855239868164,1.2264822721481323,1713.300048828125,0.009276609867811203,0.05766640231013298,5957.7998046875,86949.0,6218.7998046875,3029.72998046875,47440.05859375,21916.310546875,3094.469970703125,28.59000015258789,0.7,-0.5165,0.2743,0.0,0.903,10.074
2020-05-29,0.6633498668670654,0.18506179749965668,9439.1240234375,35.4900016784668,1.1079105138778687,1.2321492433547974,1736.9000244140625,0.009289967827498913,0.0572170726954937,5872.2001953125,87403.0,6076.60009765625,3044.31005859375,46544.7890625,21877.890625,3050.199951171875,27.510000228881836,0.65,-0.5165,0.2743,0.0,0.903,10.074
2020-06-01,0.6659784913063049,0.18744845688343048,10167.2685546875,35.439998626708984,1.1118524074554443,1.2347996234893799,1737.800048828125,0.009284361265599728,0.05693626031279564,5938.39990234375,88620.0,6166.39990234375,3055.72998046875,46950.12109375,22062.390625,3050.199951171875,28.229999542236328,0.66,-0.434285714,0.278,0.03,0.928,9.9580952381
2020-06-02,0.6786000728607178,0.18634119629859924,9529.8037109375,36.810001373291016,1.1125946044921875,1.248704433441162,1725.199951171875,0.00929817371070385,0.05752892419695854,5960.10009765625,91046.0,6220.10009765625,3080.820068359375,48318.2890625,22325.609375,3159.02001953125,26.84000015258789,0.68,-0.434285714,0.278,0.03,0.928,9.9580952381
2020-06-03,0.6914199590682983,0.19233359396457672,9656.7177734375,37.290000915527344,1.118943691253662,1.2581465244293213,1697.800048828125,0.00919041596353054,0.05830397456884384,6064.89990234375,93002.0,6382.39990234375,3122.8701171875,49300.1015625,22613.759765625,3269.590087890625,25.65999984741211,0.77,-0.434285714,0.278,0.03,0.928,9.9580952381
2020-06-04,0.6929046511650085,0.1975659728050232,9800.63671875,37.40999984741211,1.1235954761505127,1.2575136423110962,1718.9000244140625,0.00917439628392458,0.05918771028518677,6112.0,93829.0,6341.39990234375,3112.35009765625,48837.53125,22695.740234375,3261.669921875,25.809999465942383,0.82,-0.434285714,0.278,0.03,0.928,9.9580952381
2020-06-05,0.6939899921417236,0.19541937112808228,9665.533203125,39.54999923706055,1.1337867975234985,1.2609069347381592,1676.199951171875,0.00916170421987772,0.05925855413079262,6116.5,94637.0,6484.2998046875,3193.929931640625,50199.80078125,22863.73046875,3384.2900390625,24.520000457763672,0.91,-0.434285714,0.278,0.03,0.928,9.9580952381
2020-06-09,0.7024494409561157,0.20740003883838654,9795.7001953125,38.939998626708984,1.1305567026138306,1.2735283374786377,1714.699951171875,0.009224326349794865,0.06005789339542389,6262.89990234375,96747.0,6335.7001953125,3207.179931640625,49915.73828125,23091.029296875,3320.7099609375,27.56999969482422,0.84,-0.434285714,0.278,0.03,0.928,9.9580952381
2020-06-10,0.6942998170852661,0.2041483074426651,9870.0947265625,39.599998474121094,1.1332215070724487,1.2711325883865356,1713.300048828125,0.009276696480810642,0.060300540179014206,6269.2998046875,94686.0,6329.10009765625,3190.139892578125,49204.8203125,23124.94921875,3293.7099609375,27.56999969482422,0.75,-0.434285714,0.278,0.03,0.928,9.9580952381
2020-06-12,0.6830880641937256,0.2010050266981125,9480.84375,36.2599983215332,1.1288082599639893,1.257703423500061,1729.300048828125,0.009363032877445221,0.058140113949775696,5959.89990234375,92795.0,6105.2001953125,3041.31005859375,49247.69140625,22305.48046875,3153.739990234375,36.09000015258789,0.71,-0.434285714,0.278,0.03,0.928,9.9580952381
2020-06-15,0.6825007200241089,0.19810611009597778,9450.7021484375,37.119998931884766,1.1252011060714722,1.2508755922317505,1720.300048828125,0.009318709373474121,0.05822975933551788,5830.0,92376.0,6064.7001953125,3066.590087890625,47919.51953125,21530.94921875,3136.39990234375,34.400001525878906,0.71,-0.434285714,0.278,0.03,0.928,9.9580952381
2020-06-17,0.6895315051078796,0.1907086819410324,9480.2548828125,37.959999084472656,1.1265701055526733,1.258510708808899,1729.199951171875,0.009310119785368443,0.05825468897819519,6109.10009765625,95547.0,6253.2998046875,3113.489990234375,49661.140625,22455.759765625,3267.260009765625,33.470001220703125,0.74,-0.434285714,0.278,0.03,0.928,9.9580952381
2020-06-18,0.6875702142715454,0.19128139317035675,9411.8408203125,38.84000015258789,1.1242902278900146,1.2552721500396729,1724.800048828125,0.009355062618851662,0.05820376053452492,6051.89990234375,96125.0,6224.10009765625,3115.340087890625,49589.109375,22355.4609375,3249.89990234375,32.939998626708984,0.71,-0.434285714,0.278,0.03,0.928,9.9580952381
2020-06-19,0.6857205629348755,0.18597039580345154,9288.0185546875,39.75,1.1211000680923462,1.2426837682724,1745.9000244140625,0.009345270693302155,0.057569198310375214,6061.60009765625,96572.0,6292.60009765625,3097.739990234375,49812.33984375,22478.7890625,3269.10009765625,35.119998931884766,0.7,-0.434285714,0.278,0.03,0.928,9.9580952381
2020-06-22,0.6822911500930786,0.18832391500473022,9648.7177734375,40.459999084472656,1.1177555322647095,1.234811782836914,1756.699951171875,0.00936057884246111,0.05751720815896988,6058.0,95336.0,6244.60009765625,3117.860107421875,49877.859375,22437.26953125,3241.68994140625,31.770000457763672,0.71,-0.434285714,0.278,0.03,0.928,9.9580952381
2020-06-23,0.6931601762771606,0.19040727615356445,9629.658203125,40.369998931884766,1.1279679536819458,1.250156283378601,1772.0999755859375,0.009354274719953537,0.05795152857899666,6069.2998046875,95975.0,6320.10009765625,3131.2900390625,51193.19140625,22549.05078125,3298.830078125,31.3700008392334,0.72,-0.434285714,0.278,0.03,0.928,9.9580952381
2020-06-24,0.6940299272537231,0.1941370666027069,9313.6103515625,38.0099983215332,1.1312345266342163,1.2524893283843994,1765.800048828125,0.009395670145750046,0.05818452313542366,6081.60009765625,94377.0,6123.7001953125,3050.330078125,50193.80078125,22534.3203125,3196.1201171875,33.84000015258789,0.69,-0.434285714,0.278,0.03,0.928,9.9580952381
2020-06-25,0.685678243637085,0.1870347559452057,9264.8134765625,38.720001220703125,1.1250872611999512,1.2412954568862915,1762.0999755859375,0.009341953322291374,0.057496048510074615,5928.0,95983.0,6147.10009765625,3083.760009765625,49732.921875,22259.7890625,3218.909912109375,32.220001220703125,0.68,-0.434285714,0.278,0.03,0.928,9.9580952381
2020-06-26,0.6888190507888794,0.18658457696437836,9162.91796875,38.4900016784668,1.1222084760665894,1.2425447702407837,1772.5,0.009332275949418545,0.058386318385601044,6011.7998046875,93834.0,6159.2998046875,3009.050048828125,49477.8515625,22512.080078125,3204.169921875,34.72999954223633,0.64,-0.434285714,0.278,0.03,0.928,9.9580952381
2020-06-29,0.6861910820007324,0.18245179951190948,9190.8544921875,39.70000076293945,1.1225864887237549,1.2342174053192139,1774.800048828125,0.009326792322099209,0.05780714005231857,5915.60009765625,95735.0,6225.7998046875,3053.239990234375,49920.08984375,21995.0390625,3232.02001953125,31.780000686645508,0.64,-0.434285714,0.278,0.03,0.928,9.9580952381
2020-06-30,0.6871907711029053,0.18511319160461426,9137.9931640625,39.27000045776367,1.1247202157974243,1.2310571670532227,1793.0,0.009294544346630573,0.0580747053027153,6001.2998046875,95056.0,6169.7001953125,3100.2900390625,50174.94921875,22288.140625,3234.070068359375,30.43000030517578,0.66,-0.434285714,0.278,0.03,0.928,9.9580952381
2020-07-01,0.69020015001297,0.18309317529201508,9228.3251953125,39.81999969482422,1.1235954761505127,1.2389271259307861,1773.199951171875,0.009260202758014202,0.05766373872756958,6041.0,96203.0,6158.0,3115.860107421875,49570.87890625,22121.73046875,3228.449951171875,28.6200008392334,0.69,-0.523043478,0.2094,0.01,0.897,10.2652173913
2020-07-02,0.6913239359855652,0.1881042867898941,9123.41015625,40.650001525878906,1.1251378059387207,1.2464786767959595,1784.0,0.009313935413956642,0.058687854558229446,6142.2998046875,96235.0,6240.39990234375,3130.010009765625,50309.76953125,22145.9609375,3320.090087890625,27.68000030517578,0.68,-0.523043478,0.2094,0.01,0.897,10.2652173913
2020-07-06,0.694840133190155,0.18827427923679352,9375.474609375,40.630001068115234,1.1247202157974243,1.247551679611206,1788.5,0.009295494295656681,0.058679696172475815,6125.89990234375,98937.0,6285.89990234375,3179.719970703125,50503.91015625,22714.439453125,3350.030029296875,27.940000534057617,0.69,-0.523043478,0.2094,0.01,0.897,10.2652173913
2020-07-07,0.6976999044418335,0.18676577508449554,9252.27734375,40.619998931884766,1.1312856674194336,1.249547004699707,1804.199951171875,0.009314542636275291,0.05889402702450752,6126.7001953125,97761.0,6189.89990234375,3145.320068359375,50922.3203125,22614.689453125,3321.56005859375,29.43000030517578,0.65,-0.523043478,0.2094,0.01,0.897,10.2652173913
2020-07-08,0.6942322850227356,0.1859496384859085,9428.3330078125,40.900001525878906,1.1275228261947632,1.2542802095413208,1815.5,0.00929558090865612,0.05826776102185249,6034.2998046875,99770.0,6156.2001953125,3169.93994140625,51558.75,22438.650390625,3286.090087890625,28.079999923706055,0.67,-0.523043478,0.2094,0.01,0.897,10.2652173913
2020-07-09,0.6989096999168396,0.18717478215694427,9277.9677734375,39.619998931884766,1.1339154243469238,1.2613521814346313,1799.199951171875,0.009321141988039017,0.059165649116039276,6074.89990234375,99160.0,6049.60009765625,3152.050048828125,51536.91015625,22529.2890625,3261.169921875,29.260000228881836,0.62,-0.523043478,0.2094,0.01,0.897,10.2652173913
2020-07-10,0.695894181728363,0.18734310567378998,9278.8076171875,40.54999923706055,1.1287955045700073,1.2605094909667969,1798.199951171875,0.00932522676885128,0.059435468167066574,6036.2998046875,100032.0,6095.39990234375,3185.0400390625,51154.078125,22290.810546875,3296.219970703125,27.290000915527344,0.65,-0.523043478,0.2094,0.01,0.897,10.2652173913
2020-07-13,0.6950284838676453,0.1877264380455017,9243.6142578125,40.099998474121094,1.1310042142868042,1.2627506256103516,1811.0,0.00935366190969944,0.05949742719531059,6089.2998046875,98697.0,6176.2001953125,3155.219970703125,51874.80859375,22784.740234375,3350.0,32.189998626708984,0.64,-0.523043478,0.2094,0.01,0.897,10.2652173913
2020-07-14,0.6940106749534607,0.18513375520706177,9243.2138671875,40.290000915527344,1.134549617767334,1.255177617073059,1810.5999755859375,0.009321749210357666,0.05957416072487831,6045.5,100440.0,6179.7998046875,3197.52001953125,51235.08984375,22587.009765625,3321.389892578125,29.520000457763672,0.63,-0.523043478,0.2094,0.01,0.897,10.2652173913
2020-07-15,0.6988999247550964,0.18633078038692474,9192.8369140625,41.20000076293945,1.1410704851150513,1.25692880153656,1811.4000244140625,0.009324443526566029,0.05993945896625519,6160.39990234375,101791.0,6292.7001953125,3226.56005859375,51606.69921875,22945.5,3378.2099609375,27.760000228881836,0.64,-0.523043478,0.2094,0.01,0.897,10.2652173913
2020-07-16,0.7009181976318359,0.18632562458515167,9132.2275390625,40.75,1.1417193412780762,1.2591001987457275,1798.699951171875,0.009353050030767918,0.06033983454108238,6123.0,100553.0,6250.7001953125,3215.570068359375,51363.48828125,22770.359375,3365.35009765625,28.0,0.62,-0.523043478,0.2094,0.01,0.897,10.2652173913
2020-07-17,0.6978002190589905,0.18759262561798096,9151.392578125,40.59000015258789,1.139211654663086,1.2559500932693481,1808.300048828125,0.009321575984358788,0.05978715792298317,6144.89990234375,102888.0,6290.2998046875,3224.72998046875,51515.87890625,22696.419921875,3365.60009765625,25.68000030517578,0.64,-0.523043478,0.2094,0.01,0.897,10.2652173913
2020-07-20,0.7004998922348022,0.18569067120552063,9164.2314453125,40.810001373291016,1.1442956924438477,1.2571184635162354,1815.9000244140625,0.009337940253317356,0.060022931545972824,6112.2998046875,104426.0,6261.5,3251.840087890625,51852.21875,22717.48046875,3388.340087890625,24.459999084472656,0.62,-0.523043478,0.2094,0.01,0.897,10.2652173913
2020-07-21,0.7025925517082214,0.18769824504852295,9374.8876953125,41.959999084472656,1.1458691358566284,1.266175389289856,1842.4000244140625,0.009328706189990044,0.060179587453603745,6268.7998046875,104310.0,6269.7001953125,3257.300048828125,52016.51953125,22884.220703125,3405.35009765625,24.84000015258789,0.61,-0.523043478,0.2094,0.01,0.897,10.2652173913
2020-07-22,0.7135599255561829,0.193431094288826,9525.36328125,41.900001525878906,1.15340256690979,1.2730745077133179,1864.0999755859375,0.009360491298139095,0.061035528779029846,6192.60009765625,104290.0,6207.10009765625,3276.02001953125,51412.01953125,22751.609375,3370.760009765625,24.31999969482422,0.6,-0.523043478,0.2094,0.01,0.897,10.2652173913
2020-07-27,0.7098188996315002,0.19123749434947968,10990.873046875,41.599998474121094,1.1652567386627197,1.2795906066894531,1931.0,0.009434585459530354,0.0600157231092453,6169.60009765625,104477.0,6104.89990234375,3239.409912109375,51914.078125,22715.849609375,3302.840087890625,24.739999771118164,0.62,-0.523043478,0.2094,0.01,0.897,10.2652173913
2020-07-28,0.7159000635147095,0.19449873268604279,10912.8232421875,41.040000915527344,1.1769275665283203,1.2889753580093384,1944.699951171875,0.00950019434094429,0.061018772423267365,6146.7998046875,104109.0,6129.2998046875,3218.43994140625,52043.05078125,22657.380859375,3303.56005859375,25.440000534057617,0.59,-0.523043478,0.2094,0.01,0.897,10.2652173913
2020-07-29,0.71602463722229,0.19408808648586273,11100.4677734375,41.27000045776367,1.171879529953003,1.292373776435852,1953.5,0.009514113888144493,0.060713138431310654,6128.0,105605.0,6131.5,3258.43994140625,52245.75,22397.109375,3300.159912109375,24.100000381469727,0.58,-0.523043478,0.2094,0.01,0.897,10.2652173913
2020-07-30,0.7171697616577148,0.19346851110458374,11111.2138671875,39.91999816894531,1.1782865524291992,1.298246145248413,1942.300048828125,0.009520907886326313,0.06042960658669472,6177.5,105009.0,5990.0,3246.219970703125,51451.44140625,22339.23046875,3208.199951171875,24.760000228881836,0.55,-0.523043478,0.2094,0.01,0.897,10.2652173913
2020-07-31,0.7203676700592041,0.19402781128883362,11323.466796875,40.27000045776367,1.1872254610061646,1.311785101890564,1962.800048828125,0.009552649222314358,0.05979037657380104,6058.2998046875,102912.0,5897.7998046875,3271.1201171875,51368.8203125,21710.0,3174.320068359375,24.459999084472656,0.55,-0.523043478,0.2094,0.01,0.897,10.2652173913
2020-08-03,0.7146890163421631,0.1915268450975418,11246.3486328125,41.0099983215332,1.1782310009002686,1.3101695775985718,1966.0,0.009445903822779655,0.05874618887901306,6053.89990234375,102830.0,6032.89990234375,3294.610107421875,51571.7109375,22195.380859375,3248.280029296875,24.280000686645508,0.56,-0.523043478,0.2094,0.01,0.897,10.2652173913
2020-08-04,0.7117944359779358,0.188015878200531,11205.892578125,41.70000076293945,1.1763322353363037,1.3078734874725342,2001.199951171875,0.009431293234229088,0.05818689242005348,6166.5,101216.0,6036.0,3306.510009765625,51951.33984375,22573.66015625,3254.2900390625,23.760000228881836,0.52,-0.523043478,0.2094,0.01,0.897,10.2652173913
2020-08-05,0.7177102565765381,0.1890287548303604,11747.0224609375,42.189998626708984,1.181544303894043,1.3086093664169312,2031.0999755859375,0.00946844182908535,0.057629019021987915,6135.89990234375,102802.0,6104.7001953125,3327.77001953125,53279.30078125,22514.849609375,3268.3798828125,22.989999771118164,0.55,-0.523043478,0.2094,0.01,0.897,10.2652173913
2020-08-06,0.7199097275733948,0.18900375068187714,11779.7734375,41.95000076293945,1.187281847000122,1.3126804828643799,2051.5,0.009473913349211216,0.057722724974155426,6180.2998046875,104126.0,6026.89990234375,3349.159912109375,53350.87890625,22418.150390625,3240.389892578125,22.649999618530273,0.55,-0.523043478,0.2094,0.01,0.897,10.2652173913
2020-08-07,0.7230997681617737,0.18757152557373047,11601.47265625,41.220001220703125,1.1876484155654907,1.3138015270233154,2010.0999755859375,0.009471400640904903,0.05741450935602188,6144.89990234375,102776.0,6032.2001953125,3351.280029296875,52435.6484375,22329.939453125,3252.64990234375,22.209999084472656,0.57,-0.523043478,0.2094,0.01,0.897,10.2652173913
2020-08-11,0.7158001661300659,0.1824650913476944,11410.525390625,41.61000061035156,1.1737778186798096,1.3077194690704346,1932.5999755859375,0.009434674866497517,0.05663508176803589,6272.10009765625,102174.0,6154.2998046875,3333.68994140625,52831.609375,22750.240234375,3332.1201171875,24.030000686645508,0.64,-0.523043478,0.2094,0.01,0.897,10.2652173913
2020-08-12,0.7145199775695801,0.1858597844839096,11584.9345703125,42.66999816894531,1.1736538410186768,1.3050740957260132,1934.9000244140625,0.009387820027768612,0.057171277701854706,6257.0,102118.0,6280.10009765625,3380.35009765625,53126.5390625,22843.9609375,3363.179931640625,22.280000686645508,0.69,-0.523043478,0.2094,0.01,0.897,10.2652173913
2020-08-13,0.7164863348007202,0.1839926391839981,11784.1376953125,42.2400016784668,1.179380178451538,1.3048017024993896,1956.699951171875,0.009361367672681808,0.05730298161506653,6223.89990234375,100461.0,6185.60009765625,3373.429931640625,53082.078125,23249.609375,3342.85009765625,22.1299991607666,0.71,-0.523043478,0.2094,0.01,0.897,10.2652173913
2020-08-14,0.7148800492286682,0.18632382154464722,11768.87109375,42.0099983215332,1.1816558837890625,1.3070528507232666,1937.0,0.009347016923129559,0.057444196194410324,6261.7001953125,101353.0,6090.0,3372.85009765625,52737.48046875,23289.359375,3305.050048828125,22.049999237060547,0.71,-0.523043478,0.2094,0.01,0.897,10.2652173913
2020-08-17,0.7192589044570923,0.18447460234165192,12254.40234375,42.88999938964844,1.1852554082870483,1.3107001781463623,1985.0,0.009384912438690662,0.05759473145008087,6218.5,99595.0,6127.39990234375,3381.989990234375,53140.2109375,23096.75,3305.85009765625,21.350000381469727,0.69,-0.523043478,0.2094,0.01,0.897,10.2652173913
2020-08-18,0.7218131422996521,0.1815442144870758,11991.2333984375,42.88999938964844,1.1876484155654907,1.3107877969741821,1999.4000244140625,0.009434406645596027,0.057144489139318466,6268.7001953125,102065.0,6076.60009765625,3389.780029296875,52738.12109375,23051.080078125,3289.639892578125,21.510000228881836,0.67,-0.523043478,0.2094,0.01,0.897,10.2652173913
2020-08-19,0.7257947325706482,0.18296921253204346,11758.283203125,42.93000030517578,1.1947859525680542,1.325398564338684,1958.699951171875,0.009503534995019436,0.05777851864695549,6314.10009765625,100854.0,6112.0,3374.85009765625,52137.859375,23110.609375,3317.6201171875,22.540000915527344,0.68,-0.523043478,0.2094,0.01,0.897,10.2652173913
2020-08-20,0.7188039422035217,0.17997264862060547,11878.3720703125,42.58000183105469,1.1843500137329102,1.311079978942871,1933.800048828125,0.009426936507225037,0.05797068029642105,6271.7001953125,101468.0,6013.2998046875,3385.510009765625,51380.01953125,22880.619140625,3273.97998046875,22.719999313354492,0.65,-0.523043478,0.2094,0.01,0.897,10.2652173913
2020-08-21,0.7206116914749146,0.179988831281662,11592.4892578125,42.34000015258789,1.1873664855957031,1.3220343589782715,1934.5999755859375,0.009463871829211712,0.05799202620983124,6270.7001953125,101521.0,6001.89990234375,3397.159912109375,51669.1796875,22920.30078125,3259.75,22.540000915527344,0.64,-0.523043478,0.2094,0.01,0.897,10.2652173913
2020-08-24,0.7161374688148499,0.17798028886318207,11774.595703125,42.619998931884766,1.1798018217086792,1.3094146251678467,1927.699951171875,0.00944492220878601,0.058342378586530685,6300.2998046875,102298.0,6104.7001953125,3431.280029296875,52256.83984375,22985.509765625,3331.739990234375,22.3700008392334,0.65,-0.523043478,0.2094,0.01,0.897,10.2652173913
2020-08-25,0.7168900370597839,0.1782340556383133,11366.134765625,43.349998474121094,1.1794538497924805,1.307138204574585,1911.800048828125,0.009434585459530354,0.05896452069282532,6332.0,102118.0,6037.0,3443.6201171875,51767.87890625,23296.76953125,3329.7099609375,22.030000686645508,0.69,-0.523043478,0.2094,0.01,0.897,10.2652173913
2020-08-26,0.7199320793151855,0.18157388269901276,11488.36328125,43.38999938964844,1.183501958847046,1.3152183294296265,1940.699951171875,0.009398054331541061,0.05946607515215874,6294.5,100627.0,6045.60009765625,3478.72998046875,52256.8515625,23290.859375,3356.760009765625,23.270000457763672,0.69,-0.523043478,0.2094,0.01,0.897,10.2652173913
2020-08-27,0.7245011925697327,0.17834213376045227,11323.3974609375,43.040000915527344,1.1842728853225708,1.3219819068908691,1921.5999755859375,0.009446795098483562,0.059335559606552124,6310.60009765625,100624.0,6000.0,3484.550048828125,52583.69921875,23208.859375,3331.0400390625,24.469999313354492,0.74,-0.523043478,0.2094,0.01,0.897,10.2652173913
2020-08-28,0.7269898653030396,0.1795751303434372,11542.5,42.970001220703125,1.1819632053375244,1.3199577331542969,1964.5999755859375,0.009377608075737953,0.058707498013973236,6260.7998046875,102143.0,5963.60009765625,3508.010009765625,51750.44921875,22882.650390625,3315.5400390625,22.959999084472656,0.74,-0.523043478,0.2094,0.01,0.897,10.2652173913
2020-09-01,0.738099992275238,0.18211950361728668,11970.478515625,42.7599983215332,1.193901538848877,1.3364516496658325,1968.199951171875,0.009433606639504433,0.05900672823190689,6143.2001953125,102168.0,5862.10009765625,3526.64990234375,51704.1015625,23138.0703125,3277.580078125,26.1200008392334,0.68,-0.524090909,0.273,0.015,0.894,10.2157142857
2020-09-02,0.7378494143486023,0.18527783453464508,11414.0341796875,41.5099983215332,1.1923214197158813,1.339943766593933,1934.4000244140625,0.00944322720170021,0.06013890728354454,6251.7998046875,101911.0,5941.0,3580.840087890625,51678.30078125,23247.150390625,3337.77001953125,26.56999969482422,0.66,-0.524090909,0.273,0.015,0.894,10.2157142857
2020-09-03,0.7331109642982483,0.18731153011322021,10245.296875,41.369998931884766,1.184735894203186,1.335131287574768,1927.5999755859375,0.009415486827492714,0.059505388140678406,6301.0,100721.0,5850.89990234375,3455.06005859375,50319.16015625,23465.529296875,3304.219970703125,33.599998474121094,0.63,-0.524090909,0.273,0.015,0.894,10.2157142857
2020-09-04,0.725584089756012,0.18903949856758118,10511.8134765625,39.77000045776367,1.1839784383773804,1.3262248039245605,1923.9000244140625,0.009426314383745193,0.059698645025491714,6108.7998046875,101242.0,5799.10009765625,3426.9599609375,49720.421875,23205.4296875,3260.590087890625,30.75,0.72,-0.524090909,0.273,0.015,0.894,10.2157142857
2020-09-08,0.7280998229980469,0.18873979151248932,10131.5166015625,36.7599983215332,1.1821727752685547,1.3162224292755127,1933.0,0.009406895376741886,0.059874504804611206,6190.2001953125,100050.0,5930.2998046875,3331.840087890625,50182.9609375,23274.130859375,3267.3701171875,31.459999084472656,0.69,-0.524090909,0.273,0.015,0.894,10.2157142857
2020-09-09,0.7209399938583374,0.18654628098011017,10242.34765625,38.04999923706055,1.177024483680725,1.2968486547470093,1944.699951171875,0.009436811320483685,0.05897374078631401,6058.89990234375,101292.0,6012.7998046875,3398.9599609375,50182.9609375,23032.5390625,3324.830078125,28.809999465942383,0.71,-0.524090909,0.273,0.015,0.894,10.2157142857
2020-09-10,0.727660059928894,0.18837714195251465,10363.138671875,37.29999923706055,1.1806375980377197,1.2999167442321777,1954.199951171875,0.00941344816237688,0.06030017510056496,6090.0,98835.0,6003.2998046875,3339.18994140625,51532.12109375,23235.470703125,3312.77001953125,29.709999084472656,0.68,-0.524090909,0.273,0.015,0.894,10.2157142857
2020-09-11,0.7262997627258301,0.18795226514339447,10400.9150390625,37.33000183105469,1.1824384927749634,1.2808295488357544,1937.800048828125,0.009421252645552158,0.0593884140253067,6038.89990234375,98363.0,6032.10009765625,3340.969970703125,51715.12109375,23406.490234375,3315.81005859375,26.8700008392334,0.67,-0.524090909,0.273,0.015,0.894,10.2157142857
2020-09-14,0.728151798248291,0.1881042867898941,10680.837890625,37.2599983215332,1.1842728853225708,1.2806557416915894,1953.0999755859375,0.009421075694262981,0.05987109616398811,6078.5,100275.0,6026.2998046875,3383.5400390625,51976.8203125,23559.30078125,3316.7900390625,25.850000381469727,0.68,-0.524090909,0.273,0.015,0.894,10.2157142857
2020-09-15,0.7286000847816467,0.18981455266475677,10796.951171875,38.279998779296875,1.187000036239624,1.2849671840667725,1956.300048828125,0.00945939589291811,0.060070887207984924,6079.2998046875,100298.0,6105.5,3401.199951171875,51795.69921875,23454.890625,3332.260009765625,25.59000015258789,0.68,-0.524090909,0.273,0.015,0.894,10.2157142857
2020-09-16,0.7296819686889648,0.18959861993789673,10974.9052734375,40.15999984741211,1.1844412088394165,1.2884771823883057,1960.199951171875,0.009489377029240131,0.06093214079737663,6146.89990234375,99676.0,6078.5,3385.489990234375,51629.73046875,23475.529296875,3338.840087890625,26.040000915527344,0.69,-0.524090909,0.273,0.015,0.894,10.2157142857
2020-09-17,0.7295500040054321,0.19098548591136932,10948.990234375,40.970001220703125,1.1803449392318726,1.2959998846054077,1940.0,0.00951818935573101,0.06148284301161766,6069.2001953125,100098.0,6049.89990234375,3357.010009765625,50700.140625,23319.369140625,3316.570068359375,26.459999084472656,0.69,-0.524090909,0.273,0.015,0.894,10.2157142857
2020-09-18,0.7313095927238464,0.19091984629631042,10944.5859375,41.11000061035156,1.1848200559616089,1.2975554466247559,1952.0999755859375,0.009551281109452248,0.061995893716812134,6057.60009765625,98290.0,6007.10009765625,3319.469970703125,50399.16015625,23360.30078125,3283.68994140625,25.829999923706055,0.7,-0.524090909,0.273,0.015,0.894,10.2157142857
2020-09-23,0.717442512512207,0.1828186959028244,10246.1865234375,39.93000030517578,1.1708368062973022,1.2744048833847046,1859.9000244140625,0.009520727209746838,0.059646543115377426,6111.2998046875,95735.0,5899.2998046875,3236.919921875,50127.05078125,23346.490234375,3180.110107421875,28.579999923706055,0.68,-0.524090909,0.273,0.015,0.894,10.2157142857
2020-09-25,0.7057162523269653,0.18154092133045197,10692.716796875,40.25,1.1673243045806885,1.2757054567337036,1857.699951171875,0.009484516456723213,0.05917055159807205,6140.5,96999.0,5842.7001953125,3298.4599609375,49547.73828125,23204.619140625,3137.06005859375,26.3799991607666,0.66,-0.524090909,0.273,0.015,0.894,10.2157142857
2020-09-28,0.7041906118392944,0.17982053756713867,10709.65234375,40.599998474121094,1.1635348796844482,1.2766826152801514,1872.800048828125,0.009472029283642769,0.058443643152713776,6134.89990234375,94666.0,5927.89990234375,3351.60009765625,50578.66015625,23511.619140625,3223.18994140625,26.190000534057617,0.67,-0.524090909,0.273,0.015,0.894,10.2157142857
2020-09-29,0.7095197439193726,0.17667220532894135,10844.640625,39.290000915527344,1.167883276939392,1.2873492240905762,1894.300048828125,0.009484696201980114,0.058834947645664215,6141.5,93580.0,5897.5,3335.469970703125,50319.94140625,23539.099609375,3214.300048828125,26.270000457763672,0.66,-0.524090909,0.273,0.015,0.894,10.2157142857
2020-09-30,0.714360237121582,0.17760412395000458,10784.4912109375,40.220001220703125,1.1742050647735596,1.2866535186767578,1887.5,0.009463961236178875,0.05907728523015976,6009.2998046875,94603.0,5866.10009765625,3363.0,50042.44140625,23185.119140625,3193.610107421875,26.3700008392334,0.69,-0.524090909,0.273,0.015,0.894,10.2157142857
2020-10-02,0.7182875871658325,0.17724210023880005,10575.974609375,37.04999923706055,1.1744946241378784,1.2886265516281128,1900.199951171875,0.009474811144173145,0.06079396978020668,5983.2001953125,94016.0,5902.10009765625,3348.419921875,49896.6796875,23029.900390625,3190.929931640625,27.6299991607666,0.7,-0.607272727,0.3058,0.04,0.802,10.3886363636
2020-10-05,0.7177205085754395,0.1760067492723465,10793.33984375,39.220001220703125,1.1720443964004517,1.2931090593338013,1912.5,0.009477774612605572,0.06075703352689743,6135.10009765625,96089.0,5942.89990234375,3408.60009765625,50183.12109375,23312.140625,3220.219970703125,27.959999084472656,0.78,-0.607272727,0.3058,0.04,0.802,10.3886363636
2020-10-06,0.7193209528923035,0.17942368984222412,10604.40625,40.66999816894531,1.1792453527450562,1.2992581129074097,1901.0999755859375,0.009460111148655415,0.0604291670024395,6164.2001953125,95615.0,5949.89990234375,3360.969970703125,49869.359375,23433.73046875,3233.300048828125,29.479999542236328,0.76,-0.607272727,0.3058,0.04,0.802,10.3886363636
2020-10-07,0.7110099792480469,0.17876935005187988,10668.96875,39.95000076293945,1.1737639904022217,1.2883278131484985,1883.5999755859375,0.009466111660003662,0.059922222048044205,6239.60009765625,95526.0,5946.2998046875,3419.43994140625,50412.19140625,23422.8203125,3233.429931640625,28.059999465942383,0.81,-0.607272727,0.3058,0.04,0.802,10.3886363636
2020-10-08,0.713820219039917,0.17821182310581207,10915.685546875,41.189998626708984,1.176747441291809,1.2917560338974,1888.5999755859375,0.0094370786100626,0.060187261551618576,6305.7998046875,97920.0,5978.0,3446.830078125,50131.37109375,23647.0703125,3255.760009765625,26.360000610351562,0.78,-0.607272727,0.3058,0.04,0.802,10.3886363636
2020-10-09,0.7177998423576355,0.17861609160900116,11064.4580078125,40.599998474121094,1.1767003536224365,1.29404616355896,1919.5,0.009432360529899597,0.06032967567443848,6312.5,97483.0,6016.7001953125,3477.139892578125,50781.1796875,23619.689453125,3273.1201171875,25.0,0.79,-0.607272727,0.3058,0.04,0.802,10.3886363636
2020-10-13,0.721188485622406,0.18084163963794708,11425.8994140625,40.20000076293945,1.1816140413284302,1.3065747022628784,1888.5,0.00949316006153822,0.060633618384599686,6400.2001953125,98503.0,5969.7001953125,3511.929931640625,50722.359375,23601.779296875,3279.18994140625,26.06999969482422,0.74,-0.607272727,0.3058,0.04,0.802,10.3886363636
2020-10-14,0.7164401412010193,0.17958156764507294,11429.5068359375,41.040000915527344,1.1742188930511475,1.2935272455215454,1901.300048828125,0.009481368586421013,0.06074522063136101,6387.39990234375,99334.0,5935.10009765625,3488.669921875,51041.58984375,23626.73046875,3273.280029296875,26.399999618530273,0.73,-0.607272727,0.3058,0.04,0.802,10.3886363636
2020-10-15,0.7141479849815369,0.1788748800754547,11495.349609375,40.959999084472656,1.1743981838226318,1.3012362718582153,1903.199951171875,0.009511218406260014,0.0604993961751461,6414.2001953125,99054.0,5832.5,3483.340087890625,50503.890625,23507.23046875,3192.68994140625,26.969999313354492,0.74,-0.607272727,0.3058,0.04,0.802,10.3886363636
2020-10-16,0.7088397741317749,0.17821499705314636,11322.123046875,40.880001068115234,1.1707134246826172,1.2902060747146606,1900.800048828125,0.0094912676140666,0.06037735939025879,6385.0,98309.0,5919.60009765625,3483.81005859375,50697.69140625,23410.630859375,3245.469970703125,27.40999984741211,0.76,-0.607272727,0.3058,0.04,0.802,10.3886363636
2020-10-19,0.7095997929573059,0.17715418338775635,11742.037109375,40.83000183105469,1.1715501546859741,1.2927746772766113,1906.4000244140625,0.009485236369073391,0.06058182939887047,6435.60009765625,98658.0,5884.7001953125,3426.919921875,50741.94140625,23671.130859375,3242.510009765625,29.18000030517578,0.78,-0.607272727,0.3058,0.04,0.802,10.3886363636
2020-10-20,0.7056167125701904,0.17839303612709045,11916.3349609375,41.459999084472656,1.176885962486267,1.2948671579360962,1910.4000244140625,0.009481368586421013,0.06056128442287445,6396.7998046875,100540.0,5889.2001953125,3443.1201171875,50851.62109375,23567.0390625,3227.8701171875,29.350000381469727,0.81,-0.607272727,0.3058,0.04,0.802,10.3886363636
2020-10-21,0.7049998641014099,0.17843760550022125,12823.689453125,40.029998779296875,1.1829839944839478,1.2954038381576538,1924.5999755859375,0.009480739943683147,0.06079540774226189,6403.10009765625,100552.0,5776.5,3435.56005859375,50905.12109375,23639.4609375,3180.699951171875,28.649999618530273,0.83,-0.607272727,0.3058,0.04,0.802,10.3886363636
2020-10-22,0.7105603218078613,0.17832304537296295,12965.8916015625,40.63999938964844,1.1853959560394287,1.3131976127624512,1901.0999755859375,0.009553288109600544,0.061208575963974,6383.7001953125,101918.0,5785.7001953125,3453.489990234375,50276.83984375,23474.26953125,3171.409912109375,28.110000610351562,0.87,-0.607272727,0.3058,0.04,0.802,10.3886363636
2020-10-23,0.7126100659370422,0.17884927988052368,12931.5390625,39.849998474121094,1.1815024614334106,1.307805061340332,1902.0,0.009530981071293354,0.06181043013930321,6373.7001953125,101260.0,5860.2998046875,3465.389892578125,50692.28125,23516.58984375,3198.860107421875,27.549999237060547,0.85,-0.607272727,0.3058,0.04,0.802,10.3886363636
2020-10-26,0.7132006287574768,0.17805634438991547,13075.248046875,38.560001373291016,1.1848480701446533,1.3054660558700562,1902.699951171875,0.009552649222314358,0.06165756285190582,6357.2998046875,101017.0,5792.0,3400.969970703125,50286.8984375,23494.33984375,3105.25,32.459999084472656,0.81,-0.607272727,0.3058,0.04,0.802,10.3886363636
2020-10-27,0.7117098569869995,0.17785048484802246,13654.21875,39.56999969482422,1.1809443235397339,1.301574945449829,1908.800048828125,0.009539072401821613,0.061806224286556244,6247.2001953125,99606.0,5729.0,3390.679931640625,49560.80859375,23485.80078125,3070.60009765625,33.349998474121094,0.79,-0.607272727,0.3058,0.04,0.802,10.3886363636
2020-10-28,0.7123100757598877,0.1752786934375763,13271.28515625,37.38999938964844,1.1784114837646484,1.303186297416687,1876.199951171875,0.009565259329974651,0.061781782656908035,6261.7998046875,95369.0,5582.7998046875,3271.030029296875,47930.578125,23418.509765625,2963.5400390625,40.279998779296875,0.79,-0.607272727,0.3058,0.04,0.802,10.3886363636
2020-10-29,0.7055200934410095,0.174067422747612,13437.8828125,36.16999816894531,1.1748672723770142,1.2989881038665771,1865.5999755859375,0.009586349129676819,0.06116507574915886,6168.0,96582.0,5581.7998046875,3310.110107421875,47576.4609375,23331.939453125,2960.030029296875,37.59000015258789,0.85,-0.607272727,0.3058,0.04,0.802,10.3886363636
2020-10-30,0.7037599682807922,0.17307625710964203,13546.5224609375,35.790000915527344,1.1678695678710938,1.2931926250457764,1877.4000244140625,0.009564435109496117,0.06112992390990257,6133.2001953125,93952.0,5577.2998046875,3269.9599609375,47472.921875,22977.130859375,2958.2099609375,38.02000045776367,0.88,-0.607272727,0.3058,0.04,0.802,10.3886363636
2020-11-04,0.7196833491325378,0.17376495897769928,14133.70703125,39.150001525878906,1.176221489906311,1.3121638298034668,1894.5999755859375,0.009565168060362339,0.06246408820152283,6265.0,97811.0,5883.2998046875,3443.43994140625,49300.890625,23695.23046875,3161.070068359375,29.56999969482422,0.78,-0.607272727,0.3058,0.04,0.802,10.3886363636
2020-11-05,0.7180498242378235,0.17658483982086182,15579.8486328125,38.790000915527344,1.17326819896698,1.2966804504394531,1945.300048828125,0.009575058706104755,0.06303560733795166,6344.0,100774.0,5906.2001953125,3510.449951171875,50762.828125,24105.279296875,3215.56005859375,27.579999923706055,0.79,-0.607272727,0.3058,0.04,0.802,10.3886363636
2020-11-06,0.7262701988220215,0.18104791641235352,15565.880859375,37.13999938964844,1.1817537546157837,1.3139395713806152,1950.300048828125,0.009652230888605118,0.06380033493041992,6395.0,100799.0,5910.0,3509.43994140625,51876.23828125,24325.23046875,3204.050048828125,24.860000610351562,0.83,-0.607272727,0.3058,0.04,0.802,10.3886363636
2020-11-09,0.7286717891693115,0.18647323548793793,15332.3154296875,40.290000915527344,1.1893010139465332,1.318061351776123,1853.199951171875,0.009684949181973934,0.06413545459508896,6515.7001953125,103913.0,6186.2998046875,3550.5,52684.37109375,24839.83984375,3407.909912109375,25.75,0.96,-0.607272727,0.3058,0.04,0.802,10.3886363636
2020-11-10,0.7282000184059143,0.18571136891841888,15290.90234375,41.36000061035156,1.182732105255127,1.3169677257537842,1875.4000244140625,0.009511399082839489,0.065073661506176,6544.0,105351.0,6296.89990234375,3545.530029296875,52922.51171875,24905.58984375,3442.6201171875,24.799999237060547,0.98,-0.607272727,0.3058,0.04,0.802,10.3886363636
2020-11-11,0.7281697988510132,0.18470972776412964,15701.33984375,41.45000076293945,1.1818794012069702,1.3261544704437256,1860.699951171875,0.009500284679234028,0.06414643675088882,6651.10009765625,104532.0,6382.10009765625,3572.659912109375,52784.390625,25349.599609375,3467.300048828125,23.450000762939453,0.98,-0.607272727,0.3058,0.04,0.802,10.3886363636
2020-11-12,0.7284275889396667,0.18552875518798828,16276.34375,41.119998931884766,1.1780297756195068,1.3224189281463623,1872.5999755859375,0.00948631577193737,0.06399733573198318,6619.39990234375,102175.0,6338.89990234375,3537.010009765625,52335.7109375,25520.880859375,3428.199951171875,25.350000381469727,0.88,-0.607272727,0.3058,0.04,0.802,10.3886363636
2020-11-13,0.7240185737609863,0.1832609474658966,16317.80859375,40.130001068115234,1.1803393363952637,1.3121638298034668,1885.699951171875,0.009515653364360332,0.06393739581108093,6609.2998046875,104512.0,6316.39990234375,3585.14990234375,52517.5703125,25385.869140625,3432.070068359375,23.100000381469727,0.89,-0.607272727,0.3058,0.04,0.802,10.3886363636
2020-11-16,0.729080855846405,0.18325087428092957,16716.111328125,41.34000015258789,1.1845253705978394,1.3220518827438354,1887.300048828125,0.009553288109600544,0.06451009958982468,6687.0,106430.0,6421.2998046875,3626.909912109375,52551.859375,25906.9296875,3466.2099609375,22.450000762939453,0.91,-0.607272727,0.3058,0.04,0.802,10.3886363636
2020-11-17,0.7320997714996338,0.18467561900615692,17645.40625,41.43000030517578,1.1859441995620728,1.322209119796753,1884.5,0.009565625339746475,0.0654146745800972,6697.7998046875,107229.0,6365.2998046875,3609.530029296875,52288.7890625,26014.619140625,3468.47998046875,22.709999084472656,0.87,-0.607272727,0.3058,0.04,0.802,10.3886363636
2020-11-18,0.7296000123023987,0.18771587312221527,17804.005859375,41.81999969482422,1.186366319656372,1.3259083032608032,1873.5,0.009598678909242153,0.06522390991449356,6726.5,106483.0,6385.2001953125,3567.7900390625,52518.3515625,25728.140625,3482.169921875,23.84000015258789,0.88,-0.607272727,0.3058,0.04,0.802,10.3886363636
2020-11-19,0.7301988005638123,0.18650801479816437,17817.08984375,41.7400016784668,1.1847639083862305,1.325644612312317,1861.0999755859375,0.009625195525586605,0.06471762806177139,6742.7001953125,106517.0,6334.39990234375,3581.8701171875,51977.91015625,25634.33984375,3451.969970703125,23.110000610351562,0.86,-0.607272727,0.3058,0.04,0.802,10.3886363636
2020-11-24,0.7298204302787781,0.1838032603263855,19107.46484375,44.90999984741211,1.1842728853225708,1.332906723022461,1804.800048828125,0.00956708937883377,0.0651126429438591,6855.5,109786.0,6432.2001953125,3635.409912109375,53049.4296875,26165.58984375,3507.97998046875,21.639999389648438,0.88,-0.607272727,0.3058,0.04,0.802,10.3886363636
2020-11-25,0.7366699576377869,0.1861296147108078,18732.12109375,45.709999084472656,1.1900511980056763,1.3363267183303833,1805.699951171875,0.009568187408149242,0.0658874362707138,6888.2001953125,110133.0,6391.10009765625,3629.64990234375,52940.7890625,26296.859375,3511.89990234375,21.25,0.88,-0.607272727,0.3058,0.04,0.802,10.3886363636
2020-11-27,0.7357999682426453,0.18743088841438293,17108.40234375,45.529998779296875,1.191599726676941,1.3354523181915283,1781.9000244140625,0.009593063034117222,0.06575054675340652,6816.7998046875,110575.0,6367.60009765625,3638.35009765625,53021.578125,26644.7109375,3527.7900390625,20.84000015258789,0.84,-0.607272727,0.3058,0.04,0.802,10.3886363636
2020-11-30,0.7400281429290771,0.18717828392982483,19625.8359375,45.34000015258789,1.1971460580825806,1.333191156387329,1775.699951171875,0.009607809595763683,0.06563596427440643,6742.10009765625,108888.0,6266.2001953125,3621.6298828125,52375.5,26433.619140625,3492.5400390625,20.56999969482422,0.84,-0.607272727,0.3058,0.04,0.802,10.3886363636
2020-12-01,0.7356798052787781,0.18757854402065277,18802.998046875,44.54999923706055,1.193816065788269,1.3336889743804932,1814.0999755859375,0.009587819688022137,0.06478236615657806,6812.2001953125,111335.0,6384.7001953125,3662.449951171875,52764.08984375,26787.5390625,3525.239990234375,20.770000457763672,0.92,-0.6185,0.3224,0.02,0.976,9.789047619
2020-12-02,0.7380890846252441,0.19212666153907776,19201.091796875,45.279998779296875,1.2074378728866577,1.3422638177871704,1825.699951171875,0.009586900472640991,0.06560280919075012,6811.2998046875,111814.0,6463.39990234375,3669.010009765625,53482.73828125,26800.98046875,3521.320068359375,21.170000076293945,0.95,-0.6185,0.3224,0.02,0.976,9.789047619
2020-12-03,0.7418001294136047,0.19170676171779633,19445.3984375,45.63999938964844,1.2114603519439697,1.3370771408081055,1836.800048828125,0.009573225863277912,0.06546216458082199,6847.2998046875,112919.0,6490.2998046875,3666.719970703125,54171.8515625,26809.369140625,3517.10009765625,21.280000686645508,0.92,-0.6185,0.3224,0.02,0.976,9.789047619
2020-12-04,0.7438998222351074,0.1941370666027069,18699.765625,46.2599983215332,1.2145650386810303,1.345496654510498,1835.9000244140625,0.009631777182221413,0.06593070179224014,6865.2998046875,113682.0,6550.2001953125,3699.1201171875,54500.0390625,26751.240234375,3539.27001953125,20.790000915527344,0.97,-0.6185,0.3224,0.02,0.976,9.789047619
2020-12-07,0.7431573867797852,0.19400900602340698,19191.630859375,45.7599983215332,1.212135910987854,1.3417415618896484,1861.800048828125,0.009597113355994225,0.06576070189476013,6908.89990234375,113625.0,6555.39990234375,3691.9599609375,54646.921875,26547.439453125,3530.080078125,21.299999237060547,0.94,-0.6185,0.3224,0.02,0.976,9.789047619
2020-12-08,0.7417599558830261,0.19614380598068237,18321.14453125,45.599998474121094,1.2113136053085327,1.3357375860214233,1870.800048828125,0.00961556937545538,0.06602873653173447,6922.2001953125,113571.0,6558.7998046875,3702.25,54262.51171875,26467.080078125,3525.8701171875,20.68000030517578,0.92,-0.6185,0.3224,0.02,0.976,9.789047619
2020-12-09,0.7410997152328491,0.19532394409179688,18553.916015625,45.52000045776367,1.2110936641693115,1.3365589380264282,1834.5999755859375,0.009602919220924377,0.06679937988519669,6965.39990234375,112722.0,6564.2998046875,3672.820068359375,54349.609375,26817.939453125,3529.02001953125,22.270000457763672,0.95,-0.6185,0.3224,0.02,0.976,9.789047619
2020-12-10,0.7434999346733093,0.19343481957912445,18264.9921875,46.779998779296875,1.207875370979309,1.3367018699645996,1833.5999755859375,0.009590301662683487,0.0668344646692276,6917.10009765625,114992.0,6599.7998046875,3668.10009765625,54334.19921875,26756.240234375,3522.31005859375,22.520000457763672,0.92,-0.6185,0.3224,0.02,0.976,9.789047619
2020-12-11,0.7524397969245911,0.19903665781021118,18058.904296875,46.56999969482422,1.2144293785095215,1.3305658102035522,1839.800048828125,0.009598586708307266,0.06685832887887955,6886.39990234375,115323.0,6546.7998046875,3663.4599609375,54458.609375,26652.51953125,3485.840087890625,23.309999465942383,0.9,-0.6185,0.3224,0.02,0.976,9.789047619
2020-12-14,0.7551102638244629,0.19746455550193787,19246.64453125,46.9900016784668,1.213340401649475,1.3318239450454712,1828.699951171875,0.0096210278570652,0.06647875159978867,6900.2998046875,114975.0,6531.7998046875,3647.489990234375,54520.69140625,26732.439453125,3503.9599609375,24.719999313354492,0.9,-0.6185,0.3224,0.02,0.976,9.789047619
2020-12-15,0.7539203763008118,0.19540026783943176,19417.076171875,47.619998931884766,1.214889645576477,1.3330844640731812,1852.300048828125,0.009614460170269012,0.06665778160095215,6866.7001953125,116146.0,6513.2998046875,3694.6201171875,54466.51171875,26687.83984375,3521.5,22.889999389648438,0.92,-0.6185,0.3224,0.02,0.976,9.789047619
2020-12-17,0.7569999694824219,0.1967264711856842,22805.162109375,48.36000061035156,1.2199585437774658,1.3502929210662842,1887.199951171875,0.009664170444011688,0.06749050319194794,7000.10009765625,118157.0,6551.10009765625,3722.47998046875,55484.28125,26806.669921875,3560.8701171875,21.93000030517578,0.94,-0.6185,0.3224,0.02,0.976,9.789047619
2020-12-18,0.7615299224853516,0.19774961471557617,23137.9609375,49.099998474121094,1.226271629333496,1.3570178747177124,1885.699951171875,0.009696406312286854,0.06835456937551498,6924.10009765625,117679.0,6529.2001953125,3709.409912109375,54692.3984375,26763.390625,3545.739990234375,21.56999969482422,0.95,-0.6185,0.3224,0.02,0.976,9.789047619
2020-12-21,0.7587425708770752,0.1960553675889969,22803.08203125,47.7400016784668,1.221612811088562,1.3401951789855957,1879.199951171875,0.00966585148125887,0.0679512619972229,6920.0,116016.0,6416.2998046875,3694.919921875,53784.25,26714.419921875,3448.679931640625,25.15999984741211,0.95,-0.6185,0.3224,0.02,0.976,9.789047619
2020-12-22,0.7575200796127319,0.19535301625728607,23783.029296875,47.02000045776367,1.2236906290054321,1.3449536561965942,1866.5999755859375,0.009676795452833176,0.06849315017461777,6845.5,116348.0,6416.2998046875,3687.260009765625,53648.03125,26436.390625,3497.489990234375,24.229999542236328,0.93,-0.6185,0.3224,0.02,0.976,9.789047619
2020-12-23,0.7551700472831726,0.1939241737127304,23241.345703125,48.119998931884766,1.2186651229858398,1.339943766593933,1874.699951171875,0.009658663533627987,0.06812884658575058,6892.60009765625,117857.0,6495.7998046875,3690.010009765625,53958.73046875,26524.7890625,3539.260009765625,23.309999465942383,0.96,-0.6185,0.3224,0.02,0.976,9.789047619
2020-12-29,0.758892297744751,0.19062505662441254,27362.4375,48.0,1.2223445177078247,1.3466018438339233,1879.699951171875,0.009644224308431149,0.06838584691286087,6962.10009765625,119475.0,6602.7001953125,3727.0400390625,54196.12890625,27568.150390625,3581.3701171875,23.079999923706055,0.94,-0.6185,0.3224,0.02,0.976,9.789047619
2020-12-30,0.7609898447990417,0.19199016690254211,28840.953125,48.400001525878906,1.225295066833496,1.3499903678894043,1891.0,0.00965633150190115,0.06795370578765869,6942.89990234375,119306.0,6555.7998046875,3732.0400390625,54615.328125,27444.169921875,3571.590087890625,22.770000457763672,0.93,-0.6185,0.3224,0.02,0.976,9.789047619
2021-01-04,0.7712300419807434,0.19260773062705994,31971.9140625,47.619998931884766,1.2250697612762451,1.3684196472167969,1944.699951171875,0.009686262346804142,0.0682600885629654,6953.7001953125,118558.0,6571.89990234375,3700.64990234375,54379.578125,27258.380859375,3564.389892578125,26.969999313354492,0.93,-0.5835,0.3672,0.055,1.053,9.7115
2021-01-05,0.7670999765396118,0.18884670734405518,33992.4296875,49.93000030517578,1.2251598834991455,1.3571596145629883,1952.699951171875,0.009696969762444496,0.06814124435186386,6955.7001953125,119223.0,6612.2998046875,3726.860107421875,55976.3203125,27158.630859375,3547.85009765625,25.34000015258789,0.96,-0.5835,0.3672,0.055,1.053,9.7115
2021-01-06,0.7766000628471375,0.1892469823360443,36824.36328125,50.630001068115234,1.230027437210083,1.3629549741744995,1906.9000244140625,0.009739184752106667,0.06688828766345978,6881.39990234375,119851.0,6841.89990234375,3748.139892578125,56877.6015625,27055.939453125,3611.080078125,25.06999969482422,1.04,-0.5835,0.3672,0.055,1.053,9.7115
2021-01-07,0.781700074672699,0.18822112679481506,39371.04296875,50.83000183105469,1.2341108322143555,1.3625277280807495,1912.300048828125,0.009706475771963596,0.06653010100126266,6980.5,121956.0,6857.0,3803.7900390625,58006.23046875,27490.130859375,3622.419921875,22.3700008392334,1.08,-0.5835,0.3672,0.055,1.053,9.7115
2021-01-08,0.7768999934196472,0.18488389253616333,40797.609375,52.2400016784668,1.227144479751587,1.3569625616073608,1834.0999755859375,0.009634839370846748,0.06485505402088165,7024.2001953125,125077.0,6873.2998046875,3824.679931640625,58423.33984375,28139.029296875,3645.050048828125,21.559999465942383,1.13,-0.5835,0.3672,0.055,1.053,9.7115
2021-01-12,0.7707497477531433,0.18222570419311523,33922.9609375,53.209999084472656,1.2160701751708984,1.3524113893508911,1842.9000244140625,0.009603564627468586,0.06447777152061462,6939.10009765625,123998.0,6754.10009765625,3801.18994140625,58492.921875,28164.33984375,3612.1298828125,23.329999923706055,1.15,-0.5835,0.3672,0.055,1.053,9.7115
2021-01-13,0.7776049971580505,0.1879204660654068,37316.359375,52.90999984741211,1.2208894491195679,1.3670539855957031,1853.5999755859375,0.009638368152081966,0.06582281738519669,6953.89990234375,122040.0,6745.5,3809.840087890625,58337.66015625,28456.58984375,3616.510009765625,22.209999084472656,1.1,-0.5835,0.3672,0.055,1.053,9.7115
2021-01-14,0.774713397026062,0.18876828253269196,39187.328125,53.56999969482422,1.2162491083145142,1.364926815032959,1850.300048828125,0.009630478918552399,0.06559433043003082,6982.7001953125,123481.0,6802.0,3795.5400390625,58735.94921875,28698.259765625,3641.3701171875,23.25,1.15,-0.5835,0.3672,0.055,1.053,9.7115
2021-01-15,0.777580201625824,0.19246314465999603,36825.3671875,52.36000061035156,1.2151259183883667,1.3683634996414185,1829.300048828125,0.009631313383579254,0.06630025058984756,6986.7998046875,120502.0,6735.7001953125,3768.25,58446.3515625,28519.1796875,3599.550048828125,24.34000015258789,1.11,-0.5835,0.3672,0.055,1.053,9.7115
2021-01-19,0.7686986327171326,0.1888645589351654,36069.8046875,52.97999954223633,1.207729458808899,1.3581236600875854,1839.5,0.009642922319471836,0.06606590747833252,7015.0,120673.0,6713.0,3798.909912109375,58358.8515625,28633.4609375,3595.419921875,23.239999771118164,1.1,-0.5835,0.3672,0.055,1.053,9.7115
2021-01-20,0.7711800932884216,0.1866821050643921,35547.75,53.2400016784668,1.2138868570327759,1.3644241094589233,1865.9000244140625,0.009624917060136795,0.06671848148107529,7051.0,119708.0,6740.39990234375,3851.85009765625,58857.76171875,28523.259765625,3624.0400390625,21.579999923706055,1.1,-0.5835,0.3672,0.055,1.053,9.7115
2021-01-21,0.7755701541900635,0.18901804089546204,30825.69921875,53.130001068115234,1.2115631103515625,1.3668484687805176,1865.300048828125,0.009656704030930996,0.06719283014535904,7107.10009765625,118443.0,6715.39990234375,3853.070068359375,58969.37109375,28756.859375,3618.35009765625,21.31999969482422,1.12,-0.5835,0.3672,0.055,1.053,9.7115
2021-01-22,0.7761022448539734,0.18693335354328156,33005.76171875,52.27000045776367,1.2166293859481812,1.3729474544525146,1855.699951171875,0.009661275893449783,0.06691080331802368,7078.89990234375,117172.0,6695.10009765625,3841.469970703125,58969.37109375,28631.44921875,3602.409912109375,21.90999984741211,1.1,-0.5835,0.3672,0.055,1.053,9.7115
2021-01-27,0.7753139734268188,0.18678322434425354,30432.546875,52.849998474121094,1.216299295425415,1.374154806137085,1844.9000244140625,0.009652230888605118,0.06647893041372299,7060.2001953125,115882.0,6567.39990234375,3750.77001953125,57644.44140625,28635.2109375,3536.3798828125,37.209999084472656,1.04,-0.5835,0.3672,0.055,1.053,9.7115
2021-01-28,0.765099823474884,0.18475408852100372,33466.09765625,52.34000015258789,1.2105072736740112,1.3669419288635254,1837.9000244140625,0.009602181613445282,0.06552135199308395,6917.60009765625,119314.0,6526.2001953125,3787.3798828125,58084.4609375,28197.419921875,3557.0400390625,30.209999084472656,1.07,-0.5835,0.3672,0.055,1.053,9.7115
2021-01-29,0.7669699192047119,0.18389150500297546,34316.38671875,52.20000076293945,1.2120037078857422,1.3725008964538574,1847.300048828125,0.009588555432856083,0.06583928316831589,6870.89990234375,116007.0,6407.5,3714.239990234375,57312.44921875,27663.390625,3481.43994140625,33.09000015258789,1.11,-0.5835,0.3672,0.055,1.053,9.7115
2021-02-01,0.761997640132904,0.18312335014343262,33537.17578125,53.54999923706055,1.2123857736587524,1.3697690963745117,1860.800048828125,0.009552376344799995,0.06590653955936432,6922.7998046875,117365.0,6466.39990234375,3773.860107421875,57670.3984375,28091.05078125,3530.85009765625,30.239999771118164,1.09,-0.4455,0.6222,0.15,1.334,9.5045
2021-02-02,0.7634601593017578,0.18414510786533356,35510.2890625,54.7599983215332,1.2068694829940796,1.3678767681121826,1830.5,0.009534616023302078,0.0664125308394432,7027.5,118234.0,6516.7001953125,3826.31005859375,57585.12890625,28362.169921875,3590.4599609375,25.559999465942383,1.12,-0.4455,0.6222,0.15,1.334,9.5045
2021-02-03,0.760820746421814,0.18632730841636658,37472.08984375,55.689998626708984,1.203905463218689,1.3659336566925049,1832.199951171875,0.009521270170807838,0.06706728041172028,7090.89990234375,119725.0,6507.7998046875,3830.169921875,57828.55078125,28646.5,3609.75,22.90999984741211,1.15,-0.4455,0.6222,0.15,1.334,9.5045
2021-02-04,0.7636000514030457,0.1868460327386856,36926.06640625,56.22999954223633,1.2042388916015625,1.364908218383789,1788.9000244140625,0.009524262510240078,0.06715420633554459,7037.89990234375,119261.0,6503.7001953125,3871.739990234375,58493.73828125,28341.94921875,3642.1201171875,21.770000457763672,1.15,-0.4455,0.6222,0.15,1.334,9.5045
2021-02-05,0.7603002190589905,0.1843080073595047,38144.30859375,56.849998474121094,1.1966731548309326,1.3676148653030396,1810.9000244140625,0.00947220902889967,0.0666927620768547,7112.89990234375,119925.0,6489.2998046875,3886.830078125,58877.359375,28779.189453125,3655.77001953125,20.8700008392334,1.19,-0.4455,0.6222,0.15,1.334,9.5045
2021-02-08,0.7679199576377869,0.18624748289585114,46196.46484375,57.970001220703125,1.2048773765563965,1.3738716840744019,1831.9000244140625,0.009487666189670563,0.06703468412160873,7160.7998046875,119516.0,6523.5,3915.590087890625,59647.94140625,29388.5,3665.510009765625,21.239999771118164,1.19,-0.4455,0.6222,0.15,1.334,9.5045
2021-02-09,0.7710998058319092,0.1864176243543625,46481.10546875,58.36000061035156,1.2053595781326294,1.374570369720459,1835.300048828125,0.009504799731075764,0.06727682054042816,7102.10009765625,119429.0,6531.60009765625,3911.22998046875,59663.76953125,29505.9296875,3661.1298828125,21.6299991607666,1.18,-0.4455,0.6222,0.15,1.334,9.5045
2021-02-10,0.7740501165390015,0.1859876960515976,44918.18359375,58.68000030517578,1.2119992971420288,1.3817994594573975,1840.5999755859375,0.009562515653669834,0.06803415715694427,7133.7998046875,118430.0,6524.39990234375,3909.8798828125,60637.69921875,29562.9296875,3648.3701171875,21.989999771118164,1.15,-0.4455,0.6222,0.15,1.334,9.5045
2021-02-12,0.7753999829292297,0.18637940287590027,47504.8515625,59.470001220703125,1.2131506204605103,1.381024718284607,1821.5999755859375,0.009547360241413116,0.06844111531972885,7081.2998046875,119116.0,6589.7998046875,3934.830078125,60673.94140625,29520.0703125,3695.610107421875,19.969999313354492,1.2,-0.4455,0.6222,0.15,1.334,9.5045
2021-02-17,0.773790180683136,0.186240553855896,52149.0078125,61.13999938964844,1.2092483043670654,1.388811707496643,1771.0999755859375,0.009424804709851742,0.0681774839758873,7158.7998046875,120391.0,6710.89990234375,3931.330078125,61775.44921875,30292.189453125,3699.85009765625,21.5,1.29,-0.4455,0.6222,0.15,1.334,9.5045
2021-02-18,0.7758697867393494,0.18484970927238464,51679.796875,60.52000045776367,1.2048004865646362,1.3866355419158936,1773.4000244140625,0.009446348994970322,0.06867849081754684,7155.5,119140.0,6617.2001953125,3913.969970703125,61206.578125,30236.08984375,3681.0400390625,22.489999771118164,1.29,-0.4455,0.6222,0.15,1.334,9.5045
2021-02-19,0.7767997980117798,0.1843046247959137,55888.1328125,59.2400016784668,1.209189772605896,1.3967455625534058,1775.800048828125,0.009465035982429981,0.06855419278144836,7064.0,118748.0,6624.0,3906.7099609375,62105.23828125,30017.919921875,3713.4599609375,22.049999237060547,1.34,-0.4455,0.6222,0.15,1.334,9.5045
2021-02-22,0.7888488173484802,0.18584942817687988,54207.3203125,61.4900016784668,1.2126356363296509,1.403114914894104,1806.699951171875,0.00947741512209177,0.06822655349969864,7061.60009765625,112668.0,6612.2001953125,3876.5,61903.640625,30156.029296875,3699.85009765625,23.450000762939453,1.37,-0.4455,0.6222,0.15,1.334,9.5045
2021-02-24,0.7908827066421509,0.18383704125881195,49705.33203125,63.220001220703125,1.215214490890503,1.412030577659607,1796.4000244140625,0.009498209692537785,0.06871557980775833,7049.39990234375,115668.0,6659.0,3925.429931640625,60747.41015625,29671.69921875,3705.989990234375,21.34000015258789,1.38,-0.4455,0.6222,0.15,1.334,9.5045
2021-02-25,0.7977026104927063,0.18508359789848328,47093.8515625,63.529998779296875,1.2171372175216675,1.4148274660110474,1774.4000244140625,0.009438948705792427,0.06905314326286316,7105.7001953125,112256.0,6652.0,3829.340087890625,62063.3515625,30168.26953125,3685.280029296875,28.889999389648438,1.54,-0.4455,0.6222,0.15,1.334,9.5045
2021-02-26,0.7870000004768372,0.18089643120765686,46339.76171875,61.5,1.2160420417785645,1.4008152484893799,1728.0999755859375,0.009400351904332638,0.0666751116514206,6940.60009765625,110035.0,6483.39990234375,3811.14990234375,60754.30078125,28966.009765625,3636.43994140625,27.950000762939453,1.44,-0.4455,0.6222,0.15,1.334,9.5045
2021-03-01,0.7752419114112854,0.1786479949951172,49631.2421875,60.63999938964844,1.208956003189087,1.3972529172897339,1722.5,0.009389407001435757,0.06649165600538254,7042.7001953125,110335.0,6588.5,3901.820068359375,62107.0390625,29663.5,3706.6201171875,23.350000381469727,1.45,-0.364782609,0.8456,0.12,1.707,10.0877272727
2021-03-02,0.7772001028060913,0.17728295922279358,48378.98828125,59.75,1.2051095962524414,1.3929517269134521,1733.0999755859375,0.009358827024698257,0.06683732569217682,7009.89990234375,111540.0,6613.7998046875,3870.2900390625,63104.69921875,29408.169921875,3707.719970703125,24.100000381469727,1.42,-0.364782609,0.8456,0.12,1.707,10.0877272727
2021-03-03,0.7825197577476501,0.17620834708213806,50538.2421875,61.279998779296875,1.208546757698059,1.3954981565475464,1715.300048828125,0.009366978891193867,0.06701155006885529,7067.89990234375,111184.0,6675.5,3819.719970703125,63104.69921875,29559.099609375,3712.780029296875,26.670000076293945,1.47,-0.364782609,0.8456,0.12,1.707,10.0877272727
2021-03-04,0.7758102416992188,0.17801514267921448,48561.16796875,63.83000183105469,1.2050660848617554,1.3926994800567627,1700.199951171875,0.009340731427073479,0.066392682492733,7000.60009765625,112690.0,6650.89990234375,3768.469970703125,62250.03125,28930.109375,3704.85009765625,28.56999969482422,1.54,-0.364782609,0.8456,0.12,1.707,10.0877272727
2021-03-05,0.7715603113174438,0.17641973495483398,48927.3046875,66.08999633789062,1.1967735290527344,1.3894098997116089,1698.0,0.009263118728995323,0.065447598695755,6943.0,115202.0,6630.5,3841.93994140625,62788.640625,28864.3203125,3669.5400390625,24.65999984741211,1.56,-0.364782609,0.8456,0.12,1.707,10.0877272727
2021-03-08,0.7709101438522339,0.1757623702287674,52246.5234375,65.05000305175781,1.1925631761550903,1.385367751121521,1677.699951171875,0.00922347605228424,0.06531059741973877,6971.60009765625,110612.0,6719.10009765625,3821.35009765625,62910.6015625,28743.25,3763.239990234375,25.469999313354492,1.59,-0.364782609,0.8456,0.12,1.707,10.0877272727
2021-03-09,0.7656674981117249,0.1702243536710739,54824.1171875,64.01000213623047,1.185171127319336,1.3823610544204712,1716.5999755859375,0.009179448708891869,0.0644138976931572,7000.39990234375,111331.0,6730.2998046875,3875.43994140625,63098.328125,29027.939453125,3786.050048828125,24.030000686645508,1.55,-0.364782609,0.8456,0.12,1.707,10.0877272727
2021-03-10,0.7717835903167725,0.17236922681331635,56008.55078125,64.44000244140625,1.1897906064987183,1.3890432119369507,1721.5,0.009210053831338882,0.06543650478124619,6947.2001953125,112776.0,6725.60009765625,3898.81005859375,62886.16015625,29036.560546875,3819.919921875,22.559999465942383,1.53,-0.364782609,0.8456,0.12,1.707,10.0877272727
2021-03-11,0.773200273513794,0.17633262276649475,57805.12109375,66.0199966430664,1.1926058530807495,1.3931456804275513,1722.300048828125,0.009222369641065598,0.06637506186962128,6952.89990234375,114984.0,6737.0,3939.340087890625,63187.5390625,29211.640625,3845.639892578125,21.90999984741211,1.54,-0.364782609,0.8456,0.12,1.707,10.0877272727
2021-03-12,0.7787615656852722,0.18067499995231628,57332.08984375,65.61000061035156,1.1986095905303955,1.3989927768707275,1719.5,0.009211920201778412,0.06755341589450836,7014.60009765625,114160.0,6761.5,3943.340087890625,62587.78125,29717.830078125,3833.360107421875,20.690000534057617,1.64,-0.364782609,0.8456,0.12,1.707,10.0877272727
2021-03-15,0.7762998938560486,0.18197846412658691,55907.19921875,65.38999938964844,1.1950000524520874,1.3929517269134521,1728.9000244140625,0.009164474904537201,0.06695546954870224,7019.10009765625,114851.0,6749.7001953125,3968.93994140625,61921.05078125,29766.970703125,3829.840087890625,20.030000686645508,1.62,-0.364782609,0.8456,0.12,1.707,10.0877272727
2021-03-16,0.7750135660171509,0.1781102418899536,56804.90234375,64.80000305175781,1.1925773620605469,1.3899120092391968,1730.5999755859375,0.009163047187030315,0.06731830537319183,7079.0,114019.0,6803.60009765625,3962.7099609375,61623.62890625,29921.08984375,3850.9599609375,19.790000915527344,1.62,-0.364782609,0.8456,0.12,1.707,10.0877272727
2021-03-17,0.77455735206604,0.1778283566236496,58870.89453125,64.5999984741211,1.190164566040039,1.3902212381362915,1726.800048828125,0.009171871468424797,0.06729339063167572,7048.0,116549.0,6762.7001953125,3974.1201171875,60810.171875,29914.330078125,3849.739990234375,19.229999542236328,1.63,-0.364782609,0.8456,0.12,1.707,10.0877272727
2021-03-18,0.7813000679016113,0.17911197245121002,57858.921875,60.0,1.1982792615890503,1.3975849151611328,1732.199951171875,0.009183495305478573,0.06846688687801361,7003.60009765625,114835.0,6779.7001953125,3915.4599609375,61050.328125,30216.75,3867.5400390625,21.579999923706055,1.71,-0.364782609,0.8456,0.12,1.707,10.0877272727
2021-03-19,0.7753699421882629,0.17989817261695862,58346.65234375,61.41999816894531,1.1918240785598755,1.3925055265426636,1741.4000244140625,0.00918012298643589,0.06789645552635193,6959.60009765625,116222.0,6708.7001953125,3913.10009765625,60313.3984375,29792.05078125,3837.02001953125,20.950000762939453,1.74,-0.364782609,0.8456,0.12,1.707,10.0877272727
2021-03-23,0.7745501399040222,0.18163655698299408,54738.9453125,57.7599983215332,1.193303108215332,1.3862512111663818,1724.699951171875,0.00919320434331894,0.06801564246416092,6986.60009765625,113262.0,6699.2001953125,3910.52001953125,59793.26171875,28995.919921875,3827.02001953125,20.299999237060547,1.63,-0.364782609,0.8456,0.12,1.707,10.0877272727
2021-03-24,0.7604701519012451,0.1811462938785553,52774.265625,61.18000030517578,1.1840205192565918,1.3730417490005493,1732.9000244140625,0.009214891120791435,0.06719888001680374,7013.89990234375,112064.0,6712.89990234375,3889.139892578125,59768.80859375,28405.51953125,3832.550048828125,21.200000762939453,1.62,-0.364782609,0.8456,0.12,1.707,10.0877272727
2021-03-25,0.7591003179550171,0.17794860899448395,51704.16015625,58.560001373291016,1.1813069581985474,1.3688879013061523,1724.9000244140625,0.009192021563649178,0.06688801944255829,7022.60009765625,113750.0,6674.7998046875,3909.52001953125,59278.890625,28729.880859375,3832.570068359375,19.809999465942383,1.63,-0.364782609,0.8456,0.12,1.707,10.0877272727
2021-03-26,0.7594000697135925,0.17704129219055176,55137.3125,60.970001220703125,1.1776621341705322,1.374910593032837,1732.199951171875,0.00915927067399025,0.06668569147586823,7063.10009765625,114781.0,6740.60009765625,3974.5400390625,61244.26953125,29176.69921875,3866.679931640625,18.860000610351562,1.67,-0.364782609,0.8456,0.12,1.707,10.0877272727
2021-03-29,0.7637377381324768,0.1738404929637909,57750.19921875,61.560001373291016,1.1788004636764526,1.3791011571884155,1712.0999755859375,0.009108214639127254,0.06679157167673111,7036.39990234375,115419.0,6736.2001953125,3971.090087890625,61443.8984375,29384.51953125,3882.8701171875,20.739999771118164,1.73,-0.364782609,0.8456,0.12,1.707,10.0877272727
2021-03-30,0.7641170620918274,0.1729864478111267,58917.69140625,60.54999923706055,1.177100658416748,1.3775053024291992,1683.9000244140625,0.00910448282957077,0.06706579774618149,6969.7998046875,116850.0,6772.10009765625,3958.550048828125,61589.91015625,29432.69921875,3926.199951171875,19.610000610351562,1.73,-0.364782609,0.8456,0.12,1.707,10.0877272727
2021-03-31,0.7608798146247864,0.17326219379901886,58918.83203125,59.15999984741211,1.1723604202270508,1.3746649026870728,1713.800048828125,0.009065772406756878,0.06710878014564514,7017.0,116634.0,6713.60009765625,3972.889892578125,60881.1484375,29178.80078125,3919.2099609375,19.399999618530273,1.74,-0.364782609,0.8456,0.12,1.707,10.0877272727
2021-04-01,0.7594098448753357,0.1775788962841034,59095.80859375,61.45000076293945,1.1728830337524414,1.3786258697509766,1726.5,0.009029345586895943,0.06766266375780106,7064.2001953125,115253.0,6737.2998046875,4019.8701171875,61590.23828125,29388.869140625,3945.9599609375,17.329999923706055,1.69,-0.325,0.8515,0.09,1.676,10.0289473684
2021-04-06,0.7658727169036865,0.17659419775009155,58192.359375,59.33000183105469,1.1818934679031372,1.3914011716842651,1741.5,0.009074986912310123,0.06874704360961914,7133.89990234375,117499.0,6823.60009765625,4073.93994140625,62372.23828125,29696.630859375,3970.419921875,18.1200008392334,1.67,-0.325,0.8515,0.09,1.676,10.0289473684
2021-04-07,0.7666947841644287,0.17878852784633636,56048.9375,59.77000045776367,1.1874228715896606,1.383125901222229,1740.0999755859375,0.009108048863708973,0.06890659034252167,7177.39990234375,117624.0,6885.2998046875,4079.949951171875,61409.51953125,29730.7890625,3956.77001953125,17.15999984741211,1.68,-0.325,0.8515,0.09,1.676,10.0289473684
2021-04-08,0.7613884806632996,0.17818641662597656,58323.953125,59.599998474121094,1.1873664855957031,1.3743815422058105,1756.800048828125,0.009103157557547092,0.06878004968166351,7250.2998046875,118313.0,6942.2001953125,4097.169921875,61303.19140625,29708.98046875,3977.830078125,16.950000762939453,1.64,-0.325,0.8515,0.09,1.676,10.0289473684
2021-04-09,0.7659003138542175,0.17964287102222443,58245.00390625,59.31999969482422,1.1915684938430786,1.373437762260437,1743.300048828125,0.009146620519459248,0.06888560950756073,7252.2998046875,117670.0,6915.7998046875,4128.7998046875,61458.46875,29768.060546875,3978.840087890625,16.690000534057617,1.67,-0.325,0.8515,0.09,1.676,10.0289473684
2021-04-12,0.7626002430915833,0.17607803642749786,59893.453125,59.70000076293945,1.1900511980056763,1.3712154626846313,1731.199951171875,0.00911626871675253,0.0686044692993164,7225.2001953125,118812.0,6889.10009765625,4127.990234375,60672.55859375,29538.73046875,3961.89990234375,16.90999984741211,1.69,-0.325,0.8515,0.09,1.676,10.0289473684
2021-04-13,0.7627707123756409,0.17445307970046997,63503.45703125,60.18000030517578,1.1914690732955933,1.3753834962844849,1746.199951171875,0.009142940863966942,0.06868556141853333,7231.0,119297.0,6890.5,4141.58984375,61382.98828125,29751.609375,3966.989990234375,16.649999618530273,1.64,-0.325,0.8515,0.09,1.676,10.0289473684
2021-04-14,0.7647499442100525,0.17493833601474762,63109.6953125,63.150001525878906,1.1954143047332764,1.3759700059890747,1734.9000244140625,0.009180712513625622,0.06899882853031158,7280.60009765625,120295.0,6939.60009765625,4124.66015625,62084.390625,29620.990234375,3976.280029296875,16.989999771118164,1.64,-0.325,0.8515,0.09,1.676,10.0289473684
2021-04-15,0.772509753704071,0.17690034210681915,63314.01171875,63.459999084472656,1.1986095905303955,1.3779228925704956,1765.4000244140625,0.009183242917060852,0.06950768083333969,7317.5,120701.0,6983.5,4170.419921875,62080.01953125,29642.689453125,3993.429931640625,16.56999969482422,1.56,-0.325,0.8515,0.09,1.676,10.0289473684
2021-04-16,0.7751697301864624,0.17809440195560455,61572.7890625,63.130001068115234,1.1971746683120728,1.3785498142242432,1779.0,0.009200562722980976,0.07070435583591461,7325.7998046875,121114.0,7019.5,4185.47021484375,62898.12890625,29683.369140625,4032.989990234375,16.25,1.59,-0.325,0.8515,0.09,1.676,10.0289473684
2021-04-19,0.7714025974273682,0.17902538180351257,55724.265625,63.380001068115234,1.1969454288482666,1.3818453550338745,1769.4000244140625,0.009198023937642574,0.06991921365261078,7328.0,120934.0,7000.10009765625,4163.259765625,62325.8515625,29685.369140625,4019.909912109375,17.290000915527344,1.61,-0.325,0.8515,0.09,1.676,10.0289473684
2021-04-20,0.7767002582550049,0.18033289909362793,56473.03125,62.439998626708984,1.204529047012329,1.3993842601776123,1777.300048828125,0.009250865317881107,0.07038188725709915,7282.10009765625,120062.0,6859.89990234375,4134.93994140625,61116.76953125,29100.380859375,3940.4599609375,18.68000030517578,1.58,-0.325,0.8515,0.09,1.676,10.0289473684
2021-04-22,0.7754402756690979,0.17960092425346375,51762.2734375,61.43000030517578,1.2037750482559204,1.3931845426559448,1781.199951171875,0.009255916811525822,0.07033585757017136,7312.0,119371.0,6938.2001953125,4134.97998046875,61182.94140625,29188.169921875,4014.800048828125,18.709999084472656,1.57,-0.325,0.8515,0.09,1.676,10.0289473684
2021-04-23,0.7705348134040833,0.18371546268463135,51093.65234375,62.13999938964844,1.2014753818511963,1.3840255737304688,1777.0,0.009261146187782288,0.06988471746444702,7320.7001953125,120530.0,6938.60009765625,4180.169921875,61478.76171875,29020.630859375,4013.340087890625,17.329999923706055,1.58,-0.325,0.8515,0.09,1.676,10.0289473684
2021-04-26,0.7743114233016968,0.1825750321149826,54021.75390625,61.90999984741211,1.2089852094650269,1.3866355419158936,1779.199951171875,0.009270073845982552,0.07006289809942245,7307.7998046875,120595.0,6963.10009765625,4187.6201171875,61716.8203125,29126.23046875,4020.830078125,17.639999389648438,1.58,-0.325,0.8515,0.09,1.676,10.0289473684
2021-04-28,0.7770001888275146,0.1834525763988495,54824.703125,63.86000061035156,1.2090305089950562,1.390356421470642,1773.199951171875,0.009195402264595032,0.06959576904773712,7320.0,121053.0,6963.7001953125,4183.18017578125,61838.55859375,29053.970703125,4015.030029296875,17.280000686645508,1.63,-0.325,0.8515,0.09,1.676,10.0289473684
2021-04-30,0.777762234210968,0.1873922497034073,57750.17578125,63.58000183105469,1.2127091884613037,1.3952839374542236,1767.300048828125,0.00918239913880825,0.0700191855430603,7290.7001953125,118894.0,6969.7998046875,4181.169921875,61096.37109375,28812.630859375,3974.739990234375,18.610000610351562,1.65,-0.325,0.8515,0.09,1.676,10.0289473684
2021-05-06,0.7751199007034302,0.1868215948343277,56396.515625,64.70999908447266,1.2007973194122314,1.3909753561019897,1815.5,0.009155916050076485,0.06971269100904465,7306.0,119921.0,7076.2001953125,4201.6201171875,61705.87890625,29331.369140625,3999.43994140625,18.389999389648438,1.58,-0.325,0.8515,0.09,1.676,10.0289473684
2021-05-07,0.7787312865257263,0.18962986767292023,57356.40234375,64.9000015258789,1.2068549394607544,1.389854073524475,1831.0999755859375,0.009170104749500751,0.07048960030078888,7325.2001953125,122038.0,7129.7001953125,4232.60009765625,62573.359375,29357.8203125,4034.25,16.690000534057617,1.6,-0.325,0.8515,0.09,1.676,10.0289473684
2021-05-10,0.7858793139457703,0.1910037249326706,55859.796875,64.91999816894531,1.2171076536178589,1.4041197299957275,1837.5,0.009210477583110332,0.07114753872156143,7419.7998046875,121909.0,7123.7001953125,4188.43017578125,62389.390625,29518.33984375,4023.35009765625,19.65999984741211,1.63,-0.325,0.8515,0.09,1.676,10.0289473684
2021-05-11,0.7838999032974243,0.19149017333984375,56704.57421875,65.27999877929688,1.2140932083129883,1.4131278991699219,1835.9000244140625,0.009187460877001286,0.07123506814241409,7331.60009765625,122964.0,6948.0,4152.10009765625,62389.390625,28608.58984375,3946.06005859375,21.84000015258789,1.64,-0.325,0.8515,0.09,1.676,10.0289473684
2021-05-12,0.7838096022605896,0.1915268450975418,49150.53515625,66.08000183105469,1.2144500017166138,1.4138271808624268,1822.5999755859375,0.009198362939059734,0.07156351953744888,7281.10009765625,119710.0,7004.60009765625,4063.0400390625,61529.140625,28147.509765625,3947.429931640625,27.59000015258789,1.69,-0.325,0.8515,0.09,1.676,10.0289473684
2021-05-13,0.7732301950454712,0.18856894969940186,49716.19140625,63.81999969482422,1.2078505754470825,1.4063708782196045,1823.800048828125,0.00911876279860735,0.07084360718727112,7209.0,120706.0,6963.2998046875,4112.5,60211.078125,27448.009765625,3947.429931640625,23.1299991607666,1.66,-0.325,0.8515,0.09,1.676,10.0289473684
2021-05-14,0.7726202011108398,0.18840551376342773,49880.53515625,65.37000274658203,1.207729458808899,1.4050863981246948,1837.9000244140625,0.009131086058914661,0.0707748681306839,7239.39990234375,121881.0,7043.60009765625,4173.85009765625,60573.37109375,28084.470703125,4017.43994140625,18.809999465942383,1.63,-0.325,0.8515,0.09,1.676,10.0289473684
2021-05-17,0.7778711318969727,0.18977133929729462,43537.51171875,66.2699966430664,1.2150373458862305,1.4101786613464355,1867.5,0.009139765053987503,0.0707942545413971,7255.7998046875,122938.0,7032.89990234375,4163.2900390625,61193.21875,27824.830078125,4006.840087890625,19.719999313354492,1.64,-0.325,0.8515,0.09,1.676,10.0289473684
2021-05-18,0.7773698568344116,0.18969932198524475,42909.40234375,65.48999786376953,1.2156872749328613,1.4148674011230469,1867.800048828125,0.00915398821234703,0.07095917314291,7299.10009765625,122980.0,7034.2001953125,4127.830078125,61189.94140625,28406.83984375,4005.340087890625,21.34000015258789,1.64,-0.325,0.8515,0.09,1.676,10.0289473684
2021-05-19,0.7789981961250305,0.19013214111328125,37002.44140625,63.36000061035156,1.2223997116088867,1.41880202293396,1881.300048828125,0.009185436181724072,0.07139022648334503,7165.7001953125,122636.0,6950.2001953125,4115.68017578125,59776.91015625,28044.44921875,3936.739990234375,22.18000030517578,1.68,-0.325,0.8515,0.09,1.676,10.0289473684
2021-05-20,0.772030234336853,0.18839487433433533,40782.73828125,62.04999923706055,1.217285394668579,1.4106162786483765,1881.800048828125,0.009151391685009003,0.07091544568538666,7252.60009765625,122701.0,7019.7998046875,4159.1201171875,60068.05078125,28098.25,3999.909912109375,20.670000076293945,1.63,-0.325,0.8515,0.09,1.676,10.0289473684
2021-05-21,0.7770001888275146,0.1893473118543625,37304.69140625,63.58000183105469,1.222538709640503,1.4185603857040405,1876.699951171875,0.009186110459268093,0.07154114544391632,7265.2998046875,122592.0,7018.10009765625,4155.85986328125,60210.0,28317.830078125,4025.780029296875,20.149999618530273,1.63,-0.325,0.8515,0.09,1.676,10.0289473684
2021-05-24,0.7730000615119934,0.186504527926445,38705.98046875,66.05000305175781,1.2183235883712769,1.4142870903015137,1884.5999755859375,0.009181134402751923,0.07165145874023438,7276.0,124032.0,7051.60009765625,4197.0498046875,60056.921875,28364.609375,4025.780029296875,18.399999618530273,1.61,-0.325,0.8515,0.09,1.676,10.0289473684
2021-05-25,0.7750802040100098,0.1880229413509369,38402.22265625,66.06999969482422,1.2214635610580444,1.415608525276184,1898.0999755859375,0.00918687041848898,0.07186902314424515,7349.10009765625,122988.0,7029.7998046875,4188.1298828125,60056.921875,28553.98046875,4036.0400390625,18.84000015258789,1.56,-0.325,0.8515,0.09,1.676,10.0289473684
2021-05-26,0.7753139734268188,0.18759262561798096,39294.19921875,66.20999908447266,1.2249093055725098,1.4143872261047363,1901.300048828125,0.009191007353365421,0.07225903123617172,7331.60009765625,123989.0,7026.89990234375,4195.990234375,60093.23828125,28642.189453125,4031.669921875,17.360000610351562,1.58,-0.325,0.8515,0.09,1.676,10.0289473684
2021-05-27,0.7739902138710022,0.18830618262290955,38436.96875,66.8499984741211,1.21925950050354,1.4116119146347046,1895.699951171875,0.009160025976598263,0.07267024368047714,7344.0,124367.0,7019.7001953125,4200.8798828125,60802.01171875,28549.009765625,4039.2099609375,16.739999771118164,1.61,-0.325,0.8515,0.09,1.676,10.0289473684
2021-05-28,0.774250328540802,0.19090527296066284,35697.60546875,66.31999969482422,1.2193188667297363,1.4203739166259766,1902.5,0.009106721729040146,0.0726931169629097,7424.0,125561.0,7022.60009765625,4204.10986328125,61345.48828125,29149.41015625,4070.56005859375,16.760000228881836,1.58,-0.325,0.8515,0.09,1.676,10.0289473684
2021-06-01,0.7743498086929321,0.19169574975967407,36684.92578125,67.72000122070312,1.223286509513855,1.4226775169372559,1902.9000244140625,0.00913300458341837,0.07295382767915726,7392.10009765625,128267.0,7080.5,4202.0400390625,62698.8984375,28814.33984375,4071.75,17.899999618530273,1.62,-0.288636364,0.8549,0.05,1.531,9.5266666667
2021-06-02,0.7755900025367737,0.19418606162071228,37575.1796875,68.83000183105469,1.2217769622802734,1.4157087802886963,1907.5,0.00913300458341837,0.07268904894590378,7468.89990234375,129601.0,7108.0,4208.1201171875,62786.671875,28946.140625,4088.5,17.479999542236328,1.59,-0.288636364,0.8549,0.05,1.531,9.5266666667
2021-06-04,0.7665772438049316,0.1969938725233078,36894.40625,69.62000274658203,1.2133007049560547,1.4109944105148315,1889.800048828125,0.009068978950381279,0.0734156146645546,7543.2998046875,130126.0,7069.0,4229.89013671875,61616.80078125,28941.51953125,4089.3798828125,16.420000076293945,1.56,-0.288636364,0.8549,0.05,1.531,9.5266666667
2021-06-07,0.7744001746177673,0.1982317715883255,33560.70703125,69.2300033569336,1.2168411016464233,1.4164307117462158,1896.800048828125,0.009122672490775585,0.0745270848274231,7531.60009765625,130776.0,7077.2001953125,4226.52001953125,61387.75,29019.240234375,4097.64990234375,16.420000076293945,1.57,-0.288636364,0.8549,0.05,1.531,9.5266666667
2021-06-08,0.7756296992301941,0.19820819795131683,33472.6328125,70.05000305175781,1.2193634510040283,1.41765558719635,1892.199951171875,0.009151307865977287,0.07391715049743652,7542.2998046875,129787.0,7095.10009765625,4227.259765625,61452.390625,28963.560546875,4096.009765625,17.06999969482422,1.53,-0.288636364,0.8549,0.05,1.531,9.5266666667
2021-06-09,0.7736998200416565,0.19861367344856262,37345.12109375,69.95999908447266,1.217285394668579,1.414987564086914,1893.199951171875,0.009135005995631218,0.0736946240067482,7522.0,129907.0,7081.0,4219.5498046875,61433.1796875,28860.80078125,4096.85009765625,17.889999389648438,1.5,-0.288636364,0.8549,0.05,1.531,9.5266666667
2021-06-10,0.7729498147964478,0.19756989181041718,36702.59765625,70.29000091552734,1.218200445175171,1.4112334251403809,1894.199951171875,0.009123255498707294,0.07282106578350067,7558.7998046875,130076.0,7088.2001953125,4239.18017578125,61433.1796875,28958.560546875,4096.06982421875,16.100000381469727,1.45,-0.288636364,0.8549,0.05,1.531,9.5266666667
2021-06-11,0.7747998237609863,0.1978435069322586,37334.3984375,70.91000366210938,1.2172558307647705,1.4170126914978027,1877.4000244140625,0.00914001651108265,0.07356565445661545,7577.2001953125,129441.0,7134.10009765625,4247.43994140625,61444.66015625,28948.73046875,4126.7001953125,15.649999618530273,1.47,-0.288636364,0.8549,0.05,1.531,9.5266666667
2021-06-15,0.7712002992630005,0.1976831555366516,40406.26953125,72.12000274658203,1.212224006652832,1.4109944105148315,1854.5,0.009087521582841873,0.0726475939154625,7633.0,130091.0,7172.5,4246.58984375,61061.7890625,29441.30078125,4143.52001953125,17.020000457763672,1.51,-0.288636364,0.8549,0.05,1.531,9.5266666667
2021-06-17,0.7616726756095886,0.19785134494304657,38053.50390625,71.04000091552734,1.1995586156845093,1.3990709781646729,1773.800048828125,0.009027715772390366,0.07151694595813751,7600.5,128057.0,7153.39990234375,4221.85986328125,60399.87890625,29018.330078125,4158.14013671875,17.75,1.52,-0.288636364,0.8549,0.05,1.531,9.5266666667
2021-06-18,0.7556899189949036,0.19970443844795227,35787.24609375,71.63999938964844,1.1913414001464844,1.3938642740249634,1767.9000244140625,0.009064128622412682,0.0709320455789566,7624.2998046875,128405.0,7017.5,4166.4501953125,59503.87109375,28964.080078125,4083.3701171875,20.700000762939453,1.45,-0.288636364,0.8549,0.05,1.531,9.5266666667
2021-06-21,0.7503997683525085,0.19623233377933502,31676.693359375,73.66000366210938,1.1873664855957031,1.381711721420288,1781.800048828125,0.00907432846724987,0.0697573870420456,7485.2001953125,129265.0,7062.2998046875,4224.7900390625,59472.25,28010.9296875,4112.330078125,17.889999389648438,1.5,-0.288636364,0.8549,0.05,1.531,9.5266666667
2021-06-22,0.7534897923469543,0.19947735965251923,32505.66015625,73.05999755859375,1.1912561655044556,1.392540454864502,1776.300048828125,0.009060104377567768,0.07035069912672043,7592.7001953125,128767.0,7090.0,4246.43994140625,59493.4609375,28884.130859375,4123.1298828125,16.65999984741211,1.48,-0.288636364,0.8549,0.05,1.531,9.5266666667
2021-06-23,0.7554810047149658,0.2017308473587036,33723.02734375,73.08000183105469,1.1936734914779663,1.3949919939041138,1782.300048828125,0.009037178941071033,0.07013591378927231,7552.10009765625,128428.0,7074.10009765625,4241.83984375,59764.05078125,28874.890625,4075.93994140625,16.31999969482422,1.5,-0.288636364,0.8549,0.05,1.531,9.5266666667
2021-06-24,0.7574437856674194,0.2014017552137375,34662.4375,73.30000305175781,1.1933174133300781,1.3967455625534058,1775.5999755859375,0.009008035063743591,0.07037495821714401,7539.10009765625,129514.0,7110.0,4266.490234375,60188.421875,28875.23046875,4122.43017578125,15.970000267028809,1.49,-0.288636364,0.8549,0.05,1.531,9.5266666667
2021-06-25,0.7582076191902161,0.20355404913425446,31637.779296875,74.05000305175781,1.1930327415466309,1.3916915655136108,1776.5999755859375,0.00901542603969574,0.07047544419765472,7578.60009765625,127256.0,7136.10009765625,4280.7001953125,60140.1484375,29066.1796875,4120.66015625,15.619999885559082,1.54,-0.288636364,0.8549,0.05,1.531,9.5266666667
2021-06-28,0.7594998478889465,0.20344224572181702,34434.3359375,72.91000366210938,1.1942152976989746,1.389506459236145,1779.5999755859375,0.00902347918599844,0.07066069543361664,7572.5,127429.0,7073.0,4290.60986328125,59820.66015625,29048.01953125,4089.909912109375,15.760000228881836,1.49,-0.288636364,0.8549,0.05,1.531,9.5266666667
2021-06-29,0.756840169429779,0.20305393636226654,35867.77734375,72.9800033569336,1.1928904056549072,1.3879058361053467,1762.800048828125,0.009041346609592438,0.0701882466673851,7565.5,127327.0,7087.60009765625,4291.7998046875,60495.828125,28812.609375,4107.509765625,16.020000457763672,1.49,-0.288636364,0.8549,0.05,1.531,9.5266666667
2021-06-30,0.7513599991798401,0.2018122673034668,35040.8359375,73.47000122070312,1.1901928186416626,1.3842746019363403,1770.800048828125,0.009046907536685467,0.06972333788871765,7585.0,126802.0,7037.5,4297.5,60161.76171875,28791.529296875,4064.300048828125,15.829999923706055,1.45,-0.288636364,0.8549,0.05,1.531,9.5266666667
2021-07-01,0.7497701644897461,0.20123963057994843,33572.1171875,75.2300033569336,1.1856770515441895,1.3829153776168823,1775.9000244140625,0.00899895653128624,0.07026666402816772,7541.5,125666.0,7125.2001953125,4319.93994140625,60476.76953125,28707.0390625,4078.889892578125,15.479999542236328,1.48,-0.451363636,0.6979,0.015,1.254,9.6236363636
2021-07-02,0.7465806603431702,0.19821204245090485,33897.046875,75.16000366210938,1.1846235990524292,1.3759511709213257,1782.5999755859375,0.008962822146713734,0.06932827085256577,7587.10009765625,127622.0,7123.2998046875,4352.33984375,60292.640625,28783.279296875,4084.31005859375,15.069999694824219,1.44,-0.451363636,0.6979,0.015,1.254,9.6236363636
2021-07-06,0.7543002963066101,0.19652314484119415,34235.1953125,73.37000274658203,1.186380386352539,1.3856172561645508,1793.5,0.009015832096338272,0.07022126764059067,7531.39990234375,125095.0,7100.89990234375,4343.5400390625,59756.87109375,28643.2109375,4052.669921875,16.440000534057617,1.37,-0.451363636,0.6979,0.015,1.254,9.6236363636
2021-07-07,0.7494998574256897,0.19248166680335999,33855.328125,72.19999694824219,1.1824523210525513,1.3805670738220215,1801.5,0.00904142763465643,0.06974945217370987,7599.2998046875,127019.0,7151.0,4358.1298828125,60705.5703125,28366.94921875,4078.530029296875,16.200000762939453,1.33,-0.451363636,0.6979,0.015,1.254,9.6236363636
2021-07-08,0.7484413981437683,0.19116072356700897,32877.37109375,72.94000244140625,1.17933988571167,1.3801099061965942,1799.5999755859375,0.009038730524480343,0.07002712786197662,7614.89990234375,125428.0,7030.7001953125,4320.81982421875,59106.3984375,28118.029296875,3991.659912109375,19.0,1.3,-0.451363636,0.6979,0.015,1.254,9.6236363636
2021-07-12,0.749007523059845,0.19018998742103577,33155.84765625,74.0999984741211,1.187295913696289,1.3899506330490112,1805.5,0.009073175489902496,0.0702899768948555,7604.89990234375,127594.0,7125.39990234375,4384.6298828125,61080.80078125,28569.01953125,4093.3798828125,16.170000076293945,1.38,-0.451363636,0.6979,0.015,1.254,9.6236363636
2021-07-13,0.7480998039245605,0.19332264363765717,32702.025390625,75.25,1.186521053314209,1.3886960744857788,1809.4000244140625,0.009064128622412682,0.06961112469434738,7612.2001953125,128168.0,7124.7001953125,4369.2099609375,60943.21875,28718.240234375,4094.56005859375,17.1200008392334,1.42,-0.451363636,0.6979,0.015,1.254,9.6236363636
2021-07-14,0.7441999316215515,0.1937083601951599,32822.34765625,73.12999725341797,1.1775373220443726,1.3806052207946777,1824.300048828125,0.009042000398039818,0.06800305843353271,7631.7998046875,128407.0,7091.2001953125,4374.2998046875,61753.5390625,28608.490234375,4099.5,16.329999923706055,1.37,-0.451363636,0.6979,0.015,1.254,9.6236363636
2021-07-15,0.7480382323265076,0.19724254310131073,31780.73046875,71.6500015258789,1.1833338737487793,1.385809302330017,1828.4000244140625,0.009092231281101704,0.069244883954525,7616.60009765625,127468.0,7012.0,4360.02978515625,61439.109375,28279.08984375,4056.389892578125,17.010000228881836,1.31,-0.451363636,0.6979,0.015,1.254,9.6236363636
2021-07-16,0.7423000931739807,0.1956947147846222,31421.5390625,71.80999755859375,1.1811814308166504,1.3829728364944458,1814.5,0.00910929311066866,0.06879641860723495,7630.7001953125,125960.0,7008.10009765625,4327.16015625,60437.578125,28003.080078125,4035.77001953125,18.450000762939453,1.31,-0.451363636,0.6979,0.015,1.254,9.6236363636
2021-07-19,0.7390999794006348,0.19548813998699188,30817.83203125,66.41999816894531,1.1814005374908447,1.3763866424560547,1808.699951171875,0.009101334027945995,0.06949511915445328,7559.7001953125,124395.0,6844.39990234375,4258.490234375,58795.3203125,27652.740234375,3928.530029296875,22.5,1.19,-0.451363636,0.6979,0.015,1.254,9.6236363636
2021-07-20,0.7339202165603638,0.19044354557991028,29807.34765625,67.41999816894531,1.1793843507766724,1.3669979572296143,1810.9000244140625,0.009129585698246956,0.06881990283727646,7525.7998046875,125401.0,6881.10009765625,4323.06005859375,59668.21875,27388.16015625,3956.340087890625,19.729999542236328,1.23,-0.451363636,0.6979,0.015,1.254,9.6236363636
2021-07-21,0.7338911294937134,0.19157454371452332,32110.693359375,70.30000305175781,1.1784114837646484,1.3633265495300293,1802.9000244140625,0.009097525849938393,0.06853272020816803,7580.89990234375,125929.0,6998.2998046875,4358.68994140625,60502.390625,27548.0,4026.679931640625,17.90999984741211,1.3,-0.451363636,0.6979,0.015,1.254,9.6236363636
2021-07-26,0.7368219494819641,0.19238539040088654,37337.53515625,71.91000366210938,1.1773432493209839,1.3757808208465576,1798.699951171875,0.00904617179185152,0.06759757548570633,7670.5,126004.0,7025.39990234375,4422.2998046875,61946.37109375,27833.2890625,4102.58984375,17.579999923706055,1.29,-0.451363636,0.6979,0.015,1.254,9.6236363636
2021-07-27,0.738825261592865,0.1932217925786972,39406.94140625,71.6500015258789,1.1807769536972046,1.3829153776168823,1799.5,0.009066018275916576,0.06781260669231415,7704.0,124612.0,6996.10009765625,4401.4599609375,61208.328125,27970.220703125,4064.830078125,19.360000610351562,1.25,-0.451363636,0.6979,0.015,1.254,9.6236363636
2021-07-28,0.7366374135017395,0.19345727562904358,39995.90625,72.38999938964844,1.1823126077651978,1.3882719278335571,1799.5,0.009106970392167568,0.06775940209627151,7649.60009765625,126286.0,7016.60009765625,4400.64013671875,62368.62890625,27581.66015625,4103.02978515625,18.309999465942383,1.26,-0.451363636,0.6979,0.015,1.254,9.6236363636
2021-07-29,0.7377101182937622,0.1955110728740692,40008.421875,73.62000274658203,1.1845955848693848,1.3906852006912231,1831.199951171875,0.009099926799535751,0.06793755292892456,7695.2001953125,125675.0,7078.39990234375,4419.14990234375,63394.890625,27782.419921875,4116.77001953125,17.700000762939453,1.28,-0.451363636,0.6979,0.015,1.254,9.6236363636
2021-07-30,0.739609956741333,0.19683489203453064,42235.546875,73.94999694824219,1.1892997026443481,1.3964334726333618,1812.5999755859375,0.00914001651108265,0.06888570636510849,7664.2001953125,121801.0,7032.2998046875,4395.259765625,62852.28125,27283.58984375,4089.300048828125,18.239999771118164,1.24,-0.451363636,0.6979,0.015,1.254,9.6236363636
2021-08-02,0.7342305779457092,0.19198647141456604,39201.9453125,71.26000213623047,1.186704158782959,1.3896223306655884,1818.0999755859375,0.009115271270275116,0.06849971413612366,7760.5,122516.0,7081.7001953125,4387.16015625,62704.0,27781.01953125,4116.6201171875,19.459999084472656,1.2,-0.451363636,0.6979,0.015,1.254,9.6236363636
2021-08-03,0.7360599637031555,0.19325165450572968,38152.98046875,70.55999755859375,1.1874650716781616,1.3892748355865479,1810.0999755859375,0.009151726961135864,0.06917734444141388,7750.5,123577.0,7105.7001953125,4423.14990234375,62543.44140625,27641.830078125,4117.9501953125,18.040000915527344,1.19,-0.451363636,0.6979,0.015,1.254,9.6236363636
2021-08-04,0.7396799921989441,0.19242610037326813,39747.50390625,68.1500015258789,1.1869436502456665,1.391788363456726,1810.5,0.009175069630146027,0.06991247087717056,7778.7001953125,121801.0,7123.89990234375,4402.66015625,62750.03125,27584.080078125,4144.89990234375,17.969999313354492,1.19,-0.451363636,0.6979,0.015,1.254,9.6236363636
2021-08-05,0.7382999658584595,0.19349096715450287,40869.5546875,69.08999633789062,1.1837401390075684,1.3890432119369507,1805.0999755859375,0.009130001999437809,0.06979472935199738,7779.60009765625,121633.0,7120.39990234375,4429.10009765625,62199.8515625,27728.119140625,4161.080078125,17.280000686645508,1.23,-0.451363636,0.6979,0.015,1.254,9.6236363636
2021-08-06,0.7402998805046082,0.19065049290657043,42816.5,68.27999877929688,1.1835720539093018,1.3927576541900635,1760.0,0.009111450985074043,0.06907784938812256,7806.5,122810.0,7123.0,4436.52001953125,62509.23046875,27820.0390625,4174.5400390625,16.149999618530273,1.31,-0.451363636,0.6979,0.015,1.254,9.6236363636
2021-08-10,0.733100175857544,0.19113880395889282,45585.03125,68.29000091552734,1.17384672164917,1.3849073648452759,1728.800048828125,0.009065690450370312,0.06770939379930496,7830.39990234375,122202.0,7161.0,4436.75,63541.2109375,27888.150390625,4187.81982421875,16.790000915527344,1.36,-0.451363636,0.6979,0.015,1.254,9.6236363636
2021-08-11,0.7343798875808716,0.19274134933948517,45593.63671875,69.25,1.172333002090454,1.3836042881011963,1750.4000244140625,0.00904175452888012,0.06771466135978699,7854.60009765625,122056.0,7220.10009765625,4442.41015625,63488.73046875,28070.509765625,4206.330078125,16.170000076293945,1.35,-0.451363636,0.6979,0.015,1.254,9.6236363636
2021-08-12,0.7374087572097778,0.19163694977760315,44428.2890625,69.08999633789062,1.1741899251937866,1.3866932392120361,1749.0,0.009060104377567768,0.06845001876354218,7860.5,120701.0,7193.2001953125,4460.830078125,63276.98046875,28015.01953125,4226.330078125,15.59000015258789,1.36,-0.451363636,0.6979,0.015,1.254,9.6236363636
2021-08-13,0.734149694442749,0.19039639830589294,47793.3203125,68.44000244140625,1.173626184463501,1.3811582326889038,1775.199951171875,0.009057724848389626,0.06775159388780594,7897.7001953125,121194.0,7218.7001953125,4468.0,63269.0390625,27977.150390625,4229.7001953125,15.449999809265137,1.29,-0.451363636,0.6979,0.015,1.254,9.6236363636
2021-08-16,0.736572265625,0.19056694209575653,46004.484375,67.29000091552734,1.179467797279358,1.3863856792449951,1786.9000244140625,0.00912209041416645,0.06815981864929199,7849.60009765625,119180.0,7154.0,4479.7099609375,62607.03125,27523.189453125,4202.43994140625,16.1200008392334,1.26,-0.451363636,0.6979,0.015,1.254,9.6236363636
2021-08-17,0.7341066002845764,0.19012491405010223,44695.359375,66.58999633789062,1.177994966506958,1.3842746019363403,1785.0,0.009149381890892982,0.06752832978963852,7773.2998046875,117904.0,7181.10009765625,4448.080078125,62657.33984375,27424.470703125,4196.39990234375,17.90999984741211,1.26,-0.451363636,0.6979,0.015,1.254,9.6236363636
2021-08-18,0.7255598902702332,0.18888238072395325,44801.1875,65.45999908447266,1.1709738969802856,1.3740416765213013,1781.5999755859375,0.009129335172474384,0.06723570823669434,7770.7001953125,116643.0,7169.2998046875,4400.27001953125,61608.9609375,27585.91015625,4189.419921875,21.56999969482422,1.27,-0.451363636,0.6979,0.015,1.254,9.6236363636
2021-08-19,0.7230997681617737,0.18592198193073273,46717.578125,63.689998626708984,1.1703298091888428,1.3743815422058105,1780.199951171875,0.009103985503315926,0.06696196645498276,7735.2998046875,117165.0,7058.89990234375,4405.7998046875,59854.78125,27281.169921875,4124.7099609375,21.670000076293945,1.24,-0.451363636,0.6979,0.015,1.254,9.6236363636
2021-08-20,0.714620053768158,0.18470290303230286,49339.17578125,62.31999969482422,1.1676595211029053,1.3630849123001099,1781.0,0.009110122919082642,0.06580809503793716,7725.10009765625,118053.0,7087.89990234375,4441.669921875,59800.01953125,27013.25,4147.5,18.559999465942383,1.26,-0.451363636,0.6979,0.015,1.254,9.6236363636
2021-08-23,0.7139797210693359,0.18590815365314484,49546.1484375,65.63999938964844,1.1697548627853394,1.3625277280807495,1803.199951171875,0.009104152210056782,0.06540928035974503,7761.10009765625,117472.0,7109.0,4479.52978515625,60562.05078125,27494.240234375,4176.419921875,17.149999618530273,1.25,-0.451363636,0.6979,0.015,1.254,9.6236363636
2021-08-24,0.7209597229957581,0.18587705492973328,47706.1171875,67.54000091552734,1.1744533777236938,1.37247633934021,1805.5999755859375,0.00911759864538908,0.06614675372838974,7773.7001953125,120211.0,7125.7998046875,4486.22998046875,61180.2890625,27732.099609375,4178.080078125,17.219999313354492,1.29,-0.451363636,0.6979,0.015,1.254,9.6236363636
2021-08-25,0.724879801273346,0.19062869250774384,48960.7890625,68.36000061035156,1.175309181213379,1.3725517988204956,1788.199951171875,0.009113277308642864,0.06675834953784943,7809.60009765625,120818.0,7150.10009765625,4496.18994140625,61212.12109375,27724.80078125,4181.1201171875,16.790000915527344,1.35,-0.451363636,0.6979,0.015,1.254,9.6236363636
2021-08-26,0.727660059928894,0.19190174341201782,46942.21875,67.41999816894531,1.1774401664733887,1.3766520023345947,1792.199951171875,0.009092893451452255,0.06701850891113281,7770.39990234375,118724.0,7125.0,4470.0,60854.921875,27742.2890625,4169.8701171875,18.84000015258789,1.34,-0.451363636,0.6979,0.015,1.254,9.6236363636
2021-08-27,0.7238398790359497,0.19041816890239716,49058.66796875,68.73999786376953,1.1756407022476196,1.3702384233474731,1816.5999755859375,0.009086944162845612,0.06714608520269394,7760.10009765625,120678.0,7148.0,4509.3701171875,61393.1484375,27641.140625,4190.97998046875,16.389999389648438,1.31,-0.451363636,0.6979,0.015,1.254,9.6236363636
2021-08-31,0.7291233539581299,0.19294217228889465,47166.6875,68.5,1.1796904802322388,1.376045823097229,1815.0,0.009095539338886738,0.0683819130063057,7823.2998046875,118781.0,7119.7001953125,4522.68017578125,61039.26171875,28089.5390625,4196.41015625,16.479999542236328,1.3,-0.451363636,0.6979,0.015,1.254,9.6236363636
2021-09-01,0.7317901849746704,0.19420115649700165,48847.02734375,68.58999633789062,1.1810280084609985,1.3753398656845093,1813.0999755859375,0.009086282923817635,0.0690205916762352,7813.0,119396.0,7149.7998046875,4524.08984375,60612.640625,28451.01953125,4227.27001953125,16.110000610351562,1.31,-0.362727273,0.8023,0.065,1.282,9.6242857143
2021-09-02,0.7368001937866211,0.19287891685962677,49327.72265625,69.98999786376953,1.1840906143188477,1.3771638870239258,1808.699951171875,0.009082982316613197,0.06960225850343704,7783.7998046875,116677.0,7163.89990234375,4536.9501953125,60357.48828125,28543.509765625,4232.10009765625,16.40999984741211,1.29,-0.362727273,0.8023,0.065,1.282,9.6242857143
2021-09-03,0.7399300932884216,0.19298313558101654,50025.375,69.29000091552734,1.1876484155654907,1.383680820465088,1830.9000244140625,0.009095456451177597,0.0692962259054184,7826.7001953125,116933.0,7138.39990234375,4535.43017578125,60106.71875,29128.109375,4201.97998046875,16.40999984741211,1.33,-0.362727273,0.8023,0.065,1.282,9.6242857143
2021-09-08,0.7386598587036133,0.1934385597705841,46091.390625,69.30000305175781,1.184356927871704,1.3779798746109009,1790.699951171875,0.009066511876881123,0.07009968161582947,7807.5,113413.0,7095.5,4514.06982421875,59378.55078125,30181.2109375,4177.14990234375,17.959999084472656,1.35,-0.362727273,0.8023,0.065,1.282,9.6242857143
2021-09-09,0.7363770008087158,0.18794873356819153,46391.421875,68.13999938964844,1.1819101572036743,1.3767657279968262,1797.4000244140625,0.009072927758097649,0.07064217329025269,7658.89990234375,115361.0,7024.2001953125,4493.27978515625,58020.55078125,30008.189453125,4177.10986328125,18.799999237060547,1.3,-0.362727273,0.8023,0.065,1.282,9.6242857143
2021-09-10,0.7370826601982117,0.19243721663951874,44883.91015625,69.72000122070312,1.1825922727584839,1.3839681148529053,1789.5999755859375,0.009109044447541237,0.07047265768051147,7706.2001953125,114286.0,7029.2001953125,4458.580078125,58175.75,30381.83984375,4170.35009765625,20.950000762939453,1.35,-0.362727273,0.8023,0.065,1.282,9.6242857143
2021-09-13,0.7368110418319702,0.19058509171009064,44963.07421875,70.44999694824219,1.1811953783035278,1.3840830326080322,1792.0,0.009097939357161522,0.07059653848409653,7726.10009765625,116404.0,7068.39990234375,4468.72998046875,58494.78125,30447.369140625,4189.52978515625,19.3700008392334,1.33,-0.362727273,0.8023,0.065,1.282,9.6242857143
2021-09-14,0.7365902066230774,0.19182075560092926,47092.4921875,70.45999908447266,1.1811953783035278,1.3838149309158325,1804.699951171875,0.009091404266655445,0.07087423652410507,7740.2998046875,116181.0,7034.10009765625,4443.0498046875,58115.078125,30670.099609375,4191.669921875,19.459999084472656,1.28,-0.362727273,0.8023,0.065,1.282,9.6242857143
2021-09-15,0.7317097783088684,0.19087976217269897,48176.34765625,72.61000061035156,1.1804981231689453,1.381024718284607,1792.4000244140625,0.009114191867411137,0.06981582939624786,7723.2001953125,115063.0,7016.5,4480.7001953125,58229.94140625,30511.7109375,4145.93994140625,18.18000030517578,1.31,-0.362727273,0.8023,0.065,1.282,9.6242857143
2021-09-16,0.7341200709342957,0.19150850176811218,47783.359375,72.61000061035156,1.1819995641708374,1.3848881721496582,1754.5999755859375,0.009142188355326653,0.06962188333272934,7759.7998046875,113794.0,7027.5,4473.75,57098.19140625,30323.33984375,4169.8701171875,18.690000534057617,1.34,-0.362727273,0.8023,0.065,1.282,9.6242857143
2021-09-17,0.7291499972343445,0.19022978842258453,47267.51953125,71.97000122070312,1.176747441291809,1.3797005414962769,1749.4000244140625,0.00911585334688425,0.06861275434494019,7702.89990234375,111439.0,6963.60009765625,4432.990234375,56605.25,30500.05078125,4130.83984375,20.809999465942383,1.37,-0.362727273,0.8023,0.065,1.282,9.6242857143
2021-09-21,0.7259702086448669,0.18785692751407623,40693.67578125,70.55999755859375,1.1730204820632935,1.366269588470459,1776.0,0.00913767796009779,0.06777271628379822,7563.10009765625,110250.0,6981.0,4354.18994140625,56085.62890625,29839.7109375,4097.509765625,24.360000610351562,1.33,-0.362727273,0.8023,0.065,1.282,9.6242857143
2021-09-22,0.7227997779846191,0.1897929459810257,43574.5078125,72.2300033569336,1.17229163646698,1.3657469749450684,1776.699951171875,0.009161788038909435,0.06736048310995102,7593.7998046875,112282.0,7083.39990234375,4395.64013671875,56938.30859375,29639.400390625,4150.18994140625,20.8700008392334,1.32,-0.362727273,0.8023,0.065,1.282,9.6242857143
2021-09-27,0.7266121506690979,0.1873711794614792,42235.73046875,75.44999694824219,1.1723054647445679,1.3669044971466064,1750.0,0.009028203785419464,0.06703396886587143,7690.7001953125,113583.0,7063.39990234375,4443.10986328125,57784.26953125,30240.060546875,4165.47998046875,18.760000228881836,1.48,-0.362727273,0.8023,0.065,1.282,9.6242857143
2021-09-28,0.7280601263046265,0.18551498651504517,41034.54296875,75.29000091552734,1.1696795225143433,1.3701633214950562,1735.800048828125,0.009011931717395782,0.06701703369617462,7581.10009765625,110124.0,7028.10009765625,4352.6298828125,57462.19140625,30183.9609375,4058.820068359375,23.25,1.54,-0.362727273,0.8023,0.065,1.282,9.6242857143
2021-09-29,0.7244277596473694,0.18424350023269653,41564.36328125,74.83000183105469,1.1686338186264038,1.354224443435669,1721.5,0.008966358378529549,0.0662655383348465,7500.2001953125,111107.0,7108.2001953125,4359.4599609375,58022.328125,29544.2890625,4080.219970703125,22.559999465942383,1.55,-0.362727273,0.8023,0.065,1.282,9.6242857143
2021-09-30,0.7179998159408569,0.18469607830047607,43790.89453125,75.02999877929688,1.1601601839065552,1.3426424264907837,1755.300048828125,0.008933676406741142,0.06603580713272095,7629.7001953125,110979.0,7086.39990234375,4307.5400390625,57863.3984375,29452.66015625,4048.080078125,23.139999389648438,1.52,-0.362727273,0.8023,0.065,1.282,9.6242857143
2021-10-01,0.7231180667877197,0.18376609683036804,48116.94140625,75.87999725341797,1.1574475765228271,1.346982717514038,1757.0,0.008971747942268848,0.06634951382875443,7486.60009765625,112900.0,7027.10009765625,4357.0400390625,57265.62109375,28771.0703125,4035.300048828125,21.100000381469727,1.48,-0.204285714,1.083,0.095,1.71,10.0647619048
2021-10-04,0.7275214195251465,0.1862925887107849,49112.90234375,77.62000274658203,1.160725712776184,1.3570915460586548,1766.199951171875,0.009013312868773937,0.06736365705728531,7576.7998046875,110393.0,7011.0,4300.4599609375,57754.96875,28444.890625,3996.409912109375,22.959999084472656,1.49,-0.204285714,1.083,0.095,1.71,10.0647619048
2021-10-05,0.7289697527885437,0.18337857723236084,51514.8125,78.93000030517578,1.1618449687957764,1.3607479333877563,1759.5999755859375,0.009011606685817242,0.06654156744480133,7536.5,110458.0,7077.10009765625,4345.72021484375,58097.71875,27822.119140625,4065.429931640625,21.299999237060547,1.54,-0.204285714,1.083,0.095,1.71,10.0647619048
2021-10-06,0.7290754914283752,0.182631716132164,55361.44921875,77.43000030517578,1.1596084833145142,1.3627691268920898,1760.5,0.008969655260443687,0.06672974675893784,7496.2001953125,110560.0,6995.89990234375,4363.5498046875,57523.80859375,27528.869140625,4012.64990234375,21.0,1.53,-0.204285714,1.083,0.095,1.71,10.0647619048
2021-10-07,0.728141188621521,0.18208634853363037,53805.984375,78.30000305175781,1.1555349826812744,1.3592127561569214,1757.9000244140625,0.008975612930953503,0.06691156327724457,7551.2001953125,110585.0,7078.0,4399.759765625,58721.80078125,27678.2109375,4098.33984375,19.540000915527344,1.58,-0.204285714,1.083,0.095,1.71,10.0647619048
2021-10-08,0.7316797971725464,0.1812579184770584,53967.84765625,79.3499984741211,1.1559758186340332,1.3620266914367676,1756.300048828125,0.008955597877502441,0.06694605201482773,7617.2998046875,112833.0,7095.60009765625,4391.33984375,58839.08984375,28048.939453125,4073.2900390625,18.770000457763672,1.61,-0.204285714,1.083,0.095,1.71,10.0647619048
2021-10-11,0.729490339756012,0.18159037828445435,57484.7890625,80.5199966430664,1.1566041707992554,1.361655831336975,1754.5999755859375,0.00890709925442934,0.06710238009691238,7601.10009765625,112180.0,7146.89990234375,4361.18994140625,59662.98046875,28498.19921875,4072.52001953125,20.0,1.61,-0.204285714,1.083,0.095,1.71,10.0647619048
2021-10-13,0.7335088849067688,0.18078279495239258,57401.09765625,80.44000244140625,1.15340256690979,1.3578838109970093,1793.699951171875,0.008809098042547703,0.06686234474182129,7571.89990234375,113456.0,7141.7998046875,4363.7998046875,59516.75,28140.279296875,4083.280029296875,18.639999389648438,1.56,-0.204285714,1.083,0.095,1.71,10.0647619048
2021-10-14,0.7386069893836975,0.1814059019088745,57321.5234375,81.30999755859375,1.1599582433700562,1.366923213005066,1796.699951171875,0.00882604718208313,0.06770984828472137,7620.2001953125,113185.0,7207.7001953125,4438.259765625,60391.05078125,28550.9296875,4149.06005859375,16.860000610351562,1.52,-0.204285714,1.083,0.095,1.71,10.0647619048
2021-10-15,0.741379976272583,0.18141576647758484,61593.94921875,82.27999877929688,1.159151554107666,1.3668859004974365,1767.199951171875,0.008784721605479717,0.06774929910898209,7674.2001953125,114648.0,7234.0,4471.3701171875,60494.01953125,29068.630859375,4182.91015625,16.299999237060547,1.59,-0.204285714,1.083,0.095,1.71,10.0647619048
2021-10-18,0.7424786686897278,0.18320387601852417,62026.078125,82.44000244140625,1.1597026586532593,1.376159429550171,1764.800048828125,0.008747070096433163,0.06859087198972702,7689.7001953125,114428.0,7203.7998046875,4486.4599609375,60220.44921875,29025.4609375,4151.39990234375,16.309999465942383,1.59,-0.204285714,1.083,0.095,1.71,10.0647619048
2021-10-19,0.7417000532150269,0.1814453899860382,64261.9921875,82.95999908447266,1.161386251449585,1.373645305633545,1769.699951171875,0.00875005405396223,0.06819189339876175,7690.2001953125,110673.0,7217.5,4519.6298828125,60190.05859375,29215.51953125,4166.830078125,15.699999809265137,1.65,-0.204285714,1.083,0.095,1.71,10.0647619048
2021-10-20,0.7477194666862488,0.17910555005073547,65992.8359375,83.87000274658203,1.1631964445114136,1.3793197870254517,1784.0999755859375,0.008730345405638218,0.06903593242168427,7727.2001953125,110786.0,7223.10009765625,4536.18994140625,60347.44921875,29255.55078125,4172.169921875,15.489999771118164,1.65,-0.204285714,1.083,0.095,1.71,10.0647619048
2021-10-21,0.7515299320220947,0.17868947982788086,62210.171875,82.5,1.1655012369155884,1.3822999000549316,1781.199951171875,0.00874209962785244,0.06955496221780777,7728.5,107735.0,7190.2998046875,4549.77978515625,59535.078125,28708.580078125,4155.72998046875,15.010000228881836,1.68,-0.204285714,1.083,0.095,1.71,10.0647619048
2021-10-22,0.7463700175285339,0.1767471432685852,60692.265625,83.76000213623047,1.1625338792800903,1.379120111465454,1795.5,0.008783487603068352,0.06827197223901749,7726.7998046875,106296.0,7204.60009765625,4544.89990234375,60524.55078125,28804.849609375,4188.81005859375,15.430000305175781,1.66,-0.204285714,1.083,0.095,1.71,10.0647619048
2021-10-25,0.7469096779823303,0.1770162135362625,63039.82421875,83.76000213623047,1.1640088558197021,1.3762730360031128,1806.0,0.008797860704362392,0.06751054525375366,7754.2998046875,108715.0,7222.7998046875,4566.47998046875,60445.78125,28600.41015625,4188.31005859375,15.239999771118164,1.64,-0.204285714,1.083,0.095,1.71,10.0647619048
2021-10-26,0.7491798400878906,0.1800374537706375,60363.79296875,84.6500015258789,1.161170482635498,1.37644362449646,1792.699951171875,0.008790049701929092,0.06804989278316498,7759.2998046875,106420.0,7277.60009765625,4574.7900390625,61024.55078125,29106.009765625,4223.97021484375,15.979999542236328,1.63,-0.204285714,1.083,0.095,1.71,10.0647619048
2021-10-27,0.7512978315353394,0.17970098555088043,58482.38671875,82.66000366210938,1.1598236560821533,1.3766140937805176,1797.9000244140625,0.008757486939430237,0.06751884520053864,7758.0,106363.0,7253.2998046875,4551.68017578125,60874.44140625,29098.240234375,4220.8798828125,16.979999542236328,1.54,-0.204285714,1.083,0.095,1.71,10.0647619048
2021-10-28,0.7500750422477722,0.18066847324371338,60622.13671875,82.80999755859375,1.1600120067596436,1.3732868432998657,1801.5999755859375,0.008789199404418468,0.06641782075166702,7739.7001953125,105705.0,7249.5,4596.419921875,61093.41015625,28820.08984375,4233.8701171875,16.530000686645508,1.57,-0.204285714,1.083,0.095,1.71,10.0647619048
2021-10-29,0.7531600594520569,0.17715105414390564,62227.96484375,83.56999969482422,1.1683608293533325,1.380071759223938,1783.0,0.008801577612757683,0.06618589162826538,7639.10009765625,103501.0,7237.60009765625,4605.3798828125,60807.87109375,28892.689453125,4250.56005859375,16.260000228881836,1.55,-0.204285714,1.083,0.095,1.71,10.0647619048
2021-11-04,0.746900200843811,0.18010228872299194,61452.23046875,78.80999755859375,1.1615750789642334,1.3694878816604614,1793.0,0.008766546845436096,0.06573282182216644,7746.2998046875,103412.0,7279.89990234375,4680.06005859375,61409.9296875,29794.369140625,4333.33984375,15.4399995803833,1.53,-0.313636364,0.9394,0.05,1.806,10.02
2021-11-05,0.740932822227478,0.17851723730564117,61125.67578125,81.2699966430664,1.1555349826812744,1.3508602380752563,1816.4000244140625,0.008784490637481213,0.06579120457172394,7777.2001953125,104824.0,7304.0,4697.52978515625,61115.7890625,29611.5703125,4363.0400390625,16.479999542236328,1.45,-0.313636364,0.9394,0.05,1.806,10.02
2021-11-08,0.7395902872085571,0.1804695874452591,67566.828125,81.93000030517578,1.1568851470947266,1.349127173423767,1827.4000244140625,0.008812514133751392,0.06656566262245178,7767.89990234375,104781.0,7300.39990234375,4701.7001953125,61317.75,29507.05078125,4352.52978515625,17.219999313354492,1.51,-0.313636364,0.9394,0.05,1.806,10.02
2021-11-09,0.7414799928665161,0.18040446937084198,66971.828125,84.1500015258789,1.159151554107666,1.3564507961273193,1830.199951171875,0.008829710073769093,0.06708482652902603,7756.2998046875,105535.0,7274.0,4685.25,61246.69921875,29285.4609375,4344.6298828125,17.780000686645508,1.46,-0.313636364,0.9394,0.05,1.806,10.02
2021-11-10,0.7376197576522827,0.18251171708106995,64995.23046875,81.33999633789062,1.1595547199249268,1.3560001850128174,1847.5999755859375,0.00885645393282175,0.0666431188583374,7737.39990234375,105968.0,7340.2001953125,4646.7099609375,61537.828125,29106.779296875,4348.81982421875,18.729999542236328,1.56,-0.313636364,0.9394,0.05,1.806,10.02
2021-11-11,0.7334120869636536,0.1821526736021042,64949.9609375,81.58999633789062,1.148593544960022,1.3412736654281616,1863.199951171875,0.008779246360063553,0.0648605152964592,7701.2001953125,107725.0,7384.2001953125,4649.27001953125,62381.96875,29277.859375,4358.0,17.65999984741211,1.56,-0.313636364,0.9394,0.05,1.806,10.02
2021-11-12,0.7291999459266663,0.1852537989616394,64155.94140625,80.79000091552734,1.145081877708435,1.3366482257843018,1867.9000244140625,0.008768622763454914,0.06538383662700653,7765.7998046875,106312.0,7347.89990234375,4682.85009765625,63263.3984375,29609.970703125,4370.330078125,16.290000915527344,1.58,-0.313636364,0.9394,0.05,1.806,10.02
2021-11-16,0.734489917755127,0.18327438831329346,60161.24609375,80.76000213623047,1.1366478204727173,1.3408420085906982,1853.5999755859375,0.008761784061789513,0.0657782256603241,7747.10009765625,104508.0,7327.0,4700.89990234375,64281.44921875,29808.119140625,4401.490234375,16.3700008392334,1.63,-0.313636364,0.9394,0.05,1.806,10.02
2021-11-17,0.7301614880561829,0.1817454844713211,60368.01171875,78.36000061035156,1.1321182250976562,1.3424620628356934,1869.699951171875,0.008702917024493217,0.06460991501808167,7704.0,102945.0,7291.2001953125,4688.669921875,64337.171875,29688.330078125,4400.81005859375,17.110000610351562,1.6,-0.313636364,0.9394,0.05,1.806,10.02
2021-11-18,0.7268604040145874,0.18087434768676758,56942.13671875,79.01000213623047,1.1321182250976562,1.34916353225708,1861.0,0.008757334202528,0.06461743265390396,7713.2001953125,102524.0,7256.0,4704.5400390625,64288.71875,29598.66015625,4383.7001953125,17.59000015258789,1.59,-0.313636364,0.9394,0.05,1.806,10.02
2021-11-19,0.7279000878334045,0.17997264862060547,58119.578125,76.0999984741211,1.1368415355682373,1.3499648571014404,1851.199951171875,0.008750285021960735,0.06397625058889389,7729.89990234375,103035.0,7223.60009765625,4697.9599609375,63870.6484375,29745.869140625,4356.47021484375,17.90999984741211,1.54,-0.313636364,0.9394,0.05,1.806,10.02
2021-11-22,0.7231698036193848,0.1782023012638092,56289.2890625,76.75,1.1275737285614014,1.3434540033340454,1806.0,0.008761323988437653,0.06371618062257767,7688.2998046875,102122.0,7255.5,4682.93994140625,64384.4609375,29774.109375,4338.68994140625,19.170000076293945,1.63,-0.313636364,0.9394,0.05,1.806,10.02
2021-11-24,0.7222198247909546,0.17952030897140503,56280.42578125,78.38999938964844,1.1244926452636719,1.337595820426941,1784.0999755859375,0.008685003966093063,0.06320697069168091,7725.5,104514.0,7286.2998046875,4701.4599609375,64169.171875,29302.66015625,4276.25,18.579999923706055,1.64,-0.313636364,0.9394,0.05,1.806,10.02
2021-11-26,0.7173703908920288,0.17969128489494324,53569.765625,68.1500015258789,1.1209630966186523,1.331416130065918,1785.300048828125,0.008690438233315945,0.062038589268922806,7599.89990234375,102224.0,7044.0,4594.6201171875,62410.828125,28751.619140625,4089.580078125,28.6200008392334,1.48,-0.313636364,0.9394,0.05,1.806,10.02
2021-11-29,0.7142806053161621,0.17832304537296295,57806.56640625,69.94999694824219,1.1293182373046875,1.334098219871521,1782.300048828125,0.008793605491518974,0.06211411952972412,7562.5,102814.0,7110.0,4655.27001953125,63600.609375,28283.919921875,4109.509765625,22.959999084472656,1.52,-0.313636364,0.9394,0.05,1.806,10.02
2021-11-30,0.714580237865448,0.17854911088943481,57005.42578125,66.18000030517578,1.1293437480926514,1.3315047025680542,1773.5999755859375,0.008787036873400211,0.06209976226091385,7587.39990234375,101915.0,7059.5,4567.0,64063.8203125,27821.759765625,4063.06005859375,27.190000534057617,1.43,-0.313636364,0.9394,0.05,1.806,10.02
2021-12-01,0.7124998569488525,0.17790836095809937,57229.828125,65.56999969482422,1.1330289840698242,1.3295927047729492,1781.5999755859375,0.00882620271295309,0.06305166333913803,7557.7998046875,100775.0,7168.7001953125,4513.0400390625,64785.66015625,27935.619140625,4179.14990234375,31.1200008392334,1.43,-0.384285714,0.8375,0.07,1.609,9.9004761905
2021-12-02,0.7107598185539246,0.17569853365421295,56477.81640625,66.5,1.1319515705108643,1.3280000686645508,1760.699951171875,0.008858808316290379,0.06244613975286484,7536.10009765625,104466.0,7129.2001953125,4577.10009765625,64555.25,27753.369140625,4108.02001953125,27.950000762939453,1.44,-0.384285714,0.8375,0.07,1.609,9.9004761905
2021-12-03,0.70878005027771,0.177200585603714,53598.24609375,66.26000213623047,1.1306205987930298,1.3299994468688965,1782.0,0.008847834542393684,0.06283420324325562,7543.60009765625,105070.0,7122.2998046875,4538.43017578125,64306.6796875,28029.5703125,4080.14990234375,30.670000076293945,1.35,-0.384285714,0.8375,0.07,1.609,9.9004761905
2021-12-06,0.7017898559570312,0.17698805034160614,50582.625,69.48999786376953,1.1304799318313599,1.3237318992614746,1777.5,0.00884626992046833,0.062402497977018356,7529.0,106859.0,7232.2998046875,4591.669921875,64598.4609375,27927.369140625,4137.10986328125,27.18000030517578,1.43,-0.384285714,0.8375,0.07,1.609,9.9004761905
2021-12-07,0.7049203515052795,0.17580871284008026,50700.0859375,72.05000305175781,1.128668189048767,1.326435923576355,1782.5999755859375,0.008813833817839622,0.06290455162525177,7605.2001953125,107558.0,7339.89990234375,4686.75,66513.4609375,28455.599609375,4276.2001953125,21.889999389648438,1.48,-0.384285714,0.8375,0.07,1.609,9.9004761905
2021-12-08,0.712259829044342,0.17819593846797943,50504.796875,72.36000061035156,1.1276500225067139,1.3246086835861206,1783.4000244140625,0.008808632381260395,0.06314606219530106,7707.2001953125,108096.0,7337.39990234375,4701.2099609375,65992.7109375,28860.619140625,4233.08984375,19.899999618530273,1.52,-0.384285714,0.8375,0.07,1.609,9.9004761905
2021-12-09,0.7170000672340393,0.18077951669692993,47672.12109375,70.94000244140625,1.1345586776733398,1.3210039138793945,1774.5999755859375,0.008796312846243382,0.06383352726697922,7689.39990234375,106291.0,7321.2998046875,4667.4501953125,65779.5,28725.470703125,4208.2998046875,21.579999923706055,1.49,-0.384285714,0.8375,0.07,1.609,9.9004761905
2021-12-10,0.7146124243736267,0.17949776351451874,47243.3046875,71.66999816894531,1.1293309926986694,1.3224014043807983,1782.9000244140625,0.008814611472189426,0.06274981796741486,7667.89990234375,107758.0,7291.7998046875,4712.02001953125,65390.3203125,28437.76953125,4199.16015625,18.690000534057617,1.48,-0.384285714,0.8375,0.07,1.609,9.9004761905
2021-12-13,0.7166095972061157,0.17829567193984985,46737.48046875,71.29000091552734,1.131183385848999,1.3257148265838623,1786.300048828125,0.008810495026409626,0.06269608438014984,7697.5,107383.0,7231.39990234375,4668.97021484375,65177.01953125,28640.490234375,4183.0400390625,20.309999465942383,1.42,-0.384285714,0.8375,0.07,1.609,9.9004761905
2021-12-14,0.7133176326751709,0.17606563866138458,46612.6328125,70.7300033569336,1.1285407543182373,1.3213530778884888,1770.4000244140625,0.008804598823189735,0.06251133233308792,7698.2998046875,106760.0,7218.60009765625,4634.08984375,65212.4609375,28432.640625,4144.509765625,21.889999389648438,1.44,-0.384285714,0.8375,0.07,1.609,9.9004761905
2021-12-15,0.7106002569198608,0.1760377436876297,48896.72265625,70.87000274658203,1.1261261701583862,1.323050618171692,1762.5999755859375,0.00879175029695034,0.06220259517431259,7636.2001953125,107370.0,7170.7998046875,4709.85009765625,65102.2890625,28459.720703125,4159.68017578125,19.290000915527344,1.47,-0.384285714,0.8375,0.07,1.609,9.9004761905
2021-12-17,0.717560887336731,0.1758272647857666,46202.14453125,70.86000061035156,1.1334141492843628,1.3323739767074585,1803.800048828125,0.008797938004136086,0.06279631704092026,7626.2001953125,107201.0,7269.89990234375,4620.64013671875,64680.33984375,28545.6796875,4161.35009765625,21.56999969482422,1.41,-0.384285714,0.8375,0.07,1.609,9.9004761905
2021-12-20,0.7116981744766235,0.17565245926380157,46880.27734375,68.2300033569336,1.1243535280227661,1.3229438066482544,1793.699951171875,0.00880917627364397,0.06287528574466705,7602.2001953125,105020.0,7198.0,4568.02001953125,63652.46875,27937.810546875,4107.1298828125,22.8700008392334,1.43,-0.384285714,0.8375,0.07,1.609,9.9004761905
2021-12-21,0.7109498381614685,0.17417657375335693,48936.61328125,71.12000274658203,1.1277517080307007,1.3210004568099976,1787.9000244140625,0.008798015303909779,0.06351747363805771,7666.7001953125,105500.0,7297.39990234375,4649.22998046875,64611.69921875,28517.58984375,4174.990234375,21.010000228881836,1.48,-0.384285714,0.8375,0.07,1.609,9.9004761905
2021-12-22,0.7147799134254456,0.17409470677375793,48628.51171875,72.76000213623047,1.128757357597351,1.3269639015197754,1801.5999755859375,0.008772390894591808,0.06317637860774994,7682.60009765625,105244.0,7341.7001953125,4696.56005859375,64803.83984375,28562.2109375,4217.06005859375,18.6299991607666,1.46,-0.384285714,0.8375,0.07,1.609,9.9004761905
2021-12-23,0.72139972448349,0.17689722776412964,50784.5390625,73.79000091552734,1.1328877210617065,1.3352025747299194,1811.199951171875,0.008762628771364689,0.06367520242929459,7707.5,104891.0,7373.2998046875,4725.7900390625,65125.6796875,28798.369140625,4265.85986328125,17.959999084472656,1.5,-0.384285714,0.8375,0.07,1.609,9.9004761905
2021-12-29,0.7233999967575073,0.17769880592823029,46444.7109375,76.55999755859375,1.1314777135849,1.3433277606964111,1805.0999755859375,0.008712850511074066,0.0635664090514183,7840.2998046875,104107.0,7420.7001953125,4793.06005859375,66613.9375,28906.880859375,4284.830078125,16.950000762939453,1.55,-0.384285714,0.8375,0.07,1.609,9.9004761905
2021-12-30,0.7258790135383606,0.17535552382469177,47178.125,76.98999786376953,1.1360150575637817,1.349879264831543,1812.699951171875,0.008699585683643818,0.06285453587770462,7843.7001953125,104822.0,7403.0,4778.72998046875,67129.53125,28791.7109375,4306.06982421875,17.329999923706055,1.52,-0.384285714,0.8375,0.07,1.609,9.9004761905
