,ABG.JO,AGL.JO,ANG.JO,APN.JO,BTI.JO,BVT.JO,CLS.JO,CPI.JO,DSY.JO,EXX.JO,FSR.JO,GFI.JO,GLN.JO,GRT.JO,IMP.JO,INL.JO,INP.JO,MNP.JO,MRP.JO,MTN.JO,NED.JO,NPN.JO,NRP.JO,REM.JO,RMH.JO,SBK.JO,SHP.JO,SLM.JO,SOL.JO,VOD.JO,WHL.JO
2015-01-05,17244.87890625,19736.224609375,10264.662109375,40294.52734375,61015.5625,7757.98681640625,7841.447265625,32391.509765625,10418.9033203125,10037.2353515625,4744.091796875,5539.01806640625,5076.9990234375,2594.80224609375,7139.03515625,5435.10546875,4992.1494140625,19843.125,22112.662109375,20526.8984375,23328.509765625,19003.95703125,10986.5576171875,16784.98828125,86.71812438964844,13438.384765625,16131.921875,6517.970703125,40387.99609375,12085.7724609375,7310.08984375
2015-01-06,17694.48046875,20134.845703125,10962.0302734375,40596.1171875,60669.44921875,7884.72509765625,8031.97216796875,32325.650390625,10793.2646484375,10263.310546875,4839.529296875,6023.70654296875,5066.00830078125,2692.813232421875,7228.77197265625,5496.87890625,5023.2783203125,20062.15625,22581.810546875,21135.75,24302.5625,19960.384765625,10977.0068359375,17014.349609375,89.32325744628906,13968.9287109375,16829.841796875,6622.37744140625,39937.26171875,12266.6171875,7589.9443359375
2015-01-07,18063.693359375,20034.4609375,11093.908203125,40753.90234375,60627.67578125,7991.2392578125,8140.701171875,32932.3984375,10784.51171875,10189.267578125,4935.96142578125,6054.623046875,5072.00244140625,2713.602294921875,7318.50732421875,5505.4599609375,5016.41748046875,20028.201171875,22905.52734375,20756.712890625,24442.55859375,20726.24609375,11105.9765625,17457.626953125,90.96405792236328,14290.830078125,17247.59765625,6652.2080078125,40228.44921875,12669.04296875,7718.41943359375
2015-01-08,18530.173828125,20082.220703125,11357.66796875,43040.7578125,61126.9453125,8012.8115234375,8354.169921875,32932.3984375,11148.177734375,10364.998046875,5001.57666015625,6188.26220703125,5072.00244140625,2747.26318359375,7527.89208984375,5516.32763671875,5035.412109375,20038.056640625,23498.1875,20742.779296875,24905.259765625,21193.775390625,11033.3720703125,18025.74609375,91.55418395996094,14505.4296875,17942.529296875,6662.15234375,38702.73828125,12764.4345703125,7867.80810546875
2015-01-09,18032.9296875,19767.41015625,11289.73046875,42094.05859375,60660.49609375,7810.03076171875,8164.640625,32871.53125,10835.07421875,10498.2724609375,4870.3486328125,6144.3798828125,4995.0625,2730.431884765625,7428.185546875,5357.88427734375,4933.05712890625,19938.3984375,23357.74609375,20312.009765625,24259.861328125,21044.55078125,11072.541015625,17553.009765625,89.85572814941406,14190.486328125,17153.875,6457.31591796875,38890.2109375,12411.689453125,7720.41064453125
2015-01-13,18336.63671875,19472.09765625,12458.6669921875,42247.83984375,62245.8671875,7948.9033203125,8450.9287109375,33055.16015625,11114.1435546875,10663.1435546875,4933.97265625,6700.875,4716.283203125,2747.26318359375,7650.53271484375,5491.7314453125,5025.388671875,20770.716796875,24513.177734375,20240.3828125,24532.916015625,20914.6640625,11034.326171875,17972.451171875,91.46775817871094,14505.4296875,17414.10546875,6496.09521484375,38291.90625,12882.6796875,7654.67919921875
2015-01-14,17981.314453125,17759.67578125,11997.087890625,41842.40625,60994.671875,7712.1455078125,8568.6357421875,32134.037109375,11048.0234375,10314.6484375,4814.67431640625,6350.822265625,4268.63525390625,2730.431884765625,7022.37744140625,5386.48388671875,4923.03369140625,20151.95703125,24011.16015625,19710.1171875,23892.482421875,20267.505859375,10981.7822265625,17546.0,88.6611557006836,13919.251953125,17249.591796875,6359.869140625,36407.2265625,12708.791015625,7534.17333984375
2015-01-15,18034.91015625,18057.912109375,12688.4580078125,41742.5390625,61827.140625,7896.85888671875,8312.2744140625,32832.60546875,11182.2099609375,10119.173828125,4863.38818359375,6553.2744140625,4245.65380859375,2736.372314453125,7313.52294921875,5457.98291015625,4993.73291015625,20479.408203125,24562.98046875,20742.779296875,24004.681640625,20005.47265625,11010.443359375,18376.44921875,89.1937026977539,13852.6875,17378.20703125,6362.85302734375,36797.12890625,12818.0947265625,7793.11328125
2015-01-16,17939.630859375,18638.791015625,12867.2958984375,41492.890625,62494.50390625,7856.14306640625,8269.3798828125,32533.21875,11340.705078125,10316.6220703125,4796.7822265625,6615.107421875,4389.541015625,2715.583740234375,7364.3720703125,5344.15771484375,4919.34130859375,20346.892578125,23905.576171875,19959.83203125,23543.966796875,19595.72265625,10962.67578125,18253.703125,87.91271209716797,13933.1611328125,17174.814453125,6307.1689453125,38267.96875,12788.2841796875,7947.4814453125
2015-01-20,17938.634765625,19248.908203125,13427.7841796875,41584.7578125,63408.515625,7999.59716796875,8380.4873046875,33031.19140625,11205.546875,10545.6591796875,4805.72705078125,6691.89892578125,4523.43408203125,2781.912841796875,7612.64306640625,5462.5595703125,5030.13623046875,20897.759765625,24034.072265625,20090.154296875,24152.62890625,19877.599609375,11177.6298828125,18313.322265625,88.37326049804688,14103.0546875,17395.158203125,6381.74462890625,38368.6875,12768.4091796875,8067.9873046875
2015-01-21,18073.61328125,18819.099609375,13373.833984375,42077.078125,63456.25,8224.4912109375,8604.9638671875,33022.2109375,11269.72265625,10588.11328125,4748.06640625,6508.39501953125,4409.52392578125,2852.203857421875,7807.07275390625,5462.5595703125,5023.8056640625,21105.8359375,24810.009765625,20145.8671875,24193.33203125,20500.13671875,11082.09375,18236.87109375,87.7975845336914,14182.537109375,17747.10546875,6512.00537109375,38857.3046875,13145.0048828125,8459.388671875
2015-01-22,18450.771484375,19346.37109375,13028.1513671875,42241.8515625,63733.76171875,8184.0419921875,8566.0546875,34429.328125,11060.666015625,10569.3525390625,4821.63330078125,6511.38818359375,4612.36474609375,2881.90380859375,8024.43359375,5498.02294921875,5066.541015625,21455.19140625,25614.828125,20166.7578125,24539.865234375,20550.51171875,11082.09375,18314.7265625,88.93460083007812,14460.720703125,18067.154296875,6622.37744140625,39899.37109375,12985.0263671875,8515.16015625
2015-01-23,18721.728515625,18578.3671875,12745.40625,43359.31640625,64175.3515625,8348.263671875,8575.03515625,35507.12109375,11114.1435546875,10348.21484375,4874.32421875,6288.98876953125,4281.62451171875,2913.583740234375,7890.82666015625,5562.08642578125,5098.197265625,21519.806640625,25637.740234375,20300.068359375,24574.6171875,20713.685546875,11177.6298828125,18532.853515625,90.41707611083984,14406.0810546875,18023.283203125,6762.58154296875,40124.73046875,13285.1103515625,8422.5390625
2015-01-27,19553.455078125,18558.873046875,12929.236328125,43241.4765625,65526.98046875,8460.708984375,8698.74609375,37145.75,11240.5517578125,10289.96484375,5098.00927734375,6495.43115234375,4446.49560546875,2969.02392578125,7666.4853515625,5614.138671875,5184.72509765625,22537.20703125,25743.328125,20644.291015625,25276.603515625,21172.1796875,11201.513671875,18927.037109375,92.8638916015625,14906.81640625,18182.814453125,6898.8076171875,41539.7421875,13564.3232421875,8453.41015625
2015-01-28,19800.5859375,18938.9765625,13217.9755859375,43440.203125,65812.4453125,8612.2578125,9167.6533203125,37922.15625,11337.7861328125,10258.375,5212.3359375,6571.22509765625,4472.474609375,2970.013671875,7544.84228515625,5719.95703125,5273.35986328125,22560.203125,26652.7265625,21049.1953125,25572.5,21309.84765625,11129.8642578125,19077.83984375,94.44711303710938,15215.8017578125,18401.16015625,6950.513671875,41498.84765625,13573.267578125,8564.9560546875
2015-01-29,19602.0859375,18822.0234375,13049.1298828125,43761.765625,65692.09375,8657.287109375,9262.4345703125,37922.15625,11307.646484375,10244.5537109375,5107.9501953125,6409.6630859375,4420.51513671875,2954.17431640625,7322.49609375,5626.14892578125,5202.13330078125,22697.095703125,26517.265625,20739.796875,25189.228515625,21228.701171875,11024.771484375,18925.634765625,92.63365173339844,15220.767578125,18744.1328125,7010.17431640625,40915.5,13603.0771484375,8690.4404296875
2015-01-30,19742.02734375,19102.71484375,13666.568359375,43800.70703125,65602.5625,8711.7578125,9011.01953125,38221.53515625,11211.380859375,10236.65625,5177.54150390625,6508.39501953125,4327.58935546875,2900.7138671875,7552.8193359375,5614.138671875,5204.24560546875,22966.501953125,26395.74609375,20103.087890625,25466.25,21327.306640625,11272.2080078125,18990.16796875,95.3826904296875,15361.8486328125,18435.05859375,6983.32763671875,42002.4296875,13352.677734375,8654.5888671875
2015-02-02,18852.7421875,19110.513671875,14117.1591796875,43513.109375,64647.76953125,8714.185546875,9130.7412109375,39048.84375,11130.671875,10267.2587890625,5129.8212890625,6675.9423828125,4391.53955078125,2933.38427734375,7627.599609375,5481.43505859375,5075.509765625,22561.294921875,25649.69140625,20452.28515625,25291.5,21534.8203125,11402.13671875,18905.998046875,94.05854797363281,15215.8017578125,18147.916015625,6936.5927734375,44873.328125,13301.0078125,8515.16015625
2015-02-03,19144.5390625,19774.23828125,14478.830078125,42801.08984375,64374.265625,8575.04296875,8830.44140625,37922.15625,11278.474609375,10683.873046875,5219.294921875,6721.81787109375,4587.38427734375,2940.313720703125,8020.44677734375,5563.23095703125,5158.87109375,22920.5078125,25956.486328125,20913.896484375,25838.59375,21277.435546875,11454.6787109375,18819.0234375,94.70623779296875,15934.1181640625,18194.771484375,6950.513671875,47310.453125,13328.830078125,8517.1513671875
2015-02-04,18592.703125,19295.693359375,14356.9423828125,42519.4765625,64249.94140625,8485.787109375,8941.181640625,37963.07421875,11228.8828125,10764.828125,5114.908203125,6681.9267578125,4546.41796875,2890.813720703125,7832.0,5542.6396484375,5122.99462890625,22755.140625,25461.431640625,21090.984375,25796.890625,21082.234375,11387.806640625,18926.3359375,93.36766052246094,15727.4638671875,17647.40625,7237.88134765625,46768.98046875,13305.9775390625,8216.3818359375
2015-02-05,18420.998046875,19459.42578125,14361.9345703125,43019.78515625,63392.6015625,8492.2578125,8965.125,37622.76953125,11380.5703125,10832.9482421875,5129.8212890625,6560.25537109375,4568.39794921875,2920.513916015625,8136.10595703125,5626.14892578125,5194.2197265625,23040.974609375,25532.15625,21250.16015625,25490.08203125,21334.71875,11583.6572265625,19112.90625,93.97219848632812,15211.8251953125,18130.966796875,7258.76171875,44927.16796875,13318.892578125,8310.0
2015-02-06,19054.220703125,19652.404296875,14182.0986328125,43540.0625,63028.59375,8572.3466796875,8764.591796875,37622.76953125,11605.1923828125,10942.529296875,5157.6572265625,6582.19580078125,4636.345703125,2926.45361328125,8094.2294921875,5671.337890625,5266.50048828125,23377.185546875,25569.005859375,21090.984375,25567.52734375,21228.701171875,11875.037109375,19522.515625,95.13801574707031,15325.087890625,17895.6640625,7200.0947265625,46624.39453125,13487.8125,8267.1728515625
2015-02-09,18781.279296875,19977.931640625,14177.1015625,43240.4765625,63055.4609375,8588.525390625,8985.076171875,38371.234375,11512.8134765625,10959.3125,5159.64599609375,6571.22509765625,4824.197265625,2948.2333984375,8080.2705078125,5664.47412109375,5223.23779296875,23257.81640625,25790.138671875,21686.896484375,25349.08984375,20851.857421875,11750.8408203125,19218.12109375,95.32511901855469,15236.6630859375,17905.642578125,7278.64892578125,46775.95703125,13598.1083984375,8303.0263671875
2015-02-10,18653.24609375,19883.38671875,14087.1875,42691.234375,65032.67578125,8570.998046875,9032.966796875,38770.41796875,11563.3779296875,10792.46875,5159.64599609375,6482.46630859375,4796.21923828125,2895.763916015625,7971.58935546875,5605.55908203125,5170.47802734375,23906.146484375,25755.27734375,21164.59765625,25319.296875,20974.080078125,11789.0546875,19128.333984375,95.05166625976562,15076.7060546875,17944.51953125,7457.6328125,45794.73046875,13483.8369140625,8256.216796875
2015-02-12,18559.94921875,20466.220703125,14102.171875,43750.7734375,65287.28515625,8475.001953125,9042.9423828125,39119.703125,11600.3271484375,10634.5107421875,5218.3017578125,6061.6044921875,5033.03173828125,2936.35400390625,7428.185546875,5836.64404296875,5417.9228515625,24914.783203125,26087.958984375,21286.966796875,25686.681640625,20538.833984375,12515.123046875,19140.96484375,96.93714141845703,15154.2001953125,17777.017578125,7731.0791015625,46867.69921875,13360.6259765625,8633.673828125
2015-02-13,18460.701171875,21181.59765625,14446.859375,43817.6796875,64454.8359375,8521.1142578125,9078.8583984375,39618.67578125,11504.0634765625,10880.3349609375,5218.3017578125,5754.4345703125,5155.935546875,2935.363525390625,7876.86767578125,5861.23974609375,5426.89111328125,24805.271484375,26196.53125,21517.7734375,25954.767578125,20292.876953125,12476.9072265625,19772.212890625,97.23937225341797,15303.228515625,17846.8125,7847.41796875,47621.56640625,13576.248046875,9013.1201171875
2015-02-18,18796.166015625,21633.822265625,13787.45703125,41826.421875,64620.9140625,8674.546875,8748.62890625,39562.796875,11290.142578125,10863.5498046875,5232.2177734375,5122.14501953125,5182.9150390625,2837.3525390625,7478.03955078125,5873.25341796875,5442.1904296875,24580.765625,25106.83984375,21230.259765625,25220.009765625,20227.18359375,12505.5712890625,19427.130859375,97.2105941772461,15225.7353515625,16999.337890625,7657.4970703125,44371.75,13662.6953125,8813.9375
2015-02-19,19046.279296875,21284.91015625,13780.4658203125,42828.04296875,65769.65625,8888.115234375,8905.263671875,39718.46875,11376.6845703125,10672.025390625,5219.294921875,5221.875,5086.98876953125,2831.4140625,7677.453125,5908.14404296875,5485.45458984375,25001.3046875,26090.955078125,21124.8046875,25596.322265625,20583.294921875,12551.4296875,19712.6015625,95.5122299194336,15309.1923828125,17460.962890625,7709.2041015625,42785.21484375,13707.4111328125,9162.509765625
2015-02-20,18857.705078125,21750.779296875,13658.5751953125,41942.2734375,65514.04296875,8709.87109375,8941.181640625,40117.65625,11182.2099609375,11058.0361328125,5174.55810546875,5101.20166015625,5185.91259765625,2821.513427734375,7827.0146484375,5901.8525390625,5432.1669921875,24892.884765625,26196.53125,21414.310546875,25509.94140625,20885.650390625,12603.0185546875,19672.6171875,96.05913543701172,15431.392578125,17432.044921875,7755.9375,44474.453125,13682.5712890625,9365.6806640625
2015-02-23,18859.69140625,21130.921875,13247.9482421875,42632.3125,66376.3671875,8746.8115234375,8959.140625,41095.63671875,11221.1025390625,11239.6884765625,5204.3837890625,4980.52880859375,5155.935546875,2905.663818359375,7777.16064453125,5980.78857421875,5518.16748046875,25121.771484375,26395.74609375,21383.47265625,25418.587890625,21495.87890625,12610.658203125,19711.19921875,97.6280288696289,15390.6611328125,17846.8125,7684.3447265625,44110.48828125,13570.2861328125,9361.6943359375
2015-02-24,18827.923828125,21238.123046875,12978.1953125,43300.3984375,66397.2421875,8735.7578125,8976.0986328125,41579.640625,11094.6982421875,11412.4560546875,5273.9736328125,5051.33544921875,5231.875,2888.833740234375,7639.56396484375,5934.4560546875,5481.23486328125,25409.791015625,26181.587890625,21004.431640625,25320.294921875,21543.11328125,12906.8173828125,19692.255859375,99.31204986572266,15380.7236328125,16849.787109375,7707.21533203125,42450.16796875,13544.453125,9362.6923828125
2015-02-25,19318.23046875,21243.97265625,12878.2861328125,42166.9609375,65449.40234375,8690.7216796875,8758.60546875,41405.01953125,11619.7763671875,11155.7705078125,5305.78515625,5124.14111328125,5305.81787109375,2930.41357421875,7552.8193359375,5972.20703125,5494.95263671875,26223.5,26515.275390625,20837.29296875,25517.8828125,21258.46875,12992.7978515625,19715.404296875,99.22562408447266,15571.48046875,16816.880859375,7844.435546875,41732.19921875,13717.3466796875,9207.3271484375
2015-02-26,19324.177734375,21247.87109375,12860.3046875,42383.66015625,66871.640625,8657.5576171875,8649.8583984375,42113.546875,11610.0498046875,11353.21875,5373.388671875,5372.466796875,5315.80859375,2931.40380859375,7410.23876953125,5918.4404296875,5451.68896484375,25857.71875,26538.181640625,20924.841796875,25521.85546875,21298.041015625,13116.99609375,19666.306640625,99.26883697509766,15595.3251953125,16321.3564453125,7740.02880859375,42321.52734375,13579.2294921875,9033.0390625
2015-02-27,19128.66015625,21426.228515625,13100.0830078125,41323.1171875,67274.4609375,8674.2783203125,8934.1982421875,40916.015625,11647.974609375,11280.1650390625,5318.7099609375,5411.36279296875,5425.7236328125,2938.334228515625,7150.001953125,5891.55712890625,5471.73779296875,26230.068359375,26868.880859375,20557.73828125,25400.716796875,21508.189453125,13136.1025390625,19428.529296875,97.70001220703125,15152.21484375,16550.67578125,7517.2939453125,42252.7265625,13493.7734375,8954.3623046875
2015-03-02,18907.330078125,21012.98828125,13138.046875,41534.82421875,67268.5,8467.181640625,8979.0947265625,41891.00390625,11571.15625,11131.09375,5291.8671875,5328.78271484375,5415.73095703125,2935.363525390625,7036.3359375,5920.15673828125,5480.70654296875,26212.548828125,26550.138671875,20496.052734375,24951.921875,21354.060546875,13202.0224609375,18873.732421875,98.11737823486328,15027.03125,16521.763671875,7463.5986328125,41283.46484375,13543.45703125,8839.78515625
2015-03-03,18287.0078125,21317.068359375,12871.29296875,41542.8203125,67760.8359375,8750.3212890625,9028.9765625,43238.25390625,11765.6279296875,10859.6015625,5240.17333984375,5110.36572265625,5257.85595703125,2935.363525390625,6979.5029296875,5968.7763671875,5499.701171875,26249.78515625,26596.94921875,20738.8046875,24817.880859375,21475.40234375,13661.544921875,19357.689453125,96.24624633789062,14880.9794921875,16553.669921875,7420.841796875,41417.0859375,13556.3720703125,8864.6865234375
2015-03-04,18559.94921875,20694.283203125,12488.6376953125,41941.2734375,67834.40625,8892.6982421875,9178.6279296875,43909.87109375,12133.1796875,10767.7900390625,5251.10791015625,4986.69580078125,5105.974609375,2893.78369140625,7058.27197265625,5894.41650390625,5439.02783203125,25914.666015625,26047.123046875,20919.865234375,24829.791015625,21186.3671875,13671.0986328125,19449.57421875,98.16058349609375,14793.552734375,16595.541015625,7360.1865234375,41706.27734375,13593.138671875,8934.40625
2015-03-05,18472.603515625,20359.986328125,12249.857421875,42941.89453125,69131.3515625,9096.0166015625,9264.4267578125,44019.65234375,12835.232421875,10851.7041015625,5366.4296875,4986.69580078125,5172.921875,2930.41357421875,6740.20556640625,5961.33984375,5481.76123046875,26372.439453125,26588.986328125,22157.470703125,25169.369140625,20943.810546875,13709.3154296875,19509.1953125,99.09614562988281,15594.3291015625,16727.1484375,7238.8759765625,40834.72265625,13593.138671875,8959.3056640625
2015-03-06,18090.4921875,20053.94921875,11789.2763671875,43240.4765625,69345.2109375,9019.705078125,9253.4541015625,44209.2578125,12640.759765625,11037.302734375,5426.07861328125,4787.2275390625,5282.83642578125,2843.29296875,6726.24755859375,6097.474609375,5627.9072265625,26765.59765625,26701.54296875,22085.83984375,25120.71484375,21040.28125,13758.0390625,19410.994140625,100.17562866210938,15601.2841796875,16650.37890625,7493.4296875,40485.71484375,13442.1064453125,8968.2705078125
2015-03-09,17657.75390625,19926.28125,11189.8232421875,41792.4765625,67902.046875,8925.59375,9158.6748046875,43294.12890625,12448.228515625,10674.98828125,5338.5927734375,4418.212890625,5361.77392578125,2736.372314453125,6656.45166015625,5982.5048828125,5527.134765625,26587.08984375,25598.892578125,21746.591796875,24808.939453125,21100.828125,13422.708984375,19123.658203125,98.4340591430664,15563.5322265625,16428.0390625,7674.40087890625,40890.5703125,13334.7900390625,8765.080078125
2015-03-10,17359.009765625,19857.08203125,11222.7939453125,40044.875,67918.9296875,8791.0380859375,8929.208984375,42542.671875,12446.2861328125,10143.853515625,5229.23681640625,4666.55029296875,5333.79638671875,2766.072509765625,6331.40673828125,5862.95703125,5448.52294921875,26612.279296875,25215.40625,21687.892578125,24053.3359375,21105.1015625,13394.048828125,18681.7421875,95.7137680053711,15498.953125,15940.494140625,7674.40087890625,40158.63671875,13150.966796875,8650.5361328125
2015-03-11,17249.837890625,19151.4453125,11030.9658203125,40344.46484375,66217.234375,8781.0595703125,9095.8212890625,42649.453125,12397.669921875,9616.6728515625,5259.0615234375,4624.66259765625,5217.88720703125,2767.06298828125,6181.84521484375,5920.15673828125,5486.50927734375,26596.943359375,25673.599609375,21498.876953125,23935.1796875,21489.724609375,13136.1025390625,18448.162109375,94.79257202148438,15335.0234375,15817.8583984375,7755.9375,39605.19921875,12818.0947265625,8725.2373046875
2015-03-12,17468.1875,19415.57421875,11076.9228515625,40594.125,66359.4609375,8791.0380859375,8957.14453125,43909.87109375,12640.759765625,9715.3935546875,5472.80322265625,4707.44091796875,5246.86376953125,2757.16259765625,6281.55322265625,5939.6044921875,5504.97607421875,26612.279296875,25909.662109375,21788.37890625,24475.32421875,21680.90625,12945.9873046875,18728.740234375,99.25439453125,15307.2041015625,15553.64453125,7842.44580078125,39981.13671875,12957.205078125,8575.8349609375
2015-03-13,17269.6875,18856.134765625,10489.4580078125,38796.59375,66298.796875,8672.658203125,8794.5234375,44907.81640625,12645.6201171875,9674.919921875,5416.13818359375,4557.84033203125,5111.970703125,2766.072509765625,6157.916015625,5908.14404296875,5497.58984375,26849.923828125,25016.197265625,21439.181640625,24046.388671875,21746.2265625,12820.8369140625,18810.802734375,99.67183685302734,15255.54296875,15320.33984375,7835.48583984375,39289.09375,12892.615234375,8445.3544921875
2015-03-16,17760.978515625,18134.89453125,10590.369140625,38673.76171875,66030.03125,8784.8369140625,8884.3154296875,47103.3046875,12335.5068359375,9640.365234375,5469.82177734375,4546.86962890625,5057.01416015625,2779.93359375,6135.9794921875,6119.78271484375,5687.52587890625,27362.462890625,25300.07421875,21716.7421875,24588.515625,21856.771484375,12564.0068359375,18850.78515625,100.3482894897461,15538.6953125,15386.580078125,7805.65625,38284.93359375,12812.12890625,8459.30078125
2015-03-17,17896.947265625,18348.423828125,10973.0185546875,39343.84765625,65305.79296875,8777.287109375,9053.9189453125,47103.3046875,12274.578125,9615.6845703125,5428.0673828125,4827.12109375,5141.94775390625,2806.662841796875,6232.69580078125,6073.451171875,5645.31689453125,26806.119140625,25300.07421875,21807.27734375,24475.32421875,21605.537109375,12754.125,18798.888671875,98.77949523925781,15787.076171875,16170.3173828125,7830.513671875,38591.05859375,12918.4521484375,8639.5791015625
2015-03-18,17974.3671875,18208.0234375,10954.0341796875,39466.671875,66184.2578125,8724.701171875,8960.1376953125,46728.08203125,12300.5478515625,9512.0244140625,5417.1298828125,4911.8955078125,5065.00830078125,2826.462646484375,6142.96044921875,6090.611328125,5647.42822265625,26773.267578125,25562.0390625,22034.10546875,24773.19921875,21580.41796875,12577.3837890625,18974.24609375,99.64305877685547,16000.68359375,16153.365234375,7830.513671875,39051.765625,12860.8193359375,8488.1845703125
2015-03-19,18285.0234375,18573.642578125,11639.4140625,39009.296875,65838.03125,8843.8896484375,8919.232421875,46903.71875,12784.978515625,10148.791015625,5333.62255859375,5240.0205078125,5181.91650390625,2781.912841796875,6241.669921875,6140.3759765625,5709.6845703125,26590.373046875,25250.26953125,21986.35546875,24475.32421875,22726.013671875,12849.6611328125,18998.796875,97.19624328613281,16045.3935546875,15570.048828125,7855.373046875,40702.1015625,12967.1396484375,8604.720703125
2015-03-20,17865.19140625,18981.1953125,11979.1044921875,38447.07421875,65139.66015625,8639.4892578125,8910.25390625,46803.93359375,12435.3896484375,10849.7294921875,5364.44189453125,5271.9345703125,5245.865234375,2821.513427734375,6270.5849609375,6061.4384765625,5617.3544921875,26228.9765625,24725.341796875,22375.349609375,24008.65234375,22261.115234375,13040.734375,18474.814453125,98.39083099365234,16006.6435546875,15583.0126953125,7780.796875,42380.3671875,13004.8984375,8369.6572265625
2015-03-23,17772.890625,19224.94140625,11959.1220703125,37325.62109375,65488.8515625,8734.6787109375,8674.7998046875,46504.55078125,12025.8701171875,10904.02734375,5334.5419921875,5294.87353515625,5395.74658203125,2723.319091796875,6231.69873046875,6005.38330078125,5564.59423828125,25880.71484375,24832.916015625,21247.76953125,24515.04296875,22484.83984375,13088.5009765625,18454.470703125,97.75640106201172,16363.3203125,15476.3193359375,7870.2890625,41682.3359375,12896.58984375,8491.1708984375
2015-03-24,18515.28515625,19023.1171875,11859.212890625,37536.328125,64888.9609375,8709.87109375,8914.244140625,49847.67578125,12091.79296875,10652.283203125,5463.80419921875,5292.87841796875,5383.7568359375,2802.54345703125,6109.0595703125,6052.2861328125,5599.416015625,25936.560546875,25032.130859375,20989.01171875,25226.955078125,22818.337890625,13375.1142578125,18798.888671875,100.66581726074219,16880.943359375,15751.52734375,7995.576171875,41622.50390625,13375.53125,8532.0078125
2015-03-25,18217.533203125,18925.619140625,11805.2626953125,38141.5,63781.69140625,8757.0576171875,8801.505859375,48899.625,12077.80859375,10542.6982421875,5455.85009765625,5285.896484375,5315.80859375,2764.912109375,5920.61279296875,5902.42529296875,5487.03662109375,25854.4296875,25364.818359375,20600.87890625,24991.63671875,22233.609375,13267.1552734375,18638.255859375,99.64755249023438,16740.859375,15848.248046875,7915.0341796875,41452.984375,13295.0458984375,8507.1044921875
2015-03-26,18202.6484375,18648.724609375,12286.82421875,37124.8984375,63073.36328125,8548.078125,8649.8583984375,49498.39453125,12085.798828125,10652.283203125,5416.076171875,5450.458984375,5232.87353515625,2762.930908203125,6005.36328125,5789.74072265625,5365.68994140625,25283.85546875,24353.80859375,20224.693359375,24475.32421875,21746.85546875,13327.3447265625,18234.212890625,98.70198822021484,16565.00390625,15525.177734375,7681.3623046875,41636.4609375,13016.8212890625,8232.2041015625
2015-03-27,18162.943359375,18093.955078125,11828.2421875,37768.00390625,63072.37109375,8607.130859375,8979.0947265625,49398.60546875,12265.5859375,10358.0849609375,5424.03076171875,5245.00830078125,5091.986328125,2772.833984375,5994.396484375,5765.71826171875,5355.13916015625,25570.783203125,25096.876953125,20202.80078125,23737.103515625,22278.330078125,13260.466796875,18490.244140625,100.15673065185547,16591.830078125,15713.634765625,7701.24755859375,41383.171875,13051.6005859375,8421.451171875
2015-03-30,18401.150390625,18597.044921875,11600.447265625,38108.5390625,64141.83203125,8772.701171875,9210.552734375,50017.33203125,12379.4541015625,10059.939453125,5560.2529296875,5246.00439453125,5249.86083984375,2790.659423828125,5783.0166015625,5849.80029296875,5424.78125,25428.41796875,25847.908203125,20600.87890625,23667.580078125,22637.5859375,13279.576171875,18588.44921875,102.7751693725586,16740.859375,16286.98046875,7756.93212890625,41733.19921875,13100.2900390625,8605.716796875
2015-03-31,18361.447265625,17915.525390625,11658.39453125,38347.21484375,62575.93359375,8863.037109375,9122.755859375,52393.44921875,12465.35546875,9921.724609375,5552.298828125,5118.3447265625,5154.9365234375,2839.1845703125,5865.7734375,5749.1298828125,5358.3046875,25517.125,25898.703125,20401.841796875,23614.9453125,23489.744140625,13236.583984375,18644.56640625,101.65508270263672,16691.181640625,16379.708984375,7792.72900390625,41100.9765625,13184.7509765625,8580.8154296875
2015-04-01,18850.75390625,17677.626953125,11345.6806640625,38289.296875,62537.13671875,8869.7763671875,9078.8583984375,53390.41015625,12834.919921875,9576.193359375,5566.2197265625,4966.7490234375,5058.01318359375,2838.193115234375,5982.43115234375,5743.98046875,5315.0400390625,25298.0859375,26449.533203125,21596.09375,23909.90625,23615.357421875,13278.62109375,18570.91015625,103.1388168334961,16656.408203125,16451.509765625,7844.435546875,40717.0546875,13256.2919921875,8761.0947265625
2015-04-02,18824.951171875,17257.3984375,11539.50390625,38329.24609375,62825.6484375,8868.9677734375,8951.1591796875,53694.78125,13134.5673828125,9359.001953125,5600.025390625,5041.54931640625,4977.07666015625,2815.41650390625,5797.97314453125,5805.7578125,5369.3828125,25314.517578125,26893.78125,21872.763671875,23705.318359375,23615.357421875,13260.466796875,18530.228515625,103.26976013183594,16691.181640625,16342.8203125,7948.8427734375,39475.3515625,13463.96875,8755.12109375
2015-04-07,18956.951171875,17554.78125,11889.185546875,39022.2890625,63579.73828125,8935.5712890625,9205.56640625,54388.36328125,13340.3271484375,9378.744140625,5679.572265625,5170.20703125,5091.986328125,2828.29052734375,5809.93798828125,5862.95703125,5407.37060546875,25770.103515625,27018.28515625,22103.65234375,24159.1875,23489.744140625,13259.5146484375,18699.978515625,104.2590103149414,16890.8828125,16241.1123046875,8007.50927734375,41687.484375,13523.58203125,8715.279296875
2015-04-08,19304.330078125,17739.048828125,11624.427734375,38959.375,62811.7109375,8971.9755859375,9457.9755859375,53939.28515625,13233.4521484375,9493.2666015625,5687.5263671875,4946.80224609375,5074.0009765625,2807.494873046875,5882.7236328125,5934.4560546875,5486.50927734375,26283.734375,27541.22265625,22165.357421875,23998.298828125,23616.109375,13246.1376953125,18664.19921875,103.89525604248047,16988.24609375,16701.78515625,7905.0908203125,41626.65234375,13626.9248046875,8827.83203125
2015-04-09,19026.4296875,17530.40234375,11535.5078125,38996.3203125,63272.328125,8906.720703125,9592.662109375,54368.40234375,13304.3671875,9477.47265625,5732.27197265625,4860.0341796875,5063.01025390625,2812.4462890625,5840.84765625,5958.48046875,5506.55908203125,26691.125,27600.984375,22197.203125,23984.390625,24112.41015625,13279.576171875,18645.267578125,105.02996826171875,17103.494140625,16871.29296875,7856.3671875,41395.265625,13761.0673828125,8908.51171875
2015-04-10,18976.80859375,17377.326171875,12159.9365234375,40117.77734375,64763.59375,8844.69921875,9893.9638671875,53596.98046875,13633.9833984375,9402.4404296875,5695.48193359375,5036.5625,5046.02294921875,2807.494873046875,5935.56884765625,6062.58154296875,5621.04833984375,27050.337890625,28138.869140625,21967.3046875,24227.7109375,24431.72265625,13356.0068359375,18869.0234375,104.8990249633789,17277.357421875,17250.19921875,8055.23876953125,42262.95703125,13806.7763671875,9053.9287109375
2015-04-13,18316.85546875,17257.3984375,12430.69140625,40121.7734375,64687.00390625,8851.0986328125,9906.931640625,52897.24609375,14178.3408203125,8975.9609375,5687.5263671875,5184.16845703125,5046.02294921875,2864.931396484375,5992.40234375,6077.45458984375,5640.041015625,27379.982421875,27571.103515625,22143.462890625,24084.705078125,24871.4921875,13733.376953125,18833.958984375,104.60813903808594,17222.71484375,17539.369140625,7751.1298828125,44336.46875,13821.6796875,9111.7021484375
2015-04-14,18367.486328125,17939.904296875,12972.1982421875,40144.73828125,64784.5078125,8916.1162109375,9715.3759765625,52644.72265625,13741.8525390625,9282.0703125,5702.4423828125,5266.947265625,5182.9150390625,2803.53369140625,5994.396484375,6038.55712890625,5603.6376953125,27021.865234375,27848.01171875,21806.080078125,24346.88671875,23474.80078125,13230.8515625,18798.888671875,105.53911590576172,17339.94921875,17349.9140625,7678.5224609375,44282.61328125,13821.6796875,9048.9501953125
2015-04-15,18178.853515625,18427.3984375,13259.9375,40144.73828125,66246.953125,8735.630859375,9840.0888671875,52897.24609375,13534.09765625,9361.0634765625,5682.55517578125,5324.79345703125,5363.7724609375,2841.164794921875,6147.9453125,6094.04248046875,5641.625,27269.369140625,27840.041015625,22068.822265625,24738.185546875,23222.314453125,13125.7646484375,18785.560546875,104.11347961425781,17405.517578125,17191.37109375,7653.65625,45999.05859375,13831.6162109375,9063.8896484375
2015-04-16,18316.85546875,18164.146484375,13610.6201171875,40130.76171875,66253.8984375,8741.02734375,9622.5927734375,52897.24609375,13570.056640625,9301.818359375,5717.35693359375,5115.35205078125,5422.7255859375,2835.22265625,6206.77197265625,6119.78271484375,5676.44580078125,27214.611328125,26893.78125,22925.697265625,25116.576171875,24306.234375,13324.4814453125,18914.62109375,105.53911590576172,17510.837890625,16937.1015625,7742.1787109375,47761.3828125,14134.6796875,9063.8896484375
2015-04-17,18336.708984375,17816.07421875,13768.4755859375,39245.9765625,66909.515625,8691.1171875,9627.5849609375,52692.640625,13597.0244140625,9281.0810546875,5657.697265625,4992.67919921875,5391.75,2854.038330078125,6268.5908203125,6087.7509765625,5645.31689453125,26721.79296875,26342.951171875,22719.6875,24983.490234375,23039.044921875,13308.2392578125,19088.583984375,103.86618041992188,17386.646484375,16602.068359375,7635.75439453125,46623.40625,14209.2041015625,9062.892578125
2015-04-20,18367.486328125,18213.87109375,13742.5,38947.38671875,67525.296875,8794.984375,9616.607421875,54394.33203125,13713.8857421875,9180.3642578125,5696.47509765625,5121.33740234375,5320.21435546875,2787.12890625,6297.505859375,6158.68017578125,5708.62939453125,26616.41796875,26345.94140625,22392.26171875,24927.87890625,22987.29296875,13327.3447265625,19040.880859375,105.3209228515625,17086.9296875,16412.619140625,7779.974609375,46576.53125,14323.47265625,9173.45703125
2015-04-22,18819.201171875,18097.849609375,13711.5263671875,37964.7421875,68168.984375,8680.86328125,9536.7939453125,57887.5546875,13385.2734375,8713.296875,5717.35693359375,5274.92724609375,5403.171875,2793.072021484375,6141.96240234375,6383.47265625,5945.52197265625,26670.095703125,26171.6328125,22521.64453125,25288.388671875,24054.62890625,13231.806640625,18728.740234375,105.14631652832031,17308.53125,16634.9765625,7570.1083984375,46364.0859375,14199.265625,9090.783203125
2015-04-23,18937.33984375,18761.8203125,13288.9111328125,37959.75,68235.625,8741.02734375,9803.173828125,56950.37109375,13650.9609375,8985.8310546875,5767.07177734375,5236.03173828125,5512.11474609375,2805.94775390625,6141.96240234375,6480.1396484375,6014.10986328125,26452.1171875,26141.75,22986.40234375,25390.6875,24119.318359375,13212.701171875,18820.62890625,106.03372192382812,17389.01953125,16751.638671875,7674.5439453125,47583.85546875,14432.7744140625,9064.88671875
2015-04-24,18862.884765625,19442.369140625,12988.1865234375,37598.2421875,68346.0546875,8814.408203125,9457.9755859375,57288.70703125,13436.2138671875,9681.9873046875,5726.30517578125,5127.32080078125,5750.9892578125,2766.32958984375,6299.5,6508.16748046875,6036.26806640625,27270.322265625,25657.658203125,23860.197265625,25425.443359375,24401.5703125,13270.0244140625,18665.60546875,105.8446044921875,17389.01953125,17020.861328125,7796.8828125,48439.58203125,14819.3056640625,9183.4150390625
2015-04-27,18862.884765625,19442.369140625,12988.1865234375,37598.2421875,68346.0546875,8814.408203125,9457.9755859375,57288.70703125,13436.2138671875,9681.9873046875,5726.30517578125,5127.32080078125,5750.9892578125,2766.32958984375,6299.5,6508.16748046875,6036.26806640625,27270.322265625,25657.658203125,23860.197265625,25425.443359375,24401.5703125,13270.0244140625,18665.60546875,105.8446044921875,17389.01953125,17020.861328125,7796.8828125,48439.58203125,14819.3056640625,9183.4150390625
2015-04-28,19061.4375,19996.1640625,13567.6591796875,37148.8671875,65810.1875,8654.9658203125,9345.2392578125,57273.734375,13284.392578125,10121.4052734375,5687.5263671875,5405.578125,5710.01123046875,2779.205810546875,6775.10400390625,6452.1123046875,5977.1787109375,26619.70703125,25419.603515625,24484.19921875,25623.076171875,24159.771484375,13255.6943359375,18378.013671875,105.30635070800781,17469.505859375,17034.826171875,7683.49560546875,48876.43359375,15394.6298828125,9060.9052734375
2015-04-30,18920.46484375,19434.5703125,13471.7470703125,36150.2421875,65624.140625,8705.4169921875,9107.791015625,55891.42578125,13192.5,9602.0048828125,5650.73681640625,5413.5576171875,5649.04296875,2764.347900390625,6580.6748046875,6468.7001953125,6014.63671875,26418.16015625,25333.9375,23785.560546875,25501.921875,23502.6796875,13852.7958984375,18567.408203125,104.33168029785156,17350.265625,16971.0078125,7655.64697265625,47935.9296875,14734.84375,8916.478515625
2015-05-07,18275.15625,19548.640625,13037.142578125,35266.4609375,65163.5390625,8404.0654296875,8734.662109375,53396.27734375,12510.3017578125,9624.71875,5387.2412109375,4416.21923828125,5514.11376953125,2575.171875,6768.1240234375,6223.88671875,5799.904296875,26458.689453125,24354.806640625,23138.671875,24972.5703125,22445.515625,13279.576171875,18190.025390625,98.9346923828125,16936.87890625,16588.111328125,7284.64990234375,46224.4609375,14487.42578125,8880.6220703125
2015-05-08,18487.607421875,19816.763671875,13319.884765625,35556.0625,66630.90625,8416.2041015625,8875.3349609375,53895.3046875,12576.224609375,9595.09375,5431.9853515625,4374.3310546875,5553.0927734375,2586.0673828125,6522.84423828125,6433.80810546875,5990.36865234375,27054.546875,24504.21875,22985.412109375,24935.822265625,22431.326171875,13297.7275390625,18493.052734375,99.51663208007812,17021.34765625,16522.302734375,7421.90966796875,46130.7109375,14551.0185546875,9051.9404296875
2015-05-11,18167.93359375,20480.734375,13408.802734375,35451.19921875,67512.359375,8400.2880859375,9123.755859375,53895.3046875,12745.0244140625,9595.09375,5421.048828125,4313.49169921875,5725.00390625,2564.277587890625,6615.57275390625,6450.39599609375,5993.5341796875,27127.931640625,24516.169921875,23044.12890625,25129.48828125,22582.30859375,13441.98828125,18392.041015625,100.31665802001953,16896.13671875,16668.876953125,7283.65576171875,45524.3125,14687.1513671875,9211.3037109375
2015-05-12,18158.0078125,20763.48046875,13328.876953125,35401.26953125,66903.5234375,8282.392578125,9178.6279296875,53895.3046875,12460.359375,9729.38671875,5416.076171875,4347.40087890625,5647.0439453125,2567.248046875,6631.52490234375,6331.9931640625,5882.73779296875,26819.056640625,24304.0078125,23039.150390625,25002.359375,22321.5390625,13470.6494140625,18301.5625,99.72024536132812,16857.380859375,16619.017578125,7255.806640625,45878.37890625,14606.6630859375,9262.1015625
2015-05-13,17969.37890625,20492.43359375,13266.93359375,35339.35546875,66449.8671875,8251.6357421875,9244.4755859375,51876.21875,12434.3896484375,9384.765625,5389.22802734375,4520.93798828125,5593.0732421875,2599.933349609375,6674.39892578125,6361.73779296875,5924.4189453125,28807.0703125,24403.6171875,22947.59375,24948.734375,23125.466796875,13375.1142578125,18129.697265625,99.64755249023438,16773.912109375,16402.64453125,7225.966796875,47019.3515625,14648.3974609375,9454.3369140625
2015-05-14,17722.173828125,20179.46484375,13557.66796875,35136.62890625,66522.5078125,8224.3876953125,8903.271484375,51028.87890625,12285.5673828125,9024.3447265625,5330.564453125,4496.00537109375,5586.076171875,2583.095703125,6478.97314453125,6354.30126953125,5920.1962890625,29573.794921875,24119.734375,23225.255859375,25057.978515625,23033.138671875,13376.0693359375,18055.34765625,97.91644287109375,16561.25390625,16158.3505859375,7185.1884765625,46457.8515625,14450.6611328125,9462.3046875
2015-05-15,18445.916015625,19796.294921875,13033.146484375,36651.55078125,66366.3046875,8357.93359375,8855.3828125,52143.70703125,12243.6142578125,9072.728515625,5361.38818359375,4531.90869140625,5447.14892578125,2586.0673828125,6561.72900390625,6419.5087890625,5969.2646484375,29595.701171875,24563.98046875,23372.548828125,25225.82421875,22900.240234375,13547.080078125,18027.28515625,99.2838363647461,16840.490234375,16603.064453125,7311.50439453125,45060.54296875,14308.5693359375,9390.5888671875
2015-05-18,18540.23046875,19564.240234375,13014.162109375,36549.69140625,66353.3671875,8295.8798828125,9088.8388671875,52837.359375,12385.4482421875,9232.6962890625,5445.9052734375,4544.87548828125,5527.10693359375,2593.0,6535.806640625,6449.82421875,6005.1416015625,29625.275390625,24669.564453125,23461.123046875,25293.361328125,23231.734375,13852.7958984375,17931.890625,100.37494659423828,16976.625,16397.66015625,7282.6611328125,45398.65625,14203.240234375,9479.236328125
2015-05-19,18375.4296875,19125.4921875,12521.609375,37147.8671875,66940.34375,8410.0009765625,9108.7900390625,53098.86328125,12742.029296875,8847.5888671875,5475.7353515625,4328.4521484375,5357.19580078125,2593.0,6406.185546875,6527.61572265625,6079.00439453125,30171.845703125,24861.80078125,23466.095703125,25325.130859375,23211.509765625,14473.783203125,18084.80859375,101.18956756591797,17039.234375,16153.365234375,7405.9951171875,44313.5234375,13911.109375,9518.080078125
2015-05-20,18277.138671875,19169.365234375,12215.888671875,37548.3125,66754.296875,8322.8583984375,8884.3154296875,54184.73828125,12755.013671875,8637.263671875,5438.94580078125,4163.89111328125,5404.1708984375,2599.933349609375,6389.236328125,6577.37939453125,6118.5751953125,30674.595703125,24576.92578125,22773.4296875,25455.236328125,23125.466796875,14569.3203125,17964.15625,100.82583618164062,16893.158203125,16153.365234375,7500.48486328125,44832.15625,13723.3056640625,9602.744140625
2015-05-21,18118.294921875,19190.818359375,12153.9443359375,38416.1171875,66757.2734375,8319.8935546875,8905.263671875,52912.21484375,12535.271484375,8689.59375,5421.048828125,4153.91748046875,5441.15283203125,2593.0,6474.98486328125,6610.5556640625,6164.4755859375,30504.822265625,24404.611328125,23042.138671875,25219.857421875,22886.796875,14521.55078125,17847.013671875,100.57856750488281,16644.73046875,16265.0419921875,7457.7158203125,45054.55859375,13497.75,9607.7236328125
2015-05-22,18078.578125,19163.515625,12045.04296875,38752.66015625,66699.5390625,8327.4462890625,8630.904296875,53395.27734375,12784.978515625,8616.525390625,5424.03076171875,4103.05322265625,5448.14892578125,2583.095703125,6491.93505859375,6732.3896484375,6278.4375,30614.357421875,24627.7265625,22818.212890625,25225.82421875,22988.548828125,14330.4775390625,17932.587890625,100.25849914550781,16700.376953125,16302.93359375,7350.2958984375,44541.91796875,13473.90234375,9681.4306640625
2015-05-26,17725.15234375,18626.296875,11585.4599609375,38397.14453125,66406.1015625,8231.4033203125,8669.8154296875,53176.6953125,12328.513671875,8492.107421875,5319.62744140625,4014.290283203125,5364.19287109375,2582.10595703125,6181.84521484375,6514.46044921875,6067.92529296875,30439.103515625,24503.2265625,21937.451171875,24729.251953125,22628.4140625,14139.40625,17620.447265625,97.94552612304688,16247.244140625,16163.3369140625,7061.8544921875,43747.0234375,13339.759765625,9720.275390625
2015-05-27,18117.296875,18777.421875,11384.6455078125,37313.63671875,67770.046875,8187.697265625,8668.81640625,51699.56640625,12384.4501953125,8400.2724609375,5312.666015625,4019.27734375,5315.216796875,2583.095703125,6141.96240234375,6505.88037109375,6023.080078125,30462.107421875,24553.02734375,21649.830078125,24455.142578125,22768.59765625,14086.8603515625,17400.189453125,97.68365478515625,16241.2802734375,16058.6396484375,7004.1650390625,43662.25,13276.166015625,9900.5595703125
2015-05-28,17696.361328125,18571.697265625,11298.7216796875,37535.328125,68080.4453125,8147.50048828125,8889.3017578125,51000.92578125,12282.5693359375,8182.044921875,5274.8828125,4044.21044921875,5269.2412109375,2549.420654296875,6153.927734375,6406.353515625,5959.767578125,30259.46484375,24683.509765625,21483.63671875,24343.912109375,22559.95703125,13685.6083984375,17307.6015625,97.11631774902344,16296.927734375,16273.01953125,6921.611328125,42777.59375,13434.1552734375,9879.6416015625
2015-05-29,17446.181640625,18564.875,11754.30859375,36480.78125,67034.84375,8119.98193359375,8595.9833984375,50567.765625,12167.705078125,8294.6181640625,5170.478515625,4215.75341796875,5317.2158203125,2554.37255859375,6112.0498046875,6290.8095703125,5872.18603515625,30011.927734375,24056.986328125,21418.9453125,23934.740234375,22422.658203125,13705.6689453125,17431.056640625,95.23975372314453,15710.634765625,16054.6474609375,6810.21337890625,42706.7890625,13277.1591796875,9502.14453125
2015-06-01,17646.720703125,18291.87109375,11649.40234375,35989.45703125,66672.703125,8117.28369140625,8480.255859375,50302.28125,11985.9189453125,7995.4169921875,5170.478515625,4144.94189453125,5273.23974609375,2496.926513671875,5977.44580078125,6229.0341796875,5803.5986328125,29785.19921875,22909.517578125,21645.8515625,23992.333984375,22911.923828125,13367.4716796875,17140.65234375,94.6288070678711,15910.373046875,16003.798828125,6773.41162109375,42921.21875,13016.8212890625,9163.49609375
2015-06-02,17741.037109375,19191.794921875,11524.517578125,35655.91796875,65565.4375,8236.5283203125,8377.4912109375,48904.9921875,11797.138671875,8137.60986328125,5220.1943359375,4189.82177734375,5367.18994140625,2471.175537109375,6187.828125,6251.91357421875,5809.9287109375,29385.400390625,23456.3515625,21946.40625,23885.078125,22818.71484375,12945.1982421875,17146.970703125,95.53071594238281,15772.2451171875,15845.255859375,6772.41796875,43600.41796875,12984.033203125,9138.591796875
2015-06-03,17542.48046875,19281.49609375,11323.701171875,35551.0625,66551.3359375,8177.1748046875,8260.7666015625,48405.96484375,11787.15234375,8167.234375,5134.68359375,4148.93115234375,5423.16162109375,2490.9833984375,6254.63232421875,6228.46240234375,5806.76318359375,29332.828125,23009.123046875,21645.8515625,23407.375,22594.369140625,12897.4296875,17115.3984375,93.36317443847656,15571.5166015625,15586.00390625,6724.6748046875,42469.41796875,12992.9755859375,8994.16796875
2015-06-05,17593.11328125,19092.345703125,11016.978515625,35625.96484375,65501.7578125,8245.7021484375,8362.529296875,49024.76953125,11886.03515625,8176.123046875,5110.81787109375,3927.52197265625,5345.20263671875,2471.175537109375,5913.63330078125,6190.7109375,5777.21728515625,29075.423828125,23743.22265625,21482.63671875,23405.392578125,22911.923828125,12715.91015625,17231.845703125,93.61045837402344,15527.79296875,15706.65625,6862.9287109375,43195.4921875,12718.7265625,8934.40625
2015-06-09,17870.1015625,18348.423828125,11835.2333984375,35495.13671875,64906.85546875,8231.4033203125,8465.2900390625,48481.81640625,11738.2080078125,8462.484375,5200.30810546875,3989.357177734375,5245.25439453125,2450.375,5844.83544921875,6130.6494140625,5733.95556640625,29026.134765625,23381.650390625,21069.626953125,23487.822265625,22573.263671875,12324.20703125,16982.12109375,94.16331481933594,15651.0146484375,15756.51171875,6667.98095703125,42437.49609375,12642.216796875,8974.248046875
2015-06-10,18026.9609375,18946.09375,11787.279296875,35558.0546875,65274.94140625,8255.4150390625,8628.908203125,48904.9921875,12015.8828125,8847.5888671875,5273.88818359375,4028.253173828125,5358.1953125,2478.108154296875,5890.70068359375,6335.99609375,5913.86572265625,29792.861328125,23814.935546875,21823.998046875,23475.904296875,22790.078125,12658.587890625,17287.25390625,95.7926025390625,15676.8525390625,16075.5927734375,6825.13232421875,43409.92578125,13267.2216796875,9254.1318359375
2015-06-11,18215.5859375,18639.947265625,11372.6552734375,35936.5390625,65632.1171875,8222.23046875,8619.9287109375,48664.46875,12195.671875,8637.263671875,5250.025390625,3981.378662109375,5353.19775390625,2490.9833984375,5882.7236328125,6353.72998046875,5918.08642578125,29460.97265625,24353.80859375,21596.09375,23661.62109375,22949.603515625,12801.89453125,17189.052734375,95.06521606445312,15710.634765625,15891.1240234375,6839.056640625,43138.64453125,13334.7900390625,9409.5146484375
2015-06-12,17832.37109375,18803.74609375,11299.720703125,35712.84375,65162.54296875,8158.83154296875,8775.56640625,48278.2109375,12278.572265625,8891.0361328125,5182.4111328125,3888.62548828125,5418.16357421875,2526.640380859375,6020.3193359375,6326.2744140625,5884.31982421875,29413.876953125,23537.599609375,21994.1796875,23301.109375,23438.1171875,13183.0830078125,17199.576171875,93.87235260009766,15512.8857421875,15854.2294921875,6684.89013671875,41938.82421875,13363.607421875,9367.6796875
2015-06-15,17599.072265625,18714.046875,11019.974609375,35169.5859375,65560.46875,8066.56494140625,8843.4091796875,47795.15625,11964.9404296875,8837.716796875,5072.041015625,3880.646728515625,5357.19580078125,2523.668701171875,5894.68896484375,6194.71484375,5788.2978515625,28780.78125,23695.994140625,21786.177734375,23017.072265625,22913.431640625,13088.5009765625,17095.759765625,92.1703109741211,15414.5087890625,15931.009765625,6639.13720703125,41710.43359375,13236.421875,9330.8271484375
2015-06-16,17599.072265625,18714.046875,11019.974609375,35169.5859375,65560.46875,8066.56494140625,8843.4091796875,47795.15625,11964.9404296875,8837.716796875,5072.041015625,3880.646728515625,5357.19580078125,2523.668701171875,5894.68896484375,6194.71484375,5788.2978515625,28780.78125,23695.994140625,21786.177734375,23017.072265625,22913.431640625,13088.5009765625,17095.759765625,92.1703109741211,15414.5087890625,15931.009765625,6639.13720703125,41710.43359375,13236.421875,9330.8271484375
2015-06-17,17369.736328125,18468.349609375,10857.1240234375,35950.51171875,67997.8671875,7987.248046875,9108.7900390625,47025.64453125,12164.7060546875,8610.6015625,5073.03515625,3753.984375,5322.2138671875,2519.70703125,5882.7236328125,6234.75341796875,5831.0341796875,29305.4375,23983.8984375,22109.623046875,23027.001953125,22797.361328125,13078.9501953125,16764.6796875,91.2975082397461,15183.966796875,16047.6708984375,6724.6748046875,42650.9296875,13214.5615234375,9513.103515625
2015-06-18,17579.2109375,18746.220703125,11639.4140625,36250.10546875,68223.703125,8147.50048828125,9218.53515625,47845.0546875,11985.9189453125,8615.537109375,5050.16455078125,3852.721435546875,5322.2138671875,2551.40185546875,5895.6865234375,6190.7109375,5761.3896484375,29726.044921875,24408.2890625,22466.900390625,23041.904296875,23251.08203125,12992.9658203125,16966.697265625,91.28300476074219,15211.7919921875,16452.501953125,6671.9599609375,43244.36328125,13270.2041015625,9779.04296875
2015-06-19,17258.54296875,18637.01953125,11767.296875,35835.671875,68054.546875,8094.8935546875,8989.0693359375,46709.2578125,11995.904296875,8449.6455078125,5078.00634765625,3908.572265625,5253.25,2550.410888671875,5987.41748046875,6107.1982421875,5717.59814453125,29862.9609375,24045.66796875,22682.861328125,23035.947265625,23489.744140625,13136.2724609375,17115.3984375,91.6466293334961,15133.2880859375,16274.0166015625,6606.31494140625,42606.0546875,13613.01171875,9717.287109375
2015-06-22,17665.587890625,18553.17578125,10940.048828125,36535.7109375,68237.609375,8122.94970703125,8897.283203125,47708.32421875,12205.658203125,8639.236328125,5200.30810546875,3786.896484375,5211.27294921875,2539.51611328125,6031.28759765625,6249.6259765625,5828.9228515625,29973.591796875,24148.275390625,22611.20703125,23522.583984375,23826.638671875,13069.39453125,17291.466796875,94.30876159667969,15601.3271484375,16436.55078125,6757.4970703125,42730.71484375,13033.5458984375,9743.1865234375
2015-06-23,17895.91796875,18787.171875,10925.0634765625,36828.30859375,68428.6171875,8243.2763671875,8979.0947265625,48885.0390625,12394.4375,8847.5888671875,5309.68359375,3801.856689453125,5296.22802734375,2575.171875,5912.63623046875,6285.6611328125,5847.916015625,30164.17578125,24457.10546875,22736.60546875,23924.8046875,23923.8671875,12888.83203125,17536.275390625,96.14171600341797,15824.9150390625,16418.6015625,6751.5302734375,43384.9921875,13288.9912109375,9774.0625
2015-06-24,17870.1015625,18874.921875,10783.193359375,36949.13671875,68445.5390625,8250.01953125,8927.2158203125,48624.53125,12540.2666015625,8835.7392578125,5313.66259765625,3811.830810546875,5296.22802734375,2585.076904296875,5872.75341796875,6289.09375,5856.88525390625,29682.236328125,24688.224609375,22739.591796875,23939.703125,24431.345703125,13088.5009765625,17756.529296875,95.57440948486328,15903.4169921875,16432.560546875,6854.97119140625,43783.9296875,13308.8671875,9810.9150390625
2015-06-25,18068.65625,18504.423828125,10933.052734375,37491.390625,67393.0,8393.0029296875,8979.0947265625,49127.5625,12868.8818359375,8837.716796875,5419.05859375,3763.9580078125,5170.29296875,2598.943603515625,5753.1044921875,6352.0126953125,5925.4736328125,30096.263671875,25489.185546875,22907.779296875,24035.041015625,24369.166015625,13136.2724609375,18081.296875,97.4654541015625,16066.38671875,16701.78515625,6869.8916015625,44581.8203125,13531.5087890625,9915.49609375
2015-06-26,17948.5234375,18141.720703125,11025.9697265625,37447.4453125,67991.890625,8348.4892578125,9033.966796875,49094.62890625,12673.1103515625,8739.955078125,5297.7509765625,3889.622802734375,5152.302734375,2578.1435546875,5655.39208984375,6320.5537109375,5895.39990234375,30083.123046875,24868.537109375,22392.26171875,23835.421875,24255.986328125,13308.2392578125,17869.46484375,96.66539764404297,15866.6474609375,16651.931640625,6733.62548828125,44607.7421875,13656.74609375,9846.7724609375
2015-06-29,17606.01171875,17959.40234375,11389.6416015625,36724.453125,67268.6640625,8228.1640625,8969.763671875,48205.35546875,12438.38671875,8738.9697265625,5222.1845703125,4021.271728515625,5073.3447265625,2561.30615234375,5538.73388671875,6234.75341796875,5800.9599609375,29397.453125,24529.82421875,22488.794921875,23712.2734375,23112.40234375,13141.05078125,17552.40234375,95.37068939208984,15694.736328125,16751.638671875,6609.298828125,44416.2578125,13581.2099609375,9781.033203125
2015-06-30,18165.947265625,17247.6484375,10955.033203125,35950.51171875,65283.90234375,8313.41796875,8979.744140625,48401.97265625,12632.1591796875,8582.953125,5301.72900390625,3885.634033203125,4912.42822265625,2620.7333984375,5414.1005859375,6266.212890625,5812.0390625,28895.787109375,24955.2109375,22765.46875,24014.1875,23803.78125,13145.82421875,17952.935546875,96.66539764404297,15916.3369140625,17300.052734375,6598.35693359375,44881.015625,13785.958984375,9820.8759765625
2015-07-01,17988.240234375,16944.431640625,10578.3779296875,36449.82421875,66584.1875,8228.1640625,9056.5703125,49004.8046875,12725.046875,8293.6259765625,5222.1845703125,3806.84375,4817.478515625,2587.0576171875,5134.919921875,6291.95361328125,5877.4619140625,29187.1484375,24704.16796875,23048.10546875,23896.0078125,23982.654296875,13425.7490234375,18177.3984375,95.06521606445312,15859.6923828125,17133.533203125,6699.80859375,43653.28125,14169.62109375,9771.0712890625
2015-07-02,18076.599609375,17134.5546875,10461.484375,36200.17578125,66432.9609375,8291.5654296875,9022.646484375,48006.734375,12796.962890625,8136.62255859375,5278.85986328125,3696.139404296875,4879.4462890625,2600.923583984375,5159.84716796875,6406.353515625,5953.4365234375,29135.666015625,25275.0,23392.44921875,24083.712890625,24385.24609375,13613.9541015625,18300.15625,96.14171600341797,15887.517578125,17102.62890625,6718.7080078125,44670.578125,13904.2373046875,9840.796875
2015-07-06,18145.09765625,16692.884765625,10781.1953125,35922.55078125,67356.1953125,8330.953125,8951.8056640625,46011.6328125,12757.0126953125,7850.26171875,5210.251953125,3904.5830078125,4797.48876953125,2577.1533203125,5075.09619140625,6312.5458984375,5870.07568359375,28903.455078125,24381.392578125,22600.26171875,24535.587890625,22874.111328125,13489.755859375,17978.1875,94.41060638427734,15849.755859375,17129.546875,6624.2177734375,42587.1015625,13876.408203125,9748.1650390625
2015-07-07,17756.923828125,15757.861328125,10494.455078125,35142.625,66481.71875,8131.31298828125,8662.458984375,42417.59765625,12298.5498046875,7678.4443359375,5021.32958984375,4037.229248046875,4464.66357421875,2585.076904296875,4944.4794921875,6132.3662109375,5704.93701171875,28630.720703125,23615.3046875,21644.859375,23415.3203125,22190.396484375,13566.1845703125,17578.35546875,91.60298156738281,15151.17578125,16423.5859375,6388.49072265625,40230.34375,13743.216796875,9362.701171875
2015-07-08,18068.65625,15956.7626953125,10429.513671875,35738.8046875,67621.796875,8254.064453125,8726.314453125,43157.16015625,12476.3427734375,7255.81396484375,5165.5078125,3989.357177734375,4581.60107421875,2575.171875,4905.59326171875,6235.89794921875,5787.2421875,29101.712890625,23742.818359375,21624.951171875,24035.041015625,21328.4375,13492.623046875,17841.40234375,93.2177505493164,15522.82421875,16750.640625,6608.30419921875,41092.06640625,13985.740234375,9457.32421875
2015-07-10,18722.900390625,16185.884765625,10138.7763671875,36509.74609375,69390.6328125,8390.3056640625,8862.0087890625,44892.79296875,13404.2490234375,7593.52197265625,5305.7060546875,3792.88134765625,4713.5341796875,2667.284423828125,4885.65185546875,6470.98828125,6016.74755859375,30654.876953125,24706.158203125,21587.134765625,24971.58203125,22848.6171875,13948.333984375,18172.490234375,96.98545837402344,15899.443359375,17225.275390625,7023.0634765625,42537.234375,14039.416015625,9525.052734375
2015-07-13,18707.013671875,16478.384765625,9807.0791015625,36811.328125,69813.4609375,8521.4208984375,9009.67578125,44987.60546875,13617.9990234375,7781.13818359375,5430.99169921875,3893.612060546875,4817.478515625,2688.084228515625,4970.40283203125,6637.439453125,6198.7705078125,31493.8984375,24880.49609375,21560.265625,25166.232421875,23487.861328125,13976.0380859375,18239.828125,98.83293151855469,16132.966796875,17250.19921875,7254.81201171875,43076.80859375,13815.779296875,9541.986328125
2015-07-14,18689.14453125,16283.384765625,10196.7236328125,36351.9609375,69514.984375,8405.14453125,9003.6875,43716.078125,13345.3193359375,7997.390625,5437.95166015625,3855.713134765625,4787.49462890625,2687.093505859375,4945.4755859375,6520.1806640625,6081.642578125,31102.869140625,24503.92578125,21745.376953125,25076.8515625,23364.1328125,14043.869140625,18009.75390625,98.5419692993164,15819.9453125,17154.4765625,7142.41845703125,42664.8984375,13384.4072265625,9440.390625
2015-07-15,18555.119140625,16478.384765625,10314.619140625,36749.4140625,70289.9921875,8443.994140625,9173.30859375,44706.15234375,13595.0263671875,8037.8779296875,5458.83251953125,3970.407470703125,4761.5078125,2701.9501953125,5154.861328125,6673.47509765625,6225.67822265625,31850.98046875,25005.0234375,21695.61328125,25118.5625,23640.353515625,14067.7529296875,18260.16796875,98.90560150146484,15700.69921875,16851.353515625,7055.88623046875,43384.9921875,13522.5654296875,9840.796875
2015-07-16,18626.595703125,16804.029296875,9989.916015625,36906.19921875,70536.7109375,8531.94140625,9306.005859375,45112.36328125,13841.73828125,7703.1298828125,5458.83251953125,3918.54541015625,4733.5224609375,2750.48193359375,5063.130859375,6775.2900390625,6313.26025390625,32056.896484375,25636.626953125,21690.640625,25065.921875,23570.265625,14187.171875,18230.705078125,99.7929916381836,15750.3837890625,16951.064453125,7146.39697265625,43577.48046875,13611.025390625,9853.7421875
2015-07-17,18601.78125,16428.65625,9442.41015625,36650.55078125,69973.640625,8558.380859375,9338.93359375,45056.47265625,13883.6875,7840.38671875,5488.66162109375,3777.92041015625,4655.56201171875,2767.319580078125,5035.21240234375,6783.8701171875,6309.56494140625,31907.93359375,25353.69921875,21620.974609375,25251.64453125,23828.017578125,14196.7265625,18545.66015625,100.62223815917969,15697.71875,17250.19921875,7173.25244140625,42387.62890625,13504.6728515625,9736.212890625
2015-07-21,19014.779296875,16102.037109375,8624.15625,37544.328125,70006.453125,8498.4912109375,9464.6474609375,46410.8359375,13778.810546875,7573.7734375,5518.49169921875,3605.381591796875,4639.5712890625,2751.472900390625,4983.365234375,6720.95068359375,6229.8984375,31983.51171875,25971.349609375,21596.09375,25603.216796875,24274.07421875,14024.7607421875,18645.96875,100.01121520996094,15576.484375,17349.9140625,7181.20947265625,43384.9921875,13623.947265625,9885.619140625
2015-07-22,18687.1640625,15428.3134765625,8400.3603515625,37105.921875,69134.96875,8283.4716796875,9279.0673828125,46177.30078125,13514.119140625,7309.1357421875,5428.0087890625,3640.288330078125,4466.6630859375,2757.41552734375,4924.53857421875,6703.791015625,6223.0400390625,32003.2265625,25380.59765625,21422.92578125,25176.1640625,23567.123046875,14196.7265625,18055.34765625,98.51287078857422,15140.244140625,17091.650390625,6949.46142578125,42582.11328125,13592.140625,9667.4873046875
2015-07-23,18832.1015625,15325.9404296875,8234.5087890625,37772.00390625,68741.9921875,8298.3095703125,9353.896484375,46210.234375,13683.9208984375,7353.57177734375,5497.61083984375,3600.39404296875,4280.7587890625,2752.462646484375,4767.99755859375,6745.54638671875,6258.91650390625,32125.90625,25267.025390625,21696.609375,25593.287109375,23553.1796875,14139.40625,18265.078125,100.04029846191406,15391.6533203125,17163.451171875,6923.60107421875,42785.57421875,14213.3544921875,9878.64453125
2015-07-24,18598.802734375,14981.765625,7812.89306640625,37134.8828125,69041.453125,8181.22412109375,9234.16796875,45911.8125,13385.2734375,6813.43359375,5442.92333984375,3445.806640625,4104.85107421875,2713.8359375,4668.2900390625,6674.046875,6217.236328125,31889.3125,24760.94921875,21297.52734375,24878.21875,22924.486328125,14011.38671875,17767.052734375,98.0618896484375,15056.771484375,17100.634765625,6794.298828125,41689.48046875,14061.28125,9581.8251953125
2015-07-27,18677.232421875,14966.166015625,8392.3662109375,37198.79296875,68934.0078125,8147.76953125,9328.9560546875,45752.1171875,13633.9833984375,7030.673828125,5329.5712890625,3712.09619140625,4055.877197265625,2743.549072265625,4623.421875,6590.3642578125,6120.15673828125,32009.80078125,25079.740234375,21201.98828125,24916.95703125,22420.7734375,14024.7607421875,18126.193359375,96.7381591796875,15203.84375,17300.052734375,6835.078125,41689.48046875,14066.248046875,9660.5146484375
2015-07-28,18555.119140625,15166.0380859375,7907.80712890625,36227.1328125,69218.5625,8087.87744140625,9229.1787109375,45251.09375,13337.3291015625,7106.7080078125,5325.59326171875,3417.882080078125,4142.83056640625,2748.50146484375,4586.53076171875,6457.04541015625,6019.35107421875,32510.365234375,24612.517578125,19934.091796875,24556.44140625,21850.490234375,14139.40625,17612.724609375,97.378173828125,15054.783203125,16951.064453125,6659.0302734375,40832.75390625,14013.5703125,9651.548828125
2015-07-29,18195.73046875,15493.63671875,7872.83935546875,36315.01171875,71479.8125,8170.9716796875,9688.1455078125,46852.9765625,13534.09765625,7109.669921875,5453.861328125,3397.934814453125,4172.81640625,2743.549072265625,4535.6796875,6575.48779296875,6114.8798828125,33055.83203125,25133.537109375,20352.08203125,25392.6640625,22269.158203125,14139.40625,18178.80078125,98.92019653320312,15282.345703125,17150.486328125,6830.10546875,41688.48046875,14123.8984375,9820.8759765625
2015-07-30,18296.9921875,15588.2138671875,7892.8212890625,36100.3125,73618.734375,8201.4560546875,9621.29296875,45904.82421875,13633.9833984375,7178.79248046875,5359.400390625,3435.833984375,4175.81396484375,2743.549072265625,4526.7060546875,6551.45654296875,6110.658203125,33188.37109375,24722.09765625,20511.314453125,25086.783203125,22222.302734375,14139.40625,17922.0703125,97.24723815917969,15154.15625,16876.27734375,6606.31494140625,43228.3984375,14116.939453125,9830.8349609375
2015-07-31,18484.6328125,15587.23828125,7609.0791015625,37050.99609375,74486.25,8306.6748046875,9626.2841796875,46483.69140625,13569.0576171875,7397.01904296875,5442.92333984375,3416.884033203125,4112.84765625,2745.530029296875,4537.67431640625,6565.76171875,6105.90771484375,33235.4765625,25124.568359375,20998.966796875,25071.8828125,22233.609375,13948.333984375,18377.3125,99.42937469482422,15132.294921875,16771.583984375,6646.09814453125,43763.984375,14567.1962890625,9891.5947265625
2015-08-03,18302.951171875,14667.166015625,7533.146484375,36150.2421875,74220.6328125,8291.8359375,9932.5908203125,47955.8359375,13534.09765625,7054.37353515625,5429.00390625,3236.36572265625,3997.907470703125,2763.358154296875,4377.1455078125,6590.3642578125,6132.82421875,33385.5234375,25319.830078125,20450.603515625,25614.138671875,22070.5625,14196.7265625,17962.751953125,98.60013580322266,15115.3984375,16479.423828125,6640.13232421875,42397.60546875,14412.14453125,9834.8173828125
2015-08-04,18818.205078125,14725.68359375,7393.27490234375,37114.91015625,75041.3828125,8516.564453125,9857.7626953125,48705.3828125,13733.8642578125,6869.7197265625,5605.9931640625,3173.533447265625,3946.93408203125,2776.23388671875,4331.28076171875,6658.45361328125,6186.13134765625,34174.1640625,26084.921875,20737.2265625,26916.15625,22635.57421875,14053.4228515625,18605.28125,102.73149108886719,15526.7998046875,17167.43359375,6851.9873046875,42642.953125,14344.5537109375,10160.521484375
2015-08-05,18707.013671875,15197.71484375,7369.296875,36944.140625,75784.546875,8596.42578125,9553.447265625,49803.25390625,13760.83203125,7002.03857421875,5692.49755859375,3219.411376953125,4054.877685546875,2780.19580078125,4407.0576171875,6714.5263671875,6241.01953125,34803.98828125,25325.80078125,20766.087890625,25774.03515625,22677.779296875,13948.333984375,18549.87109375,103.40069580078125,15591.392578125,16978.982421875,6738.60009765625,42587.1015625,14312.75,10094.783203125
2015-08-06,18299.97265625,14976.3291015625,7373.2939453125,37339.6015625,75507.96875,8503.345703125,9732.0439453125,49254.31640625,13733.8642578125,6847.9951171875,5655.70947265625,3132.642333984375,3937.93896484375,2800.995361328125,4347.2333984375,6647.009765625,6182.96484375,33589.26171875,25077.74609375,20102.279296875,25429.41796875,22497.400390625,14043.869140625,18439.037109375,102.7751693725586,15720.572265625,17035.8203125,6814.19140625,42010.62890625,14536.3818359375,10203.353515625
2015-08-07,18366.490234375,15255.2568359375,7495.18310546875,36020.41796875,73835.6171875,8493.095703125,9584.3798828125,49573.703125,13548.08203125,7053.38623046875,5599.03125,3263.29443359375,3977.917724609375,2799.013916015625,4419.021484375,6540.58349609375,6074.24072265625,34031.7734375,24802.79296875,20156.021484375,24927.87890625,21944.44921875,14072.5302734375,18150.744140625,102.93519592285156,15622.197265625,16808.4765625,6756.50341796875,42140.2890625,14452.8916015625,10164.505859375
2015-08-10,18366.490234375,15255.2568359375,7495.18310546875,36020.41796875,73835.6171875,8493.095703125,9584.3798828125,49573.703125,13548.08203125,7053.38623046875,5599.03125,3263.29443359375,3977.917724609375,2799.013916015625,4419.021484375,6540.58349609375,6074.24072265625,34031.7734375,24802.79296875,20156.021484375,24927.87890625,21944.44921875,14072.5302734375,18150.744140625,102.93519592285156,15622.197265625,16808.4765625,6756.50341796875,42140.2890625,14452.8916015625,10164.505859375
2015-08-11,18366.490234375,15130.423828125,7753.94775390625,36284.0546875,74891.1640625,8550.2880859375,9612.31640625,47149.41015625,13610.0087890625,7001.05126953125,5617.92333984375,3363.02783203125,3805.0087890625,2812.880615234375,4514.74169921875,6661.31494140625,6180.32470703125,34642.9609375,24905.404296875,20588.939453125,25002.359375,21769.091796875,13375.1142578125,18422.208984375,103.4588623046875,15931.2412109375,16901.208984375,6757.4970703125,42579.12109375,14511.53515625,10159.5263671875
2015-08-12,17808.546875,14831.0146484375,8667.1162109375,34951.890625,72915.40625,8321.240234375,9295.0322265625,45284.03125,13224.4609375,6714.6884765625,5365.36669921875,3760.966064453125,3573.12939453125,2731.6630859375,4586.53076171875,6384.951171875,5915.3779296875,33303.37890625,23932.09765625,19869.400390625,23938.70703125,20412.21484375,13480.2021484375,17767.751953125,97.61096954345703,15303.212890625,16344.8115234375,6368.59814453125,42387.62890625,14461.83984375,9972.2724609375
2015-08-13,17969.37890625,14907.0849609375,8291.4580078125,35698.859375,73777.9140625,8421.6015625,9289.046875,46032.57421875,13326.34375,6714.6884765625,5428.0087890625,3527.589111328125,3546.1435546875,2697.98828125,4475.85498046875,6484.51171875,6003.5185546875,34033.96875,24442.1640625,20227.677734375,24408.46484375,21982.259765625,13441.98828125,17978.1875,99.25474548339844,15372.7734375,16618.0234375,6514.80859375,42423.5390625,14404.189453125,10141.5966796875
2015-08-14,17763.869140625,14753.9658203125,8051.67578125,35429.234375,73896.3203125,8353.076171875,9180.2890625,45768.09765625,13193.4990234375,6622.85546875,5362.38330078125,3441.817626953125,3498.168701171875,2672.236328125,4382.130859375,6387.8125,5942.29443359375,34339.56640625,23782.6640625,19604.677734375,24113.501953125,21410.83984375,13375.1142578125,17711.638671875,98.39653778076172,15298.2421875,16021.7451171875,6448.1689453125,41283.5546875,14238.201171875,10036.017578125
2015-08-17,17903.857421875,14834.912109375,8400.3603515625,35351.33984375,73574.6328125,8355.234375,9041.60546875,45072.44140625,13385.2734375,6517.1982421875,5246.046875,3453.785400390625,3426.206787109375,2708.8828125,4436.96923828125,6315.71826171875,5872.10009765625,34044.90234375,23151.06640625,19650.453125,23924.8046875,21411.59375,13398.99609375,17727.07421875,95.64706420898438,15174.029296875,15760.4990234375,6325.8291015625,40289.19140625,14138.80859375,9975.259765625
2015-08-18,17719.193359375,14648.634765625,8680.1044921875,35141.62890625,73870.1328125,8441.0263671875,9249.134765625,45479.6484375,13496.1416015625,6352.29248046875,5300.7353515625,3608.372802734375,3528.153076171875,2727.7021484375,4426.9990234375,6447.31982421875,5990.3232421875,34239.875,23735.84765625,19625.576171875,24039.015625,21327.80859375,13394.2216796875,18237.01953125,97.36370086669922,15192.912109375,15978.869140625,6385.50732421875,40198.44140625,14292.8671875,10159.5263671875
2015-08-19,17502.767578125,14175.6279296875,9321.521484375,34021.16796875,72894.0859375,8233.291015625,9050.5830078125,44912.75390625,13316.3525390625,6195.287109375,5180.421875,3784.90185546875,3263.291748046875,2672.236328125,4396.08984375,6352.337890625,5897.9619140625,33969.31640625,23578.4375,19361.84375,23785.763671875,21035.76171875,13279.576171875,17656.216796875,95.87985229492188,14933.5498046875,16059.63671875,6295.9912109375,39874.29296875,14147.751953125,9995.1787109375
2015-08-20,17284.35546875,14689.5986328125,10496.451171875,33604.7421875,72500.078125,8139.9462890625,9016.6591796875,45013.55078125,12992.7333984375,6662.3525390625,5137.6669921875,4353.38623046875,3315.2646484375,2643.512939453125,5136.91455078125,6208.72021484375,5772.87890625,32890.3515625,22930.90234375,18599.51171875,23547.412109375,20475.021484375,13419.060546875,17355.998046875,93.84326171875,14434.70703125,16413.6171875,6163.70556640625,39136.25,13835.6572265625,9834.8173828125
2015-08-21,17246.630859375,14476.01171875,10680.283203125,32878.7421875,71124.03125,8060.89892578125,8879.9677734375,45114.36328125,12722.052734375,6481.6494140625,5086.95556640625,4508.970703125,3231.308349609375,2602.9052734375,5164.83251953125,6036.49609375,5621.93017578125,32124.669921875,22743.609375,18112.849609375,23300.119140625,20361.96484375,13375.1142578125,17065.59765625,93.55230712890625,14396.947265625,16034.7099609375,6017.49462890625,38448.0703125,14113.9580078125,9609.716796875
2015-08-24,16799.880859375,13531.9443359375,11489.5478515625,32028.912109375,69150.984375,7943.54345703125,8701.37109375,45457.6953125,12393.4384765625,6173.56396484375,4964.65234375,4727.38818359375,2953.4541015625,2599.933349609375,4856.73681640625,5932.93115234375,5534.84814453125,31081.8515625,22494.55859375,16698.0859375,22929.677734375,20180.9609375,13136.2724609375,16466.560546875,90.67198944091797,14210.1298828125,15514.2099609375,5918.033203125,37425.78515625,13853.5458984375,9424.4541015625
2015-08-25,17331.021484375,13530.97265625,10271.6552734375,32954.640625,69260.421875,8208.203125,9077.5234375,47857.0390625,12911.830078125,6206.1494140625,5302.72265625,4027.255126953125,2917.472900390625,2550.410888671875,4795.916015625,6124.0380859375,5675.76513671875,31650.36328125,23446.947265625,17545.23046875,23902.95703125,21688.693359375,12992.9658203125,17222.021484375,96.65081024169922,14777.5380859375,16175.3017578125,6340.74951171875,38497.9375,14013.5703125,9774.0625
2015-08-26,16807.8203125,13272.5263671875,9675.1982421875,32804.83984375,69533.0703125,8090.03515625,9015.6611328125,47708.32421875,12988.7412109375,6215.037109375,5236.103515625,3689.157958984375,2860.502685546875,2508.812744140625,4626.41357421875,5987.28662109375,5555.43115234375,31545.20703125,23593.3828125,16990.755859375,23088.578125,21017.04296875,12921.31640625,17305.498046875,95.53071594238281,14297.5751953125,16103.5087890625,6144.80712890625,38093.01171875,13956.916015625,9849.759765625
2015-08-27,17146.361328125,14312.1689453125,9741.1396484375,32655.05078125,69380.796875,8198.2177734375,8902.91796875,48904.9921875,12881.86328125,6467.82470703125,5189.37060546875,3730.048583984375,2898.48291015625,2569.229736328125,4630.40185546875,6124.60986328125,5699.5146484375,32422.619140625,23011.59765625,17036.544921875,23140.224609375,21354.3125,12902.2080078125,17460.521484375,94.43968963623047,14493.333984375,16253.078125,6280.0771484375,40093.7109375,13915.169921875,9700.35546875
2015-08-28,17315.130859375,14599.87109375,10513.4375,32953.640625,69671.34375,8228.9765625,9079.515625,47704.328125,13323.3486328125,6645.56689453125,5258.97314453125,4128.98291015625,3011.423583984375,2577.1533203125,5019.26025390625,6113.1669921875,5699.5146484375,32768.75390625,23349.310546875,17702.515625,23532.51171875,21709.171875,13040.734375,17669.544921875,98.0618896484375,14657.298828125,16436.55078125,6444.189453125,43064.83203125,14014.5634765625,9678.4423828125
2015-09-01,16900.1484375,13579.7353515625,10490.4560546875,33043.51171875,68789.7734375,8390.0361328125,8904.912109375,45688.2421875,12889.8544921875,6589.2822265625,5032.2685546875,4005.314208984375,2751.5595703125,2536.544921875,4724.1259765625,5893.4501953125,5526.40283203125,31755.51953125,20622.671875,17430.751953125,22596.97265625,20472.259765625,12801.89453125,17269.71875,93.8577651977539,14140.56640625,15903.0888671875,6141.8232421875,41988.6875,13794.9052734375,9551.9462890625
2015-09-02,17150.337890625,13795.2724609375,10001.90234375,33644.6875,69579.78125,8601.5498046875,8996.7041015625,46258.140625,13060.6552734375,6487.57421875,5128.71728515625,3716.08544921875,2583.64697265625,2545.458984375,4640.37255859375,6007.88623046875,5626.15478515625,32887.0703125,21153.654296875,17929.486328125,22842.27734375,20789.05078125,12562.09765625,17621.845703125,96.51995849609375,14266.7666015625,16035.705078125,6216.42138671875,42519.2734375,13797.888671875,9684.419921875
2015-09-03,17472.984375,14748.1162109375,10724.244140625,34342.7265625,70736.9765625,8772.861328125,9204.2353515625,47204.2890625,13353.310546875,6769.986328125,5199.314453125,4029.249755859375,2723.574462890625,2545.458984375,4511.74951171875,6117.744140625,5716.93310546875,33738.18359375,21368.83984375,18427.22265625,23157.103515625,21543.48828125,12610.8212890625,17989.41015625,98.4546890258789,14608.6083984375,16801.4921875,6108.00634765625,44615.72265625,13972.8212890625,9944.384765625
2015-09-04,17371.720703125,13667.5078125,10218.7060546875,33132.39453125,70565.8125,8740.216796875,9014.6640625,47878.984375,12899.8427734375,6370.0654296875,5009.39892578125,3875.65966796875,2589.64453125,2505.84130859375,4478.8466796875,5976.41552734375,5582.875,33522.39453125,20870.7265625,17804.056640625,22746.935546875,20703.380859375,12801.89453125,17326.537109375,93.77050018310547,14235.9609375,16163.3369140625,5894.16064453125,42427.52734375,13646.80859375,9595.7705078125
2015-09-08,16783.349609375,14568.6640625,10745.224609375,32549.197265625,72002.5703125,8534.373046875,9083.509765625,47622.48828125,12818.9384765625,6379.59765625,5073.03515625,3974.43798828125,2793.384521484375,2520.69775390625,4586.53076171875,6167.52392578125,5741.2099609375,34397.61328125,20136.515625,17669.666015625,22023.134765625,21318.890625,12787.5625,17400.888671875,93.61045837402344,13841.4052734375,15551.4404296875,5893.16650390625,42495.34375,13469.8857421875,9519.0771484375
2015-09-09,16980.96484375,15348.8876953125,10460.4853515625,32446.337890625,72290.125,8471.2421875,9067.5439453125,48006.734375,12984.7431640625,6496.12939453125,5179.42724609375,3924.570068359375,2967.34521484375,2505.84130859375,4688.23193359375,6236.7568359375,5824.0712890625,33974.796875,20223.18359375,16723.96875,21953.59765625,21191.263671875,12792.33984375,17202.37890625,93.98870086669922,13964.65234375,15361.9599609375,5951.85009765625,42208.10546875,13285.0126953125,9566.8896484375
2015-09-10,16882.650390625,14926.5888671875,10670.2939453125,32205.666015625,72438.375,8534.642578125,9079.515625,47893.96484375,12887.857421875,6432.9248046875,5044.19921875,3989.3984375,2864.368896484375,2540.506103515625,4597.498046875,6283.6767578125,5873.15625,34418.42578125,20547.94921875,16840.439453125,21853.26953125,20920.6953125,12792.33984375,17226.935546875,93.90144348144531,13762.8837890625,15547.4541015625,5972.73681640625,41702.453125,13318.8056640625,9883.6240234375
2015-09-11,16922.37109375,14748.1162109375,9666.20703125,30721.712890625,71424.5078125,8392.46484375,9098.47265625,46908.8671875,12959.775390625,6626.48583984375,5012.3818359375,3565.5244140625,2810.38037109375,2535.5537109375,4586.53076171875,6162.37353515625,5752.822265625,33711.90234375,19773.892578125,17169.9375,22102.60546875,20604.404296875,12840.1083984375,17255.69140625,92.09764099121094,13761.888671875,15557.423828125,5842.44140625,40593.390625,13313.8369140625,9716.2939453125
2015-09-14,17030.611328125,14577.4404296875,10102.80859375,31057.25,71318.015625,8558.9208984375,9197.2509765625,48772.25,13349.3154296875,6598.83349609375,5140.6484375,3628.357421875,2679.4091796875,2553.825927734375,4612.455078125,6271.66162109375,5845.7119140625,33815.9609375,20372.619140625,17189.84765625,22450.2890625,21162.337890625,12708.966796875,17511.71875,95.705322265625,14012.357421875,15840.650390625,6012.5224609375,41275.57421875,13557.3505859375,9887.142578125
2015-09-15,16832.0078125,14837.8408203125,10342.5908203125,30907.45703125,71378.703125,8595.0732421875,8979.744140625,47906.93359375,13202.4873046875,6785.4814453125,5152.58056640625,3628.357421875,2669.41162109375,2531.04248046875,4677.263671875,6263.6494140625,5838.3232421875,33654.94140625,19924.322265625,17502.427734375,22326.115234375,21230.046875,12842.744140625,17185.55078125,96.41810607910156,13861.2822265625,15657.1513671875,5918.033203125,42103.37890625,13589.1552734375,9839.3251953125
2015-09-16,17189.49609375,14927.564453125,10490.4560546875,31228.015625,73095.0703125,8813.0576171875,9006.6806640625,48575.640625,13356.3076171875,6794.36865234375,5195.33642578125,3605.418701171875,2732.3974609375,2552.8359375,4691.22314453125,6243.0517578125,5836.7392578125,31930.783203125,19924.322265625,17859.80078125,22444.326171875,21794.83203125,12966.9677734375,17641.486328125,97.1890640258789,14071.994140625,15902.48046875,6051.31201171875,41689.48046875,13850.5654296875,9712.810546875
2015-09-17,17551.958984375,14882.703125,10730.240234375,31392.787109375,73826.390625,8875.91796875,9135.3935546875,48659.48046875,13747.8466796875,6650.185546875,5264.9384765625,3670.246337890625,2739.39599609375,2625.151123046875,4630.40185546875,6348.904296875,5912.2119140625,32340.4609375,20293.916015625,18116.6328125,22907.236328125,21943.3125,12995.6328125,17738.990234375,99.57479095458984,14265.814453125,16101.935546875,6131.876953125,42636.96875,13959.8984375,9762.6201171875
2015-09-18,17576.78125,14629.130859375,11257.7587890625,31341.857421875,73230.375,8636.712890625,9116.4365234375,47932.890625,13752.8408203125,6320.34326171875,5229.14306640625,3722.1083984375,2605.426025390625,2640.01025390625,4596.5009765625,6205.28759765625,5776.04345703125,31318.455078125,20452.3125,17954.373046875,22823.796875,21894.943359375,13263.19140625,17428.24609375,98.70198822021484,14213.134765625,15868.57421875,6067.2255859375,41250.64453125,13880.3837890625,9866.2216796875
2015-09-24,17040.546875,13540.724609375,11116.888671875,30957.388671875,73751.7578125,8759.263671875,9249.134765625,48891.03515625,13494.1435546875,5792.00146484375,5099.88037109375,3511.667236328125,2311.490478515625,2572.64794921875,4156.79248046875,6239.04736328125,5834.6279296875,31579.166015625,20128.548828125,17684.599609375,22437.375,21566.453125,13119.8583984375,17304.794921875,98.80384063720703,13815.564453125,15768.8447265625,5897.14599609375,39993.9765625,14188.50390625,9851.2802734375
2015-09-25,17008.765625,12760.5009765625,11150.85546875,29978.734375,75673.0625,8778.9658203125,9009.67578125,49404.03125,13420.2314453125,5653.74560546875,5031.2734375,3755.020751953125,2094.538330078125,2572.64794921875,4233.56689453125,6155.5078125,5724.32080078125,32192.587890625,19885.470703125,17869.755859375,22218.83203125,21388.453125,13234.5244140625,17325.83984375,97.58187866210938,13556.1474609375,15736.9345703125,5861.33837890625,39377.61328125,14110.9765625,9682.9208984375
2015-09-28,16588.71484375,11571.642578125,10700.265625,29266.712890625,75289.953125,8649.130859375,9017.65625,47666.40625,13187.505859375,5087.87646484375,4848.318359375,3560.53759765625,1540.66064453125,2538.966796875,3849.694580078125,6065.67529296875,5644.62548828125,31793.859375,19414.259765625,17683.603515625,21665.521484375,20890.49609375,13287.080078125,17045.259765625,94.1196517944336,13158.5771484375,15221.34375,5729.052734375,38043.15234375,13713.4013671875,9591.275390625
2015-09-29,16782.3515625,11277.109375,10890.0947265625,29000.08203125,74169.6484375,8651.01953125,9087.5,48829.140625,13252.4287109375,5209.3466796875,4846.3291015625,3578.48974609375,1657.634521484375,2569.67578125,3815.794189453125,6007.31298828125,5577.07080078125,30943.833984375,19275.783203125,17563.15234375,21820.484375,21104.0546875,13353.9697265625,17212.203125,94.30876159667969,13294.7451171875,15343.0107421875,5794.69921875,37678.1171875,13691.53515625,9532.5
2015-09-30,16901.517578125,11274.18359375,10939.0498046875,29359.587890625,75647.1953125,8805.6923828125,8962.7822265625,50002.86328125,13749.84375,5184.65673828125,4887.09716796875,3595.4453125,1915.57763671875,2540.94873046875,3830.750244140625,6056.5205078125,5615.59814453125,31668.986328125,19226.96875,17719.443359375,21824.4609375,21740.435546875,13377.8583984375,17684.9765625,95.89435577392578,13417.9912109375,15673.1103515625,5947.87109375,38657.51953125,13666.68359375,9643.0791015625
2015-10-01,17141.8359375,11361.958984375,11291.728515625,28611.615234375,74991.5078125,8887.48046875,9073.529296875,53021.00390625,13638.9736328125,5180.70654296875,4977.57861328125,3592.45263671875,1864.5889892578125,2535.995361328125,3826.76171875,6137.19775390625,5673.65478515625,31701.84765625,19426.212890625,18020.07421875,22560.55078125,22286.376953125,13425.638671875,18171.08203125,99.2402572631836,13771.8310546875,15390.87890625,6047.33349609375,39611.9921875,13782.9775390625,9765.607421875
2015-10-02,17229.22265625,11313.1953125,11608.4404296875,28899.220703125,75698.9296875,8853.1982421875,9129.404296875,52797.44140625,13833.7470703125,5210.33251953125,4986.52880859375,3767.986572265625,1962.5675048828125,2536.985595703125,3840.720458984375,6179.53857421875,5720.62646484375,31713.89453125,19458.0859375,17802.064453125,22401.609375,23113.9609375,13502.0830078125,18090.41796875,98.5419692993164,13888.1181640625,15376.9208984375,6119.94189453125,39983.99609375,13766.08203125,9762.6201171875
2015-10-05,17717.796875,11682.82421875,11639.4140625,29918.056640625,75717.8046875,9050.787109375,9624.2880859375,54394.33203125,13919.5419921875,5589.55322265625,5064.27490234375,3919.5830078125,2277.498046875,2615.2451171875,4048.112060546875,6330.0224609375,5844.65625,32582.546875,20321.8125,18414.28125,23099.953125,24079.970703125,13091.189453125,18741.36328125,99.83041381835938,14450.6806640625,15811.728515625,6349.701171875,40923.28125,14078.17578125,10046.5302734375
2015-10-06,17661.197265625,12044.6533203125,12469.65625,30003.943359375,75998.421875,9152.0107421875,9408.7734375,55392.39453125,13774.701171875,5679.421875,5042.39208984375,4044.252197265625,2368.477783203125,2578.592041015625,4187.701171875,6293.9755859375,5819.8505859375,32827.91015625,20422.42578125,18057.90234375,22847.638671875,23855.11328125,13057.7470703125,19061.923828125,100.18433380126953,14098.8291015625,16335.294921875,6380.53466796875,41746.3359375,13976.7939453125,10010.6689453125
2015-10-07,17775.39453125,13407.1103515625,11889.185546875,30147.755859375,76184.46875,9277.26171875,9206.232421875,55392.39453125,13819.6513671875,5825.57861328125,5082.17529296875,3906.6181640625,2595.427978515625,2540.94873046875,4140.83935546875,6356.34326171875,5878.96142578125,32934.171875,20427.4140625,18605.41015625,23055.251953125,24034.369140625,13187.7021484375,19099.103515625,102.18980407714844,14430.802734375,16255.5126953125,6423.30322265625,43337.57421875,13945.982421875,10048.525390625
2015-10-08,17378.177734375,13431.4951171875,12266.841796875,30081.837890625,76426.25,9283.73828125,9398.798828125,55691.8125,13734.7470703125,6217.638671875,4937.96435546875,3910.60693359375,2402.470458984375,2541.939208984375,4237.55517578125,6322.58447265625,5839.90576171875,32556.25390625,20721.296875,18466.046875,22870.48828125,24206.845703125,13234.5244140625,19132.07421875,99.97784423828125,14271.7744140625,15956.3349609375,6393.46484375,43896.26171875,14014.5634765625,10131.208984375
2015-10-09,17576.78125,14358.0048828125,12688.4580078125,30019.919921875,76416.2890625,9380.1044921875,9493.58203125,55901.41015625,13719.763671875,6476.37646484375,4964.81787109375,3965.461181640625,2608.425537109375,2509.248291015625,4575.5625,6354.625,5873.68310546875,33244.15625,20372.619140625,18831.38671875,23163.529296875,24093.916015625,13153.3046875,19324.97265625,100.68567657470703,14717.0537109375,16065.03515625,6506.8525390625,45908.51171875,14263.0517578125,10061.474609375
2015-10-13,17256.029296875,13483.1826171875,12903.265625,30474.328125,76812.2890625,9331.7841796875,9507.5546875,55891.42578125,13891.5732421875,6340.09423828125,4906.13916015625,4048.24169921875,2393.472412109375,2477.548828125,4606.47216796875,6262.50537109375,5771.29443359375,32213.396484375,20373.615234375,18284.87109375,22695.650390625,23862.65234375,13161.9033203125,19287.80078125,98.8866958618164,14302.5869140625,15700.037109375,6443.1962890625,44585.625,14066.248046875,10035.57421875
2015-10-14,17210.35546875,13571.93359375,12708.4384765625,30496.302734375,76510.84375,9306.6826171875,9512.5380859375,56989.2890625,13884.580078125,6137.64697265625,4847.45947265625,4119.0546875,2450.459716796875,2461.69775390625,4686.23828125,6238.47265625,5757.0439453125,32080.853515625,20361.66015625,18276.904296875,23107.896484375,23864.533203125,13186.7470703125,18974.24609375,98.1788558959961,14231.0244140625,15523.517578125,6356.6630859375,43290.68359375,14011.58203125,9912.0478515625
2015-10-15,17146.80078125,13402.234375,12682.4638671875,30660.087890625,76481.9296875,9347.171875,9628.28125,56261.7109375,14184.248046875,6320.34326171875,4892.21484375,4074.172607421875,2396.4716796875,2498.351318359375,4726.12109375,6245.3408203125,5766.01708984375,32095.09375,20908.58203125,18140.5234375,22865.51953125,24181.720703125,13107.4365234375,19365.654296875,97.91340637207031,14558.0244140625,15645.185546875,6322.845703125,42306.015625,14042.3955078125,10103.3173828125
2015-10-16,17296.751953125,13311.53515625,12712.4345703125,30203.68359375,77193.3671875,9447.5888671875,9679.1630859375,57621.06640625,14336.078125,6342.0693359375,4838.5078125,4059.211669921875,2362.478759765625,2486.4638671875,4692.2197265625,6207.00390625,5763.37744140625,32147.673828125,20597.76171875,18520.798828125,22887.37109375,24370.15234375,13263.19140625,19068.234375,97.52998352050781,14213.134765625,15841.6455078125,6339.75439453125,42667.16015625,14223.2919921875,10194.9619140625
2015-10-19,17708.85546875,12548.87109375,12036.0517578125,30721.009765625,77967.46875,9463.51171875,9619.298828125,57001.98046875,14553.8388671875,6093.2060546875,4971.77880859375,3824.83544921875,2261.50146484375,2554.81689453125,4514.74169921875,6374.65234375,5890.04541015625,32533.255859375,20555.923828125,18520.798828125,23305.58203125,24445.52734375,13347.2802734375,19395.119140625,99.91887664794922,14703.138671875,14839.3896484375,6523.759765625,42368.87109375,14312.75,10246.7666015625
2015-10-20,17543.01953125,12504.0068359375,12069.0205078125,30246.626953125,77444.1015625,9401.4287109375,9578.392578125,57489.0625,14344.0693359375,6024.078125,4939.95263671875,3857.747802734375,2300.49267578125,2560.760009765625,4480.8408203125,6322.58447265625,5845.1826171875,32698.654296875,20364.650390625,18250.03125,23155.580078125,24532.828125,13486.7939453125,19360.044921875,98.01664733886719,14609.708984375,14607.0244140625,6395.4541015625,42165.34375,14263.0517578125,10091.3603515625
2015-10-21,17338.455078125,12138.2783203125,11642.41015625,29808.197265625,78933.6171875,9367.41796875,9516.533203125,57262.4921875,14327.08984375,5914.45947265625,4939.95263671875,3770.978271484375,2285.49560546875,2526.08837890625,4252.51220703125,6338.60498046875,5878.96142578125,33310.984375,20243.109375,18118.625,23030.4140625,24583.70703125,13587.1259765625,19219.05859375,97.47102355957031,14521.2470703125,14660.87890625,6349.701171875,41861.0703125,14392.26171875,9937.9482421875
2015-10-22,17288.80078125,12026.1220703125,11949.12890625,29936.02734375,78681.890625,9324.2265625,10276.818359375,57791.5,14385.025390625,5775.2138671875,5026.47998046875,3790.925537109375,2433.4638671875,2550.854248046875,4251.51416015625,6340.32080078125,5873.68310546875,33135.73046875,20468.25390625,18538.716796875,22996.638671875,24899.884765625,13689.37109375,19044.390625,98.4442367553711,14481.4921875,14694.7841796875,6295.9912109375,41866.05859375,14613.91015625,10181.0166015625
2015-10-23,17634.380859375,12260.1884765625,12095.99609375,30294.5625,79940.5,9555.2890625,10186.0205078125,58789.62109375,14579.806640625,6058.6416015625,5080.18603515625,3849.7685546875,2505.44775390625,2575.619873046875,4287.40869140625,6557.1787109375,6064.74169921875,33648.3671875,20814.93359375,18997.62890625,23228.09765625,25508.513671875,13664.525390625,19541.015625,98.28211212158203,14804.517578125,15183.4482421875,6361.6357421875,43023.3203125,14819.66015625,10252.744140625
2015-10-26,17765.462890625,12093.4150390625,12337.7783203125,31359.17578125,79703.6875,9621.69140625,10311.73828125,59154.9296875,14763.6015625,5964.82373046875,5109.02880859375,3919.5830078125,2454.458984375,2610.291748046875,4087.994384765625,6572.05517578125,6084.79736328125,33716.28125,21264.228515625,16624.423828125,23344.328125,25814.7734375,13711.349609375,19708.66796875,99.44701385498047,14414.90234375,15304.1181640625,6322.845703125,43550.078125,15008.5068359375,10332.4375
2015-10-27,17517.201171875,11418.521484375,12264.8447265625,30808.89453125,79459.953125,9651.923828125,10218.947265625,57762.55859375,14948.3984375,5762.37548828125,5087.14892578125,3969.450927734375,2373.47607421875,2585.526123046875,4075.032958984375,6522.2734375,6037.82421875,33904.69140625,21169.595703125,15925.595703125,23066.177734375,26097.416015625,13664.525390625,19511.560546875,98.79814910888672,14456.642578125,14859.333984375,6222.388671875,42898.61328125,14884.26171875,10275.65625
2015-10-28,17820.080078125,11245.900390625,12509.62109375,31259.306640625,80230.0390625,9675.1396484375,10101.2109375,59877.578125,15375.9228515625,5697.1982421875,5146.82080078125,3958.479736328125,2360.479736328125,2585.526123046875,4087.994384765625,6541.7294921875,6041.51806640625,33987.93359375,21478.41796875,15514.4638671875,23046.3125,25940.89453125,13527.8798828125,19714.984375,99.46172332763672,14461.61328125,14739.662109375,6356.6630859375,44007.99609375,15008.5068359375,10311.5146484375
2015-10-29,17588.69921875,11019.63671875,12057.03125,30759.95703125,81533.4765625,9449.203125,9993.4560546875,59484.3203125,15058.2744140625,5629.05517578125,5038.41357421875,3750.033447265625,2347.482421875,2506.27685546875,3755.969970703125,6531.42919921875,6039.935546875,34934.359375,21485.38671875,15368.130859375,22645.9765625,25127.759765625,13687.4619140625,19424.583984375,98.62123107910156,14214.1259765625,14417.54296875,6276.09912109375,43881.2890625,14909.1103515625,10086.3798828125
2015-10-30,17636.3671875,11358.05859375,11762.30078125,31040.58984375,81664.8203125,9555.5595703125,10087.2421875,59737.83984375,14783.580078125,5675.4716796875,5051.34326171875,3666.256591796875,2405.4697265625,2513.2109375,3770.925537109375,6558.8955078125,6081.10205078125,35186.30859375,21169.595703125,15708.583984375,22896.318359375,25463.041015625,13807.8623046875,19448.427734375,99.5059814453125,14305.5693359375,14360.697265625,6216.42138671875,44213.5078125,14888.2392578125,10212.896484375
2015-11-04,17828.0234375,12269.9404296875,11659.39453125,32038.291015625,81984.1875,9520.46484375,10469.380859375,60885.68359375,15449.841796875,6250.22705078125,5148.8095703125,3745.047607421875,2704.40380859375,2520.1455078125,4115.91259765625,6598.37451171875,6148.13037109375,34993.51171875,21603.943359375,16255.09765625,22630.083984375,25789.6484375,14166.2001953125,19531.19921875,99.83041381835938,14299.6044921875,14550.1806640625,6350.69580078125,46459.2109375,14976.701171875,10525.6982421875
2015-11-05,17800.21484375,11203.962890625,10730.240234375,31811.5859375,81943.3984375,9447.3173828125,10368.611328125,60686.05859375,14954.3916015625,6060.61767578125,5135.88134765625,3635.338623046875,2620.42236328125,2519.154541015625,3888.580322265625,6525.70703125,6049.435546875,35086.6171875,22399.919921875,16125.685546875,22549.625,26103.697265625,14381.1982421875,19289.900390625,99.41751861572266,14223.072265625,14560.15625,6216.42138671875,44925.828125,14883.2685546875,10647.2314453125
2015-11-06,17460.603515625,10904.5546875,9776.1064453125,31266.298828125,81090.671875,9380.1044921875,10188.015625,60178.015625,14533.8583984375,5727.8115234375,5044.380859375,3440.85546875,2424.465576171875,2501.3232421875,3637.318115234375,6453.61376953125,5985.57373046875,34955.171875,21916.748046875,15673.7421875,22102.60546875,26163.115234375,14167.154296875,19149.607421875,98.06090545654297,13914.955078125,14400.58984375,6017.49462890625,43462.28515625,14755.0498046875,10449.9853515625
2015-11-09,17377.185546875,11138.6201171875,9874.0185546875,31713.71484375,81224.03125,9342.8544921875,10476.3642578125,59887.56640625,14679.6982421875,5510.54931640625,5051.34326171875,3506.680908203125,2459.4580078125,2470.614013671875,3539.604736328125,6569.7646484375,6087.43505859375,35218.0703125,21717.509765625,15928.58203125,21903.93359375,26254.4453125,14151.8623046875,19019.5546875,97.67752075195312,13988.50390625,14184.1806640625,5979.69873046875,44694.37109375,14978.6865234375,10554.587890625
2015-11-10,17080.263671875,10275.50390625,9930.966796875,30959.69921875,81017.09375,9113.94921875,10112.189453125,60566.28125,14154.2802734375,5286.375,5003.60546875,3465.789306640625,2279.497314453125,2457.735595703125,3508.69580078125,6387.8125,5931.7392578125,34736.1015625,21219.3984375,15290.482421875,21397.310546875,26338.478515625,14237.8642578125,18485.681640625,96.1880874633789,13868.23828125,13971.7646484375,5729.052734375,43023.3203125,14720.2607421875,10260.7119140625
2015-11-11,16881.65625,10349.62109375,9814.0732421875,31256.310546875,80917.5859375,9255.6630859375,10177.041015625,60106.15625,14522.8720703125,5385.12939453125,4903.15478515625,3384.0068359375,2238.506591796875,2461.69775390625,3484.766357421875,6323.15625,5875.79443359375,34915.73828125,21013.18359375,15079.4443359375,21126.115234375,26631.296875,13998.974609375,18625.982421875,95.61307525634766,13741.017578125,13910.9326171875,5690.2626953125,41900.96875,14792.8193359375,10210.9013671875
2015-11-12,16461.6015625,9670.8291015625,9930.966796875,30959.69921875,80682.7578125,9169.287109375,10077.2666015625,59862.609375,14415.990234375,5086.888671875,4797.73193359375,3458.807861328125,2060.5458984375,2456.7451171875,3340.190673828125,6285.96337890625,5805.6005859375,34584.9375,20522.048828125,14633.47265625,20767.515625,26908.2890625,13951.1982421875,18486.3828125,92.42792510986328,13519.373046875,13757.353515625,5547.03564453125,40874.3984375,14819.66015625,10061.474609375
2015-11-13,16196.458984375,9675.7060546875,9600.265625,30560.216796875,80346.4609375,9031.353515625,9750.005859375,55895.05859375,13802.6708984375,4814.32470703125,4726.125,3320.17626953125,2110.53466796875,2434.951904296875,3290.33740234375,6195.55908203125,5742.265625,33891.546875,21817.130859375,14434.376953125,20463.537109375,25777.0859375,14572.310546875,18035.287109375,90.03905487060547,13327.544921875,13433.23828125,5519.18701171875,38908.0546875,14710.3232421875,9757.6416015625
2015-11-16,16285.8369140625,9820.048828125,9851.0390625,30959.69921875,80880.765625,9150.6611328125,9824.8359375,55895.05859375,13968.4853515625,4957.51904296875,4696.28759765625,3341.120849609375,2044.549072265625,2417.119873046875,3300.307861328125,6190.982421875,5725.904296875,34187.296875,21299.1015625,14394.5556640625,20820.154296875,26407.5703125,14715.6474609375,18240.138671875,89.95060729980469,13319.5947265625,13562.8857421875,5709.1611328125,40214.953125,14610.9306640625,9762.6201171875
2015-11-17,16686.03125,9185.1455078125,9429.4228515625,31586.880859375,81991.15625,9335.56640625,9972.50390625,57958.19140625,14328.08984375,4760.99609375,4760.93408203125,3151.62451171875,1927.5750732421875,2397.30810546875,3146.7587890625,6300.26953125,5831.46142578125,34806.2109375,21320.015625,14160.6201171875,21158.900390625,27397.576171875,15097.8671875,18780.328125,91.7200927734375,13521.3583984375,14165.234375,5931.95703125,40105.21875,14760.021484375,9975.8037109375
2015-11-18,16277.8876953125,9474.7998046875,9185.6455078125,31209.369140625,81687.6875,9298.0439453125,9877.716796875,58989.25,14457.94140625,4789.63525390625,4773.86328125,3091.783203125,2023.5537109375,2373.53271484375,3113.85546875,6260.216796875,5805.6005859375,34672.5625,20142.4921875,13737.5439453125,21005.916015625,27309.640625,14906.7607421875,18562.845703125,90.70262908935547,13432.9013671875,13999.6884765625,5773.8115234375,39735.09765625,14660.6259765625,10310.5224609375
2015-11-19,16972.025390625,9369.4716796875,9691.185546875,31493.005859375,82242.8828125,9326.1171875,9866.7412109375,60625.1796875,14905.4453125,4957.51904296875,4976.75146484375,3616.388671875,2017.5552978515625,2435.942138671875,3190.63037109375,6694.50048828125,6228.3544921875,35107.44140625,18330.376953125,14314.91796875,21635.71875,26997.85546875,15192.470703125,19050.42578125,93.29788208007812,13914.955078125,13853.0859375,6015.50537109375,41509.8984375,14910.1064453125,10263.7021484375
2015-11-24,16516.216796875,9309.9794921875,9491.3671875,32474.72265625,80760.3671875,9312.619140625,9728.0537109375,60885.68359375,15258.0537109375,4913.0791015625,4858.400390625,3575.498291015625,1991.5611572265625,2418.1103515625,3110.864501953125,6683.056640625,6203.5478515625,34741.56640625,20312.83984375,14400.529296875,21342.669921875,27685.3671875,15460.9814453125,18801.369140625,93.68128204345703,13616.779296875,14260.9736328125,6275.10400390625,41545.80859375,14700.3818359375,10326.4638671875
2015-11-25,16263.9873046875,8651.669921875,9279.5595703125,32802.296875,82276.7109375,9285.626953125,9847.7841796875,60283.8203125,14765.6005859375,4658.29052734375,4832.54150390625,3490.722900390625,1932.57421875,2435.942138671875,3120.8349609375,6886.75341796875,6379.82666015625,35238.87890625,20178.35546875,14126.7783203125,21353.6015625,27636.255859375,15383.5830078125,18714.380859375,92.73755645751953,13551.177734375,14465.4111328125,6256.20556640625,41414.125,14839.53515625,10293.5849609375
2015-11-27,16211.357421875,8514.15625,9090.7314453125,31516.97265625,83441.8515625,9238.3896484375,9616.30859375,59963.42578125,14686.6884765625,4551.63525390625,4753.97119140625,3600.43115234375,1977.5638427734375,2390.37353515625,3120.8349609375,6847.845703125,6370.326171875,35819.44140625,20223.18359375,14279.080078125,21175.787109375,26922.107421875,15369.25,18503.919921875,91.70538330078125,13234.1181640625,14410.5625,6256.20556640625,40615.01171875,14927.99609375,10245.76953125
2015-11-30,15778.3916015625,8564.869140625,9123.7021484375,31220.357421875,84080.625,9097.7568359375,9679.1630859375,59887.56640625,14407.9970703125,4443.9921875,4676.39599609375,3668.250244140625,2055.547119140625,2390.37353515625,3152.741455078125,6923.37353515625,6438.4111328125,36332.078125,20024.94140625,14450.3017578125,20955.2578125,27068.958984375,15910.0966796875,18211.375,90.1128158569336,12905.1279296875,14158.2529296875,6126.90380859375,40161.08984375,14515.3544921875,10161.091796875
2015-12-01,15660.2216796875,8580.47265625,9232.6044921875,31259.306640625,83453.7734375,9029.19140625,9598.3486328125,60252.87109375,14512.880859375,4699.76904296875,4603.7939453125,3575.498291015625,2078.54150390625,2390.37353515625,3189.63330078125,6974.8681640625,6463.21533203125,36762.578125,19924.322265625,14484.150390625,20657.248046875,26543.36328125,15862.3173828125,18138.412109375,89.2132797241211,12622.8505859375,13890.986328125,6138.83984375,40304.74609375,14548.162109375,9924.9990234375
2015-12-02,15510.2734375,8315.1953125,9176.6533203125,31484.013671875,83464.703125,8988.7060546875,9229.1787109375,59488.30859375,14184.248046875,4651.37890625,4641.58740234375,3547.571533203125,2018.5550537109375,2370.561279296875,3073.97265625,6916.5068359375,6438.4111328125,36382.4765625,19774.888671875,14610.5771484375,20463.537109375,26204.193359375,15599.5390625,17914.62109375,89.16899871826172,12488.673828125,13754.359375,6257.19970703125,39905.6875,14510.3828125,9911.05078125
2015-12-03,15215.3388671875,8289.841796875,9246.5908203125,31578.892578125,82699.609375,8885.58984375,9169.314453125,58839.53125,13834.6357421875,4646.4404296875,4621.697265625,3577.49267578125,2008.5570068359375,2337.8701171875,2911.44970703125,6812.9423828125,6318.0751953125,36206.12890625,19575.642578125,13936.6396484375,20228.10546875,26003.201171875,15527.873046875,17507.73046875,87.73863220214844,12349.521484375,13812.203125,5992.6298828125,39017.7890625,14366.22265625,9875.1904296875
2015-12-04,14955.162109375,7995.30810546875,9322.521484375,30858.83203125,81488.6796875,8610.80078125,9103.4638671875,55545.71875,13404.111328125,4572.37353515625,4505.33251953125,3570.51123046875,1887.583984375,2316.076416015625,2801.771728515625,6582.353515625,6082.685546875,35078.95703125,19476.0234375,13512.568359375,19667.83984375,24839.966796875,15288.0283203125,17074.17578125,85.52677917480469,11976.80078125,13662.611328125,5823.54248046875,37455.48046875,14147.49609375,9663.00390625
2015-12-07,15000.841796875,7948.49560546875,9710.1689453125,30924.7421875,83263.7421875,8772.759765625,9279.0673828125,57342.33984375,13548.9521484375,4503.2451171875,4515.27880859375,3680.2197265625,1902.580810546875,2347.776611328125,2797.783935546875,6467.6484375,6027.19482421875,35470.0078125,18944.458984375,13637.9970703125,19692.67578125,25249.484375,15623.427734375,17431.9609375,86.92765808105469,11937.04296875,13712.47265625,5967.76318359375,36885.81640625,14326.455078125,9807.4482421875
2015-12-08,15019.712890625,7096.10546875,9371.4755859375,30695.041015625,83135.375,8635.3623046875,9119.4296875,56693.5546875,13305.22265625,4246.48046875,4529.203125,3776.96240234375,1753.6136474609375,2327.96435546875,2657.19677734375,6453.33984375,6003.96435546875,33359.1796875,18984.310546875,13515.5537109375,19768.171875,24747.01171875,15718.984375,17001.9140625,86.23461151123047,11942.0146484375,13680.560546875,5737.009765625,35794.40625,14340.373046875,9712.810546875
2015-12-09,15311.6640625,6837.65625,9621.25,30154.7421875,82544.359375,8811.3603515625,9170.3115234375,57092.80859375,13534.9658203125,4235.6201171875,4530.197265625,3742.0546875,1843.59375,2366.59814453125,2576.43408203125,6496.26708984375,6052.53662109375,32491.626953125,19129.7734375,13661.8857421875,19919.166015625,25061.056640625,15766.7607421875,17474.75,87.62069702148438,12162.6650390625,13961.791015625,5711.150390625,36779.08203125,14505.4111328125,9859.2470703125
2015-12-10,13087.2578125,7074.6474609375,10790.1826171875,28962.296875,84623.859375,8367.861328125,8430.98046875,50904.42578125,11603.115234375,4214.87939453125,3857.87744140625,4088.135009765625,2068.543701171875,2129.839599609375,2717.02099609375,6263.88916015625,5701.970703125,32813.671875,17734.89453125,13344.330078125,17818.173828125,25651.08984375,16239.765625,16369.1162109375,76.69393157958984,10515.73046875,13529.974609375,5102.4384765625,39904.6875,14380.140625,8894.9404296875
2015-12-11,12695.0068359375,6915.6787109375,11390.6416015625,27725.908203125,86550.1484375,8019.9208984375,8261.365234375,48209.48046875,11287.4638671875,4246.48046875,3537.63134765625,4512.00927734375,2030.5523681640625,1962.424072265625,2566.463134765625,5603.38671875,5246.34033203125,33519.109375,17435.994140625,12493.19921875,16788.046875,24968.8515625,16148.9892578125,15051.619140625,71.09040069580078,10077.4091796875,12765.068359375,4677.73193359375,38908.0546875,13633.494140625,8368.9541015625
2015-12-14,13824.0947265625,6541.171875,10440.50390625,27762.859375,82877.671875,8582.458984375,9069.541015625,51902.55078125,12456.166015625,3952.189453125,3998.11083984375,4085.14404296875,1860.58984375,2177.38916015625,2492.6796875,6110.49755859375,5578.42822265625,32971.41015625,18622.638671875,12583.7880859375,17682.087890625,24702.66796875,15910.0966796875,16556.4296875,79.7315673828125,10535.6083984375,13532.96484375,4956.22802734375,37311.82421875,14138.55078125,9515.564453125
2015-12-15,14055.46875,6130.58154296875,10470.4765625,28395.03515625,82877.671875,8869.6630859375,9213.21484375,53412.71484375,12362.2705078125,3891.94970703125,4177.13037109375,4064.198974609375,1879.58544921875,2198.193115234375,2438.837890625,6009.7626953125,5464.388671875,32971.41015625,19129.7734375,12941.1650390625,18078.44140625,25375.10546875,16082.0966796875,17398.28125,80.55735778808594,10815.8974609375,13752.36328125,5200.90673828125,37810.64453125,14310.5458984375,9580.318359375
2015-12-16,14055.46875,6130.58154296875,10470.4765625,28395.03515625,82877.671875,8869.6630859375,9213.21484375,53412.71484375,12362.2705078125,3891.94970703125,4177.13037109375,4064.198974609375,1879.58544921875,2198.193115234375,2438.837890625,6009.7626953125,5464.388671875,32971.41015625,19129.7734375,12941.1650390625,18078.44140625,25375.10546875,16082.0966796875,17398.28125,80.55735778808594,10815.8974609375,13752.36328125,5200.90673828125,37810.64453125,14310.5458984375,9580.318359375
2015-12-17,14250.107421875,5963.81005859375,9980.9228515625,29162.0390625,83926.40625,8973.587890625,9065.5498046875,53745.09375,13235.3017578125,4058.845947265625,4291.50390625,4043.254638671875,1900.5809326171875,2286.358642578125,2480.71484375,6241.56640625,5696.16259765625,33683.41796875,19776.400390625,13757.4541015625,18627.779296875,26769.984375,16531.21484375,17509.130859375,85.32038116455078,11430.138671875,14173.2138671875,5554.994140625,38766.37890625,14826.5400390625,9890.1298828125
2015-12-18,14105.1181640625,6015.49853515625,10370.5673828125,27986.56640625,82114.5,8752.5126953125,9109.44921875,52675.1015625,12865.7099609375,4184.265625,4202.9892578125,3989.3984375,1818.599365234375,2209.089599609375,2317.1953125,6009.7626953125,5501.34619140625,32473.001953125,19482.482421875,13375.1904296875,18494.66796875,25965.521484375,17008.994140625,16907.203125,83.15269470214844,11198.5556640625,14061.521484375,5547.03564453125,37656.0078125,14714.19140625,9637.099609375
2015-12-21,14427.859375,6136.43310546875,10797.1787109375,28462.9453125,82523.46875,8826.7451171875,9159.3359375,52156.0703125,13100.4501953125,4310.67236328125,4273.6025390625,4296.58203125,1876.586181640625,2286.358642578125,2500.656494140625,6101.33935546875,5611.689453125,32997.6953125,19528.31640625,13442.8828125,18576.123046875,26168.76953125,17104.55078125,17324.62890625,83.30011749267578,11191.6005859375,14111.380859375,5552.0087890625,38209.6953125,14739.046875,9744.6904296875
2015-12-22,14455.6640625,6432.9169921875,10740.23046875,29911.060546875,82105.59375,8842.671875,9514.537109375,53783.015625,13191.3486328125,4310.67236328125,4371.06884765625,4303.56396484375,1911.578369140625,2307.1611328125,2517.606201171875,6295.9404296875,5807.56298828125,32870.640625,19727.580078125,14052.1142578125,18756.9140625,26254.4453125,17103.595703125,17500.009765625,86.29357147216797,11465.92578125,14209.115234375,5743.9736328125,39207.34765625,15084.037109375,9839.3251953125
2015-12-29,14311.673828125,6772.31298828125,10990.0029296875,31051.578125,85495.4609375,8988.7060546875,9364.875,54505.66796875,13538.962890625,4444.97900390625,4349.1884765625,4340.46484375,2091.538818359375,2336.879638671875,2642.239990234375,6331.9990234375,5875.140625,33475.28515625,20375.201171875,14039.173828125,18774.796875,26631.296875,17137.9921875,17723.798828125,85.51200103759766,11592.150390625,14560.15625,6023.46240234375,42698.08984375,15305.7412109375,9980.787109375
2015-12-30,14168.6748046875,6774.26318359375,10805.169921875,30759.95703125,86688.4453125,8912.853515625,9079.515625,55187.39453125,13188.353515625,4499.294921875,4232.8251953125,4218.7880859375,2056.546875,2323.01123046875,2546.521484375,6344.01806640625,5908.9306640625,34068.9921875,19884.00390625,13804.240234375,18753.9375,26412.849609375,17008.994140625,17450.900390625,83.6540298461914,11430.138671875,14360.697265625,5947.87109375,42344.91796875,15263.98828125,9938.9462890625
2016-01-04,13505.3271484375,6328.56201171875,11469.5673828125,29194.994140625,84430.828125,8673.693359375,8841.056640625,52900.68359375,12566.044921875,4197.103515625,3998.11083984375,4338.47021484375,1994.560302734375,2198.193115234375,2559.483642578125,6052.1171875,5622.77587890625,32595.693359375,19627.9453125,12932.2060546875,17993.01171875,25877.58203125,16865.654296875,16837.044921875,79.6873779296875,11064.376953125,13742.392578125,5694.24169921875,41082.91015625,14922.9765625,9568.3662109375
2016-01-05,13719.822265625,6387.0791015625,11471.56640625,28962.296875,84167.1875,8815.9482421875,8879.9677734375,52301.8046875,12835.7451171875,4516.0830078125,4137.34814453125,4547.91357421875,2052.54736328125,2261.593017578125,2781.830322265625,6121.3701171875,5627.5283203125,32554.06640625,19897.955078125,13653.923828125,18106.2578125,25563.283203125,17696.041015625,16977.357421875,81.81078338623047,11101.15234375,13975.7529296875,5780.77294921875,41402.1484375,14992.568359375,9842.314453125
2016-01-06,13465.603515625,5976.48779296875,12059.0302734375,29162.0390625,84859.71875,8811.900390625,8657.46875,51972.41796875,12566.044921875,4463.7431640625,3983.191162109375,4708.48681640625,1956.568603515625,2276.451904296875,2627.283935546875,5977.13671875,5510.3203125,32204.63671875,19528.31640625,13218.90234375,18031.75390625,25123.73828125,17438.998046875,16915.626953125,79.9085693359375,11032.5712890625,13888.9892578125,5559.96728515625,40698.8125,15017.4248046875,9750.6650390625
2016-01-07,12909.501953125,5601.9814453125,12468.658203125,28263.20703125,85181.03125,8555.4658203125,8568.6708984375,51902.55078125,11986.6884765625,4147.7255859375,3873.791015625,5032.6259765625,1866.5885009765625,2194.22998046875,2581.419189453125,5836.90966796875,5416.87158203125,32007.458984375,18971.357421875,12567.861328125,17491.35546875,24131.474609375,17037.65625,16416.126953125,77.13629150390625,10701.5947265625,13380.380859375,5397.84228515625,38706.5234375,14510.3828125,9623.15234375
2016-01-08,13108.109375,5385.47021484375,12558.5771484375,28254.21875,85350.203125,8617.544921875,8530.7548828125,51110.0390625,11937.740234375,4221.79150390625,3863.845703125,4920.92236328125,1857.590576171875,2227.91064453125,2585.407470703125,5841.4892578125,5422.68017578125,31937.357421875,19189.55859375,12432.4755859375,17079.109375,24307.34375,17176.21484375,16372.626953125,75.33731842041016,10376.5810546875,13289.630859375,5338.1650390625,38868.14453125,14790.74609375,9314.3359375
2016-01-12,12710.8935546875,5593.2041015625,12941.2275390625,28462.9453125,87558.0625,8637.7939453125,8480.869140625,47900.078125,11753.9453125,4141.80078125,3929.486572265625,5219.12939453125,1752.6136474609375,2265.5546875,2796.786376953125,5852.3642578125,5460.69287109375,32800.5234375,19324.060546875,12177.6357421875,16986.720703125,24345.02734375,17859.4453125,16807.5859375,76.9888687133789,10038.646484375,13163.974609375,5377.94921875,39575.46875,14498.4521484375,9314.3359375
2016-01-13,13092.220703125,5582.4765625,12927.2431640625,28389.04296875,87458.53125,8850.2275390625,8663.4560546875,47910.046875,11961.71484375,4182.28955078125,4089.610107421875,5046.5888671875,1752.6136474609375,2288.33984375,2741.94775390625,5989.72900390625,5543.0546875,33075.484375,19229.404296875,12553.9267578125,17248.974609375,23760.392578125,17859.4453125,17021.556640625,78.15376281738281,10174.8134765625,13553.91015625,5551.015625,39503.63671875,14614.7744140625,9314.3359375
2016-01-14,12934.3310546875,5680.00439453125,12988.1865234375,27496.20703125,85865.609375,8642.3818359375,8663.4560546875,47211.359375,11603.115234375,4118.09912109375,4077.6748046875,5066.5361328125,1784.606201171875,2242.77099609375,2661.184814453125,5924.48095703125,5437.46240234375,31934.072265625,19030.138671875,12059.17578125,17176.45703125,22988.08984375,17955.001953125,16696.744140625,76.67913818359375,10039.6416015625,13593.796875,5445.5849609375,38060.05078125,14462.6630859375,9314.3359375
2016-01-15,12636.4169921875,5562.970703125,13069.1123046875,26315.7421875,84690.5234375,8344.91796875,8331.205078125,45863.8828125,11120.6494140625,4159.57763671875,3878.764404296875,5237.08154296875,1795.604248046875,2159.5576171875,2492.6796875,5818.5947265625,5384.66650390625,31218.775390625,15638.58984375,11725.6923828125,16688.708984375,22850.1640625,17790.640625,16145.3251953125,74.90963745117188,9860.7333984375,12964.521484375,5246.6591796875,37639.046875,14238.96484375,9011.494140625
2016-01-19,12860.8447265625,5619.5361328125,12676.46875,26385.650390625,85989.9765625,8772.759765625,8227.1162109375,47111.55078125,11700.0068359375,4394.61328125,3978.218994140625,5117.39990234375,1865.5889892578125,2169.464111328125,2590.39306640625,5880.98095703125,5398.392578125,31885.873046875,15302.822265625,11950.66796875,16986.720703125,23938.525390625,16903.884765625,16733.923828125,78.52239227294922,9992.92578125,12836.8701171875,5433.64892578125,37695.91015625,14230.017578125,8965.669921875
2016-01-20,12554.9892578125,5198.21826171875,13315.888671875,25621.646484375,84573.1171875,8697.7158203125,8183.20556640625,45913.796875,11602.115234375,4250.431640625,3938.437255859375,5178.23876953125,1773.6090087890625,2154.605224609375,2343.119140625,5617.69677734375,5183.51318359375,30987.64453125,14745.8671875,11716.7314453125,16767.1875,22348.05859375,16693.658203125,16253.365234375,76.1041259765625,9851.787109375,12576.58203125,5356.068359375,35984.9609375,14089.8349609375,8647.8876953125
2016-01-21,12187.5634765625,5344.50927734375,13096.087890625,25962.201171875,83362.2421875,8571.9306640625,8543.466796875,45215.109375,11253.501953125,4468.6806640625,3985.181884765625,5023.6484375,1792.6048583984375,2151.6337890625,2434.849609375,5609.111328125,5167.6748046875,30743.376953125,14735.90625,11211.03125,16465.1953125,22322.556640625,16473.880859375,15992.392578125,74.05438995361328,9790.1650390625,13130.0673828125,5261.57861328125,36713.23828125,13949.650390625,8847.125
2016-01-22,12708.908203125,5485.92333984375,13010.1650390625,26027.119140625,84832.8203125,8941.4658203125,8416.7265625,45514.55078125,11926.75390625,4573.3603515625,4022.974365234375,4848.11572265625,1956.568603515625,2179.37109375,2602.357421875,5781.39013671875,5333.98095703125,31826.720703125,14945.13671875,12243.337890625,17085.06640625,23513.552734375,16497.765625,16749.359375,74.98339080810547,10168.8486328125,13362.43359375,5485.3701171875,39482.6875,14106.734375,9104.142578125
2016-01-27,13052.5,5656.59765625,14465.841796875,26151.955078125,86444.6796875,9338.8037109375,8521.509765625,43912.5546875,12371.2607421875,5352.54150390625,4027.94677734375,5824.52197265625,2132.530029296875,2179.37109375,2714.029541015625,5648.603515625,5240.00537109375,29719.1796875,14801.6640625,12528.0439453125,17384.0703125,23490.81640625,16148.9892578125,16446.98828125,76.67913818359375,10316.9453125,13350.46484375,5346.12158203125,40528.21875,14117.6708984375,8955.708984375
2016-01-28,13604.6298828125,6329.537109375,13188.0029296875,25965.19921875,87082.4609375,9580.93359375,8474.6044921875,45215.109375,12781.8046875,5431.54638671875,4196.02685546875,5450.51513671875,2132.530029296875,2206.1171875,2979.25048828125,5759.06982421875,5275.37841796875,28898.73046875,15401.4599609375,12971.0283203125,18178.767578125,24319.90234375,16053.4296875,17089.60546875,78.58145141601562,10635.00390625,13885.001953125,5593.783203125,42399.7890625,14391.080078125,8967.6640625
2016-01-29,14295.7861328125,6144.23583984375,13510.7119140625,26865.02734375,86971.0234375,9845.462890625,8672.19921875,48009.859375,12835.7451171875,5994.45068359375,4447.64892578125,5315.87255859375,2060.5458984375,2257.6298828125,3278.372314453125,5872.96728515625,5385.1943359375,28370.75,16262.3037109375,13886.86328125,18619.830078125,25073.623046875,16364.94140625,17595.423828125,83.01996612548828,11152.8369140625,14547.1904296875,5768.83837890625,41701.44921875,14439.79296875,9314.3359375
2016-02-01,14150.80078125,6074.01513671875,14072.19921875,26059.076171875,87886.3984375,9759.6259765625,8892.7470703125,46809.12109375,12802.7822265625,6216.650390625,4424.7744140625,5845.4658203125,1969.5660400390625,2290.3203125,3362.12646484375,5821.45703125,5297.55322265625,29015.9375,15742.2109375,12642.5224609375,18425.126953125,24784.193359375,17200.10546875,17297.2578125,82.0909423828125,11016.6689453125,14360.697265625,5695.23583984375,40875.3984375,14702.26171875,9238.6259765625
2016-02-02,13585.759765625,5653.67138671875,13707.53125,25067.369140625,88428.6796875,9602.525390625,8657.23046875,45302.93359375,12110.548828125,5895.69482421875,4167.185546875,5558.22802734375,1919.5767822265625,2217.014404296875,3240.483642578125,5603.38671875,5189.8486328125,28754.13671875,14913.2509765625,12509.130859375,17781.41796875,24218.40625,17200.10546875,16837.044921875,77.85884094238281,10416.3369140625,13854.083984375,5300.369140625,39153.4609375,14322.474609375,9042.3759765625
2016-02-03,13653.287109375,6171.54345703125,14601.7197265625,24767.75390625,89561.953125,9806.86328125,8697.1494140625,45314.91796875,12486.1328125,5989.513671875,4165.19580078125,5844.46728515625,2012.5565185546875,2253.66796875,3190.63037109375,5654.89990234375,5226.806640625,29137.529296875,14641.251953125,12679.3564453125,17824.13671875,23993.29296875,17388.3515625,16979.46484375,78.15376281738281,10386.51953125,14011.65625,5362.03515625,39861.79296875,14762.9091796875,9065.2900390625
2016-02-04,14231.236328125,7226.79052734375,16161.2978515625,25395.943359375,86224.796875,9945.33984375,9230.0537109375,46911.91796875,13027.53125,7114.33740234375,4415.82470703125,6427.9169921875,2186.517578125,2318.05810546875,3788.873291015625,5835.1923828125,5346.125,29170.388671875,15292.861328125,13814.1953125,18624.794921875,24251.6875,17295.66015625,17538.591796875,82.72501373291016,10822.8544921875,14758.6142578125,5581.8486328125,42147.3984375,15061.16796875,9612.197265625
2016-02-05,14448.7138671875,8069.42919921875,15505.896484375,25132.283203125,86310.3671875,9749.9091796875,9041.4453125,49360.32421875,12898.6748046875,7162.7265625,4532.18701171875,6183.56640625,2345.482421875,2302.207763671875,3724.0634765625,5902.73046875,5403.6728515625,29712.607421875,15096.580078125,14052.1142578125,19000.287109375,24320.65625,17112.1953125,17460.0234375,84.12590026855469,10953.0576171875,14493.3388671875,5545.046875,41466.99609375,15110.87890625,9381.080078125
2016-02-10,14299.755859375,7337.97265625,16485.00390625,24407.2265625,84354.2265625,9684.3154296875,8981.568359375,48429.06640625,12504.11328125,6122.83349609375,4364.107421875,6203.51318359375,2085.540283203125,2276.451904296875,3156.7294921875,5564.46630859375,5134.9404296875,29622.7890625,15325.7392578125,14135.7353515625,18402.27734375,22265.1484375,16804.5,16818.107421875,82.50382995605469,11033.56640625,14620.9873046875,5346.12158203125,39177.4140625,15062.1650390625,9293.416015625
2016-02-12,14548.0166015625,8043.095703125,18071.55859375,25068.3671875,84649.71875,9630.0595703125,8931.6669921875,48469.0,12834.7451171875,6739.06591796875,4415.82470703125,6931.57861328125,2196.51611328125,2337.8701171875,3515.675537109375,5556.45458984375,5094.81591796875,30333.69921875,15393.490234375,13847.044921875,18243.33984375,21857.767578125,17008.994140625,16773.912109375,81.70755767822266,11060.400390625,14587.0791015625,5331.203125,40773.63671875,14863.3251953125,8611.029296875
2016-02-16,14995.876953125,8676.0498046875,17386.185546875,26290.775390625,85798.9296875,9816.8525390625,9270.97265625,50190.765625,12166.4873046875,7011.630859375,4528.20849609375,6582.505859375,2343.48291015625,2396.31689453125,3340.190673828125,5809.4365234375,5316.03125,31381.994140625,15917.5673828125,14832.56640625,19043.998046875,22485.86328125,17481.99609375,17424.94140625,85.24662780761719,11625.9443359375,14587.0791015625,5499.2939453125,42750.96484375,15111.875,8656.853515625
2016-02-17,14989.9169921875,9495.28125,16754.755859375,26476.533203125,85962.109375,9906.4677734375,9424.6572265625,49606.859375,11532.1943359375,7154.82666015625,4611.75048828125,6552.5859375,2618.42236328125,2465.6611328125,3451.86279296875,5927.91357421875,5444.326171875,31930.783203125,16364.9248046875,15131.2060546875,19211.880859375,22911.837890625,17246.92578125,17594.720703125,85.68900299072266,11513.630859375,15098.6796875,5639.5361328125,43596.96875,15211.2939453125,8811.26171875
2016-02-18,15634.3994140625,9419.2109375,15808.6220703125,27393.33984375,83568.1796875,9830.078125,9232.0517578125,49606.859375,12346.2890625,7433.3173828125,4731.0986328125,5584.16015625,2601.4267578125,2467.64208984375,3409.986083984375,6064.1357421875,5541.46923828125,31595.59765625,16220.4541015625,15300.439453125,19817.841796875,22981.3046875,16981.28125,17410.212890625,89.02156829833984,11948.970703125,15058.791015625,5743.9736328125,44125.71875,15285.8603515625,8828.1982421875
2016-02-19,15032.62109375,9354.83984375,16989.544921875,26409.62109375,83319.46875,9627.359375,9231.052734375,48059.76171875,12227.4208984375,7159.76416015625,4598.8232421875,6143.67236328125,2578.43115234375,2446.8388671875,3417.96240234375,5939.36181640625,5422.150390625,31381.994140625,15924.5390625,12542.974609375,19188.041015625,22862.71875,16357.296875,16912.11328125,85.14337158203125,11266.1435546875,14518.2705078125,5450.5576171875,43394.4453125,14992.568359375,8467.580078125
2016-02-22,15253.0751953125,9981.9443359375,17021.521484375,26378.662109375,82879.671875,9636.5361328125,9161.1962890625,48410.109375,11875.8125,7130.1376953125,4559.0390625,5809.5615234375,2780.38720703125,2455.754638671875,3390.044189453125,5923.90869140625,5411.59326171875,31270.263671875,16240.380859375,12766.9580078125,18996.322265625,23231.916015625,16430.875,17152.748046875,85.89540100097656,11327.7666015625,14430.5087890625,5532.1181640625,43596.96875,15012.4541015625,8520.3779296875
2016-02-23,14653.2802734375,9786.8876953125,18033.59765625,28862.427734375,81682.703125,9447.5888671875,9123.2734375,47410.98828125,11936.7431640625,7074.8349609375,4493.3984375,5984.09716796875,2797.3837890625,2468.633056640625,3390.044189453125,5817.4501953125,5324.47998046875,30265.78125,15946.4599609375,12732.115234375,18377.447265625,22787.34765625,16430.875,17000.5078125,84.02267456054688,10808.9384765625,15061.783203125,5321.2568359375,42250.1484375,15044.26953125,8282.287109375
2016-02-24,14498.3642578125,8688.7265625,19846.9453125,27941.626953125,82679.703125,9425.181640625,9063.3974609375,46911.91796875,11936.7431640625,6912.8759765625,4405.8779296875,6695.20654296875,2510.4462890625,2375.514404296875,3312.272705078125,5695.537109375,5191.96044921875,30178.154296875,15443.30859375,12846.5947265625,18248.306640625,22797.142578125,16521.654296875,16490.484375,81.89926147460938,10828.81640625,14859.333984375,5194.93798828125,40980.1484375,14913.0341796875,8237.4599609375
2016-02-25,14683.072265625,9280.72265625,19669.10546875,28193.30078125,83214.9765625,9557.98828125,9236.0419921875,47204.359375,11512.212890625,6912.8759765625,4503.34326171875,6668.27783203125,2601.4267578125,2375.514404296875,3340.190673828125,5781.39013671875,5290.16162109375,30550.583984375,16108.8662109375,12791.8427734375,18581.091796875,22486.994140625,16478.658203125,16523.458984375,85.3350830078125,10861.615234375,15674.107421875,5350.10009765625,41501.91796875,15192.404296875,8367.9580078125
2016-02-26,14382.1806640625,9720.5712890625,19749.037109375,28313.142578125,86345.1796875,9738.841796875,9151.2197265625,47810.234375,11886.7998046875,6912.8759765625,4515.27880859375,6709.17041015625,2790.385009765625,2401.270263671875,3090.922607421875,5953.09814453125,5512.431640625,30975.60546875,16439.650390625,13040.7119140625,18476.7890625,23365.19921875,16737.611328125,16710.771484375,85.0990982055664,10943.1181640625,15667.125,5268.54150390625,43321.609375,15116.8466796875,8367.9580078125
2016-02-29,13505.3271484375,10138.962890625,20407.443359375,28082.443359375,85666.609375,9644.3662109375,9231.052734375,47311.16796875,11394.3466796875,7130.1376953125,4408.861328125,6537.6259765625,2919.356201171875,2396.31689453125,3336.2021484375,5897.00732421875,5444.326171875,30860.5859375,16424.7109375,13319.4453125,18094.3359375,23676.734375,16894.32421875,16913.521484375,84.42083740234375,10852.6708984375,15381.90625,5321.2568359375,42613.2890625,14943.85546875,8049.45849609375
2016-03-01,13792.3134765625,10517.369140625,20131.689453125,28771.544921875,86443.6796875,9898.6435546875,9555.388671875,49906.296875,11396.34375,7232.8427734375,4624.67919921875,6587.4931640625,2789.38525390625,2413.15771484375,3650.280029296875,6129.95751953125,5638.615234375,31226.44140625,16970.703125,13671.8427734375,18462.876953125,24240.89453125,16951.658203125,17304.27734375,86.23461151123047,11116.0615234375,15946.361328125,5586.82177734375,43417.390625,14803.6669921875,8120.19775390625
2016-03-02,14341.4638671875,10831.4111328125,19503.255859375,29595.47265625,86591.9296875,9571.484375,9776.9326171875,51491.33203125,11175.5869140625,7028.419921875,4680.37548828125,6083.83154296875,2883.364013671875,2409.195068359375,3813.7998046875,6141.4052734375,5596.3779296875,31514.533203125,17221.77734375,13513.5625,18815.533203125,25111.3046875,16803.546875,17594.720703125,88.2695541381836,11430.138671875,16292.4140625,5559.96728515625,44893.90625,14530.2666015625,8135.1435546875
2016-03-03,14102.140625,11628.2109375,20201.62109375,30166.73046875,87003.8515625,9541.5205078125,9779.9267578125,51920.51953125,11197.5625,7213.091796875,4773.86328125,6233.43505859375,3199.294677734375,2413.15771484375,4387.11572265625,6262.744140625,5717.28076171875,31547.3984375,17137.08984375,14098.900390625,19167.1796875,24897.751953125,16793.990234375,17889.36328125,89.71463775634766,12149.7421875,16969.55859375,5730.04736328125,46809.37890625,14440.7880859375,8334.4130859375
2016-03-04,13803.236328125,12035.8740234375,21855.12109375,30660.087890625,88483.3984375,9156.0615234375,9409.6865234375,52491.453125,10987.798828125,7209.1416015625,4801.7099609375,6722.134765625,3279.27685546875,2397.30810546875,4500.78271484375,6240.42138671875,5688.24365234375,32290.076171875,17186.912109375,14145.689453125,18923.802734375,25148.9921875,17362.55078125,17739.935546875,89.2132797241211,12125.888671875,16358.232421875,5739.0,47718.22265625,14619.7451171875,8463.9375
2016-03-07,13893.6044921875,12803.4140625,20980.912109375,31104.509765625,87016.7890625,9156.0615234375,9281.947265625,53000.48828125,11437.296875,8542.3408203125,4899.17724609375,6535.83447265625,3485.231689453125,2438.913818359375,4949.46484375,6318.26318359375,5718.337890625,32226.5390625,18033.80078125,14715.1015625,18789.69921875,24671.640625,17824.111328125,17920.234375,91.64633178710938,12725.2275390625,16765.119140625,6082.14599609375,48485.41796875,14565.0615234375,8537.6669921875
2016-03-08,13991.912109375,11673.0703125,20381.458984375,30572.203125,86528.2734375,9136.3564453125,9267.978515625,53100.31640625,11367.3740234375,7999.1845703125,4535.16943359375,6480.97900390625,3254.282470703125,2398.29833984375,4855.73974609375,6194.06005859375,5672.9326171875,32006.3671875,17934.166015625,14733.0185546875,18923.802734375,24662.341796875,17776.328125,17427.74609375,85.57105255126953,12835.5498046875,16643.451171875,6156.74365234375,49133.87890625,14430.845703125,8569.548828125
2016-03-09,13704.9267578125,11049.8720703125,19841.953125,30351.490234375,86961.0546875,9350.6796875,9335.837890625,53514.5234375,11386.35546875,7787.849609375,4326.314453125,5999.2451171875,3061.324951171875,2426.0361328125,4559.6103515625,6124.80517578125,5622.77587890625,31905.587890625,17585.44140625,14764.875,18402.27734375,23771.951171875,17508.720703125,17011.03125,84.05213928222656,12439.9697265625,16970.556640625,6223.3828125,47607.49609375,14466.6376953125,8606.4150390625
2016-03-10,13554.9755859375,10825.55859375,21080.82421875,30281.578125,87259.5859375,9415.1943359375,9335.837890625,53599.36328125,11203.556640625,7880.67822265625,4345.21044921875,6263.55029296875,3020.334228515625,2455.754638671875,4696.208984375,6178.607421875,5661.3173828125,31860.6796875,17394.146484375,14683.24609375,17980.099609375,23593.447265625,17618.62890625,17728.712890625,84.15541076660156,12169.62109375,16828.94921875,5900.1298828125,46509.08203125,14702.26171875,8409.1396484375
2016-03-11,13535.1181640625,10900.65234375,21012.884765625,30240.62890625,88401.796875,9434.08984375,9132.2578125,53898.80859375,11237.5205078125,7899.44287109375,4352.171875,6294.4697265625,3036.330810546875,2476.5576171875,4961.4296875,6211.80517578125,5691.41162109375,31876.017578125,16844.1640625,14437.3623046875,17285.728515625,24357.087890625,17653.994140625,17356.19140625,84.08161926269531,12125.888671875,16733.208984375,5929.96728515625,46979.96875,14773.845703125,8369.283203125
2016-03-14,13366.2998046875,11898.3603515625,20420.423828125,30829.8671875,88468.796875,9567.7080078125,9181.15625,54316.015625,11156.4580078125,7874.7529296875,4351.17626953125,6064.07421875,3321.26806640625,2516.182861328125,4588.52490234375,6290.78955078125,5783.8046875,32557.34765625,17262.62890625,14428.40625,17377.1171875,25065.958984375,17871.900390625,17485.978515625,83.68353271484375,11977.794921875,16614.0859375,6098.0595703125,46190.8359375,14888.1787109375,8329.4287109375
2016-03-15,13425.8857421875,10751.4365234375,20636.23046875,30859.830078125,90713.0078125,9304.5234375,9131.2607421875,54431.8046875,11088.52734375,7703.90625,4277.580078125,6030.16162109375,3156.304443359375,2491.416748046875,4195.677734375,6319.97998046875,5812.3134765625,33792.95703125,17037.45703125,13843.064453125,17178.44140625,25287.04296875,17824.111328125,17021.556640625,82.28266143798828,11731.2998046875,16387.685546875,5934.94091796875,46190.8359375,14967.7138671875,8209.8701171875
2016-03-16,13480.498046875,10944.541015625,21019.87890625,30576.19140625,90566.75,9609.81640625,9017.4912109375,54235.1796875,11089.5263671875,7766.12353515625,4319.3505859375,6216.671875,3302.272216796875,2446.8388671875,4429.990234375,6336.57861328125,5847.15869140625,34176.33984375,16657.84765625,14190.4853515625,17284.736328125,25705.984375,18013.34375,17020.8515625,82.57759857177734,11938.037109375,16632.033203125,6107.01220703125,47201.44921875,15072.1044921875,8145.107421875
2016-03-17,14379.201171875,11698.4296875,21459.48046875,30927.73828125,88849.953125,9767.18359375,9060.4013671875,56672.59765625,11380.224609375,7805.62548828125,4610.755859375,6487.9599609375,3492.229736328125,2501.3232421875,4748.0556640625,6396.103515625,5866.16650390625,33769.94921875,17137.08984375,14085.9599609375,18019.830078125,26380.0625,17920.638671875,17538.591796875,87.41429138183594,12424.0673828125,17209.50390625,6373.57177734375,47045.81640625,15335.5712890625,8399.1748046875
2016-03-18,14895.580078125,11698.4296875,20606.255859375,31546.935546875,87879.6015625,9986.638671875,9746.9931640625,57544.95703125,12053.5302734375,7266.41943359375,4763.91748046875,5685.0693359375,3548.2177734375,2526.08837890625,4706.17919921875,6436.73974609375,5828.15283203125,31922.01953125,18290.85546875,14533.9248046875,18374.466796875,27309.640625,17920.638671875,18216.2890625,88.4907455444336,13068.130859375,17717.166015625,6628.1962890625,47377.02734375,15549.32421875,8843.5439453125
2016-03-22,14696.9736328125,11672.0986328125,21160.75,31813.5859375,85904.0703125,10024.42578125,9555.388671875,57724.609375,11992.5947265625,7553.79833984375,4768.890625,5814.728515625,3459.2373046875,2523.116943359375,4833.80419921875,6397.248046875,5808.08935546875,31766.478515625,17934.166015625,14633.47265625,18878.107421875,27176.736328125,17957.912109375,17721.0,89.36071014404297,13231.1357421875,17647.349609375,6663.0078125,47613.47265625,15567.21875,8851.515625
2016-03-23,14374.234375,10894.80078125,20117.697265625,31485.01171875,86384.8125,9964.775390625,9580.3369140625,56893.1875,12047.53515625,7313.82373046875,4572.962890625,5595.3056640625,3295.273193359375,2526.08837890625,4284.41796875,6315.97412109375,5748.95849609375,31593.404296875,17635.259765625,14130.7548828125,18625.7890625,26841.3359375,17943.578125,17645.9296875,87.08987426757812,12874.314453125,17574.546875,6492.92724609375,45360.8046875,15539.3828125,8725.974609375
2016-03-24,14101.1513671875,10749.4853515625,20179.640625,31494.005859375,87566.125,10040.083984375,9533.43359375,56704.53515625,12035.548828125,7205.19189453125,4471.57421875,5585.3310546875,3275.27734375,2421.932861328125,4536.6767578125,6274.19140625,5748.95849609375,31902.3046875,17386.177734375,12699.72265625,18833.40234375,26721.62109375,18015.25390625,17481.76953125,86.22602844238281,12463.82421875,17631.388671875,6407.3896484375,45292.95703125,15411.1259765625,8629.330078125
2016-03-29,13979.9990234375,10325.23828125,20334.5078125,31259.306640625,86835.6015625,9752.609375,9663.166015625,56118.6328125,12257.3203125,7031.3818359375,4424.8193359375,5555.41015625,3131.309326171875,2432.833251953125,4267.46826171875,6198.63916015625,5643.3671875,31813.576171875,17013.54296875,12813.2724609375,18343.671875,25839.90234375,18034.37109375,17030.677734375,85.64262390136719,12599.994140625,17754.0703125,6318.8681640625,44351.171875,15571.193359375,8636.3046875
2016-03-30,14479.4970703125,11205.912109375,20829.052734375,31929.435546875,86485.328125,10107.02734375,9680.1318359375,56822.3203125,12285.2919921875,7136.0634765625,4715.2978515625,5815.7255859375,3249.283935546875,2437.78857421875,4513.74365234375,6328.56591796875,5754.23779296875,31813.576171875,17635.259765625,13149.94140625,19122.48046875,26003.201171875,18038.189453125,17551.22265625,89.71161651611328,13200.322265625,17553.6015625,6591.3955078125,44842.01953125,15885.361328125,8971.07421875
2016-03-31,14854.8662109375,11266.3828125,20431.4140625,31976.375,85647.328125,10068.4296875,9698.09375,57195.609375,12137.4423828125,7110.38623046875,4811.7919921875,5829.6884765625,3303.272216796875,2434.815673828125,4686.23828125,6290.78955078125,5744.2060546875,30976.69921875,17678.109375,13466.685546875,19296.32421875,25890.1484375,17950.263671875,17551.22265625,91.64134979248047,13167.5234375,17316.2265625,6812.2021484375,44049.8984375,15959.931640625,8934.2109375
2016-04-01,14647.3203125,10849.9384765625,19931.87109375,31369.166015625,85184.53125,9933.462890625,9835.8134765625,57200.60546875,11911.67578125,7182.4775390625,4682.46875,5686.06689453125,3124.3115234375,2432.833251953125,4535.6796875,6215.8115234375,5649.173828125,31021.60546875,17704.005859375,13008.5,18784.73046875,25613.787109375,18185.37109375,17604.537109375,88.63448333740234,12821.63671875,17369.083984375,6621.2333984375,43408.4140625,15839.6328125,8958.1220703125
2016-04-04,14394.4990234375,11301.4931640625,19995.80859375,32193.091796875,86015.546875,9884.2548828125,10059.3515625,59208.83203125,12181.396484375,7025.45703125,4677.49560546875,5582.33837890625,3141.3076171875,2437.78857421875,4389.1103515625,6307.38818359375,5738.3994140625,30334.794921875,17961.06640625,13201.734375,18973.470703125,25877.58203125,18301.966796875,17824.81640625,90.14537811279297,12821.63671875,17653.333984375,6535.1171875,43318.3125,15996.71484375,9080.6748046875
2016-04-05,14031.90625,10728.029296875,20291.544921875,31109.501953125,86689.3203125,9695.2109375,9994.4873046875,58677.8359375,11821.771484375,6804.244140625,4551.15771484375,5726.95751953125,2989.3408203125,2430.850830078125,4277.43798828125,6221.53466796875,5668.18017578125,29848.435546875,17734.89453125,12726.615234375,18438.044921875,25814.7734375,18158.609375,17506.32421875,86.85430145263672,12467.7998046875,17254.390625,6262.48876953125,40727.09765625,15873.4345703125,8798.7080078125
2016-04-06,13113.0009765625,10614.8994140625,21180.73828125,30876.806640625,87507.3984375,9506.1669921875,10136.1953125,58889.4296875,11837.751953125,6853.623046875,4466.60107421875,5815.7255859375,2938.352294921875,2357.52001953125,4417.0283203125,6082.4521484375,5569.451171875,30013.837890625,16838.189453125,12377.0009765625,17880.759765625,26066.01171875,18101.267578125,17260.783203125,85.04419708251953,12080.1689453125,16767.677734375,6318.208984375,41008.46875,15761.0888671875,8727.966796875
2016-04-07,12914.318359375,10722.1796875,21980.005859375,31144.458984375,88210.0078125,9633.0986328125,10181.1044921875,58537.0859375,11712.8818359375,6523.779296875,4372.0966796875,5978.298828125,2860.36962890625,2399.140380859375,4436.96923828125,5927.34375,5473.890625,29904.302734375,16643.896484375,12574.220703125,17518.17578125,26241.251953125,18269.4765625,17128.189453125,84.04190826416016,11826.71875,16695.87109375,6119.2109375,41902.4765625,15734.2431640625,8558.5908203125
2016-04-08,13485.529296875,11149.34765625,21407.525390625,32057.271484375,87766.171875,9762.7294921875,10278.90234375,59169.90625,11831.759765625,6937.56494140625,4500.42236328125,6051.10693359375,2871.36669921875,2388.239501953125,4436.96923828125,6066.99609375,5543.0546875,29927.30859375,17059.373046875,12906.9013671875,17880.759765625,26390.73828125,18275.20703125,17446.6953125,85.35840606689453,12207.3916015625,16730.771484375,6321.19482421875,41841.60546875,15875.4208984375,8548.6259765625
2016-04-11,13583.8779296875,11796.93359375,22669.37890625,31857.52734375,87381.015625,9591.77734375,10129.2099609375,59259.734375,11841.7490234375,7549.77392578125,4534.24609375,6233.62939453125,2949.349853515625,2388.239501953125,4786.94189453125,6011.478515625,5490.78515625,30008.361328125,17169.966796875,12826.220703125,17483.98046875,25980.08984375,17798.3046875,17203.63671875,86.54017639160156,12180.5556640625,16838.486328125,6477.40869140625,41756.796875,15954.95703125,8438.03125
2016-04-12,13758.716796875,12836.576171875,23059.02734375,32437.7734375,86724.15625,9800.265625,10378.697265625,59288.6875,12100.4814453125,7703.85107421875,4664.56396484375,6124.91357421875,3090.31884765625,2427.87841796875,4810.8720703125,6016.63037109375,5490.78515625,29794.763671875,17828.5546875,12894.9482421875,17911.26953125,26114.251953125,18102.220703125,17698.978515625,88.29045104980469,12523.4599609375,17007.04296875,6513.22705078125,43986.82421875,16304.9150390625,8510.765625
2016-04-13,13808.3876953125,14019.5830078125,22632.408203125,33306.640625,86157.875,9636.87890625,10418.6162109375,60896.66796875,12287.2900390625,7886.5693359375,4718.28173828125,6154.83544921875,3244.284912109375,2429.861083984375,4742.07373046875,6190.626953125,5638.615234375,30610.8359375,18830.873046875,13396.9609375,18190.49609375,26568.48828125,17871.900390625,17835.095703125,89.23281860351562,12933.94921875,16845.47265625,6692.32568359375,45776.82421875,16460.013671875,8872.4375
2016-04-14,13662.3583984375,13762.1123046875,22023.966796875,33355.578125,85840.4140625,9857.2490234375,10466.517578125,60885.68359375,12578.9873046875,7703.85107421875,4632.72998046875,5895.51611328125,3259.281982421875,2440.76123046875,4662.3076171875,6224.96826171875,5681.90869140625,30677.650390625,18660.494140625,13576.251953125,18151.73828125,26681.544921875,17871.900390625,18097.501953125,88.88878631591797,12820.640625,17162.638671875,6666.45654296875,45649.10546875,16432.173828125,8842.5478515625
2016-04-15,13908.7216796875,13558.27734375,21830.142578125,33080.9375,87331.25,9767.5869140625,10515.4169921875,59896.5390625,12621.94140625,7579.40478515625,4639.69384765625,5846.64453125,3199.294677734375,2428.869384765625,4616.443359375,6223.82421875,5677.15576171875,30192.39453125,18683.40625,14202.771484375,18021.56640625,26882.5390625,17999.9609375,18284.12890625,88.6194839477539,12769.9541015625,16873.396484375,6713.2216796875,44748.12109375,16465.978515625,8817.6376953125
2016-04-18,14493.8369140625,13873.2939453125,21838.138671875,32970.078125,87835.8359375,9985.5263671875,10478.4921875,60792.76171875,12663.8984375,7643.60205078125,4703.3603515625,5888.5341796875,3227.28857421875,2446.70654296875,4643.36328125,6238.70458984375,5746.318359375,29911.359375,18681.421875,14019.49609375,18085.1640625,26731.794921875,17919.68359375,18374.634765625,88.64949035644531,12682.1767578125,16825.521484375,6741.0810546875,44696.23828125,16642.9453125,8752.876953125
2016-04-19,14205.75,14738.361328125,21505.4375,32957.09765625,87778.0859375,10059.794921875,10668.1015625,62053.54296875,12835.720703125,7605.08251953125,4709.3291015625,5940.3994140625,3465.23583984375,2476.436279296875,4825.82763671875,6207.796875,5726.25634765625,29943.138671875,19383.837890625,14343.216796875,18279.927734375,26232.205078125,17489.607421875,18409.716796875,88.46990966796875,12834.2890625,16875.388671875,6765.95654296875,44675.28515625,16503.759765625,8900.333984375
2016-04-20,14901.1376953125,15945.75390625,22249.76171875,32814.28515625,86923.1875,10050.611328125,10720.9951171875,61391.70703125,13049.4990234375,7842.125,4792.89208984375,6233.62939453125,3488.2314453125,2477.4267578125,5630.46533203125,6349.16943359375,5812.3134765625,29771.119140625,19662.822265625,14741.63671875,18707.208984375,25411.283203125,17489.607421875,18635.63671875,90.5792465209961,13002.3115234375,16905.31640625,6985.85009765625,45713.97265625,16701.6015625,9184.2919921875
2016-04-22,14377.6103515625,14688.623046875,21852.126953125,31958.400390625,85259.171875,9708.7138671875,10318.818359375,59495.05078125,12762.796875,8896.9609375,4716.29248046875,6035.14990234375,3341.26416015625,2471.48095703125,5653.39794921875,6368.05859375,5853.49560546875,29144.404296875,17950.10546875,14679.8837890625,18216.33203125,24974.12890625,16690.6328125,18254.66015625,88.75413513183594,12847.2138671875,16831.51171875,6934.109375,46119.0625,16541.53515625,8728.9658203125
2016-04-26,14386.55078125,13687.013671875,20716.154296875,32657.48828125,86450.484375,9690.6171875,10717.0029296875,60666.98828125,12850.705078125,8455.4697265625,4745.14111328125,5754.88525390625,3190.297119140625,2484.363525390625,5443.01513671875,6416.70849609375,5939.552734375,29752.49609375,18202.181640625,14346.203125,18432.95703125,25500.724609375,17107.32421875,18347.26953125,89.33755493164062,12866.1025390625,16854.4453125,7014.70458984375,45855.6484375,16737.390625,9037.8310546875
2016-04-27,14386.55078125,13687.013671875,20716.154296875,32657.48828125,86450.484375,9690.6171875,10717.0029296875,60666.98828125,12850.705078125,8455.4697265625,4745.14111328125,5754.88525390625,3190.297119140625,2484.363525390625,5443.01513671875,6416.70849609375,5939.552734375,29752.49609375,18202.181640625,14346.203125,18432.95703125,25500.724609375,17107.32421875,18347.26953125,89.33755493164062,12866.1025390625,16854.4453125,7014.70458984375,45855.6484375,16737.390625,9037.8310546875
2016-04-28,14867.3623046875,14920.73828125,21989.998046875,33032.00390625,85996.6484375,9654.97265625,10378.697265625,60774.796875,12886.6669921875,8889.056640625,4703.3603515625,6047.1181640625,3184.298095703125,2483.372802734375,5683.31005859375,6366.34130859375,5860.35888671875,30160.078125,17622.30859375,14904.9912109375,18383.26953125,25148.9921875,17107.32421875,18202.740234375,89.39740753173828,12962.5419921875,17039.958984375,6895.3046875,47030.02734375,16726.45703125,9008.9375
2016-05-06,13262.01171875,13418.8154296875,24378.826171875,32357.875,89435.1640625,9762.7294921875,10110.2509765625,54914.125,11865.72265625,7596.1943359375,4195.02197265625,6820.0888671875,3067.32373046875,2335.718505859375,5324.3642578125,5860.376953125,5437.990234375,30429.611328125,17341.337890625,13098.1455078125,16644.3125,23895.935546875,17273.6171875,17002.2734375,79.03054809570312,11582.5751953125,16401.64453125,6402.78271484375,44195.35546875,16285.033203125,8712.025390625
2016-05-09,13659.3759765625,11995.8876953125,21859.1171875,31361.171875,91307.171875,9616.3544921875,10278.90234375,54903.1484375,11804.787109375,6975.93701171875,4204.970703125,6537.830078125,2883.364013671875,2377.33837890625,4716.14990234375,5886.70458984375,5482.33837890625,30943.466796875,17434.99609375,13048.3408203125,16866.89453125,24240.642578125,17299.42578125,17214.8671875,78.64158630371094,11706.8515625,16406.630859375,6372.93359375,43527.84375,16603.1796875,8694.091796875
2016-05-10,13453.7421875,12523.5126953125,21330.595703125,31788.62109375,92224.796875,9649.83984375,10172.123046875,55180.66796875,11717.8779296875,6963.09716796875,4238.7939453125,6104.96728515625,2915.357666015625,2333.736083984375,4686.23828125,5946.80224609375,5536.71826171875,31186.708984375,17454.919921875,13334.208984375,17011.98046875,25143.71875,17107.32421875,17227.490234375,79.35968780517578,11690.9453125,16556.23828125,6431.63818359375,44491.69140625,16563.4140625,8713.0224609375
2016-05-11,13689.177734375,13166.21875,22749.306640625,31696.736328125,91751.0546875,9690.078125,10481.486328125,55303.4453125,11817.7734375,7061.8642578125,4264.6591796875,6444.076171875,2963.346923828125,2356.529296875,5037.20654296875,5906.1650390625,5493.42626953125,32027.068359375,17844.498046875,13163.884765625,17256.427734375,24872.626953125,17159.888671875,17263.98046875,80.0328598022461,11730.712890625,16855.443359375,6481.38720703125,45028.49609375,16648.91015625,9021.8896484375
2016-05-12,13510.3671875,12271.8896484375,23128.95703125,31801.599609375,91259.4140625,9596.09765625,10258.943359375,55566.97265625,11515.0859375,6814.9443359375,4184.07958984375,6375.25634765625,2853.370849609375,2362.473876953125,5035.21240234375,5843.7783203125,5428.48681640625,32282.359375,17435.994140625,12754.505859375,16892.732421875,24306.716796875,17130.259765625,17095.587890625,78.9109115600586,11582.5751953125,16755.708984375,6376.91357421875,44403.89453125,16595.224609375,8868.44921875
2016-05-13,13676.2626953125,12263.111328125,23876.279296875,31265.298828125,91507.2265625,9479.1611328125,10167.1328125,55695.7421875,11586.01171875,6495.9267578125,4176.12255859375,6437.09326171875,2841.373779296875,2311.935302734375,4986.3564453125,5906.1650390625,5531.439453125,32076.37890625,17336.359375,12618.046875,16843.048828125,25160.80078125,16529.11328125,16864.052734375,78.22272491455078,11568.6552734375,16626.052734375,6168.958984375,43984.82421875,16304.9150390625,8806.6787109375
2016-05-16,13578.908203125,13375.9033203125,23689.451171875,30884.794921875,94745.6875,9479.1611328125,10272.9140625,55016.953125,11588.0107421875,6711.23876953125,4134.34033203125,6676.4658203125,3004.337646484375,2273.28759765625,5197.73583984375,6051.5439453125,5661.3173828125,33209.28515625,16760.47265625,12570.236328125,16774.484375,26153.5703125,16581.677734375,16544.123046875,77.93851470947266,11579.59375,16755.708984375,6188.85986328125,45293.90234375,15907.236328125,8580.5087890625
2016-05-17,13476.5888671875,14009.8310546875,23888.26953125,30822.875,93553.4296875,9248.5283203125,10268.9248046875,55150.71484375,11862.728515625,6716.1787109375,4117.43017578125,6680.45458984375,3090.31884765625,2304.00732421875,5324.3642578125,6024.64404296875,5611.689453125,33055.88671875,16654.86328125,12655.89453125,16559.84375,26112.744140625,16898.9765625,16518.861328125,77.02597045898438,11378.7607421875,16577.1796875,6107.26953125,45744.8984375,16295.96875,8673.1669921875
2016-05-18,13680.2373046875,13564.130859375,23478.642578125,30880.80078125,95014.4140625,9477.810546875,10129.2099609375,55449.1796875,11832.7587890625,6724.0791015625,4135.3359375,6681.45263671875,3030.332275390625,2323.826171875,5408.1171875,6138.54150390625,5720.44873046875,33016.4453125,16846.15625,12692.75,16812.240234375,25626.470703125,17489.607421875,16814.244140625,77.04096984863281,11607.431640625,16515.341796875,6234.63037109375,46236.8046875,16285.033203125,8484.8603515625
2016-05-19,13510.3671875,12886.314453125,22308.70703125,30159.740234375,94328.7109375,9479.1611328125,10290.8779296875,55105.796875,11758.8369140625,6518.642578125,4103.50341796875,6276.51708984375,2929.354248046875,2319.862548828125,4937.49951171875,6127.09619140625,5710.41796875,32872.9140625,16937.822265625,12450.7060546875,16743.673828125,25849.8203125,17489.607421875,16849.3203125,77.07089233398438,11466.25390625,16550.25,6159.01025390625,45598.23046875,16276.0869140625,8488.845703125
2016-05-20,14017.0009765625,13394.43359375,22377.6484375,30998.6484375,93899.765625,9327.1181640625,10382.689453125,56517.3046875,11697.896484375,6584.81591796875,4178.11181640625,6147.85400390625,2927.354736328125,2341.663818359375,4985.359375,6253.013671875,5791.7236328125,33684.79296875,17137.08984375,12788.3720703125,17399.51171875,26529.677734375,17636.79296875,16849.3203125,78.73133850097656,11775.453125,16363.7451171875,6150.05517578125,45721.9453125,16406.326171875,8573.533203125
2016-05-23,14117.3349609375,13283.2509765625,22654.392578125,31159.4375,93301.640625,9344.1328125,10417.6181640625,57195.1015625,11885.7041015625,6635.1875,4188.060546875,6155.833984375,2911.358154296875,2364.456298828125,4975.38818359375,6184.3330078125,5765.3251953125,33161.0859375,18314.765625,12696.734375,17454.166015625,26681.041015625,17881.45703125,17099.099609375,78.83606719970703,11887.7998046875,16507.3671875,6145.08056640625,45698.0,16470.947265625,8618.3671875
2016-05-24,14310.05859375,13555.353515625,22083.91015625,31190.39453125,94695.9296875,9182.0947265625,10439.572265625,58245.26171875,11990.5966796875,6500.865234375,4204.970703125,5934.4140625,2964.3466796875,2335.718505859375,4678.26171875,6226.685546875,5822.345703125,33578.515625,18151.373046875,12759.486328125,17583.353515625,27439.283203125,17732.35546875,17040.162109375,79.29985046386719,12070.734375,16195.189453125,6194.830078125,46097.10546875,16295.96875,8537.6669921875
2016-05-25,14502.7802734375,13836.23046875,21067.837890625,31500.990234375,95821.53125,9371.1396484375,10378.697265625,57533.515625,12233.3447265625,6650.0048828125,4349.2158203125,5486.5908203125,3070.323486328125,2386.258056640625,4746.0615234375,6404.1162109375,5989.70849609375,33868.87109375,18233.064453125,12898.93359375,17901.330078125,27699.064453125,17886.232421875,17435.17578125,81.3492660522461,12223.8427734375,16194.1904296875,6323.18359375,47693.55078125,16239.30078125,8643.2783203125
2016-05-27,14534.5693359375,13721.1474609375,21530.4140625,32456.748046875,95597.6171875,10001.193359375,10597.25,58896.10546875,12260.318359375,6543.3349609375,4367.1220703125,5585.3310546875,3060.324951171875,2375.357177734375,4761.01806640625,6291.93408203125,5849.798828125,33941.1875,18336.685546875,12534.3759765625,18085.1640625,28515.591796875,18158.609375,17622.501953125,81.79803466796875,12423.677734375,16707.833984375,6456.51318359375,47842.21875,16492.818359375,8767.8203125
2016-05-31,14498.8046875,13623.6220703125,20990.904296875,32158.13671875,96527.171875,12499.244140625,10747.939453125,59394.2265625,12008.5751953125,6178.8828125,4227.85205078125,5447.6923828125,3017.33447265625,2328.78173828125,4486.8232421875,6073.29345703125,5694.05078125,33743.9609375,18382.515625,12201.6943359375,17588.314453125,29037.791015625,17585.181640625,17056.298828125,79.10537719726562,12329.2265625,16447.517578125,6191.84423828125,47593.7734375,16344.6826171875,8289.576171875
2016-06-01,14581.259765625,12872.6591796875,21422.517578125,31508.98046875,93646.96875,12879.0380859375,11113.1884765625,58743.3828125,12207.369140625,6050.4853515625,4325.34033203125,5629.2158203125,2870.3671875,2393.1943359375,4496.79345703125,6026.93310546875,5605.3525390625,32764.447265625,19837.171875,12390.9443359375,17955.984375,28641.20703125,17507.765625,17462.5390625,81.05003356933594,12500.2353515625,16557.23828125,6326.1689453125,47285.45703125,16697.625,8344.3759765625
2016-06-02,14801.7939453125,12975.0625,21889.08984375,31106.505859375,93154.3203125,13058.4677734375,11077.263671875,59095.7578125,12240.3369140625,6110.73291015625,4437.75146484375,5654.150390625,2884.363525390625,2420.941650390625,4486.8232421875,5914.17724609375,5480.75439453125,32718.423828125,19936.810546875,12474.61328125,18234.216796875,28644.8515625,17537.400390625,17394.474609375,82.33654022216797,12646.384765625,16755.708984375,6419.6982421875,46804.53515625,16762.248046875,8471.9072265625
2016-06-03,15235.9140625,13321.287109375,23592.544921875,31958.400390625,93344.4140625,13407.3564453125,11376.6484375,59495.05078125,12414.1572265625,6242.09326171875,4536.2353515625,6163.81201171875,2953.348876953125,2477.4267578125,4736.09130859375,5843.7783203125,5382.5546875,32395.2109375,20823.55859375,12649.9189453125,18671.44140625,28842.19921875,17585.181640625,17866.669921875,83.65304565429688,12934.703125,17553.6015625,6414.72314453125,48391.98828125,16690.66796875,8643.2783203125
2016-06-06,15300.4873046875,14429.2021484375,23496.625,32028.306640625,92407.8984375,13211.9765625,11276.85546875,59894.34765625,12517.05078125,6637.1650390625,4588.95849609375,6067.0654296875,3104.315673828125,2512.111328125,4648.349609375,5851.79052734375,5405.7841796875,31993.103515625,20310.443359375,12744.5458984375,18613.802734375,28829.638671875,17737.138671875,18077.15234375,84.40095520019531,12880.0224609375,17542.630859375,6447.55712890625,43155.6796875,16851.7265625,8447.0
2016-06-07,15383.9365234375,14147.3466796875,24075.099609375,32258.005859375,92377.0625,13447.23046875,11538.31640625,59096.75390625,12285.2919921875,6551.23681640625,4615.81982421875,6234.62646484375,3047.32861328125,2498.2373046875,4657.322265625,5938.78955078125,5487.08984375,32219.90234375,21122.458984375,12819.248046875,18672.431640625,28992.94140625,18071.642578125,18035.7578125,84.19155883789062,12957.5693359375,17552.60546875,6676.40625,43103.7890625,16951.150390625,8419.1005859375
2016-06-08,14940.87109375,14671.068359375,24803.4375,32052.275390625,91034.4921875,13333.591796875,11683.0234375,57798.03515625,12332.2412109375,6814.9443359375,4484.50732421875,6381.2412109375,3124.3115234375,2474.4541015625,4925.53466796875,5867.244140625,5431.65478515625,31938.32421875,20797.654296875,12848.134765625,18373.330078125,28703.890625,17435.1328125,17365.005859375,83.5782241821289,12537.0205078125,17163.630859375,6338.1083984375,44225.2890625,17010.802734375,8349.3564453125
2016-06-09,14702.4560546875,13977.6494140625,24888.36328125,35004.43359375,91550.0234375,13357.5166015625,11527.3408203125,58473.84765625,12276.2998046875,6780.37744140625,4466.60107421875,6409.1669921875,2963.346923828125,2476.436279296875,4686.23828125,5779.1005859375,5344.013671875,31752.0625,20425.017578125,12321.2197265625,18077.21484375,28264.4765625,17305.15625,17273.802734375,83.5333023071289,12288.46484375,16959.16796875,6268.45947265625,43163.66015625,16772.19140625,8122.19189453125
2016-06-10,14553.4443359375,13633.375,25828.5078125,35204.171875,90864.296875,13357.5166015625,11505.3857421875,57897.8828125,11960.6279296875,6519.630859375,4486.49609375,6738.3037109375,2903.3603515625,2488.3271484375,4550.63623046875,5706.98486328125,5252.67578125,31106.720703125,20454.9140625,13944.7939453125,17854.62890625,28302.537109375,17155.107421875,17256.2578125,84.52068328857422,12193.0205078125,16456.501953125,6206.76904296875,41969.32421875,16573.34765625,8091.3046875
2016-06-14,14218.6640625,12796.58984375,24715.51953125,35111.296875,87854.75,13063.451171875,11311.7841796875,55701.734375,11683.9111328125,6520.6181640625,4292.51220703125,6365.2841796875,2797.3837890625,2393.1943359375,4512.748046875,5485.482421875,5039.908203125,30359.48828125,19329.046875,13638.0087890625,17413.4296875,26894.724609375,16486.111328125,16694.265625,80.25723266601562,11649.1884765625,15858.08203125,5909.26708984375,40526.54296875,16170.69921875,7902.99560546875
2016-06-15,14265.3564453125,13371.025390625,24348.8515625,35701.52734375,88693.7421875,12769.384765625,11326.7529296875,56894.63671875,11782.80859375,6757.6611328125,4317.380859375,6203.70654296875,2954.3486328125,2432.833251953125,4566.5888671875,5559.31689453125,5138.63671875,30677.22265625,19667.798828125,13711.71484375,17450.193359375,27452.34765625,16390.54296875,16904.048828125,81.37916564941406,11804.28515625,15758.3447265625,6065.48095703125,40902.703125,16295.96875,7930.892578125
2016-06-16,14265.3564453125,13371.025390625,24348.8515625,35701.52734375,88693.7421875,12769.384765625,11326.7529296875,56894.63671875,11782.80859375,6757.6611328125,4317.380859375,6203.70654296875,2954.3486328125,2432.833251953125,4566.5888671875,5559.31689453125,5138.63671875,30677.22265625,19667.798828125,13711.71484375,17450.193359375,27452.34765625,16390.54296875,16904.048828125,81.37916564941406,11804.28515625,15758.3447265625,6065.48095703125,40902.703125,16295.96875,7930.892578125
2016-06-17,14506.7548828125,13571.93359375,24217.97265625,35853.32421875,89125.625,13207.9892578125,11558.275390625,56899.63671875,11716.8779296875,6618.39892578125,4401.939453125,6295.466796875,3056.325927734375,2440.76123046875,4686.23828125,5587.93408203125,5207.79931640625,30701.326171875,19839.16796875,14404.9716796875,17743.330078125,27020.09375,16089.4873046875,17024.025390625,82.4263687133789,12074.708984375,16157.2900390625,6124.18505859375,39593.62890625,16235.3232421875,7899.01025390625
2016-06-20,14520.662109375,14093.7060546875,23358.751953125,36006.1328125,91536.0703125,13477.1337890625,11883.607421875,58276.1953125,12181.396484375,6518.642578125,4450.6845703125,6094.99267578125,3177.2998046875,2408.058837890625,4577.55712890625,5734.45703125,5346.125,31543.88671875,20028.703125,14369.1142578125,18251.11328125,27761.748046875,16533.896484375,17470.248046875,83.77269744873047,12278.5244140625,16356.763671875,6158.0146484375,40857.8046875,16173.6669921875,8170.0146484375
2016-06-21,14443.1767578125,13819.6533203125,23178.91796875,36352.67578125,91569.9375,13417.3232421875,11865.6455078125,58940.02734375,12282.2939453125,6570.00146484375,4453.66796875,6019.19091796875,3160.30322265625,2441.752197265625,4473.861328125,5835.7646484375,5385.1943359375,31544.982421875,20074.546875,14729.6865234375,18327.625,27435.38671875,16916.181640625,17610.572265625,83.5782241821289,12463.4482421875,16550.25,6202.78955078125,40808.91015625,16184.60546875,8169.0185546875
2016-06-22,15048.162109375,14142.470703125,22877.185546875,36078.03515625,91679.390625,13555.884765625,11802.775390625,59455.12109375,12412.1572265625,6594.69482421875,4595.923828125,5970.32080078125,3228.288330078125,2472.47216796875,4486.8232421875,5938.216796875,5463.86083984375,31760.828125,20949.517578125,14744.6259765625,18880.11328125,28037.609375,16887.5078125,18027.337890625,85.82210540771484,12773.642578125,16559.2265625,6310.24853515625,40626.3203125,16350.677734375,8140.125
2016-06-23,15216.0478515625,14388.2373046875,23221.87890625,35968.171875,90842.421875,13867.8935546875,11975.421875,59794.51953125,12510.0576171875,6814.9443359375,4595.923828125,6053.10302734375,3261.28125,2449.680419921875,4599.4931640625,5901.01318359375,5463.86083984375,31741.103515625,20977.421875,14740.6435546875,19142.44921875,28013.109375,16880.818359375,18072.9453125,86.39061737060547,12921.77734375,16987.09765625,6239.6044921875,40560.46484375,16549.56640625,8488.845703125
2016-06-24,14510.728515625,13236.4375,25525.78125,35553.71875,89866.09375,13806.0908203125,11742.8984375,57897.8828125,11925.6611328125,6370.49365234375,4410.892578125,6816.0986328125,2892.36279296875,2429.861083984375,4441.95458984375,5357.27392578125,4936.42724609375,30048.318359375,20160.248046875,13865.1083984375,18482.640625,27196.5859375,16247.177734375,17645.65625,82.2767105102539,12532.048828125,16543.267578125,6025.68017578125,39558.7109375,16341.7294921875,8333.416015625
2016-06-27,13824.2822265625,12469.8720703125,26941.49609375,34455.14453125,90788.671875,13059.46484375,11534.07421875,55462.16796875,11363.2451171875,6084.06640625,4232.82470703125,6939.77392578125,2765.390380859375,2377.33837890625,4436.96923828125,4839.86083984375,4513.00439453125,28487.009765625,19134.80078125,13197.7509765625,17676.75390625,26392.62109375,15859.1572265625,17041.56640625,79.06047058105469,11980.26171875,16133.353515625,5691.36376953125,38923.1171875,16119.9677734375,7995.6552734375
2016-06-28,14344.8271484375,12721.4921875,26183.18359375,35254.109375,91909.2890625,13348.5439453125,11576.9892578125,57028.3984375,11708.8876953125,6377.40673828125,4344.2421875,6822.0830078125,2827.376953125,2457.60791015625,4407.0576171875,5170.11181640625,4741.61083984375,28861.7265625,19854.310546875,13845.1875,18270.982421875,26706.671875,15980.533203125,17506.736328125,81.0201187133789,12337.1826171875,16376.712890625,5845.587890625,39210.48046875,16149.7998046875,8211.8603515625
2016-06-29,14128.2646484375,13512.439453125,26838.5859375,35953.1953125,92857.734375,13357.5166015625,11826.4921875,57897.8828125,12044.5390625,6290.490234375,4403.92919921875,7117.3076171875,2921.35595703125,2524.002685546875,4650.34375,5153.51171875,4735.27587890625,29453.3828125,20322.6875,14352.1796875,18531.328125,27523.197265625,16437.365234375,17698.978515625,82.48619079589844,12576.7861328125,16544.265625,5899.31689453125,39382.1015625,16432.224609375,8269.650390625
2016-06-30,14313.0361328125,13751.3837890625,26734.68359375,36180.90234375,92978.171875,13825.02734375,12245.658203125,59395.22265625,12237.3408203125,6662.8427734375,4460.63232421875,7108.33154296875,2968.34521484375,2544.81298828125,4706.17919921875,5159.8095703125,4751.11376953125,29361.34375,20553.888671875,14235.6435546875,18522.38671875,28138.603515625,16056.0361328125,17867.369140625,84.14663696289062,12706.037109375,16588.150390625,6005.78125,39628.546875,16696.748046875,8371.27734375
2016-07-01,13897.7939453125,14186.3564453125,27437.04296875,37277.46875,93484.765625,13666.53125,12205.7373046875,58798.2890625,12331.2431640625,6957.17041015625,4402.93359375,7450.4326171875,3019.334228515625,2515.083740234375,5143.89306640625,5098.5673828125,4746.361328125,30097.619140625,21197.66015625,14167.9091796875,18492.57421875,27900.0546875,16056.0361328125,17590.9296875,83.38374328613281,12725.921875,16629.046875,6036.62548828125,40154.375,16541.611328125,8150.08837890625
2016-07-05,13830.2421875,13903.5263671875,28347.212890625,37182.59765625,95950.8984375,13457.1982421875,11976.1953125,56949.54296875,11907.6806640625,6813.95849609375,4300.47119140625,7709.75146484375,3049.328369140625,2525.984375,5225.6533203125,4865.04443359375,4479.21435546875,29007.447265625,20130.35546875,14258.55078125,18263.03125,27196.5859375,15661.3232421875,17189.60546875,81.43899536132812,12305.3671875,16476.447265625,5866.4814453125,38933.10546875,16648.017578125,7925.9111328125
2016-07-06,13230.2236328125,13507.5673828125,30279.455078125,36802.09375,93252.859375,13162.13671875,12055.0380859375,56170.9140625,11721.8740234375,6575.927734375,4200.9921875,8104.71484375,3032.33154296875,2503.192626953125,5199.7294921875,4720.23828125,4328.21875,28497.96875,20488.11328125,13869.095703125,17840.71484375,26543.36328125,14909.177734375,16663.392578125,79.28484344482422,11932.5380859375,16131.3583984375,5645.59375,38549.953125,16607.24609375,7722.65673828125
2016-07-07,13556.0615234375,14116.138671875,29359.29296875,38012.51953125,93227.984375,13442.244140625,12395.3603515625,56530.28125,11625.97265625,6925.5654296875,4342.25244140625,7830.43408203125,3176.2998046875,2500.21923828125,5139.90478515625,4822.1171875,4419.5556640625,28455.236328125,20937.556640625,13850.16796875,17918.22265625,26431.564453125,14718.0322265625,17014.203125,82.2767105102539,12106.5234375,16261.0146484375,5731.162109375,38416.25390625,16900.611328125,7782.43798828125
2016-07-08,13681.23046875,13663.6064453125,29819.876953125,37645.99609375,92153.1015625,13404.3662109375,12475.2041015625,57498.5625,11884.7041015625,7046.06005859375,4393.97998046875,8078.78271484375,3129.31005859375,2536.885498046875,5075.09619140625,4830.70263671875,4435.3935546875,28496.873046875,20927.59765625,14016.5087890625,18263.03125,26945.349609375,14942.626953125,17379.744140625,83.59310913085938,12338.1787109375,16321.8505859375,5830.662109375,38377.33984375,16915.52734375,7972.73974609375
2016-07-11,13907.7275390625,14720.8046875,30894.896484375,38449.9453125,91759.0234375,13696.439453125,12624.9052734375,58198.33984375,12037.544921875,7403.5986328125,4501.4189453125,8366.029296875,3316.26904296875,2616.163330078125,5136.91455078125,4933.72802734375,4499.8056640625,28983.33984375,20827.9375,13912.91796875,18880.11328125,27448.828125,15310.5771484375,17334.1328125,85.55289459228516,12824.34765625,16540.27734375,5993.84033203125,39782.20703125,16900.611328125,8170.0146484375
2016-07-12,14205.75,15310.8505859375,30313.423828125,38449.9453125,90715.9921875,13855.9287109375,12475.2041015625,59150.6484375,12187.392578125,7886.5693359375,4626.76171875,8228.3896484375,3516.225341796875,2654.810791015625,5065.12451171875,4992.681640625,4562.1044921875,29034.83984375,20967.453125,13894.9892578125,19127.548828125,27824.68359375,15387.033203125,17522.875,87.55738067626953,12842.2421875,16919.271484375,6193.83447265625,39809.14453125,16796.193359375,8219.830078125
2016-07-13,14271.3154296875,15149.9306640625,29872.82421875,38000.53125,91798.828125,14107.1298828125,12310.529296875,58679.4921875,12001.583984375,8137.44091796875,4616.81396484375,8377.994140625,3579.211181640625,2606.253662109375,5220.66796875,5064.2265625,4638.130859375,29431.466796875,20827.9375,13988.6201171875,18880.11328125,27942.384765625,14909.177734375,17533.39453125,87.79676055908203,12843.2373046875,17054.916015625,6157.0205078125,39561.6953125,16808.125,8259.6875
2016-07-14,14414.3671875,15615.134765625,29876.8203125,37450.2421875,90066.1484375,14326.431640625,12470.212890625,59894.34765625,11917.671875,8316.20703125,4625.7666015625,8389.96484375,3549.217529296875,2635.982177734375,5214.68603515625,4997.83203125,4607.509765625,29397.5,21267.419921875,14041.4091796875,18989.419921875,27887.3671875,15100.31640625,17654.080078125,87.94632720947266,12902.888671875,17000.0625,6109.26123046875,39549.72265625,16886.681640625,8201.8974609375
2016-07-15,14503.7744140625,15454.2138671875,30380.36328125,37802.7890625,90801.6171875,14743.1083984375,12637.87890625,60971.4453125,12132.447265625,8197.6904296875,4651.630859375,8467.76171875,3523.2236328125,2601.29833984375,5420.08251953125,4950.89892578125,4509.83544921875,29582.669921875,21604.2578125,14314.3310546875,19227.90625,28188.98046875,15107.0078125,17905.958984375,88.58956909179688,13181.26953125,17468.82421875,6218.7099609375,39667.46484375,16870.775390625,8419.1005859375
2016-07-19,14784.90625,15018.265625,30472.28125,37397.31640625,90115.8984375,14673.3310546875,12385.3828125,61960.6953125,12087.494140625,8148.30419921875,4749.119140625,8647.287109375,3398.2509765625,2611.208740234375,5384.18798828125,4942.88525390625,4528.314453125,29802.89453125,21587.310546875,14144.005859375,19424.65625,28327.158203125,15842.91015625,17888.41796875,90.0855484008789,13380.111328125,17464.83203125,6289.353515625,39998.72265625,16994.078125,8406.1484375
2016-07-20,14860.4072265625,14028.3623046875,29275.3671875,38006.5234375,90115.8984375,14646.416015625,12699.7587890625,61646.2578125,12387.185546875,8007.0673828125,4796.8701171875,8327.12890625,3318.268798828125,2611.208740234375,4985.359375,5016.1474609375,4572.134765625,29785.365234375,21922.150390625,14036.4287109375,19516.076171875,28492.849609375,15922.234375,18277.111328125,90.50442504882812,13595.85546875,19446.59375,6373.9287109375,39907.92578125,16905.578125,8547.630859375
2016-07-21,14950.8076171875,14559.8876953125,29480.185546875,37605.046875,89448.078125,15002.28515625,12465.2236328125,61646.2578125,12579.984375,8433.744140625,4798.859375,8339.1015625,3451.2392578125,2626.072509765625,5214.68603515625,4958.91259765625,4561.576171875,29910.26953125,21924.146484375,14430.8701171875,19774.431640625,27975.4296875,15753.0732421875,18172.5703125,90.14537811279297,13659.486328125,19207.228515625,6414.72314453125,40005.71875,16527.689453125,8618.3671875
2016-07-22,15028.29296875,14073.2255859375,30366.380859375,37652.984375,89921.8125,15443.87890625,12375.4013671875,61334.80859375,12628.935546875,8538.4345703125,4804.82958984375,8356.0556640625,3445.24072265625,2620.126220703125,5159.84716796875,4993.826171875,4570.0234375,30178.705078125,21858.37109375,14523.5009765625,19791.330078125,28095.142578125,16094.2646484375,18280.623046875,91.25241088867188,13610.7685546875,19896.40625,6537.107421875,39960.8046875,16308.9091796875,8595.455078125
2016-07-25,15199.1591796875,14195.1337890625,28863.7421875,38200.2734375,90018.3671875,15594.400390625,12749.6572265625,61399.69140625,12673.888671875,8426.828125,4849.5947265625,7959.09619140625,3461.237060546875,2635.982177734375,5184.77392578125,5023.015625,4593.25390625,30369.34375,22182.251953125,14743.630859375,20072.54296875,28207.068359375,16094.2646484375,18504.4375,93.27189636230469,13774.814453125,19881.447265625,6628.64697265625,39611.5859375,16358.6337890625,8959.1181640625
2016-07-26,15288.56640625,14455.53125,30139.583984375,38423.98046875,89727.7578125,15650.2236328125,12724.7041015625,61391.70703125,12936.6171875,8493.9892578125,4839.64501953125,8229.3857421875,3508.227294921875,2638.95458984375,5383.19140625,5065.943359375,4604.33984375,31672.080078125,22415.443359375,14701.796875,20038.759765625,28452.0234375,16103.82421875,18543.720703125,93.40654754638672,13819.5537109375,19807.642578125,6616.70703125,39164.58984375,16293.9951171875,8967.0908203125
2016-07-27,15419.6962890625,14555.0087890625,30368.37890625,38291.15625,88553.40625,15849.5888671875,12475.2041015625,60886.59375,12934.619140625,8533.498046875,4913.26123046875,8599.4150390625,3537.2197265625,2655.8017578125,5643.42626953125,4928.28515625,4498.69189453125,31313.802734375,22472.248046875,14348.1953125,20037.765625,28622.99609375,15996.7822265625,18611.78515625,94.48367309570312,13888.15234375,20296.349609375,6707.25146484375,39475.88671875,16189.580078125,9148.4228515625
2016-07-28,15343.203125,15319.6259765625,30568.1953125,38190.28515625,88404.1171875,15671.1572265625,12353.4443359375,60852.6640625,12719.8408203125,8443.6162109375,4843.6259765625,8805.8720703125,3487.2314453125,2635.982177734375,6007.35791015625,4865.29345703125,4435.29931640625,31116.580078125,22521.08203125,13899.9716796875,19501.16796875,28139.482421875,16056.0361328125,18364.81640625,93.34671783447266,13704.2236328125,20150.732421875,6563.97216796875,38632.77734375,16078.201171875,8947.1640625
2016-07-29,15247.837890625,14922.6865234375,30285.44921875,37451.2421875,87799.03125,15899.431640625,12401.3525390625,61441.62109375,12486.08203125,8197.6904296875,4833.67724609375,8550.544921875,3434.242919921875,2611.208740234375,6082.138671875,4790.275390625,4367.68212890625,30694.755859375,22811.080078125,13972.68359375,19774.431640625,27382.248046875,15865.8486328125,18256.064453125,93.04751586914062,13774.814453125,20276.40234375,6507.25732421875,36791.8828125,16003.619140625,8910.2998046875
2016-08-01,15685.927734375,15185.0400390625,30779.00390625,37699.921875,87679.59375,16114.7470703125,12586.98046875,62797.23046875,12679.880859375,8295.466796875,4989.85986328125,8776.94921875,3451.2392578125,2628.05419921875,6299.5,4716.97509765625,4367.15234375,30787.88671875,22676.541015625,13768.4892578125,21096.044921875,27255.248046875,15875.40625,18095.39453125,95.4858627319336,14323.6181640625,20346.21484375,6840.58056640625,36356.8515625,15960.8564453125,9066.7255859375
2016-08-02,15497.1826171875,15177.236328125,31671.193359375,36911.9453125,88449.875,15773.8310546875,12457.240234375,61591.35546875,12373.19921875,8187.8076171875,4842.630859375,9076.1630859375,3429.244384765625,2616.163330078125,6331.40673828125,4742.1728515625,4368.7373046875,31086.99609375,21882.29296875,13200.73828125,20698.56640625,26829.1484375,15477.82421875,17610.572265625,92.44917297363281,13918.974609375,20146.74609375,6627.6513671875,36650.19140625,15797.765625,8724.9794921875
2016-08-03,15497.1826171875,15177.236328125,31671.193359375,36911.9453125,88449.875,15773.8310546875,12457.240234375,61591.35546875,12373.19921875,8187.8076171875,4842.630859375,9076.1630859375,3429.244384765625,2616.163330078125,6331.40673828125,4742.1728515625,4368.7373046875,31086.99609375,21882.29296875,13200.73828125,20698.56640625,26829.1484375,15477.82421875,17610.572265625,92.44917297363281,13918.974609375,20146.74609375,6627.6513671875,36650.19140625,15797.765625,8724.9794921875
2016-08-04,15993.888671875,14959.748046875,31242.58203125,37708.9140625,86162.859375,16024.03515625,12465.2236328125,61788.00390625,12429.1416015625,8275.7138671875,4825.71875,8876.6875,3397.2509765625,2621.1181640625,6694.3408203125,4753.05224609375,4395.15087890625,30664.07421875,22622.728515625,13302.3369140625,21235.162109375,26821.736328125,15701.4638671875,17990.85546875,93.42155456542969,14368.359375,20336.248046875,6654.51611328125,37114.1640625,15855.4453125,8872.4375
2016-08-05,15944.216796875,15034.8427734375,29878.8203125,37627.01953125,86435.5546875,16132.6884765625,12485.1806640625,61833.92578125,12288.287109375,8125.5869140625,4864.515625,8678.208984375,3437.242431640625,2616.163330078125,6475.9814453125,4744.46337890625,4414.69677734375,30850.3359375,22771.21484375,12930.806640625,20971.83203125,26645.1171875,15692.8642578125,18020.322265625,93.1223373413086,14408.12890625,20533.71875,6646.55712890625,36257.06640625,15737.1064453125,8887.3828125
2016-08-08,16142.8984375,15183.087890625,29871.826171875,37775.82421875,84093.7734375,16374.9150390625,12523.109375,62290.1171875,12700.8623046875,8098.92138671875,4980.9072265625,8539.5732421875,3463.236572265625,2624.09130859375,6480.96728515625,4777.67578125,4415.751953125,30764.87890625,23195.74609375,12695.736328125,21135.791015625,26850.755859375,15392.76953125,18196.42578125,96.06929016113281,14731.2470703125,20595.560546875,6800.77978515625,37449.4140625,15735.1171875,8980.04296875
2016-08-09,16142.8984375,15183.087890625,29871.826171875,37775.82421875,84093.7734375,16374.9150390625,12523.109375,62290.1171875,12700.8623046875,8098.92138671875,4980.9072265625,8539.5732421875,3463.236572265625,2624.09130859375,6480.96728515625,4777.67578125,4415.751953125,30764.87890625,23195.74609375,12695.736328125,21135.791015625,26850.755859375,15392.76953125,18196.42578125,96.06929016113281,14731.2470703125,20595.560546875,6800.77978515625,37449.4140625,15735.1171875,8980.04296875
2016-08-10,16070.3798828125,14871.9765625,29526.146484375,38022.5,83238.859375,16836.453125,12704.7470703125,61911.796875,12438.1318359375,8047.5615234375,4904.306640625,8647.287109375,3388.253662109375,2675.62060546875,6727.24365234375,4838.95068359375,4465.4111328125,30336.478515625,23777.732421875,12368.0341796875,21513.39453125,26756.91796875,15387.033203125,18133.279296875,95.5606918334961,14968.86328125,20772.091796875,6766.951171875,37216.92578125,15592.912109375,9137.4658203125
2016-08-12,16391.255859375,14637.908203125,29797.89453125,37950.59375,86059.328125,16476.59375,12707.7412109375,63413.13671875,12736.82421875,8052.49853515625,5013.73388671875,8651.2783203125,3406.2490234375,2725.170166015625,6712.2880859375,4944.3193359375,4569.47705078125,30825.13671875,23890.33984375,12968.658203125,22359.0234375,26694.107421875,15482.60546875,18961.890625,96.69762420654297,15062.3203125,20814.982421875,6935.10400390625,38314.48046875,16010.580078125,9375.59375
2016-08-15,16348.5341796875,14629.130859375,28318.2421875,37508.1796875,84586.40625,16505.50390625,12707.7412109375,64386.421875,12635.927734375,8064.3505859375,4981.9013671875,8586.4482421875,3291.274658203125,2710.304931640625,6458.03564453125,4868.7294921875,4510.3115234375,30373.724609375,23742.8515625,12948.736328125,22358.03125,26864.94921875,14992.3212890625,18590.03515625,96.20394897460938,14923.12890625,20619.494140625,6944.06005859375,37738.76953125,15908.1513671875,9300.8642578125
2016-08-16,16137.931640625,15088.4853515625,26599.8046875,37234.5234375,85326.8671875,15932.3271484375,12675.8046875,63199.515625,12611.953125,8242.1337890625,4962.99951171875,8368.0224609375,3413.24755859375,2709.314453125,6411.171875,4939.16552734375,4595.89111328125,30676.126953125,23329.28515625,12859.0908203125,22051.970703125,26819.7265625,15074.513671875,18453.21875,95.29138946533203,14566.20703125,20620.4921875,6866.45068359375,37426.46875,15727.162109375,9095.6181640625
2016-08-17,15894.5458984375,14724.7099609375,25905.431640625,36611.33984375,84771.15625,15672.1513671875,12903.3505859375,61691.17578125,12207.369140625,8080.154296875,4884.4130859375,8364.0322265625,3357.260009765625,2705.35009765625,6229.70458984375,4907.67041015625,4543.064453125,30244.275390625,22995.443359375,12730.6015625,21792.619140625,28013.109375,15378.4296875,18413.927734375,93.75057220458984,14179.4580078125,20171.677734375,6650.53662109375,36922.578125,15563.076171875,9053.7724609375
2016-08-18,16244.2275390625,15066.0546875,26166.197265625,37043.77734375,84263.5390625,15519.6376953125,13024.1123046875,61990.6484375,12487.08203125,8045.5869140625,5008.7607421875,8545.5546875,3447.240478515625,2729.133544921875,6480.96728515625,5005.02197265625,4595.89111328125,30518.21484375,22826.02734375,12609.080078125,22607.439453125,28490.462890625,15406.1474609375,18632.12890625,97.0865707397461,15211.44921875,20402.072265625,6654.51611328125,37664.92578125,15514.3505859375,9081.6669921875
2016-08-19,16391.255859375,14911.9609375,26076.283203125,36517.46484375,84974.1953125,15607.359375,12733.689453125,60645.0234375,12237.3408203125,7880.6455078125,4995.82666015625,8532.591796875,3335.264404296875,2725.170166015625,6309.470703125,4965.5087890625,4622.3046875,30430.5546875,22391.53125,12492.541015625,22510.0625,28613.572265625,15387.033203125,18485.494140625,96.03937530517578,14917.1640625,20146.74609375,6537.107421875,38114.9296875,15493.4638671875,8888.3798828125
2016-08-22,16150.8466796875,14464.30859375,25109.158203125,36294.7578125,86700.1171875,15668.1650390625,12857.443359375,60692.93359375,12240.3369140625,7857.92724609375,4960.0146484375,8377.994140625,3262.281005859375,2724.178466796875,6162.9013671875,4977.53369140625,4639.20849609375,30921.4609375,22422.423828125,12450.7060546875,22119.54296875,29332.11328125,15517.9677734375,18325.521484375,95.85990905761719,14896.2841796875,19845.544921875,6555.01806640625,37273.8046875,15411.9208984375,8797.7109375
2016-08-23,16232.306640625,15116.7685546875,24752.482421875,36178.90625,86106.8984375,15668.1650390625,12736.681640625,60672.9765625,12187.392578125,7887.55859375,4920.22509765625,8168.54638671875,3359.25927734375,2719.2236328125,5932.578125,4969.5166015625,4630.75634765625,31288.537109375,22763.248046875,12584.1796875,22092.7109375,29205.6171875,15597.2939453125,18209.7578125,95.44102478027344,14802.828125,19800.658203125,6542.0830078125,37366.59765625,15378.111328125,8795.71875
2016-08-24,15397.8427734375,15419.1044921875,25817.515625,35698.52734375,89657.3046875,15153.802734375,12451.251953125,58396.984375,11957.6298828125,7963.60986328125,4650.63671875,8256.3154296875,3405.249267578125,2588.41552734375,5982.43115234375,4881.32763671875,4568.94921875,32089.548828125,21924.146484375,12383.435546875,21165.60546875,30170.5,15769.3193359375,17977.525390625,91.55162048339844,13978.6279296875,19847.5390625,6367.9580078125,38119.9140625,15314.4638671875,8518.7353515625
2016-08-25,15241.8759765625,15268.9130859375,25548.763671875,35947.20703125,90297.265625,15167.7587890625,12644.8662109375,58896.10546875,12112.46875,8098.92138671875,4627.75634765625,8376.998046875,3330.265380859375,2586.4345703125,6029.29345703125,4971.80712890625,4629.69921875,32425.94921875,21552.4296875,12082.5654296875,21369.310546875,29913.35546875,16008.2490234375,17990.85546875,91.4468765258789,13753.9345703125,19448.58984375,6359.00341796875,37516.26171875,15256.7900390625,8669.18359375
2016-08-26,15219.0283203125,15533.2109375,25676.64453125,36148.94921875,88983.40625,15320.2734375,12599.9541015625,59848.42578125,12168.4111328125,7940.89111328125,4635.71337890625,8427.8642578125,3419.246337890625,2566.614013671875,6042.255859375,4921.98583984375,4573.17626953125,32325.13671875,21924.146484375,12104.4814453125,21477.625,29985.3359375,15511.27734375,18016.109375,90.48941802978516,13918.974609375,19448.58984375,6489.34814453125,37902.40234375,15392.033203125,8444.009765625
2016-08-30,15149.4892578125,15154.8056640625,24677.55078125,35701.52734375,89608.5234375,15314.2900390625,12485.1806640625,59070.796875,12212.3671875,7845.08935546875,4475.5537109375,7769.59375,3340.26416015625,2526.974853515625,6062.19775390625,4870.447265625,4550.4599609375,32658.24609375,21874.31640625,11953.0537109375,20867.494140625,30525.498046875,15578.1767578125,17800.712890625,88.87387084960938,13482.515625,19338.87890625,6323.18359375,37622.03515625,15364.1865234375,8222.82421875
2016-08-31,14791.8623046875,14580.3662109375,23956.208984375,35154.2421875,90748.15625,15151.8076171875,12085.9775390625,58155.41015625,11971.615234375,7430.26513671875,4384.03271484375,7491.32666015625,3317.268798828125,2520.038818359375,5629.4677734375,4915.68701171875,4569.47705078125,32785.3515625,18383.39453125,11974.96875,20521.689453125,30224.013671875,15622.140625,17660.392578125,87.81175994873047,13236.9453125,18800.302734375,6216.72021484375,36933.56640625,15208.0615234375,8034.5126953125
2016-09-01,14205.75,14752.9912109375,24205.986328125,34604.9453125,91133.390625,15185.7001953125,11776.5927734375,57897.8828125,12012.5712890625,7733.48095703125,4324.34521484375,7676.837890625,3429.244384765625,2467.517578125,6165.892578125,4925.99365234375,4590.60791015625,32814.9453125,16791.908203125,11880.326171875,20256.375,30425.00390625,15704.3330078125,17593.03515625,86.0165786743164,12947.630859375,18395.373046875,6220.69970703125,36318.9296875,15234.9111328125,7920.92919921875
2016-09-02,14767.0263671875,15091.412109375,24153.025390625,35453.84375,92903.0546875,15720.001953125,12055.0380859375,60088.00390625,12361.212890625,7797.6806640625,4416.86181640625,7679.8310546875,3483.232421875,2502.20166015625,6590.64501953125,4982.1142578125,4643.9619140625,32873.01953125,16637.4375,12104.4814453125,21207.337890625,31291.7734375,15578.1767578125,18239.92578125,88.39510345458984,13487.4853515625,18940.9296875,6406.76318359375,37126.1328125,15354.2451171875,8095.28955078125
2016-09-06,15177.3056640625,15274.7626953125,24430.77734375,36244.8125,89745.8515625,15882.4853515625,12375.4013671875,60880.60546875,12658.904296875,7896.447265625,4655.6103515625,7874.3193359375,3463.236572265625,2589.406982421875,6929.64892578125,5016.47412109375,4662.98046875,33015.46875,16592.595703125,12028.76953125,21761.818359375,31746.76953125,15860.1123046875,18240.62890625,90.69889068603516,13809.6103515625,19146.390625,6557.0068359375,36870.70703125,15493.4638671875,8219.830078125
2016-09-08,14981.1435546875,15516.6328125,24641.58203125,34038.68359375,88983.40625,15769.8408203125,12557.0400390625,59500.04296875,12187.392578125,7763.984375,4695.4013671875,7898.75830078125,3478.233642578125,2551.74951171875,6931.6435546875,5029.64599609375,4663.5087890625,32500.458984375,15801.3310546875,11637.2412109375,21518.994140625,31718.8828125,15334.4697265625,17954.373046875,91.25241088867188,14008.455078125,18952.833984375,6482.38232421875,36210.1796875,15315.4619140625,8330.4267578125
2016-09-09,14905.625,15739.96875,23938.224609375,32857.2265625,89078.96875,15500.7001953125,12704.7470703125,60733.8671875,11725.8681640625,7559.51318359375,4657.6005859375,7507.7587890625,3504.227294921875,2530.939697265625,6767.12646484375,5096.64599609375,4746.4453125,33043.9609375,15860.126953125,11626.28125,21200.931640625,31304.337890625,15253.232421875,18035.0546875,90.35485076904297,13885.169921875,18553.828125,6458.50244140625,36947.53515625,15232.921875,8110.23486328125
2016-09-12,14675.083984375,15333.2783203125,23353.7578125,33504.37890625,89793.6171875,15161.7783203125,12594.9658203125,59694.703125,11737.85546875,7507.16162109375,4585.974609375,7232.4638671875,3461.237060546875,2492.2919921875,6495.92333984375,4985.5517578125,4648.7177734375,32966.16015625,15646.865234375,11522.671875,21025.994140625,30807.640625,15140.4580078125,17682.84765625,89.0234375,13680.3642578125,18450.08203125,6218.7099609375,36992.43359375,15203.087890625,8023.5546875
2016-09-13,14498.2021484375,14745.1904296875,22679.369140625,33556.31640625,89777.703125,15099.974609375,12575.0048828125,60022.1171875,11596.0029296875,7356.02978515625,4729.22412109375,7275.35400390625,3395.251220703125,2497.246337890625,6561.72900390625,5050.83447265625,4694.67626953125,32870.83203125,15875.0751953125,11855.4189453125,21191.984375,30764.177734375,15215.9609375,17687.048828125,90.4594955444336,14027.3447265625,18354.3203125,6308.2587890625,37536.21875,15319.4384765625,8320.462890625
2016-09-14,14468.3916015625,14824.185546875,22652.39453125,33962.7890625,88336.4375,15245.5107421875,12640.873046875,60692.93359375,11673.9208984375,7196.99755859375,4700.37548828125,7136.7099609375,3459.2373046875,2507.156005859375,6557.74169921875,5004.44775390625,4648.1884765625,32818.234375,14980.1708984375,12064.634765625,21036.9296875,30837.451171875,15567.662109375,17550.23828125,88.78404998779297,13566.314453125,18271.5234375,6206.76904296875,38563.921875,15498.439453125,7972.46484375
2016-09-15,14416.7197265625,14717.8818359375,22162.841796875,33782.0234375,87724.3359375,15101.9677734375,12674.806640625,60170.859375,11720.875,7183.16796875,4690.427734375,7014.02490234375,3409.248291015625,2509.13818359375,6480.96728515625,5007.88427734375,4675.1298828125,32434.71484375,14572.580078125,12104.4814453125,21012.076171875,30890.837890625,15098.4072265625,17470.248046875,88.97853088378906,13604.1044921875,18530.8828125,6276.419921875,37861.4921875,15605.83984375,7872.8095703125
2016-09-16,14470.37890625,14900.2578125,21644.310546875,32197.083984375,87338.140625,14997.2998046875,12687.7802734375,60328.58203125,11746.8466796875,7292.81103515625,4661.5791015625,6740.72509765625,3499.228271484375,2487.336181640625,6221.72900390625,4885.3369140625,4535.140625,32292.263671875,14649.31640625,12069.6142578125,21353.005859375,30853.150390625,14888.150390625,17100.50390625,88.63448333740234,13452.94921875,17998.205078125,6263.48388671875,37446.41796875,15867.3779296875,7872.8095703125
2016-09-20,14667.1337890625,15019.2421875,20955.939453125,32525.658203125,85825.2265625,15251.4931640625,12577.00390625,60692.93359375,11984.6005859375,7507.16162109375,4726.2392578125,6634.9951171875,3553.21728515625,2519.048095703125,6372.2861328125,4751.90673828125,4383.529296875,31634.80078125,14970.20703125,12319.6748046875,21818.173828125,29778.568359375,15002.833984375,17295.5546875,89.2927474975586,13807.9658203125,18715.423828125,6349.05322265625,36696.09765625,15632.6904296875,7957.51513671875
2016-09-21,14780.4169921875,15409.3525390625,21884.095703125,32238.033203125,84982.15625,14907.8544921875,12599.9541015625,59999.16015625,11461.1435546875,7607.91552734375,4745.14111328125,6796.58203125,3534.220458984375,2394.082275390625,6453.048828125,4765.650390625,4381.9443359375,31380.5859375,15065.873046875,12246.9482421875,21668.0859375,28875.083984375,14410.1845703125,17259.771484375,88.57467651367188,13697.583984375,18265.544921875,6348.05908203125,36175.2578125,15498.439453125,7735.28466796875
2016-09-23,15262.365234375,16392.427734375,22687.365234375,32158.13671875,87043.5,15675.5283203125,12575.0048828125,61977.671875,11687.908203125,7612.85400390625,4854.568359375,6892.33642578125,3747.17431640625,2501.1474609375,6730.23583984375,4846.39501953125,4446.39208984375,32039.14453125,15486.41796875,12502.982421875,22189.908203125,29521.54296875,14626.2197265625,17425.349609375,89.83125305175781,14364.861328125,19062.55859375,6416.712890625,37099.19140625,15697.3271484375,8007.3447265625
2016-09-26,15104.365234375,15979.8876953125,22154.845703125,31090.52734375,85892.8984375,15696.462890625,12599.9541015625,60324.58984375,11537.064453125,7704.71826171875,4746.13671875,6832.4892578125,3710.182373046875,2503.130126953125,6786.0712890625,4829.787109375,4421.56396484375,31557.005859375,15331.9541015625,12353.546875,21966.26953125,29189.390625,14746.6591796875,17069.62890625,88.46990966796875,14160.998046875,18916.921875,6398.80419921875,36883.671875,15642.6318359375,7962.4990234375
2016-09-27,15094.4287109375,15604.40625,21920.0625,31262.302734375,85502.7265625,15527.9755859375,12502.1484375,60792.76171875,11290.3193359375,7543.708984375,4696.39697265625,6669.90625,3643.19677734375,2466.4501953125,6567.71240234375,4723.2734375,4337.04150390625,31183.34765625,15125.6669921875,11932.1328125,21959.314453125,28893.423828125,14768.650390625,16959.474609375,87.91641235351562,14021.7744140625,18754.326171875,6229.65478515625,36287.00390625,15584.955078125,7867.82666015625
2016-09-28,15054.6806640625,16023.7744140625,21610.33984375,31645.802734375,87091.28125,15893.8662109375,12654.84765625,61940.7421875,11568.03125,7896.34814453125,4715.2978515625,6653.947265625,3724.1787109375,2509.07763671875,6827.94775390625,4856.703125,4440.0537109375,31721.37109375,15287.1103515625,11855.4189453125,22099.4609375,29848.162109375,14842.2509765625,16701.28125,88.26054382324219,14161.9931640625,19576.279296875,6293.333984375,35800.07421875,15648.599609375,7807.03564453125
2016-09-29,15461.1083984375,16876.1640625,22234.77734375,31059.5703125,88800.2890625,16255.76953125,12804.548828125,64612.01953125,11598.998046875,8210.46484375,4747.13134765625,6573.15576171875,3899.140625,2500.15625,6868.82861328125,4952.3369140625,4537.7822265625,31928.466796875,15403.705078125,12054.6708984375,22562.640625,30330.935546875,15031.51953125,16750.400390625,88.26054382324219,14526.9580078125,19543.361328125,6381.888671875,37857.0,15712.2421875,7872.8095703125
2016-09-30,15004.9921875,16717.1953125,22153.845703125,30959.69921875,87350.0859375,16109.2138671875,12687.7802734375,64123.8828125,11288.3212890625,8357.64453125,4725.24609375,6682.87353515625,3779.1669921875,2509.07763671875,6929.64892578125,4831.5068359375,4426.84716796875,31612.888671875,15122.6796875,11701.99609375,22100.453125,29838.361328125,14864.23828125,16106.30859375,87.85659790039062,13988.95703125,19091.486328125,6348.05908203125,37525.65625,15328.388671875,7702.39794921875
2016-10-03,15004.9921875,16934.677734375,21529.416015625,31407.11328125,86592.6015625,15942.7177734375,12634.8857421875,64685.8984375,11076.5419921875,8494.9453125,4676.5009765625,6593.1025390625,3792.1640625,2491.23388671875,6821.9658203125,4861.857421875,4463.826171875,31592.0703125,15298.0712890625,11473.8564453125,21989.1328125,29249.06640625,14998.0595703125,16558.1484375,86.79446411132812,14118.236328125,19252.087890625,6269.4541015625,37326.05078125,15257.783203125,7702.39794921875
2016-10-04,15442.224609375,16872.267578125,19929.873046875,30859.830078125,87849.75,16338.521484375,12829.498046875,65983.625,11210.4033203125,8592.73828125,4730.2197265625,6312.82177734375,3849.15185546875,2535.844482421875,6536.8037109375,4924.84912109375,4543.064453125,32188.169921875,15793.3583984375,11641.2255859375,22512.947265625,29496.29296875,15294.3916015625,16923.697265625,88.29045104980469,14419.5537109375,19340.86328125,6392.833984375,37575.55078125,15166.294921875,7773.1533203125
2016-10-05,15402.4794921875,17184.353515625,19082.638671875,30412.853515625,85091.65625,16390.365234375,12674.806640625,66477.7421875,11150.3603515625,9021.43359375,4616.9658203125,5975.68603515625,3756.171875,2500.15625,6379.2666015625,4924.84912109375,4536.72607421875,31869.296875,15710.642578125,11686.056640625,22212.771484375,29584.35546875,15069.7568359375,16474.71484375,87.51229095458984,14491.1552734375,19301.958984375,6401.78759765625,38093.53125,15045.9658203125,7773.1533203125
2016-10-06,15582.33984375,17258.47265625,18775.921875,30213.099609375,84823.9140625,16383.3818359375,12578.9990234375,67411.0859375,11176.333984375,9275.294921875,4601.044921875,5790.1611328125,3784.166015625,2504.121826171875,6251.64013671875,4912.8232421875,4543.064453125,32165.158203125,15346.90234375,11407.10546875,22447.337890625,29259.48828125,15021.00390625,16268.8701171875,87.67933654785156,14435.46875,18753.330078125,6378.904296875,38755.21875,14941.5478515625,7711.3662109375
2016-10-07,15538.6162109375,17217.515625,18789.912109375,30070.2734375,83607.6015625,16530.939453125,12402.3486328125,68030.0,11244.2685546875,9695.103515625,4689.6025390625,5877.9365234375,3865.1484375,2494.208251953125,6118.033203125,4887.6259765625,4477.03271484375,31612.888671875,15279.1376953125,11493.77734375,22478.15625,29427.44921875,15172.03515625,16283.8798828125,88.40862274169922,14564.7470703125,19052.5859375,6402.78271484375,39349.0390625,14797.353515625,7754.21826171875
2016-10-11,14955.310546875,17818.27734375,18745.94921875,30513.73046875,85240.9375,16240.81640625,11933.2802734375,66264.1171875,10964.537109375,10969.345703125,4511.49072265625,5771.2099609375,3950.12890625,2443.649169921875,6181.84521484375,4902.51611328125,4533.556640625,31996.408203125,15247.2470703125,11332.38671875,21531.91796875,29298.43359375,15734.10546875,16002.9912109375,86.16008758544922,13922.330078125,18703.453125,6355.0234375,40929.91015625,14657.1376953125,7673.498046875
2016-10-13,14527.021484375,16841.05859375,19230.5078125,30412.853515625,84250.5703125,16101.23828125,11866.412109375,65286.26171875,10899.6005859375,9913.404296875,4327.40966796875,5962.71826171875,4041.10888671875,2399.039306640625,5747.12158203125,4664.86279296875,4331.7607421875,30451.37109375,15047.9365234375,10908.9794921875,21022.01953125,27537.318359375,15241.818359375,15525.5439453125,83.54689025878906,13485.763671875,18362.302734375,6202.78955078125,39721.3046875,14721.77734375,7627.65673828125
2016-10-14,14526.02734375,17082.927734375,18977.73828125,30862.306640625,83974.875,16153.08203125,12047.052734375,65865.2890625,10989.513671875,9759.3095703125,4377.1591796875,5784.17626953125,3988.12109375,2431.75341796875,5701.2578125,4682.04345703125,4332.8154296875,30346.18359375,15097.7646484375,11095.279296875,21173.099609375,28830.48828125,15225.564453125,15652.7666015625,84.2001953125,13574.26953125,18653.57421875,6299.3037109375,39430.875,14680.009765625,7524.013671875
2016-10-17,14632.353515625,17167.775390625,18647.041015625,30459.794921875,82812.3046875,16312.5986328125,11914.3173828125,65688.5859375,10949.5517578125,9784.00390625,4430.892578125,5755.25,3997.11865234375,2438.69287109375,5563.66064453125,4680.89794921875,4325.94873046875,30055.80078125,15205.3896484375,10958.79296875,21211.86328125,28416.55859375,15297.2587890625,15689.93359375,84.56483459472656,13723.4384765625,18671.529296875,6268.45947265625,39402.93359375,14619.3486328125,7591.77978515625
2016-10-18,14964.251953125,17175.572265625,18970.74609375,30367.90625,82155.375,16667.5234375,12125.896484375,66729.8125,11187.32421875,9779.0634765625,4530.39599609375,5978.677734375,4053.1064453125,2473.3896484375,5548.70458984375,4694.64111328125,4363.455078125,30312.21484375,15702.6708984375,10859.1650390625,21527.939453125,28516.5546875,15373.7294921875,16083.75390625,86.52473449707031,13835.8115234375,19213.181640625,6416.712890625,39222.29296875,14772.4912109375,7768.17041015625
2016-10-19,15114.302734375,17378.431640625,19712.0703125,30462.79296875,81121.2265625,16839.00390625,12053.041015625,66787.71875,11240.275390625,9579.533203125,4550.29638671875,6014.5869140625,4089.09814453125,2488.26025390625,5623.4853515625,4741.02587890625,4404.66015625,30484.25,15974.7294921875,10956.7978515625,21548.8125,29333.10546875,15196.8876953125,16010.13671875,86.84375762939453,13922.330078125,19427.650390625,6426.6630859375,39277.18359375,14741.6650390625,7766.1767578125
2016-10-20,15044.7421875,17455.48046875,19432.322265625,30442.81640625,81418.8359375,16830.029296875,12093.958984375,66507.1796875,11419.1044921875,9484.70703125,4540.34521484375,6066.45263671875,4032.111328125,2473.3896484375,5434.0419921875,4745.0341796875,4384.5859375,30248.658203125,15844.1826171875,10709.7255859375,21368.91015625,29634.603515625,15542.927734375,15838.5986328125,86.41836547851562,13822.884765625,19388.74609375,6402.78271484375,39156.42578125,14732.7158203125,7716.35009765625
2016-10-21,14963.259765625,18239.59765625,19727.056640625,30649.56640625,79671.015625,16849.97265625,12162.822265625,67185.046875,11373.1474609375,9315.7958984375,4586.119140625,6121.3125,4063.1044921875,2523.94775390625,5401.13818359375,4781.68603515625,4421.56396484375,30638.751953125,15645.865234375,10659.9150390625,21332.1328125,29647.16796875,15867.9287109375,16024.4326171875,87.36031341552734,13822.884765625,19002.703125,6449.54833984375,39721.3046875,14693.931640625,7742.25927734375
2016-10-24,15303.107421875,17746.11328125,18833.865234375,30579.6484375,78981.25,16749.279296875,12098.951171875,67568.3984375,11464.0615234375,9480.75390625,4671.69091796875,5766.22265625,4063.1044921875,2543.774658203125,5282.48681640625,4797.72021484375,4438.998046875,29997.7265625,15725.591796875,10910.9697265625,21804.259765625,30210.587890625,16253.158203125,16007.275390625,89.18354034423828,14006.857421875,19119.416015625,6533.1279296875,39680.3828125,14697.9111328125,7746.24609375
2016-10-25,15213.6728515625,18102.083984375,18980.736328125,30803.37890625,79029.03125,16769.212890625,12001.14453125,67408.6640625,11209.3037109375,9861.0537109375,4664.7265625,5780.1865234375,4126.0908203125,2512.0517578125,5541.7255859375,4781.68603515625,4443.22265625,29857.47265625,15321.9892578125,11493.77734375,21767.48046875,30146.017578125,16202.49609375,15992.2685546875,88.484619140625,13981.99609375,19253.083984375,6500.29248046875,39621.5,14857.021484375,7687.44970703125
2016-10-26,15382.603515625,18108.912109375,19007.7109375,30411.853515625,77718.1875,16852.958984375,12160.8271484375,67585.375,11289.2275390625,9927.2314453125,4670.6953125,5801.1337890625,4095.09716796875,2489.25146484375,5452.98681640625,4865.29345703125,4493.93603515625,29748.986328125,15468.4814453125,11474.84765625,21916.572265625,29526.06640625,16274.1884765625,16050.8759765625,89.03154754638672,14096.3564453125,19387.74609375,6574.9169921875,38684.359375,14716.8017578125,7714.3564453125
2016-10-27,15268.330078125,18024.060546875,18445.22265625,30133.197265625,77406.59375,16824.048828125,12271.6064453125,67385.6953125,11389.1318359375,9652.630859375,4589.103515625,5584.6884765625,4094.09716796875,2475.372314453125,5434.0419921875,4856.130859375,4482.314453125,29738.029296875,15048.9326171875,11465.884765625,21707.8515625,29271.55078125,16154.703125,16035.15234375,87.7249526977539,13981.99609375,19301.958984375,6569.94140625,38344.03125,14727.7421875,7683.46337890625
2016-10-28,15104.365234375,18053.322265625,18432.234375,30013.34375,78215.8046875,16644.59375,12152.8466796875,67285.8671875,11317.19921875,9640.7783203125,4587.11181640625,5574.712890625,4097.095703125,2462.485595703125,5408.1171875,4769.6591796875,4416.8095703125,29455.322265625,15081.8193359375,11267.6298828125,21285.4140625,29097.4375,15662.4130859375,15850.03515625,86.60063934326172,13830.8408203125,19052.5859375,6444.5732421875,38077.5546875,14561.669921875,7621.67626953125
2016-10-31,15537.6220703125,18078.677734375,18048.58203125,29337.16796875,76902.0,16690.451171875,12525.1044921875,68384.0078125,11512.0146484375,9798.8203125,4808.009765625,5466.98974609375,4065.1044921875,2492.2255859375,5404.1298828125,4761.6416015625,4442.6962890625,28846.07421875,15319.0,11593.4052734375,21916.572265625,28389.671875,15892.7841796875,16010.13671875,90.42929077148438,14226.6298828125,19850.59765625,6503.27734375,37367.96484375,14464.212890625,7784.1162109375
2016-11-01,15614.1357421875,18578.01953125,19142.583984375,29004.57421875,77137.859375,16788.15625,12567.01953125,68209.296875,11570.9580078125,9875.8701171875,4878.65771484375,5899.8798828125,4146.08544921875,2498.1728515625,5902.666015625,4826.35302734375,4432.12890625,29152.890625,15046.9404296875,11538.611328125,22138.2265625,28579.365234375,15867.9287109375,16290.3154296875,91.28010559082031,14459.3349609375,19473.533203125,6491.3369140625,37808.08984375,14647.1923828125,7660.5419921875
2016-11-04,15109.333984375,17725.62890625,19274.466796875,28772.85546875,75756.34375,16240.81640625,11961.2255859375,66656.9296875,11284.232421875,10189.9853515625,4766.21923828125,5644.53369140625,4007.116455078125,2483.302978515625,5391.16845703125,4674.0263671875,4339.15576171875,28844.98046875,14549.66015625,11233.7578125,21891.7265625,26798.3984375,15899.4755859375,16012.9951171875,90.3989028930664,14121.220703125,18558.8125,6217.71435546875,36228.22265625,14502.0048828125,7142.33203125
2016-11-07,15427.3203125,18238.623046875,18015.61328125,28865.74609375,75672.75,16649.576171875,11936.2744140625,66636.9765625,11489.037109375,10366.798828125,4939.35595703125,5505.8896484375,4169.0810546875,2493.216552734375,5419.08642578125,4723.84716796875,4363.455078125,28916.205078125,14699.142578125,11357.2939453125,22612.337890625,27712.189453125,15867.9287109375,16228.845703125,93.34636688232422,14556.7890625,18724.396484375,6324.177734375,36640.40625,14707.8525390625,7200.13232421875
2016-11-08,15894.3662109375,18384.9140625,17734.86328125,28964.623046875,75049.6640625,17098.21875,12224.7001953125,67638.28125,11683.849609375,10663.1328125,5150.302734375,5444.04736328125,4078.10107421875,2534.852783203125,5295.44873046875,4775.95849609375,4416.8095703125,29071.802734375,14912.4052734375,11803.615234375,23154.041015625,27756.908203125,15992.19921875,16438.98046875,95.99005126953125,15036.1181640625,18885.994140625,6520.19287109375,37099.5,14976.3544921875,7301.78125
2016-11-09,15526.6943359375,19315.330078125,18495.1796875,30400.8671875,75247.71875,16699.4296875,11982.1826171875,67124.140625,11648.8857421875,10591.025390625,5071.69580078125,5721.337890625,4458.017578125,2497.181640625,5529.76123046875,4802.30078125,4464.35400390625,29575.85546875,14569.5927734375,11681.076171875,22957.236328125,27273.6328125,15992.19921875,16366.791015625,94.45545959472656,14767.61328125,18819.166015625,6449.54833984375,37082.53125,14866.9677734375,7264.9091796875
2016-11-10,14953.3212890625,20571.482421875,17974.6484375,30963.18359375,74373.78125,16518.97265625,11826.4921875,66528.1640625,11518.0087890625,11063.189453125,4950.29931640625,5486.9384765625,4983.90087890625,2431.75341796875,5339.3193359375,4908.24169921875,4585.32568359375,30485.337890625,14350.3505859375,11644.2138671875,22780.314453125,27817.330078125,15840.2119140625,15612.740234375,93.68062591552734,14678.1123046875,18241.6015625,6258.5087890625,37644.41015625,14747.62890625,7005.8037109375
2016-11-11,14498.2021484375,20154.068359375,16929.599609375,29769.640625,77405.6015625,15850.9951171875,11287.5634765625,65189.44140625,11139.37109375,10939.7119140625,4845.82275390625,5096.9384765625,4998.89794921875,2418.8662109375,5278.498046875,4942.0283203125,4624.416015625,29998.822265625,13323.9033203125,11322.4248046875,21817.17578125,26318.140625,15688.22265625,15208.201171875,90.3989028930664,14274.365234375,18005.189453125,6019.7099609375,36740.2109375,14231.5146484375,6757.6611328125
2016-11-14,14309.4013671875,20460.30078125,15921.5185546875,29350.15234375,75907.6328125,15844.017578125,11123.8896484375,63890.62890625,10955.544921875,10577.1953125,4736.369140625,4787.7294921875,5090.876953125,2350.464111328125,4945.4755859375,4902.51611328125,4580.5712890625,29903.4921875,12955.177734375,10943.8486328125,21459.359375,26110.234375,15445.4248046875,14888.7109375,89.53294372558594,13988.95703125,17900.4453125,5965.9814453125,35913.84765625,13922.244140625,6611.1669921875
2016-11-16,15006.982421875,19261.689453125,16343.130859375,29390.103515625,75674.734375,16278.701171875,11562.01953125,64889.9375,11224.2890625,10364.8203125,4898.5595703125,4872.5126953125,4749.9521484375,2409.944580078125,4886.64990234375,5062.28662109375,4701.54443359375,29635.029296875,14140.0791015625,11043.4716796875,22304.2109375,26757.822265625,15458.806640625,15226.6689453125,92.29804992675781,14599.55078125,18565.791015625,6141.10009765625,35729.2109375,14074.3935546875,6885.2197265625
2016-11-17,15188.8310546875,19491.8515625,17027.509765625,29613.830078125,76080.8203125,16240.81640625,11576.9892578125,64889.9375,11245.267578125,10536.6962890625,4976.17138671875,4896.45166015625,4767.94921875,2449.597900390625,5085.06640625,5073.166015625,4701.54443359375,30277.146484375,14088.2578125,11387.181640625,22710.73828125,26935.326171875,15458.806640625,15514.7587890625,93.81739044189453,14689.0498046875,18898.962890625,6210.74951171875,36789.11328125,14446.314453125,6953.98291015625
2016-11-18,15314.0390625,18871.578125,16358.1201171875,29502.96484375,76755.671875,16247.7958984375,11576.9892578125,64678.296875,11364.15625,10043.791015625,4949.30712890625,4757.8056640625,4635.97900390625,2453.563232421875,5035.21240234375,5145.32177734375,4755.9541015625,30503.97265625,13867.021484375,11569.4951171875,22828.025390625,27478.1484375,15389.9814453125,15503.3212890625,93.55913543701172,14817.3359375,18924.900390625,6164.9794921875,36723.24609375,14439.3515625,6799.5166015625
2016-11-21,15373.662109375,19405.052734375,16440.048828125,29265.25390625,76727.796875,16052.384765625,11576.9892578125,64868.98046875,11299.216796875,10371.736328125,5010.9990234375,4702.94677734375,4804.94091796875,2462.485595703125,4941.48779296875,5112.10791015625,4764.40673828125,30743.94140625,13752.4189453125,11606.3564453125,23255.419921875,27184.94140625,15294.3916015625,15311.7353515625,94.57707214355469,15064.955078125,18873.03125,6119.2109375,37675.35546875,14328.9697265625,6553.3671875
2016-11-22,15857.5986328125,20187.228515625,15761.662109375,29588.861328125,76464.0234375,16350.484375,12049.0517578125,67495.5078125,11538.98828125,10444.83203125,5189.1083984375,4407.703125,4940.91015625,2461.494384765625,4997.32373046875,5214.61376953125,4823.572265625,31367.435546875,14200.8671875,11743.837890625,23755.380859375,27426.26953125,15221.7431640625,15784.2626953125,96.88638305664062,15414.0078125,19378.76953125,6294.3291015625,38182.359375,14593.4921875,6644.0537109375
2016-11-25,15323.9736328125,21275.630859375,15513.888671875,29152.39453125,77437.4765625,15854.9833984375,11922.302734375,64701.25390625,11228.2861328125,10371.736328125,5025.923828125,4486.50244140625,5018.89306640625,2445.63232421875,4692.2197265625,5191.70703125,4847.34375,31492.3515625,14759.93359375,11768.7451171875,22612.337890625,26225.0546875,15427.2578125,15291.005859375,94.19719696044922,14956.5615234375,18945.84375,6238.609375,37134.42578125,14470.1806640625,6439.75927734375
2016-11-28,15949.0185546875,20696.3203125,15485.9140625,28950.640625,75844.9375,16361.4501953125,12019.109375,66064.9375,11315.2021484375,9907.4775390625,5191.099609375,4423.66259765625,4892.92041015625,2455.545654296875,4552.6298828125,5124.13427734375,4743.8046875,30612.453125,14899.44921875,11289.55078125,23278.287109375,25626.83203125,15507.556640625,15539.7802734375,97.7828140258789,15324.5078125,19016.671875,6367.9580078125,36527.6328125,14528.8525390625,6537.421875
2016-11-29,15902.3134765625,20263.30078125,15317.068359375,28863.74609375,76905.9453125,16233.8349609375,12274.6015625,65543.8359375,11289.2275390625,9624.97265625,5136.37353515625,4428.64990234375,4845.93115234375,2452.572265625,4433.97802734375,5151.62158203125,4780.25537109375,30955.42578125,14432.06640625,11343.3447265625,23108.314453125,26016.642578125,15342.1865234375,15283.8564453125,96.70410919189453,15165.39453125,18962.80859375,6237.6142578125,36102.46875,14814.2607421875,6487.59423828125
2016-11-30,15632.025390625,20675.83984375,15519.8857421875,28957.630859375,77770.90625,16232.8408203125,12037.07421875,64918.890625,11131.376953125,9541.998046875,5024.9287109375,4448.59912109375,4947.90966796875,2466.4501953125,4407.0576171875,5152.193359375,4812.47900390625,31218.41015625,14454.9892578125,11277.5927734375,22860.826171875,25813.88671875,15387.1123046875,14948.5849609375,94.8049545288086,15016.2275390625,18647.58984375,6136.125,37859.99609375,14396.4326171875,6470.65234375
2016-12-01,15824.8037109375,20478.83203125,15085.2763671875,28179.58203125,75745.3984375,16250.7861328125,11976.1953125,64889.9375,11220.29296875,8588.78515625,5088.6103515625,4254.0966796875,4951.908203125,2428.779296875,4479.84375,5102.373046875,4764.935546875,30626.697265625,14581.5517578125,11256.6708984375,23038.7421875,25568.162109375,15007.6201171875,14945.724609375,95.53424835205078,14909.822265625,18418.162109375,6152.044921875,37535.63671875,14187.5439453125,6560.3427734375
2016-12-02,15650.904296875,20687.541015625,15910.529296875,27964.84375,76257.96875,15901.841796875,11776.5927734375,63319.59375,11135.3740234375,8099.83349609375,4968.21044921875,4338.88037109375,4913.916015625,2400.03076171875,4270.458984375,5084.62109375,4738.52392578125,30548.900390625,14758.9384765625,11158.0419921875,22418.517578125,24873.466796875,14832.69140625,14796.3203125,93.28561401367188,14609.498046875,18328.384765625,5962.001953125,35933.80859375,14124.8759765625,6349.07177734375
2016-12-05,16013.6103515625,21025.966796875,15266.11328125,27809.037109375,76182.34375,16402.326171875,11877.3916015625,64121.2421875,11168.34375,8672.75,5090.6005859375,4165.3251953125,4995.89892578125,2438.69287109375,4287.40869140625,5164.21923828125,4785.53759765625,30517.119140625,15396.728515625,11167.0087890625,22761.4296875,24872.2109375,14579.3798828125,14992.90625,95.47339630126953,14832.2529296875,19054.578125,6096.3251953125,36562.55859375,14010.4833984375,6526.458984375
2016-12-06,15865.5458984375,20072.14453125,14987.3671875,27265.697265625,74401.6796875,16200.935546875,11707.728515625,64278.9765625,11029.474609375,8741.890625,5104.53173828125,4139.39111328125,4948.90966796875,2417.875,4187.701171875,5159.63818359375,4780.78271484375,30243.1796875,14948.28125,11108.23046875,22521.888671875,24407.15234375,14423.568359375,14797.7490234375,95.0479965209961,14789.4931640625,18454.068359375,5914.24072265625,36578.52734375,13975.6708984375,6258.384765625
2016-12-07,16009.634765625,20529.548828125,15092.2724609375,27119.876953125,73784.59375,16719.369140625,11576.9892578125,64618.40234375,11182.330078125,8830.794921875,5174.18359375,4114.45556640625,5028.8916015625,2431.75341796875,4262.48193359375,5117.8701171875,4736.57763671875,30303.44921875,14950.5546875,11390.1708984375,22719.6875,24324.4921875,14338.4912109375,15076.548828125,96.71925354003906,14667.1748046875,18796.22265625,6046.57470703125,36859.9765625,14059.228515625,6397.90283203125
2016-12-08,16599.892578125,21358.533203125,15236.140625,26967.0625,74788.8828125,16998.521484375,11756.630859375,65389.1015625,11458.0654296875,8949.3271484375,5278.66357421875,4111.46240234375,5287.83544921875,2428.779296875,4282.423828125,5207.2353515625,4819.54541015625,30571.9140625,15904.400390625,11744.8359375,23576.466796875,24924.22265625,14124.37109375,15490.455078125,99.49957275390625,15232.021484375,19152.3359375,6167.96484375,37825.0625,14078.1240234375,6572.30078125
2016-12-09,16719.140625,20866.017578125,15081.28125,27266.697265625,76143.546875,17531.90234375,11656.8310546875,66087.9140625,11520.0078125,8756.708984375,5379.16162109375,4103.48388671875,5238.8447265625,2493.216552734375,4257.4970703125,5295.45556640625,4914.66796875,30573.0078125,15562.53125,11955.0458984375,23552.61328125,25375.962890625,14564.0849609375,15794.271484375,101.62660217285156,15446.8271484375,19102.45703125,6212.7392578125,38079.5546875,14299.9453125,6607.1806640625
2016-12-12,16630.701171875,20706.0703125,14539.7734375,26848.208984375,74955.1171875,17418.25,11456.228515625,66638.9765625,11410.1142578125,8662.8681640625,5260.7529296875,3965.836181640625,5156.8623046875,2490.242431640625,4187.701171875,5267.38525390625,4914.66796875,29610.92578125,15539.6064453125,12233.0,23230.578125,24643.201171875,14556.4365234375,15563.3701171875,99.48443603515625,15190.2548828125,18952.833984375,6166.9697265625,39855.03125,14145.767578125,6663.984375
2016-12-13,16734.046875,20121.8828125,14486.8212890625,26592.51953125,76243.0859375,18253.71484375,11374.3916015625,68883.1796875,11563.9658203125,8718.185546875,5358.265625,3924.94091796875,4972.90380859375,2528.905517578125,4183.71337890625,5273.11376953125,4914.1396484375,29640.509765625,15638.28125,12537.8544921875,23347.865234375,24747.84765625,14720.8525390625,16173.15234375,101.52033233642578,15414.0078125,19232.134765625,6168.958984375,40319.1171875,14395.4375,6686.90625
2016-12-14,16776.779296875,20421.29296875,14666.6591796875,27136.85546875,77511.125,17740.271484375,11406.328125,67885.8671875,11509.017578125,8840.669921875,5274.68359375,4052.614013671875,4863.9287109375,2518.000244140625,4194.681640625,5262.802734375,4908.85498046875,29494.7734375,15458.875,12353.546875,23605.294921875,25250.337890625,14565.99609375,16204.60546875,100.12252044677734,15117.66015625,17852.5703125,6267.46484375,39919.91015625,14323.8203125,6776.595703125
2016-12-15,16408.111328125,19471.37109375,13389.8193359375,26763.310546875,77680.34375,17247.765625,11212.7119140625,67186.046875,11204.3076171875,8631.2587890625,5194.0849609375,3670.593505859375,4735.9560546875,2420.848876953125,4156.79248046875,5278.8427734375,4954.8310546875,29820.21484375,14965.5048828125,11931.134765625,23020.853515625,24798.84765625,14699.822265625,16050.9091796875,98.29935455322266,14975.4560546875,17384.732421875,6052.54541015625,39619.50390625,14408.37109375,6676.939453125
2016-12-16,16408.111328125,19471.37109375,13389.8193359375,26763.310546875,77680.34375,17247.765625,11212.7119140625,67186.046875,11204.3076171875,8631.2587890625,5194.0849609375,3670.593505859375,4735.9560546875,2420.848876953125,4156.79248046875,5278.8427734375,4954.8310546875,29820.21484375,14965.5048828125,11931.134765625,23020.853515625,24798.84765625,14699.822265625,16050.9091796875,98.29935455322266,14975.4560546875,17384.732421875,6052.54541015625,39619.50390625,14408.37109375,6676.939453125
2016-12-19,16455.806640625,18939.8515625,13437.7783203125,26967.0625,78609.9921875,17421.236328125,11146.84375,65988.1015625,11269.24609375,8597.67578125,5199.06005859375,3856.1171875,4678.96826171875,2444.640625,4208.640625,5296.0283203125,4938.447265625,30144.55859375,15453.892578125,12147.32421875,23356.806640625,24660.162109375,14364.3017578125,15936.5302734375,98.46647644042969,15072.91015625,17237.09765625,6144.08447265625,39521.6953125,14563.54296875,6677.9365234375
2016-12-20,16421.03125,19290.947265625,13393.8154296875,27303.65234375,78685.6328125,17806.076171875,11377.3837890625,66587.0625,11464.0615234375,8691.515625,5249.80615234375,3860.107421875,4703.96337890625,2511.060546875,4187.701171875,5279.4150390625,4902.513671875,30353.849609375,15693.1015625,12316.685546875,23684.80859375,25132.001953125,14768.650390625,16135.263671875,99.87946319580078,15105.728515625,17207.17578125,6248.55810546875,40052.640625,14485.955078125,6808.48583984375
2016-12-21,16520.40234375,19234.37890625,13750.490234375,27473.4453125,78356.1796875,17746.2578125,11427.28515625,66886.5625,11389.1318359375,8726.0859375,5204.0341796875,3827.192138671875,4698.96484375,2497.181640625,4117.9072265625,5183.17724609375,4796.29443359375,30070.046875,15485.78515625,12159.27734375,23465.1484375,25137.279296875,14624.3046875,16012.3076171875,99.18054962158203,15084.8447265625,17356.80078125,6151.04931640625,39585.57421875,14581.447265625,6965.9423828125
2016-12-22,16322.650390625,19063.705078125,13826.42578125,27319.630859375,78305.40625,17793.119140625,11231.6728515625,67203.03125,11288.2275390625,8495.93359375,5113.48779296875,3974.81396484375,4700.96435546875,2489.25146484375,4137.8486328125,5167.7099609375,4780.43896484375,30249.75,15288.435546875,12054.6708984375,22952.271484375,24747.84765625,14816.4443359375,15658.4462890625,97.67643737792969,14866.064453125,17074.5078125,6112.2451171875,39721.3046875,14482.97265625,6867.2822265625
2016-12-28,16728.0859375,19462.59765625,13936.32421875,27466.451171875,76841.2734375,18103.171875,11341.455078125,69130.7265625,11398.1240234375,8655.955078125,5223.93603515625,4011.718505859375,4718.9599609375,2512.0517578125,4187.701171875,5155.6796875,4756.12939453125,30650.8046875,15673.1669921875,12433.2470703125,23486.017578125,24937.16015625,15084.0927734375,16067.3515625,99.53004455566406,15146.4990234375,17200.193359375,6268.45947265625,39920.91015625,14612.2841796875,6953.98291015625
2016-12-29,16863.23046875,19028.595703125,14736.595703125,28246.501953125,76373.46875,18129.09375,11676.7880859375,69382.328125,11540.9873046875,8687.5625,5353.2900390625,4229.1611328125,4627.98046875,2543.774658203125,4214.623046875,5159.68896484375,4748.73193359375,30410.830078125,15903.4033203125,12508.9619140625,23640.083984375,25752.708984375,15129.9775390625,16081.646484375,101.96086120605469,15188.267578125,17398.6953125,6406.76318359375,39992.7578125,14905.72265625,6995.837890625
2017-01-04,17061.974609375,18675.548828125,15325.05859375,28243.50390625,76690.9765625,17738.279296875,11427.28515625,68733.4140625,11688.8466796875,8765.59765625,5390.10595703125,4412.69140625,4741.955078125,2584.419677734375,4495.79736328125,5233.01513671875,4790.47900390625,30184.009765625,15747.91796875,13250.1767578125,23885.587890625,25346.56640625,15264.7578125,16244.6396484375,102.75092315673828,15070.9228515625,16859.041015625,6463.47802734375,40360.0390625,15131.5224609375,7065.5966796875
2017-01-05,16575.056640625,18732.1171875,15885.5498046875,27466.451171875,76467.015625,17247.765625,11226.685546875,68883.1796875,11438.0849609375,8771.5244140625,5238.86083984375,4568.29150390625,4823.93603515625,2547.740234375,4694.21435546875,5200.36181640625,4796.29443359375,30245.37109375,15326.3134765625,13021.03515625,23226.599609375,25405.734375,15237.9921875,16010.1611328125,99.78832244873047,14818.33203125,16798.193359375,6341.09375,39871.015625,15055.927734375,6885.2197265625
2017-01-06,16843.35546875,18829.646484375,16015.4326171875,27499.4140625,76736.765625,17177.98046875,11321.4970703125,68847.21875,11611.9189453125,8755.720703125,5296.57373046875,4530.3896484375,4910.91748046875,2587.3935546875,4686.23828125,5207.80859375,4816.90234375,30346.18359375,15306.3798828125,13443.44921875,23367.736328125,26651.044921875,15294.3916015625,16263.2236328125,101.18607330322266,14954.5712890625,16691.455078125,6418.70361328125,40280.19921875,15016.138671875,6952.98486328125
2017-01-10,16626.7265625,20032.16015625,15960.482421875,27616.26953125,76840.2734375,17447.162109375,11595.9482421875,69881.484375,11581.94921875,8949.3271484375,5309.50927734375,4558.318359375,5138.86767578125,2605.23828125,4738.0859375,5198.6435546875,4790.47900390625,30215.7890625,15154.8798828125,13339.8388671875,23792.15234375,27141.35546875,15198.7998046875,16135.263671875,102.55342864990234,14980.4267578125,16772.2578125,6537.107421875,40331.09375,15174.2958984375,6597.21435546875
2017-01-11,16774.7890625,21119.59375,15698.7197265625,28489.205078125,78989.2265625,17427.22265625,11502.13671875,69881.484375,11601.9296875,9299.9892578125,5278.66357421875,4479.51904296875,5222.8486328125,2616.142822265625,4771.98583984375,5371.072265625,4928.4072265625,30306.732421875,15134.9453125,12788.91015625,23606.2890625,28021.970703125,15244.685546875,16192.451171875,102.02163696289062,14984.4052734375,16974.751953125,6565.96240234375,41359.05859375,15311.564453125,6500.548828125
2017-01-12,16992.412109375,21419.0,16370.1083984375,28370.349609375,77438.46875,17447.162109375,11512.1171875,70730.0234375,11569.9580078125,9380.0,5293.5888671875,4576.2724609375,5204.853515625,2593.341796875,4753.0419921875,5289.7275390625,4903.041015625,31070.484375,15239.5986328125,12719.1708984375,23725.5625,26955.6796875,15179.6826171875,16155.9951171875,102.18878173828125,15101.75,17100.4375,6542.0830078125,41802.1796875,15207.119140625,6577.28369140625
2017-01-13,17002.34765625,21398.51953125,16095.357421875,29044.52734375,77171.7109375,17347.46484375,11620.9013671875,70790.9296875,11643.8896484375,9439.267578125,5328.4140625,4528.39404296875,5209.85205078125,2627.047607421875,4800.90087890625,5373.3642578125,4928.9365234375,31931.7578125,15882.4736328125,12949.306640625,23810.048828125,27270.494140625,15122.328125,16243.923828125,102.49266052246094,15087.8291015625,17405.681640625,6467.45849609375,42216.36328125,15127.5439453125,6824.43017578125
2017-01-17,16537.294921875,21528.232421875,17034.50390625,28997.580078125,76641.203125,17321.54296875,11756.630859375,70682.125,11611.9189453125,9532.12109375,5229.90625,4731.87255859375,5282.83642578125,2587.3935546875,4915.56396484375,5465.02001953125,5046.78125,31790.3984375,15548.5791015625,12727.142578125,23429.3671875,27206.173828125,15031.51953125,16166.720703125,101.0189208984375,14916.783203125,17606.1796875,6467.45849609375,42016.75390625,15070.8466796875,7126.3876953125
2017-01-18,16654.55078125,21499.947265625,16914.615234375,29603.841796875,76980.625,17149.06640625,11903.3388671875,71605.5546875,11696.8359375,9455.0703125,5238.86083984375,4786.73291015625,5238.8447265625,2610.1943359375,4935.505859375,5457.00048828125,5061.578125,32098.314453125,15299.40234375,12567.7412109375,23689.779296875,27472.119140625,15031.51953125,15905.791015625,102.37115478515625,15001.3095703125,17981.248046875,6550.0419921875,42017.75,15046.9736328125,7314.73583984375
2017-01-19,16396.19140625,21460.943359375,16423.056640625,30076.265625,78830.9609375,16953.65625,11846.4521484375,71478.7578125,11549.978515625,9680.2861328125,5167.2197265625,4618.1640625,5317.8271484375,2615.1513671875,4890.63720703125,5441.53369140625,5033.5703125,32324.046875,15249.56640625,12493.0234375,23485.025390625,27323.126953125,15007.6201171875,15852.17578125,101.48993682861328,14775.568359375,17905.44140625,6467.45849609375,41917.94921875,15101.6806640625,7218.0703125
2017-01-20,16197.4453125,21115.6875,16362.1181640625,30186.1328125,79032.0078125,16812.0859375,11677.787109375,71944.9765625,11375.1474609375,9680.2861328125,5134.3828125,4546.34814453125,5286.83544921875,2602.263671875,4845.7685546875,5404.87109375,4996.05029296875,32851.11328125,15199.728515625,12501.9892578125,23231.56640625,26946.2578125,14880.486328125,15727.7880859375,100.8821792602539,14717.8916015625,17336.8515625,6407.7578125,41771.2421875,15056.9189453125,7200.13232421875
2017-01-23,16356.4365234375,21785.701171875,16848.677734375,30289.0078125,79901.9375,16967.615234375,11813.517578125,72293.375,11650.8818359375,10028.9755859375,5254.78173828125,4712.92138671875,5420.8046875,2607.220947265625,5085.06640625,5465.02001953125,5047.8388671875,33092.16796875,15349.23828125,12663.3818359375,23556.58984375,26984.826171875,14771.5146484375,15942.2509765625,101.80897521972656,14870.044921875,17167.271484375,6488.353515625,42768.2578125,15062.8896484375,7304.7705078125
2017-01-24,16346.50390625,22441.0859375,16945.587890625,30503.744140625,79427.1640625,16898.8203125,12013.123046875,72526.984375,11738.7978515625,10426.064453125,5206.0244140625,4787.7294921875,5500.7880859375,2597.30712890625,5483.8955078125,5442.67919921875,5048.36767578125,32900.41015625,15449.9052734375,12649.43359375,23556.58984375,27212.20703125,14920.634765625,16186.017578125,102.23439025878906,14737.779296875,17107.427734375,6542.0830078125,43009.78515625,15169.3212890625,7424.3583984375
2017-01-27,15501.849609375,22469.369140625,15935.5048828125,30962.185546875,82904.875,16347.4921875,11943.208984375,70172.9765625,11479.0458984375,10742.154296875,5014.978515625,4563.30615234375,5507.78515625,2607.220947265625,5264.5400390625,5516.00341796875,5130.80712890625,32599.078125,16446.609375,12796.87890625,23144.1015625,26757.822265625,14976.076171875,16258.220703125,99.45405578613281,14495.1357421875,17616.16015625,6581.8818359375,40320.1171875,15035.0361328125,7373.533203125
2017-01-30,15551.5361328125,22344.53125,16654.849609375,30995.142578125,82571.4375,16284.6826171875,11939.2158203125,70140.0390625,11395.1279296875,10613.7451171875,4932.390625,4627.14111328125,5504.78564453125,2605.23828125,5191.75244140625,5403.15185546875,5036.2138671875,32434.71484375,16156.56640625,12355.5400390625,22860.826171875,27093.6171875,14922.5458984375,15941.53515625,98.11707305908203,14174.9189453125,17773.76953125,6452.533203125,40120.515625,14920.6435546875,7324.70263671875
2017-01-31,15781.080078125,22469.369140625,16973.564453125,30762.42578125,81583.046875,15808.125,12177.7783203125,70082.125,11496.029296875,10502.1220703125,4995.078125,4605.197265625,5497.7890625,2607.220947265625,5328.35205078125,5428.3564453125,5038.85498046875,32537.71484375,16212.3837890625,12499.99609375,23080.484375,26856.3125,15007.6201171875,16113.818359375,98.70962524414062,14312.154296875,17855.5625,6466.46337890625,39872.00390625,15020.115234375,7389.47900390625
2017-02-01,15541.5986328125,22932.625,16971.56640625,30762.42578125,82165.34375,15805.1357421875,12449.2861328125,69881.484375,11563.9658203125,10865.6279296875,5005.02783203125,4623.1513671875,5565.77294921875,2579.462890625,5433.044921875,5464.44775390625,5025.64404296875,32544.291015625,15912.3740234375,12407.34375,22926.4296875,27637.189453125,14912.0322265625,16063.060546875,98.3753433227539,14288.2880859375,17925.392578125,6353.03466796875,40274.20703125,14977.341796875,7198.13916015625
2017-02-02,15322.9814453125,22720.994140625,17584.00390625,30716.482421875,81717.4375,15737.33984375,12007.0927734375,68983.0078125,11519.0087890625,10666.09375,4944.3310546875,4748.8291015625,5484.791015625,2586.402587890625,5463.953125,5368.20703125,4986.0087890625,32222.130859375,15658.2158203125,12302.7373046875,22542.763671875,27614.94921875,14661.5888671875,15981.5693359375,97.12950897216797,14220.6640625,17783.7421875,6228.65869140625,39596.5546875,14828.134765625,7132.36669921875
2017-02-03,15359.7490234375,21685.25,17421.15234375,30712.490234375,81518.3515625,15728.369140625,11966.1669921875,68882.1796875,11658.8740234375,10248.2626953125,4931.39501953125,4666.0419921875,5183.85791015625,2585.4111328125,5105.0078125,5361.90673828125,4979.138671875,32298.83984375,15695.091796875,12209.0908203125,22746.521484375,27481.79296875,14767.6923828125,16023.029296875,97.20549774169922,14220.6640625,17739.84765625,6241.59521484375,39321.1015625,14821.1728515625,7151.3017578125
2017-02-06,15238.517578125,21616.0078125,17592.998046875,30730.466796875,82460.9609375,15725.375,11778.5107421875,68383.015625,11535.9921875,10513.9755859375,4895.57470703125,4711.92578125,5154.86328125,2564.59326171875,5152.8681640625,5393.986328125,4995.52197265625,32247.337890625,15456.87890625,11941.09765625,22662.037109375,27823.236328125,14670.1875,15977.27734375,96.36983489990234,13983.98828125,17327.87890625,6208.75927734375,38832.06640625,14821.1728515625,7091.5078125
2017-02-07,15552.52734375,21836.416015625,17691.904296875,30348.931640625,82718.7421875,15945.7080078125,11783.5009765625,68088.5078125,11551.9775390625,10717.4609375,4945.32568359375,4812.6669921875,5291.8330078125,2579.462890625,5317.384765625,5408.3076171875,5007.14892578125,32309.80078125,15705.060546875,11730.888671875,23000.974609375,27510.05859375,14698.8642578125,15912.94140625,97.23588562011719,14023.765625,17286.978515625,6143.08984375,38573.578125,14841.0673828125,7075.56201171875
2017-02-08,15409.4345703125,21699.876953125,18333.322265625,30263.03515625,83928.1015625,16039.427734375,11727.6015625,67685.203125,11588.94140625,10864.6416015625,4914.47900390625,4962.28369140625,5243.84423828125,2551.705078125,5427.06201171875,5455.8544921875,5027.7578125,32476.353515625,15615.357421875,11531.638671875,22779.3203125,26820.6328125,14602.3212890625,15815.71875,96.40021514892578,13941.2236328125,17242.0859375,6168.958984375,38047.62109375,14752.5419921875,7074.5673828125
2017-02-09,15799.962890625,21065.947265625,18003.623046875,30712.490234375,83800.6953125,16241.8154296875,11778.5107421875,69670.8359375,11763.775390625,10712.5244140625,4955.27490234375,4687.98486328125,5168.859375,2561.618896484375,5422.07666015625,5438.09619140625,5043.0830078125,33160.1171875,16199.423828125,11619.30859375,23010.91015625,26909.451171875,14602.3212890625,15935.1015625,97.46377563476562,14028.736328125,16957.798828125,6248.55810546875,38523.6796875,14919.65234375,7114.42919921875
2017-02-10,16111.986328125,21983.68359375,17737.86328125,30697.505859375,83600.609375,16421.26953125,11981.140625,70580.3046875,11915.6298828125,10865.6279296875,5077.66552734375,4528.39404296875,5369.81591796875,2613.168212890625,5298.44091796875,5506.265625,5074.79052734375,33251.05859375,16725.68359375,11842.46875,23655.984375,27355.041015625,14574.5986328125,16277.5244140625,98.96788787841797,14371.8232421875,17372.763671875,6449.54833984375,38939.84765625,15097.7001953125,7318.72314453125
2017-02-13,16248.125,22600.05859375,17644.94921875,31366.69140625,83081.046875,16653.564453125,12077.9609375,70999.5859375,12023.5263671875,10865.6279296875,5131.39697265625,4530.3896484375,5488.7900390625,2622.0908203125,5435.0390625,5541.7822265625,5124.99462890625,33311.3359375,16595.12109375,11683.0673828125,23854.771484375,27265.71875,14690.259765625,16579.91015625,100.35039520263672,14580.6552734375,17627.1328125,6625.662109375,38733.25390625,14995.2470703125,7262.91552734375
2017-02-14,16321.66015625,22326.005859375,17506.076171875,30987.15234375,81020.7109375,16509.0,12347.4716796875,71169.296875,11943.603515625,10634.4853515625,5197.06884765625,4562.306640625,5375.814453125,2636.960693359375,5273.51318359375,5560.1123046875,5101.7412109375,32944.2421875,16595.12109375,11531.638671875,24248.380859375,26494.013671875,14546.8779296875,16416.921875,101.07968139648438,14666.1796875,17474.5078125,6666.45654296875,38390.9375,15018.125,7258.9296875
2017-02-15,16272.966796875,22121.1953125,17173.376953125,30845.32421875,80001.4609375,16649.576171875,12547.109375,71849.1328125,12040.5107421875,10576.205078125,5203.04052734375,4505.45361328125,5294.8330078125,2673.64013671875,5114.97900390625,5541.2099609375,5082.71826171875,32489.5,17073.537109375,11656.1708984375,24749.330078125,26619.6328125,14434.0810546875,16634.947265625,101.79373931884766,14753.6923828125,17497.451171875,6736.10498046875,37824.0625,15029.0673828125,7313.74072265625
2017-02-16,16194.4638671875,21445.333984375,17222.3359375,29620.8203125,79941.71875,16640.603515625,12547.109375,72084.71875,12268.2919921875,10569.2919921875,5221.94580078125,4488.49609375,5243.84423828125,2672.648681640625,5050.16845703125,5533.1884765625,5082.1875,32873.01953125,17223.0390625,11905.2333984375,24768.2109375,27215.72265625,14567.908203125,16528.44140625,100.95817565917969,14749.7158203125,17621.142578125,6835.60546875,37535.63671875,15040.0078125,7025.734375
2017-02-17,15987.7724609375,21183.955078125,17302.259765625,28846.767578125,80482.234375,16722.357421875,12681.8623046875,71578.59375,12323.240234375,10552.50390625,5164.2353515625,4404.7119140625,5215.85107421875,2669.674560546875,5016.26806640625,5461.58349609375,5014.01708984375,32897.12109375,17242.978515625,11830.5126953125,24272.234375,27034.193359375,14661.5888671875,16347.580078125,99.89460754394531,14553.806640625,17262.0390625,6691.33154296875,37375.9453125,14970.3798828125,6934.05126953125
2017-02-21,15926.1640625,21451.185546875,16488.998046875,28864.74609375,80946.0546875,16420.271484375,12741.7509765625,71079.4375,12109.443359375,10865.6279296875,4993.087890625,4209.2138671875,5359.818359375,2667.6923828125,4981.37109375,5484.498046875,5046.25439453125,33397.88671875,16734.65625,11895.2685546875,24096.302734375,27574.376953125,14912.0322265625,16043.759765625,98.3753433227539,14356.904296875,19413.6796875,6666.45654296875,38279.1640625,14923.6259765625,7075.56201171875
2017-02-22,15657.861328125,20647.560546875,15764.6611328125,28465.232421875,81005.765625,16122.1728515625,12646.927734375,71378.9453125,11938.6064453125,11300.251953125,4977.1689453125,4219.18701171875,5315.8271484375,2640.926025390625,4913.5693359375,5390.5498046875,4945.8466796875,32850.01171875,16667.875,11905.2333984375,23731.525390625,27665.830078125,14909.1650390625,15991.5751953125,97.20549774169922,14316.1337890625,19141.36328125,6618.69677734375,37474.75390625,14940.541015625,6930.06494140625
2017-02-23,15586.3154296875,20799.69921875,15486.912109375,28596.07421875,80104.96875,16500.02734375,12807.6318359375,72640.7890625,12458.11328125,11027.6259765625,5036.8681640625,4235.14599609375,5516.7841796875,2647.865966796875,4686.23828125,5385.39306640625,4941.61962890625,33697.03515625,17023.6953125,11983.9365234375,24184.767578125,27352.40234375,14527.759765625,16118.8232421875,97.99546813964844,14392.7021484375,19202.2109375,6843.56591796875,37326.05078125,14881.8515625,7025.734375
2017-02-24,15521.7236328125,19710.318359375,15306.0771484375,28614.05078125,81329.265625,16450.181640625,12776.6884765625,72427.1484375,12398.1708984375,10235.423828125,5047.81494140625,4288.01123046875,5188.85693359375,2668.68359375,4536.6767578125,5361.33447265625,4917.83935546875,33174.36328125,17009.74609375,11835.494140625,24302.052734375,26930.552734375,14318.4169921875,16186.734375,97.53968048095703,14301.21484375,19274.03125,6868.43994140625,36966.7578125,14709.7666015625,6904.15625
2017-03-01,15427.3203125,20494.4375,14226.060546875,28150.6171875,82190.2265625,15531.9599609375,12876.5068359375,72604.859375,12228.33203125,11102.697265625,5012.98974609375,3979.80029296875,5408.8076171875,2643.900634765625,4235.5615234375,5412.89013671875,4983.89501953125,33566.64453125,16864.2265625,11657.1650390625,24948.119140625,26909.07421875,14022.0888671875,15905.791015625,98.20821380615234,14556.7890625,19278.0234375,6787.8466796875,37860.99609375,14622.232421875,7065.5966796875
2017-03-02,15303.107421875,20263.30078125,14131.146484375,27491.423828125,82406.21875,15851.9931640625,13078.1376953125,73066.0703125,12358.2080078125,11291.36328125,5121.447265625,4097.49853515625,5448.79931640625,2632.994873046875,4354.21240234375,5435.80419921875,4980.7236328125,34098.08984375,16717.708984375,12627.517578125,25062.421875,26634.333984375,14146.357421875,16040.8994140625,99.60594940185547,15508.4794921875,19082.505859375,6797.79541015625,37701.3046875,14687.8818359375,7054.6357421875
2017-03-03,15253.4208984375,19834.17578125,13667.5673828125,27366.572265625,81238.6875,15889.87890625,13079.13671875,73076.0546875,12586.9912109375,11255.8046875,5136.37353515625,4139.39111328125,5401.8095703125,2665.709228515625,4222.599609375,5391.69384765625,4965.39990234375,33779.2265625,16959.91015625,12380.4453125,25881.431640625,26427.431640625,14242.9013671875,15884.345703125,99.95545959472656,15662.6181640625,19340.86328125,6815.70556640625,37126.44921875,14701.810546875,7178.20703125
2017-03-06,15352.79296875,19197.322265625,13495.7255859375,27075.931640625,80172.671875,16027.4609375,13339.6611328125,73581.2109375,12563.0107421875,11052.3203125,5132.39306640625,4141.38720703125,5222.8486328125,2676.61376953125,4147.8193359375,5402.005859375,4967.51318359375,33316.80078125,17001.771484375,12022.791015625,25643.87890625,26600.798828125,14290.6953125,15988.00390625,100.12252044677734,15762.0634765625,19572.291015625,6845.5556640625,36876.94140625,14951.4814453125,7176.21337890625
2017-03-07,15075.548828125,18871.578125,13145.0419921875,27066.943359375,80224.421875,16150.0888671875,13313.7099609375,73798.8359375,12478.0927734375,10835.994140625,5114.4814453125,3999.749755859375,5120.87158203125,2688.510498046875,4117.9072265625,5440.96044921875,4988.6533203125,33202.8515625,16899.109375,12094.5205078125,25071.3671875,26830.935546875,14193.193359375,16081.646484375,99.5451889038086,15526.3818359375,19643.1171875,6930.1298828125,36527.6328125,14900.7509765625,7221.06005859375
2017-03-08,14920.529296875,18728.21484375,13088.0947265625,27425.501953125,80511.0703125,16081.298828125,13141.0234375,74192.15625,12548.025390625,11260.740234375,5098.5625,3995.3603515625,5140.8671875,2682.56201171875,3988.287841796875,5498.81884765625,5034.6279296875,33255.44140625,16780.501953125,12240.9697265625,25131.00390625,26946.2578125,14253.41796875,16013.0224609375,98.9982681274414,15414.0078125,19627.15234375,6810.73046875,36727.234375,14821.1728515625,6943.29833984375
2017-03-09,14970.21484375,18164.50390625,13027.15234375,27751.107421875,81157.0546875,16150.0888671875,13154.9990234375,74986.8046875,12498.0751953125,10253.19921875,5049.80419921875,3947.475830078125,5026.89208984375,2691.48388671875,3893.565673828125,5459.291015625,5017.71728515625,32818.234375,16861.232421875,12034.7470703125,24876.552734375,26481.451171875,14152.0908203125,15869.3330078125,98.40573120117188,15289.701171875,19551.34375,6912.2197265625,36328.0234375,14632.1787109375,6926.35302734375
2017-03-10,14977.1728515625,18092.33203125,12894.271484375,27464.455078125,81447.6875,16173.0185546875,13235.8515625,74873.0078125,12787.796875,11161.9658203125,5096.57080078125,3793.845703125,5056.88525390625,2707.345703125,3911.512451171875,5459.291015625,5046.78125,33146.96875,17078.517578125,12184.18359375,25360.609375,27197.505859375,13964.7353515625,15886.490234375,97.84358215332031,15508.4794921875,19610.19921875,6915.20458984375,36328.0234375,15040.0078125,7067.8896484375
2017-03-13,15104.365234375,18657.013671875,13091.09375,27910.91015625,82065.8125,16312.5986328125,13175.9599609375,75640.703125,13134.4658203125,10865.6279296875,5144.3330078125,3955.4560546875,5087.876953125,2725.18994140625,4005.237548828125,5539.4912109375,5091.171875,33366.11328125,17272.876953125,12462.138671875,25392.41015625,27471.240234375,14248.638671875,15969.4150390625,99.66670989990234,15430.9130859375,19885.513671875,6956.99462890625,36644.3984375,15159.375,7210.4248046875
2017-03-14,14733.7138671875,18420.021484375,13254.943359375,27965.841796875,82329.59375,16011.5087890625,13314.7080078125,75743.53125,13307.302734375,11063.189453125,5105.52587890625,4106.09228515625,5028.8916015625,2749.973388671875,4167.76123046875,5499.96337890625,5073.20556640625,33064.78125,17176.1953125,12164.2578125,25524.609375,27371.369140625,14164.51953125,15719.9267578125,98.16259765625,15660.634765625,20537.88671875,6929.13427734375,36228.22265625,15069.8505859375,7074.86865234375
2017-03-15,14960.27734375,18626.779296875,13063.1171875,28090.6875,80143.5546875,15705.6650390625,13190.931640625,76346.4921875,13288.1982421875,11040.466796875,5105.52587890625,4042.2470703125,5168.859375,2746.007568359375,4063.068115234375,5488.5078125,5049.95263671875,33212.70703125,17054.59375,12446.1982421875,25708.490234375,27360.818359375,14175.0341796875,15901.5029296875,98.26897430419922,15631.79296875,20468.8515625,6948.03955078125,36052.34765625,15152.412109375,7085.83251953125
2017-03-16,15619.1064453125,19843.927734375,13907.3505859375,28258.484375,80640.3515625,16043.6865234375,13455.4501953125,78669.5703125,13525.9873046875,11754.6357421875,5298.56396484375,4444.27734375,5362.81787109375,2792.6005859375,4255.5029296875,5656.3525390625,5175.72607421875,33459.26171875,17546.966796875,12916.4296875,26634.84765625,27825.625,14137.7509765625,16084.509765625,100.27449798583984,16099.185546875,20829.984375,7178.8779296875,36433.640625,15513.490234375,7227.36962890625
2017-03-17,15522.716796875,19791.26171875,13882.37109375,27299.65625,81060.5078125,15992.833984375,13530.3125,79480.1875,13578.94140625,11903.7890625,5274.68359375,4368.4599609375,5445.80029296875,2716.26708984375,4341.2509765625,5473.61376953125,5020.359375,33201.75390625,17399.45703125,12781.9365234375,26339.646484375,27861.427734375,13932.232421875,15469.72265625,99.77308654785156,15900.2958984375,20502.771484375,7175.8935546875,36783.99609375,15419.98828125,7282.19091796875
2017-03-22,15650.904296875,19249.0078125,14102.4990234375,27056.955078125,80856.40625,16087.560546875,13555.267578125,79865.5546875,13735.8017578125,11902.8017578125,5279.65771484375,4506.12841796875,5181.8583984375,2637.870361328125,4440.9580078125,5365.3447265625,4894.5859375,33093.265625,17554.94140625,12256.265625,26209.4375,28139.6796875,14040.2509765625,15326.748046875,100.44163513183594,15761.0703125,20619.486328125,7118.18310546875,36111.23828125,15536.3701171875,7330.03369140625
2017-03-23,15657.861328125,19362.14453125,13653.8642578125,27143.849609375,80384.4921875,16602.072265625,13415.5224609375,80638.21875,13638.88671875,11756.609375,5273.68701171875,4459.240234375,5115.87255859375,2624.978271484375,4303.3623046875,5413.46337890625,4962.228515625,33218.19140625,17621.724609375,12430.6728515625,26289.947265625,28089.431640625,13956.130859375,15411.1044921875,99.83384704589844,15811.7880859375,20660.392578125,7070.42333984375,35733.93359375,15544.3271484375,7350.9658203125
2017-03-24,15750.2763671875,19151.490234375,13930.6396484375,26854.19921875,80616.46875,16578.146484375,13230.8583984375,80288.828125,13533.9794921875,11734.880859375,5218.9609375,4411.357421875,5024.89208984375,2632.9111328125,4207.6435546875,5397.423828125,4935.80615234375,32955.21484375,17541.982421875,12385.8251953125,26126.943359375,28001.4921875,13784.0673828125,15369.6435546875,98.93750762939453,15811.7880859375,20650.416015625,7044.552734375,35634.12109375,15422.9716796875,7329.03759765625
2017-03-27,15247.4599609375,18852.07421875,14662.0419921875,26967.0625,83528.5078125,16352.794921875,13034.2177734375,79465.2421875,13393.10546875,11320.009765625,5033.8837890625,4613.86669921875,4894.919921875,2608.1201171875,4337.26171875,5422.05615234375,4959.58642578125,33787.98828125,17143.3046875,12350.943359375,25514.671875,28089.556640625,13860.5439453125,15333.896484375,95.53424835205078,15314.5615234375,20075.796875,6918.18994140625,36028.3984375,15406.064453125,7340.0009765625
2017-03-28,14973.197265625,19164.16015625,14519.1591796875,27263.701171875,84062.1640625,16095.537109375,13126.05078125,80563.359375,13348.1455078125,11359.5224609375,4996.072265625,4626.83642578125,5033.89013671875,2603.1611328125,4402.07275390625,5462.1552734375,5009.791015625,34157.2578125,16655.912109375,12313.072265625,25494.79296875,28962.390625,13857.6748046875,15155.1806640625,95.33674621582031,15440.8583984375,20171.568359375,6915.20458984375,38150.47265625,15416.0107421875,7183.5126953125
2017-03-29,14841.033203125,19310.451171875,14398.2548828125,27389.548828125,84881.5234375,15958.931640625,13059.173828125,79090.8515625,13338.1533203125,11392.119140625,4811.14111328125,4639.8056640625,5027.8916015625,2601.177978515625,4422.013671875,5499.3916015625,5035.6845703125,34396.1328125,16754.58984375,12284.171875,25644.876953125,29485.111328125,13571.779296875,15119.4384765625,93.73005676269531,15005.560546875,20387.05078125,6865.45556640625,38219.33984375,15339.4150390625,7246.306640625
2017-03-30,14932.4541015625,19716.171875,13829.72265625,27045.96875,84569.8671875,15984.857421875,13029.224609375,79664.859375,13368.1279296875,11804.025390625,4888.7724609375,4519.0966796875,5083.87841796875,2607.127685546875,4490.81103515625,5521.73291015625,5099.62841796875,34708.4296875,16831.33203125,12283.173828125,25907.28125,28993.921875,13387.2529296875,15086.5537109375,94.90170288085938,15289.0615234375,20001.970703125,6831.6259765625,38244.296875,15368.2626953125,7235.34423828125
2017-03-31,13863.224609375,19900.494140625,14313.3271484375,27438.48828125,87753.7265625,15342.7080078125,12786.671875,76008.1015625,12859.5791015625,11644.9912109375,4614.0771484375,4665.7421875,5252.84130859375,2568.45263671875,4508.7587890625,5239.31591796875,4840.6826171875,35278.23046875,15937.2919921875,12158.5986328125,24003.865234375,29081.859375,13308.853515625,14732.693359375,90.29230499267578,14299.298828125,19313.62890625,6703.27099609375,38986.921875,15119.5859375,6968.21728515625
2017-04-03,14210.0283203125,19895.6171875,14908.841796875,27991.810546875,88705.4921875,15614.923828125,12724.78125,77691.21875,13037.419921875,11880.08203125,4553.3662109375,4783.4580078125,5285.8359375,2545.643798828125,4615.44580078125,5247.3359375,4834.86962890625,36200.8671875,15594.42578125,12281.18359375,23546.6484375,29521.54296875,13646.35546875,14797.7490234375,89.79891967773438,14274.431640625,19581.98046875,6671.43115234375,40425.26171875,15119.5859375,7032.00830078125
2017-04-04,14323.30859375,20188.201171875,15556.3125,27702.1640625,88189.796875,15527.1787109375,12696.833984375,78766.4140625,13091.3740234375,12039.1162109375,4548.39013671875,4931.1015625,5394.810546875,2542.66845703125,4835.79931640625,5267.38525390625,4840.6826171875,36165.796875,15360.201171875,12337.9892578125,23417.435546875,29959.337890625,13743.876953125,14704.1005859375,89.50602722167969,14191.869140625,19739.6015625,6721.181640625,40441.23046875,15064.875,7039.98291015625
2017-04-05,13768.3046875,20948.919921875,16221.7705078125,28085.697265625,91194.421875,15021.6357421875,12681.8623046875,75539.8828125,12903.5400390625,12484.607421875,4505.59228515625,5037.84375,5592.76806640625,2503.992919921875,4910.57861328125,5265.09521484375,4859.70751953125,36599.7265625,15110.0263671875,12133.68359375,22749.505859375,30509.4453125,13849.0478515625,14492.498046875,88.56570434570312,13801.9365234375,19659.80078125,6270.94677734375,41094.03125,14750.546875,6886.484375
2017-04-06,13499.896484375,21003.53125,16436.59375,27965.841796875,90970.421875,14826.2001953125,12724.78125,71878.1015625,12844.591796875,12404.5966796875,4468.76904296875,4973.99853515625,5563.77294921875,2486.14306640625,4883.6572265625,5258.79345703125,4860.23583984375,36876.95703125,14792.0791015625,12188.4970703125,22443.37109375,30538.96875,13767.779296875,14497.5078125,85.94487762451172,13575.1328125,19281.701171875,6413.2880859375,40981.234375,14671.9677734375,6935.32373046875
2017-04-07,13809.0634765625,20343.271484375,17067.080078125,28083.69921875,90940.546875,15056.537109375,12926.416015625,71778.2421875,12804.6298828125,12386.81640625,4458.8154296875,5287.24267578125,5483.791015625,2457.384033203125,4957.44091796875,5304.62158203125,4905.68310546875,36581.1015625,14821.9794921875,12175.5400390625,22436.412109375,30275.283203125,13848.0927734375,14594.0107421875,86.0219955444336,13647.7509765625,19298.6640625,6483.9599609375,40747.671875,14709.7666015625,6965.22705078125
2017-04-10,13964.14453125,20674.8671875,16698.3828125,28125.646484375,91742.0,14757.4013671875,12626.9609375,73874.6953125,12838.5966796875,12631.7861328125,4438.90966796875,5058.79345703125,5510.78466796875,2419.7001953125,4771.98583984375,5356.17822265625,4935.80615234375,36966.80859375,14493.0693359375,12203.4453125,22393.669921875,30808.5546875,14140.65625,14914.2705078125,85.18951416015625,13528.3818359375,18843.751953125,6481.96923828125,41324.60546875,14671.9677734375,6767.87255859375
2017-04-11,14215.650390625,20476.8828125,17480.744140625,27954.85546875,92625.0625,14846.142578125,12655.908203125,74527.59375,12963.484375,12335.4521484375,4539.4326171875,5222.39892578125,5507.78515625,2477.21728515625,4969.40625,5356.7509765625,4918.3642578125,37256.08984375,14751.21484375,12412.7353515625,22300.51171875,30780.54296875,14110.0634765625,14976.4638671875,87.64066314697266,13747.2236328125,19276.71484375,6701.9501953125,40954.28125,14711.7548828125,6817.708984375
2017-04-12,14411.48828125,19458.689453125,17465.759765625,28065.720703125,91492.1015625,15031.6083984375,12748.73828125,76763.7890625,13063.3974609375,11547.2001953125,4685.73779296875,5193.46923828125,5326.826171875,2504.985107421875,4661.3115234375,5336.126953125,4883.48876953125,36598.6328125,15289.4326171875,12592.1240234375,22880.14453125,31048.998046875,14203.7607421875,15441.1259765625,90.12273406982422,14273.4384765625,19691.716796875,6798.50341796875,41539.19921875,14771.4384765625,6952.26953125
2017-04-13,14464.17578125,19176.83984375,17720.548828125,27974.83203125,89954.9453125,15193.140625,13100.099609375,76969.453125,13078.3837890625,11727.9619140625,4791.23681640625,5537.63818359375,5171.859375,2509.942626953125,4819.845703125,5365.3447265625,4909.91259765625,36556.98828125,15746.9228515625,12396.7890625,23124.720703125,31024.251953125,14097.630859375,15551.2177734375,91.00138854980469,14450.5,20272.326171875,6825.3779296875,41363.5234375,14770.443359375,7192.4833984375
2017-04-18,14315.0625,18510.724609375,17414.798828125,26817.24609375,89155.4765625,15382.595703125,12827.5966796875,76662.9609375,12973.478515625,11159.9873046875,4703.65234375,5370.0439453125,4974.90380859375,2548.61865234375,4675.26953125,5353.31298828125,4894.05810546875,36106.625,15406.0498046875,12257.263671875,22326.359375,30714.96484375,13839.4873046875,15441.1259765625,89.92230987548828,13985.958984375,20251.375,6828.3642578125,40177.7265625,14721.7041015625,7274.21630859375
2017-04-19,14265.3544921875,18672.623046875,17126.03515625,27143.849609375,87884.15625,15450.3984375,13116.0703125,76527.1953125,12934.5126953125,10671.9443359375,4747.4443359375,5313.1806640625,5070.8828125,2503.992919921875,4746.0615234375,5422.05615234375,4970.15576171875,35833.78515625,15199.728515625,12187.501953125,22093.70703125,30788.078125,13834.7060546875,15364.419921875,90.81643676757812,14126.21484375,20094.75,6868.1806640625,39989.0625,14633.1728515625,7176.5361328125
2017-04-20,14315.0625,18707.736328125,16551.50390625,26069.16015625,87841.328125,15619.9091796875,13225.87109375,76857.65625,12838.5966796875,10917.990234375,4802.1845703125,5168.52880859375,5062.884765625,2502.010009765625,4650.34375,5467.88330078125,5000.27783203125,35777.15234375,15373.1572265625,12189.4951171875,22339.279296875,31141.080078125,13624.3662109375,15422.3291015625,91.9726333618164,14197.8388671875,20152.611328125,6860.21630859375,39605.7734375,14636.158203125,7201.4541015625
2017-04-24,14766.380859375,18374.18359375,15743.1611328125,26583.533203125,88310.234375,16006.794921875,13127.0498046875,77876.0390625,13161.310546875,11067.203125,4876.828125,4734.57666015625,5074.8818359375,2522.8349609375,4414.03662109375,5570.4248046875,5096.45654296875,36670.21875,15867.521484375,12247.298828125,22490.408203125,31286.927734375,13705.634765625,15756.931640625,94.19254302978516,14647.458984375,20590.560546875,7031.423828125,40027.0,14933.57421875,7375.884765625
2017-04-26,14719.66015625,18404.421875,15202.6015625,27687.181640625,90320.3125,15982.8623046875,13225.87109375,77488.65625,13421.080078125,11511.869140625,4920.62060546875,4467.2216796875,5278.83642578125,2524.818359375,4277.43798828125,5649.47900390625,5157.75830078125,37851.46484375,15654.2275390625,12400.775390625,22469.529296875,31706.890625,14154.9990234375,15824.13671875,94.79376220703125,14661.384765625,20502.771484375,7057.30419921875,41499.27734375,15096.7099609375,7267.2392578125
2017-04-28,14613.291015625,18717.486328125,15106.677734375,27689.181640625,89687.1328125,15905.0859375,13398.5546875,76132.8125,13368.1279296875,11252.9716796875,4961.427734375,4364.46923828125,5292.8330078125,2540.685302734375,4282.423828125,5737.125,5240.72705078125,38021.32421875,15658.2158203125,12607.07421875,22414.845703125,31890.17578125,14005.84765625,15860.5966796875,94.5625228881836,14757.873046875,20929.740234375,7056.30859375,40924.33984375,15041.005859375,7226.37255859375
2017-05-02,14711.705078125,17989.9296875,15098.6865234375,27914.90625,89800.59375,16431.564453125,13445.470703125,77426.765625,13364.130859375,11215.4228515625,5015.171875,4299.625,5113.873046875,2547.626953125,4265.4736328125,5699.89013671875,5210.60400390625,38382.921875,15580.47265625,12636.970703125,22420.806640625,32143.30859375,14254.4326171875,15836.2900390625,95.6878890991211,14953.8369140625,21050.453125,7092.14208984375,41556.171875,15021.1103515625,7228.36669921875
2017-05-08,14613.291015625,17263.34765625,14757.9658203125,27761.08984375,92687.78125,16401.65234375,13310.712890625,76342.46875,13234.2451171875,10079.0595703125,4861.89892578125,4276.681640625,4994.89892578125,2543.660400390625,4043.12646484375,5815.60595703125,5372.84130859375,38776.3046875,14900.7197265625,11836.6953125,21646.310546875,32763.8828125,14695.19140625,15548.8779296875,94.17716217041016,14622.5888671875,19852.333984375,6942.8349609375,40425.26171875,15164.3486328125,7146.6337890625
2017-05-09,14703.75390625,17639.80078125,14180.4345703125,27971.8359375,93185.5625,16505.353515625,13369.607421875,76343.46875,13264.21875,10480.2431640625,4877.82421875,4299.625,5122.87109375,2528.784912109375,4152.8046875,5852.2685546875,5411.41845703125,38842.05078125,14801.05078125,11830.71484375,22044.0,33788.96875,14847.2119140625,15764.7958984375,94.5008773803711,14667.3544921875,19965.060546875,6930.88916015625,40862.453125,15051.9462890625,7116.72998046875
2017-05-10,14631.185546875,17798.779296875,14757.9658203125,28075.708984375,91933.1484375,16825.431640625,13490.384765625,76874.640625,13396.103515625,10285.580078125,4930.57275390625,4539.04736328125,5043.8876953125,2538.70166015625,4372.15966796875,5834.51025390625,5387.63818359375,38680.96484375,14888.7607421875,12057.94140625,22145.412109375,33676.796875,14895.9716796875,16154.4453125,95.61079406738281,14755.8818359375,19553.0546875,7001.56201171875,40938.31640625,15119.5859375,7225.37646484375
2017-05-11,14474.115234375,17592.017578125,15083.6982421875,28167.595703125,91570.7421875,16629.994140625,13646.1015625,74780.9765625,13327.1640625,10232.2197265625,4911.6640625,4645.7900390625,5004.89697265625,2524.818359375,4380.13720703125,5753.7373046875,5319.46728515625,37831.74609375,14762.1787109375,12039.005859375,21863.048828125,33667.12109375,14956.20703125,16086.525390625,95.34872436523438,14740.9609375,19892.236328125,7006.5390625,40741.67578125,15137.4912109375,7036.99169921875
2017-05-12,14315.0625,17537.400390625,15321.5029296875,28523.16015625,92239.78125,16521.306640625,13625.1396484375,76877.640625,13334.15625,10237.162109375,4923.607421875,4789.4443359375,4925.91455078125,2523.8271484375,4262.48193359375,5766.9140625,5339.02001953125,37902.96484375,14626.6279296875,12062.9248046875,21817.31640625,34276.26953125,15022.1796875,16058.642578125,95.67253875732422,14799.65234375,20048.861328125,7052.3271484375,40662.8203125,15168.326171875,6922.36669921875
2017-05-15,14309.0966796875,17825.109375,15008.7607421875,27497.4140625,91303.9453125,16927.13671875,13792.8330078125,77876.0390625,13288.1982421875,10292.498046875,4954.45947265625,4814.3837890625,5015.89453125,2529.777099609375,4385.1220703125,5800.71240234375,5326.865234375,37913.921875,14551.8740234375,12069.90234375,21877.9609375,34295.23046875,14956.20703125,16062.212890625,95.5799789428711,14826.5107421875,20008.958984375,7025.45166015625,40774.61328125,15205.1337890625,6914.39208984375
2017-05-16,14461.193359375,17938.23828125,14843.8955078125,27838.0,92349.2890625,16927.13671875,13738.9345703125,77649.3984375,13223.2568359375,10424.9091796875,4991.28564453125,4838.32666015625,5009.89599609375,2518.868896484375,4315.3271484375,5882.6298828125,5390.2802734375,37941.31640625,14749.22265625,12158.5986328125,22071.837890625,33541.4921875,14642.607421875,16090.1005859375,96.78245544433594,14955.8232421875,20119.6875,7115.03662109375,40724.7109375,15910.3818359375,6927.35107421875
2017-05-17,14177.876953125,17967.5,15686.2060546875,27856.974609375,93275.171875,16644.951171875,13418.5166015625,76999.453125,12946.501953125,9927.8740234375,4926.59326171875,5034.85205078125,4965.90576171875,2493.08447265625,4267.46826171875,5919.865234375,5443.1259765625,37809.81640625,14402.369140625,12088.8369140625,21574.724609375,34232.4296875,14722.9208984375,16002.876953125,95.82667541503906,14607.6689453125,19644.833984375,7014.501953125,41024.15625,15941.2158203125,6882.4970703125
2017-05-18,14095.365234375,18137.19921875,15487.369140625,27614.26953125,93230.3671875,16418.6015625,13425.5048828125,77481.671875,12735.6904296875,10216.4111328125,4916.64013671875,5091.71533203125,5045.8876953125,2499.034423828125,4211.63134765625,6050.47509765625,5537.720703125,37719.9765625,14347.5498046875,11953.298828125,21336.10546875,34697.234375,14808.966796875,16098.6796875,95.31790924072266,14413.6943359375,19752.57421875,6963.73779296875,41095.02734375,15999.904296875,6816.71240234375
2017-05-19,14161.96875,18406.375,15685.2060546875,27366.572265625,92538.4453125,16252.0830078125,13529.3154296875,77127.234375,12678.7392578125,10437.751953125,4947.4931640625,5121.64306640625,5112.873046875,2497.05126953125,4286.412109375,5961.11083984375,5497.029296875,37387.953125,14644.5673828125,11929.3798828125,21182.005859375,34810.16796875,14628.2666015625,15782.6689453125,96.10418701171875,14485.31640625,19892.236328125,6920.93701171875,40824.52734375,16153.08984375,6946.2880859375
2017-05-22,14289.2138671875,18188.88671875,15711.1865234375,27566.33203125,93441.4375,16171.318359375,13625.1396484375,77876.0390625,12764.6630859375,10517.7919921875,4937.54150390625,5159.55078125,5090.876953125,2497.05126953125,4352.21875,6047.6123046875,5532.96435546875,37176.4609375,14925.6396484375,11959.27734375,21313.2421875,35124.36328125,14819.4873046875,15836.2900390625,95.93460083007812,14458.4580078125,20019.931640625,6882.11572265625,40670.80859375,16288.37109375,6935.32373046875
2017-05-23,14553.6455078125,17896.3046875,16030.9267578125,27963.84375,91850.5078125,16560.193359375,13675.05078125,78275.40625,12962.4892578125,10400.2041015625,5038.0625,5154.56201171875,4941.91015625,2499.034423828125,4378.14306640625,6044.748046875,5530.32177734375,37110.7265625,14850.8837890625,12058.9384765625,22010.193359375,35231.13671875,14795.58203125,16000.7314453125,97.01368713378906,14982.6806640625,20417.974609375,7041.37744140625,41168.88671875,16508.19921875,7023.0380859375
2017-05-24,14909.5322265625,17723.6796875,15382.4560546875,28231.51953125,90821.109375,16454.5,13715.9755859375,78425.15625,12998.455078125,10478.2685546875,5132.61328125,4955.044921875,4923.91455078125,2520.851806640625,4143.8310546875,6003.5009765625,5490.68701171875,36902.5234375,14940.58984375,11938.3505859375,22428.771484375,34898.234375,14795.58203125,16037.9072265625,98.20069885253906,15352.724609375,20666.37890625,7024.45703125,40696.76171875,16434.59375,6971.20654296875
2017-05-25,14871.7568359375,17290.65234375,14770.9521484375,28969.6171875,91073.96875,16651.9296875,13620.1494140625,79398.609375,12877.5615234375,10518.78125,5104.74609375,4723.6025390625,4851.9306640625,2525.810546875,3739.019775390625,6046.46630859375,5540.892578125,36638.44140625,14578.7841796875,11862.6064453125,22420.806640625,35052.6171875,14647.388671875,16040.765625,98.12368774414062,15413.40234375,20553.646484375,6992.60302734375,39726.5546875,16273.44921875,6778.83642578125
2017-05-26,14679.8955078125,16948.337890625,14962.796875,29465.01171875,91661.34375,16801.501953125,13798.8212890625,79683.1640625,12988.46484375,9986.173828125,5085.83544921875,4837.32763671875,4794.9423828125,2528.784912109375,3689.16650390625,5940.48876953125,5427.8017578125,36368.87890625,14701.3798828125,11881.54296875,22481.462890625,35212.29296875,14746.8203125,16118.6982421875,97.1216049194336,15254.24609375,21061.42578125,6996.58544921875,39222.484375,16656.416015625,6699.09619140625
2017-05-30,14508.908203125,17418.416015625,14986.7783203125,29823.576171875,92845.078125,16984.96484375,13774.8681640625,79652.203125,12868.5712890625,10009.888671875,5053.98681640625,4762.50927734375,4963.90576171875,2507.9599609375,3653.271240234375,5929.03125,5456.3369140625,37403.30078125,15188.7705078125,11879.5498046875,22186.17578125,35174.59765625,14819.4873046875,15757.6455078125,96.76707458496094,15125.9248046875,21164.18359375,6915.958984375,39500.9765625,16422.654296875,6777.83935546875
2017-05-31,13818.009765625,17162.892578125,14837.900390625,29663.76953125,93994.953125,17036.8203125,13597.1923828125,77754.234375,12800.6328125,10087.9521484375,4907.68212890625,4628.83203125,4883.9228515625,2488.1259765625,3666.233154296875,5908.9814453125,5437.31298828125,37802.15625,14950.5546875,11710.126953125,21883.927734375,34113.84375,14628.2666015625,15564.6064453125,94.82461547851562,14576.83203125,20849.939453125,6831.3505859375,39137.64453125,16438.5703125,6718.0341796875
2017-06-01,14271.3212890625,16724.998046875,14716.9990234375,29171.373046875,91753.9375,17037.818359375,13511.3466796875,77077.3125,12663.751953125,9583.9970703125,4802.1845703125,4744.5517578125,4748.9521484375,2479.201416015625,3495.734130859375,5754.3125,5285.11669921875,37344.125,14901.716796875,11585.55078125,21493.197265625,33855.55859375,15106.3115234375,15229.29296875,93.0055160522461,14294.3271484375,20587.5703125,6689.01025390625,38242.3046875,16285.3876953125,6578.4912109375
2017-06-02,14812.1103515625,16482.158203125,14393.26171875,28664.98828125,91471.1875,17331.970703125,13335.6689453125,76997.453125,12768.658203125,9517.7939453125,4923.607421875,4692.67724609375,4714.9619140625,2449.45068359375,3516.67236328125,5717.07666015625,5219.5888671875,37132.6328125,15648.25,11715.111328125,21733.798828125,33538.09765625,15584.3623046875,15400.1669921875,94.25418853759766,14733.0048828125,20720.248046875,6777.59912109375,38583.66796875,16541.025390625,6649.2607421875
2017-06-05,15110.3408203125,16557.248046875,14553.1318359375,28864.74609375,91194.421875,17471.568359375,13397.5556640625,77651.3984375,12813.619140625,9330.046875,4956.44970703125,4738.56689453125,4631.9794921875,2499.034423828125,3635.323974609375,5629.42822265625,5151.41796875,37064.69921875,16389.79296875,11759.95703125,21723.859375,33233.84375,15536.55859375,15347.97265625,94.8092269897461,14921.009765625,20580.583984375,6768.6416015625,37904.91796875,16678.29296875,6836.646484375
2017-06-06,14573.5263671875,16796.1953125,15610.2685546875,28743.89453125,92140.1953125,16701.7890625,13026.232421875,76328.5078125,12473.9208984375,9337.9501953125,4827.06494140625,5053.80615234375,4641.97705078125,2463.334228515625,3722.0693359375,5510.84814453125,5062.63671875,36795.140625,15889.451171875,11510.8056640625,21077.611328125,32957.72265625,15660.849609375,15177.0986328125,92.20387268066406,14281.396484375,19972.044921875,6541.6923828125,37879.96484375,16561.91796875,6576.498046875
2017-06-07,14513.880859375,16916.15234375,15635.2490234375,28575.099609375,92292.5546875,16656.916015625,13096.1064453125,76814.7421875,12564.8408203125,9443.681640625,4777.30126953125,4964.0224609375,4747.9521484375,2479.201416015625,3639.312744140625,5474.185546875,5052.0673828125,36823.6328125,16251.25390625,11414.134765625,20829.052734375,32935.98828125,15947.677734375,15087.015625,91.91097259521484,14153.0751953125,19879.263671875,6558.61474609375,37806.10546875,16600.70703125,6542.6083984375
2017-06-08,14414.470703125,17292.607421875,15358.4755859375,27765.08984375,91895.3046875,16076.591796875,13175.9599609375,76228.65625,12478.9169921875,9421.9453125,4698.67578125,4808.39794921875,4811.93896484375,2479.201416015625,3513.680908203125,5467.88330078125,5048.36767578125,36854.31640625,16072.845703125,11374.26953125,20681.912109375,33277.6875,15780.361328125,14841.787109375,90.03013610839844,14027.7412109375,19393.431640625,6579.51708984375,36653.234375,16378.8876953125,6380.14013671875
2017-06-09,14553.6455078125,17356.9765625,15582.29296875,27843.9921875,89725.9375,16053.6572265625,13459.4423828125,77726.2890625,12759.6689453125,9555.34375,4703.65234375,4785.45361328125,4839.9326171875,2459.3671875,3659.253662109375,5430.0751953125,5016.65966796875,36786.37109375,16256.2373046875,11281.5869140625,20804.19921875,33705.18359375,15966.7998046875,14942.5947265625,89.98396301269531,14125.22265625,19907.201171875,6671.0927734375,36849.875,16542.01953125,6422.9990234375
2017-06-13,14679.8955078125,17237.99609375,14568.119140625,27466.451171875,87732.8203125,16000.8125,13525.322265625,77645.4140625,12895.546875,9604.748046875,4747.4443359375,4608.87939453125,4742.955078125,2489.1181640625,3677.201171875,5424.91943359375,5011.90380859375,36475.16015625,16110.71875,11347.359375,21031.875,31943.0625,16143.6796875,14989.7802734375,90.83180236816406,14254.5380859375,19752.57421875,6627.29638671875,36489.5390625,16562.916015625,6313.35888671875
2017-06-14,14777.318359375,16746.45703125,14714.0009765625,27616.26953125,87444.09375,16068.615234375,13738.9345703125,78361.265625,12822.61328125,9486.1728515625,4742.46826171875,4681.7041015625,4664.9716796875,2479.201416015625,3728.0517578125,5454.7080078125,5019.830078125,36291.08203125,16246.2724609375,11122.1279296875,21127.32421875,32084.265625,15966.7998046875,14978.33984375,90.73932647705078,14347.0498046875,20368.091796875,6634.263671875,36322.84765625,16522.126953125,6321.33251953125
2017-06-15,14563.5869140625,15927.22265625,13819.73046875,27767.087890625,88718.421875,15617.916015625,13794.8310546875,75485.8359375,12450.9423828125,8828.068359375,4710.61865234375,4469.216796875,4612.9833984375,2454.408935546875,3639.312744140625,5447.83447265625,4993.93701171875,36054.39453125,15735.9580078125,11003.533203125,20649.099609375,31379.138671875,15724.9091796875,14791.021484375,89.81436920166016,14099.3583984375,19802.453125,6420.25537109375,36221.0390625,16342.0849609375,6206.7060546875
2017-06-16,14563.5869140625,15927.22265625,13819.73046875,27767.087890625,88718.421875,15617.916015625,13794.8310546875,75485.8359375,12450.9423828125,8828.068359375,4710.61865234375,4469.216796875,4612.9833984375,2454.408935546875,3639.312744140625,5447.83447265625,4993.93701171875,36054.39453125,15735.9580078125,11003.533203125,20649.099609375,31379.138671875,15724.9091796875,14791.021484375,89.81436920166016,14099.3583984375,19802.453125,6420.25537109375,36221.0390625,16342.0849609375,6206.7060546875
2017-06-19,14400.5537109375,15981.83984375,13072.337890625,27752.103515625,91582.7109375,15869.189453125,14024.41015625,78125.6484375,12925.51953125,8847.83203125,4728.5341796875,4403.375,4766.94921875,2459.3671875,3629.34130859375,5545.21826171875,5125.5224609375,38196.63671875,15947.2587890625,11128.1083984375,20838.994140625,32598.189453125,15803.3076171875,14871.099609375,91.016845703125,14059.5712890625,20386.05078125,6470.02490234375,36887.80078125,16466.423828125,6220.66259765625
2017-06-20,14308.1025390625,15485.421875,12964.4267578125,27496.416015625,91692.203125,15634.8671875,13994.4658203125,79668.1796875,13013.44140625,8564.2353515625,4677.77392578125,4383.42431640625,4598.98583984375,2444.491943359375,3405.000244140625,5507.984375,5089.58837890625,37787.91796875,15708.05078125,11037.4169921875,20754.48828125,32297.822265625,15766.9775390625,14627.2998046875,90.50808715820312,13797.9541015625,19852.333984375,6380.43994140625,36227.01953125,16424.642578125,6219.6640625
2017-06-21,14126.1826171875,15819.9423828125,13249.1943359375,27907.916015625,91393.546875,15831.30078125,14177.1328125,79299.7734375,13188.2880859375,8730.244140625,4701.6611328125,4519.0966796875,4682.9677734375,2462.343017578125,3381.07080078125,5543.50146484375,5076.90380859375,38157.1875,15453.2109375,11322.4462890625,20762.439453125,32597.18359375,15918.9951171875,14656.6103515625,90.84725189208984,13739.2666015625,19952.09375,6483.9599609375,35932.56640625,16068.794921875,6204.7119140625
2017-06-22,14093.376953125,15746.796875,13838.712890625,27920.89453125,90201.859375,15468.34765625,13856.7177734375,78373.2578125,12956.4931640625,8608.703125,4687.72802734375,4643.79541015625,4618.98291015625,2444.491943359375,3426.93603515625,5423.77392578125,4990.2373046875,37097.57421875,15480.12890625,11310.486328125,20381.650390625,32307.873046875,15940.0322265625,14504.3251953125,90.24603271484375,13776.0703125,19678.748046875,6444.14453125,35933.56640625,16017.0546875,6157.86572265625
2017-06-23,14339.9130859375,15699.984375,13699.8271484375,28403.30859375,89850.3828125,15832.2978515625,13974.501953125,78375.2578125,13038.419921875,8538.544921875,4745.4541015625,4655.76513671875,4604.984375,2470.275390625,3539.604736328125,5455.2822265625,5012.43359375,37078.94140625,15436.2607421875,11346.3671875,20482.068359375,33147.16015625,15966.7998046875,15072.71875,91.8955307006836,13962.0869140625,19702.6953125,6506.85400390625,35993.45703125,16249.8779296875,6268.50537109375
2017-06-26,14525.8095703125,15528.3349609375,13477.0107421875,28100.677734375,89206.2578125,15802.3818359375,13994.4658203125,79214.8984375,12958.4921875,8398.2255859375,4783.2734375,4531.06787109375,4534.0009765625,2459.3671875,3494.73681640625,5483.923828125,5057.3505859375,36425.8671875,15432.2744140625,11333.4111328125,20853.9140625,32871.296875,15976.3623046875,15132.7744140625,92.17304229736328,14304.2744140625,19594.94921875,6487.94140625,35933.56640625,16267.7861328125,6269.5009765625
2017-06-27,14521.8330078125,16374.875,13803.7431640625,28075.708984375,89251.0703125,15754.5205078125,13974.501953125,79124.046875,12763.6640625,8685.77734375,4737.4912109375,4660.7548828125,4738.955078125,2462.343017578125,3579.488037109375,5370.49951171875,4955.359375,36379.8359375,15437.2568359375,11215.8095703125,20688.869140625,32762.626953125,15727.775390625,14964.04296875,90.87808990478516,14137.16015625,19744.587890625,6453.10302734375,36544.4453125,16273.759765625,6278.47265625
2017-06-28,14473.123046875,16633.322265625,13212.224609375,28438.265625,89700.09375,15858.220703125,13789.708984375,80355.09375,12958.4921875,8520.7568359375,4766.353515625,4567.97802734375,4771.9482421875,2454.408935546875,3542.5966796875,5474.185546875,5083.2451171875,36996.765625,15187.0146484375,11261.654296875,20928.478515625,32410.88671875,15871.189453125,15073.4326171875,91.29428100585938,14373.9052734375,19767.53515625,6524.771484375,36881.8125,16233.9599609375,6204.7119140625
2017-06-29,14265.3544921875,17042.935546875,12833.53125,28044.74609375,88257.4765625,15515.212890625,13866.572265625,81822.765625,12838.5966796875,8902.1796875,4717.58544921875,4343.51904296875,4907.91796875,2435.5673828125,3535.61669921875,5479.34130859375,5079.0185546875,36555.16015625,15453.2109375,11280.587890625,20730.626953125,32033.763671875,15788.966796875,15117.044921875,90.38480377197266,14221.7119140625,19852.333984375,6507.85009765625,36312.8671875,16185.205078125,6151.8857421875
2017-06-30,14290.208984375,17118.03515625,12789.5703125,28674.978515625,88949.3671875,15712.642578125,13975.380859375,82868.078125,12780.6494140625,9189.73046875,4692.70458984375,4482.185546875,4899.919921875,2427.633056640625,3674.2099609375,5528.03369140625,5141.90380859375,37327.6875,15552.9091796875,11371.28125,20758.46875,31971.201171875,15819.560546875,15261.46484375,90.56974792480469,14328.146484375,19890.244140625,6450.1171875,36582.36328125,16344.40234375,6144.90869140625
2017-07-03,14265.3544921875,17682.71875,12492.8095703125,28475.220703125,89192.328125,15878.1650390625,13925.470703125,81598.1171875,12707.712890625,9446.6474609375,4765.35986328125,4438.291015625,5146.86572265625,2434.57470703125,3603.41796875,5605.36767578125,5181.5400390625,37556.69921875,15503.05859375,11394.203125,20906.6015625,32682.35546875,16018.4296875,15514.55859375,91.14015197753906,14385.8427734375,19635.849609375,6561.6005859375,37182.26171875,16328.4814453125,6259.53369140625
2017-07-05,14293.189453125,17895.326171875,13117.3037109375,29747.666015625,91077.9453125,15630.8779296875,14118.1318359375,79399.609375,12849.5869140625,9520.755859375,4797.20703125,4650.7783203125,5330.82568359375,2439.533935546875,3773.9169921875,5614.53515625,5215.888671875,38632.75390625,15444.23828125,11714.111328125,20781.328125,31779.125,16540.458984375,15378.7177734375,91.47931671142578,14587.7734375,19622.8828125,6619.33251953125,37456.75390625,16554.337890625,6204.7119140625
2017-07-06,14154.017578125,17845.587890625,13219.21875,29330.177734375,89746.875,15934.0029296875,14175.029296875,79473.5234375,12978.4736328125,9623.52734375,4856.923828125,4689.68505859375,5198.85400390625,2429.616943359375,3753.975341796875,5651.77099609375,5260.27978515625,37694.77734375,15527.984375,11710.126953125,20870.8125,31330.5234375,16731.6796875,15388.0146484375,92.49675750732422,14534.05859375,19576.9921875,6679.056640625,37219.1875,16596.126953125,6208.70068359375
2017-07-07,13846.8388671875,17694.42578125,12713.6298828125,28914.681640625,90105.265625,15507.2333984375,14141.08984375,79318.7265625,12868.5712890625,9417.00390625,4790.240234375,4591.92041015625,5109.873046875,2413.749755859375,3650.280029296875,5609.95263671875,5227.5146484375,37715.58984375,15414.328125,11535.720703125,20479.0859375,31088.193359375,16827.291015625,15157.0810546875,91.94180297851562,14368.9306640625,19581.98046875,6608.3837890625,36732.09375,16559.314453125,6026.296875
2017-07-10,14093.376953125,17977.251953125,13061.3486328125,28813.806640625,89669.234375,15586.009765625,14051.2470703125,78674.765625,12912.5322265625,9505.9345703125,4788.24951171875,4749.541015625,5158.8623046875,2426.6416015625,3593.446533203125,5635.15966796875,5249.18115234375,38228.4140625,15600.7626953125,11590.5341796875,20615.298828125,31625.73828125,16840.669921875,15157.0810546875,91.92633056640625,14572.8525390625,19612.908203125,6550.6513671875,36630.27734375,16715.5234375,5980.44677734375
2017-07-11,13907.48046875,18498.048828125,13285.1669921875,28732.90625,89543.78125,15392.5673828125,14077.2001953125,78111.6640625,12988.46484375,9530.638671875,4727.5390625,4836.33056640625,5338.8232421875,2413.749755859375,3528.637451171875,5548.65625,5176.78271484375,38080.48828125,15453.2109375,11540.705078125,20389.607421875,32473.697265625,16789.04296875,15085.583984375,91.34056091308594,14379.875,19403.41015625,6427.22216796875,36790.984375,16815.025390625,5860.8369140625
2017-07-12,14320.0322265625,18303.96875,13428.048828125,28914.681640625,89819.5234375,15867.197265625,14188.0078125,80306.171875,13225.25390625,9580.046875,4856.923828125,4908.158203125,5412.80712890625,2449.45068359375,3569.517578125,5619.11767578125,5215.35986328125,37764.890625,15774.2373046875,11832.7099609375,20729.634765625,33013.87890625,16898.9921875,15292.9228515625,93.26759338378906,14809.599609375,19852.333984375,6567.5732421875,37330.98046875,16939.3984375,5856.85009765625
2017-07-13,14394.587890625,18324.44921875,13129.2919921875,28265.4765625,90170.9765625,15794.4072265625,14424.58984375,81869.6953125,13413.0869140625,9584.98828125,4940.52685546875,4846.306640625,5393.81103515625,2479.201416015625,3515.675537109375,5671.248046875,5273.49169921875,38308.41796875,16085.2978515625,12014.091796875,21027.900390625,33743.24609375,16961.138671875,15350.8359375,94.34675598144531,15090.1123046875,20082.78125,6594.44775390625,37337.96875,16962.28125,5966.4912109375
2017-07-14,14450.2587890625,18760.3984375,12864.5107421875,28152.61328125,89402.40625,16069.61328125,14284.8369140625,83117.6875,13645.880859375,9631.4296875,4984.31884765625,4892.1962890625,5395.810546875,2492.093017578125,3509.69287109375,5687.287109375,5279.3046875,37650.94140625,16749.28515625,12128.701171875,21723.859375,34069.1171875,16970.69921875,15393.0185546875,95.5799789428711,15149.7998046875,20351.134765625,6629.287109375,37805.10546875,17134.40625,6057.19580078125
2017-07-17,14570.544921875,18730.162109375,12669.6669921875,28015.783203125,89268.0,16448.51953125,14447.548828125,83943.3984375,13575.9423828125,9891.3115234375,5011.19189453125,4932.099609375,5423.8046875,2500.026123046875,3623.359375,5676.97607421875,5267.67822265625,37899.671875,16843.998046875,12258.2607421875,21713.921875,34043.984375,16913.3359375,15441.6328125,96.3199691772461,15356.703125,20507.755859375,6758.6875,37919.8984375,17341.359375,6040.25146484375
2017-07-18,14303.1318359375,18462.935546875,12614.712890625,27248.71875,87935.8984375,16350.80078125,14474.5029296875,83364.3203125,13463.0439453125,9926.8828125,4976.35693359375,4838.32666015625,5380.81396484375,2475.234619140625,3563.534912109375,5596.2021484375,5216.94580078125,37261.93359375,16602.734375,11934.36328125,21129.306640625,33855.43359375,16827.291015625,15302.931640625,95.19459533691406,15249.271484375,19952.09375,6644.2177734375,37350.94921875,17269.7265625,6045.2353515625
2017-07-19,14662.9951171875,18724.310546875,12477.8251953125,27221.75,89103.7109375,16900.212890625,14654.185546875,84069.1953125,13635.890625,10115.6181640625,5120.67041015625,4877.2333984375,5433.80224609375,2478.209716796875,3697.142578125,5679.83984375,5278.24658203125,37771.4765625,16948.677734375,12139.6640625,21525.013671875,34910.79296875,16921.9453125,15357.2685546875,96.73625183105469,15617.3232421875,20673.35546875,6794.521484375,37783.1484375,17461.7578125,6150.8896484375
2017-07-20,14772.3486328125,18240.576171875,12395.8916015625,27333.6171875,91010.2421875,16851.35546875,14699.107421875,83666.828125,13812.732421875,10040.5205078125,5157.49560546875,4871.24560546875,5408.8076171875,2486.14306640625,3694.151123046875,5691.296875,5285.11669921875,37810.91796875,17506.9921875,12304.1064453125,21375.880859375,35037.54296875,16970.69921875,15300.07421875,97.22956085205078,15796.3759765625,20251.375,6841.30517578125,37924.8828125,17235.89453125,6307.376953125
2017-07-21,14583.4677734375,17993.830078125,12437.8583984375,27478.439453125,91438.3203125,16810.474609375,14773.9755859375,84699.1640625,13762.775390625,10041.5087890625,5150.529296875,4863.26611328125,5267.83935546875,2472.259033203125,3675.206787109375,5650.62451171875,5259.22265625,37562.18359375,17646.568359375,12389.8115234375,21202.8828125,35253.12109375,16922.8984375,15314.37109375,97.16790771484375,15836.1640625,19934.1328125,6879.12939453125,36721.11328125,17959.240234375,6229.6318359375
2017-07-24,14654.0478515625,18105.015625,12452.8447265625,27691.1796875,91071.96875,16857.3359375,14762.994140625,84418.6328125,13708.826171875,10106.7275390625,5189.3447265625,4888.205078125,5293.8330078125,2479.201416015625,3515.675537109375,5664.373046875,5271.90673828125,37550.1328125,17895.810546875,12521.3623046875,21211.83203125,35928.34375,16922.8984375,15435.9140625,97.52245330810547,15910.76953125,19982.025390625,6834.33642578125,37124.3671875,18217.935546875,6363.1943359375
2017-07-25,14613.291015625,19461.619140625,12335.9404296875,27766.08984375,89551.734375,16514.326171875,14649.1953125,84066.203125,13628.8955078125,10563.2490234375,5085.83544921875,4878.2294921875,5626.75927734375,2449.45068359375,3459.839599609375,5672.96630859375,5268.73486328125,37485.48046875,17386.359375,12381.83984375,21043.806640625,35956.11328125,16898.9921875,15085.583984375,95.47212982177734,15886.8974609375,20005.9609375,6680.0517578125,38686.48046875,17895.5625,6304.38720703125
2017-07-26,14597.3876953125,19726.890625,12489.8115234375,27967.841796875,90473.640625,16951.0703125,14720.0703125,84911.8515625,13787.7548828125,10622.537109375,5150.529296875,5021.8837890625,5603.76416015625,2467.300537109375,3426.93603515625,5607.580078125,5209.01953125,38169.23828125,17427.234375,12679.82421875,21375.880859375,36028.84375,16922.8984375,15228.5771484375,96.65913391113281,15983.384765625,20011.953125,6709.9140625,38628.5859375,17837.853515625,6340.27001953125
2017-07-27,14624.2265625,20320.83203125,12726.6201171875,27868.962890625,90161.0390625,16792.5234375,14897.7568359375,84864.90625,13689.841796875,10720.36328125,5165.45947265625,5031.859375,5658.75341796875,2456.392333984375,3478.783935546875,5628.783203125,5226.58837890625,37881.05078125,17372.3984375,11821.748046875,21674.146484375,35961.64453125,16641.802734375,15364.419921875,97.42996215820312,16226.099609375,20357.12109375,6690.00537109375,39129.66015625,17710.49609375,6315.35107421875
2017-07-28,14308.1025390625,20529.548828125,13129.2919921875,27566.33203125,83823.21875,16850.359375,14833.869140625,86359.5390625,14087.4892578125,10604.7509765625,5175.4111328125,5212.4228515625,5643.755859375,2464.32568359375,3489.75146484375,5596.1181640625,5200.1640625,37499.72265625,17596.71484375,11880.544921875,21855.09375,35805.6171875,16675.267578125,15371.5673828125,97.9078140258789,16386.2578125,20366.099609375,6737.7841796875,39797.4140625,17695.57421875,6374.15869140625
2017-07-31,14374.7060546875,21139.09765625,13299.1533203125,27592.30078125,82156.609375,16720.734375,14899.75390625,85842.359375,14018.5498046875,10762.8544921875,5161.4765625,5285.2470703125,5801.72119140625,2457.384033203125,3510.689697265625,5647.69482421875,5262.5244140625,37860.2265625,17260.73828125,11808.7900390625,21780.529296875,36537.6171875,16784.263671875,15282.19921875,98.03121185302734,16286.7783203125,20119.6875,6604.40234375,39627.73828125,17717.4609375,6279.46923828125
2017-08-01,14215.650390625,21261.0,13300.1533203125,27766.08984375,83828.171875,16483.4140625,14981.609375,85765.4921875,14187.4013671875,10844.8681640625,5162.47216796875,5287.24267578125,5908.697265625,2465.317626953125,3614.385986328125,5688.95751953125,5302.68798828125,38341.27734375,17347.47265625,11809.787109375,21641.3359375,36537.6171875,16922.8984375,15228.5771484375,97.86161804199219,16128.615234375,20361.109375,6605.39794921875,39607.7734375,17914.458984375,6279.46923828125
2017-08-02,14165.947265625,20928.431640625,12784.5751953125,27766.08984375,83948.6484375,16744.66796875,15005.5673828125,86322.6015625,14299.30078125,10739.13671875,5181.38232421875,5211.42626953125,5819.71630859375,2484.15966796875,3609.400390625,5637.95361328125,5246.6708984375,38519.890625,17284.666015625,11884.5322265625,21685.08984375,35802.7265625,16937.240234375,15273.619140625,97.66121673583984,16200.236328125,20569.609375,6602.41162109375,39363.2265625,18257.73046875,6269.5009765625
2017-08-03,14379.6767578125,21436.552734375,12683.65625,27965.841796875,86963.2421875,17000.923828125,14929.69921875,86383.5,14280.31640625,10956.5302734375,5283.8955078125,5256.31787109375,5890.701171875,2528.784912109375,3783.8876953125,5686.66455078125,5294.2314453125,37542.45703125,17374.39453125,11671.259765625,21996.27734375,35489.41796875,17066.306640625,15453.7900390625,99.43401336669922,16504.62890625,20750.177734375,6788.54931640625,40274.54296875,18365.1875,6403.06494140625
2017-08-04,14564.5810546875,21797.400390625,12253.0068359375,27865.96484375,87615.3359375,17431.6796875,14601.2783203125,86073.9765625,14387.2236328125,11166.017578125,5309.77294921875,5252.32666015625,5916.69677734375,2502.010009765625,3872.627197265625,5697.552734375,5297.93115234375,37936.94140625,17246.783203125,11610.4658203125,22459.58203125,35626.09765625,17157.13671875,15443.7783203125,99.78863525390625,16512.587890625,20851.93359375,6818.41064453125,40887.41015625,18164.205078125,6472.83740234375
2017-08-07,14829.01171875,22058.779296875,12098.1337890625,28523.16015625,87047.8515625,17718.8515625,14644.2021484375,86562.2109375,14444.171875,11309.2978515625,5411.2900390625,5237.36328125,5975.68310546875,2526.8017578125,3783.8876953125,5667.7529296875,5263.58056640625,37847.078125,17432.216796875,12024.0556640625,22838.38671875,36207.23046875,17305.3359375,15657.548828125,101.45358276367188,16512.587890625,19962.068359375,6917.94970703125,40585.96875,18457.720703125,6569.521484375
2017-08-08,15018.884765625,21257.1015625,12169.0751953125,28263.482421875,85443.9921875,17696.91796875,14688.125,85863.3203125,14467.1513671875,11217.3994140625,5454.0869140625,5204.44384765625,5931.69091796875,2484.15966796875,3792.861572265625,5686.66455078125,5287.890625,37760.515625,17546.869140625,12024.0556640625,22718.083984375,36368.03125,17228.849609375,15826.99609375,102.16266632080078,16344.4755859375,19942.115234375,6969.708984375,40744.671875,18321.40625,6631.31884765625
2017-08-09,15018.884765625,21257.1015625,12169.0751953125,28263.482421875,85443.9921875,17696.91796875,14688.125,85863.3203125,14467.1513671875,11217.3994140625,5454.0869140625,5204.44384765625,5931.69091796875,2484.15966796875,3792.861572265625,5686.66455078125,5287.890625,37760.515625,17546.869140625,12024.0556640625,22718.083984375,36368.03125,17228.849609375,15826.99609375,102.16266632080078,16344.4755859375,19942.115234375,6969.708984375,40744.671875,18321.40625,6631.31884765625
2017-08-10,14717.669921875,21613.189453125,13065.3447265625,27516.392578125,84538.015625,17301.056640625,14474.5029296875,84673.2265625,14537.087890625,11267.7939453125,5421.2421875,5472.794921875,5755.73095703125,2476.226318359375,3901.54248046875,5713.02685546875,5285.77734375,37951.17578125,17299.62109375,11979.2109375,22268.6953125,35739.91015625,17377.04296875,15751.92578125,101.253173828125,16254.9482421875,19759.55078125,6906.00439453125,40924.33984375,18216.939453125,6417.01904296875
2017-08-11,14753.4599609375,20995.634765625,13028.376953125,27651.228515625,84532.046875,17235.24609375,14342.732421875,84864.90625,14487.13671875,11017.794921875,5389.39404296875,5478.78125,5623.76025390625,2472.259033203125,3875.6181640625,5687.81103515625,5272.0361328125,38256.90234375,17522.94140625,11960.2734375,22332.326171875,34729.015625,17496.552734375,15754.0703125,100.86771392822266,16096.7841796875,19702.6953125,6831.3505859375,40924.33984375,18058.740234375,6449.91162109375
2017-08-14,14809.12890625,21205.39453125,13268.1806640625,27167.81640625,83379.203125,17144.51171875,14233.92578125,85087.5625,14533.091796875,10866.609375,5424.228515625,5400.96875,5711.7412109375,2474.2421875,3853.682373046875,5692.3955078125,5250.8974609375,38023.50390625,17631.61328125,12009.107421875,22463.5625,35739.91015625,17784.341796875,15729.04296875,100.96019744873047,16214.162109375,19710.671875,6833.341796875,40574.9921875,18137.33984375,6419.01220703125
2017-08-15,14802.171875,20706.865234375,12969.423828125,27166.818359375,83761.46875,17037.818359375,14324.765625,84535.4609375,14531.09375,10691.7060546875,5434.18115234375,5254.32177734375,5675.748046875,2469.283935546875,3719.077880859375,5648.26708984375,5219.18798828125,37790.109375,17490.04296875,12278.19140625,22370.10546875,35237.41796875,17687.7734375,15743.3427734375,101.22235107421875,16200.236328125,19623.8828125,6834.33642578125,39542.89453125,18137.33984375,6379.14306640625
2017-08-16,14879.708984375,21366.36328125,12904.4775390625,27350.59375,82303.96875,17205.3359375,14402.62890625,86162.8515625,14642.9970703125,10741.1142578125,5493.89697265625,5190.47607421875,5859.7080078125,2483.168212890625,3731.04296875,5713.599609375,5303.7451171875,38302.92578125,17472.09765625,12567.2080078125,22618.662109375,36269.4140625,17926.796875,15850.58984375,101.59226989746094,16300.705078125,19581.98046875,6895.05517578125,39917.203125,18120.4296875,6379.14306640625
2017-08-17,14701.7646484375,21183.92578125,13024.3818359375,27243.724609375,81936.1875,17061.748046875,14521.419921875,85963.1640625,14497.125,10671.9443359375,5512.80712890625,5434.88720703125,5866.70703125,2491.101318359375,3778.902099609375,5699.2724609375,5244.02685546875,38334.69921875,17566.80859375,12536.3134765625,22370.10546875,36259.109375,17749.919921875,15800.5419921875,101.74649047851562,16127.623046875,19751.57421875,6914.962890625,39828.36328125,17946.306640625,6470.84228515625
2017-08-18,14774.3359375,21209.294921875,13456.0263671875,27153.8359375,80258.6328125,17000.923828125,14474.5029296875,85929.1953125,14324.2783203125,11067.203125,5493.89697265625,5711.21923828125,5812.71923828125,2486.14306640625,3868.638916015625,5656.291015625,5210.73291015625,38480.4375,17585.75390625,12567.2080078125,22250.798828125,36430.83984375,17758.525390625,15617.51171875,101.36103057861328,16115.6875,19964.0625,6853.24853515625,38984.92578125,17993.0703125,6419.01220703125
2017-08-21,14880.705078125,21455.14453125,13107.3125,27354.591796875,80641.90625,17164.451171875,14632.224609375,86437.4140625,14287.3115234375,11558.3076171875,5528.732421875,5810.9794921875,5812.71923828125,2474.2421875,3908.521728515625,5662.02294921875,5221.3037109375,38730.28125,17746.26171875,12457.5791015625,22228.921875,36415.640625,17831.189453125,15657.548828125,101.97772216796875,16078.8798828125,20051.857421875,6887.09228515625,39207.515625,17969.189453125,6474.830078125
2017-08-22,14941.3466796875,21679.529296875,12210.0439453125,27466.451171875,80793.25,17250.203125,14736.041015625,87660.4609375,14412.2001953125,11699.6123046875,5636.22021484375,5715.21044921875,5858.70849609375,2459.3671875,3846.70361328125,5762.3125,5311.671875,38928.61328125,18244.7578125,12381.83984375,22071.837890625,36762.98828125,17831.189453125,15694.73046875,103.67350769042969,16393.216796875,21658.9921875,6973.69189453125,39327.2890625,18217.935546875,6706.07421875
2017-08-23,15005.9619140625,21754.646484375,12133.10546875,27352.59375,79795.6640625,17326.982421875,14639.2099609375,88166.6640625,14629.0078125,11884.396484375,5598.4013671875,5636.400390625,5967.68505859375,2461.350830078125,3773.9169921875,5742.25390625,5289.47607421875,38679.87109375,18344.458984375,12193.939453125,21540.91796875,37599.140625,17841.703125,15729.04296875,103.28804016113281,16224.111328125,21539.279296875,6998.5771484375,39024.84765625,18178.13671875,6581.4814453125
2017-08-24,15160.0478515625,21953.669921875,11978.232421875,27861.96875,81681.3125,17436.666015625,14694.1142578125,88459.203125,14841.8173828125,12182.814453125,5674.0419921875,5463.81787109375,5964.68505859375,2467.300537109375,3927.46630859375,5813.31591796875,5342.3232421875,39064.703125,18743.244140625,12470.0576171875,21767.607421875,37903.78125,17773.822265625,15872.037109375,104.36721801757812,16592.162109375,21882.458984375,7208.6025390625,38928.02734375,18306.486328125,6414.02880859375
2017-08-25,15209.7509765625,22119.51953125,11790.384765625,28367.3515625,80916.6875,17509.45703125,14723.064453125,88559.0390625,14839.8203125,12332.0234375,5698.92333984375,5408.94921875,5972.68408203125,2422.67578125,3955.38427734375,5797.27001953125,5337.5673828125,38845.5546875,18643.55078125,12460.0869140625,21972.416015625,37812.69140625,17595.990234375,15979.28125,104.72175598144531,16904.5078125,21676.951171875,7208.6025390625,38928.02734375,18328.375,6201.7236328125
2017-08-29,15038.7666015625,22203.421875,13034.3720703125,29114.44140625,79646.3359375,17150.490234375,14724.0615234375,88958.3984375,14973.7021484375,12257.9130859375,5649.1591796875,5816.96435546875,5914.69677734375,2451.434326171875,4130.86865234375,5743.97216796875,5284.72021484375,38391.8984375,18463.09375,12759.1298828125,22071.837890625,36649.5546875,17780.517578125,15791.9609375,103.67350769042969,16957.23046875,22002.171875,7147.88427734375,38728.40625,18064.70703125,5922.6357421875
2017-08-30,14796.20703125,22351.705078125,13156.2685546875,28928.66796875,79764.7890625,17005.908203125,14707.0908203125,88559.0390625,14879.7861328125,12396.255859375,5540.67431640625,5761.1005859375,5993.6787109375,2473.2509765625,4068.052978515625,5647.69482421875,5201.22216796875,38435.7265625,18170.98046875,12659.4501953125,22029.083984375,36762.86328125,17931.57421875,15516.7041015625,102.81019592285156,16691.638671875,22167.7734375,7059.294921875,38382.04296875,18058.740234375,5930.609375
2017-08-31,14750.4794921875,22932.185546875,13155.26953125,28955.634765625,80393.03125,17095.642578125,14853.8349609375,89906.90625,15046.6376953125,12931.826171875,5526.7412109375,5786.04052734375,6050.66552734375,2494.075927734375,4008.22900390625,5677.49658203125,5218.662109375,38845.5546875,18070.287109375,12881.73828125,21860.068359375,36945.5078125,18022.40625,15539.583984375,102.44019317626953,16654.828125,22485.0078125,7146.888671875,39115.6875,18067.69140625,5914.66162109375
2017-09-01,14736.5595703125,23116.5703125,13062.3466796875,29025.548828125,80437.8125,17170.43359375,15103.3955078125,89030.296875,14845.814453125,12573.130859375,5580.48583984375,5656.3525390625,6154.64306640625,2549.60986328125,4000.251953125,5667.7529296875,5238.74267578125,39051.55859375,18693.40234375,12815.94921875,21718.888671875,36795.1484375,17926.796875,15500.2626953125,103.18020629882812,16591.166015625,22246.58203125,7118.02197265625,38931.0234375,18108.486328125,5980.44677734375
2017-09-05,14911.5234375,23274.6171875,13379.0869140625,28778.8515625,79922.09375,16901.208984375,15127.353515625,89628.328125,14414.19921875,12885.38671875,5501.859375,5846.89208984375,6083.6591796875,2546.635498046875,4050.106201171875,5679.21484375,5239.79931640625,38133.28125,18204.87890625,12566.7470703125,21206.859375,36167.02734375,17835.96875,15414.4658203125,102.53266906738281,16472.794921875,22047.0625,6965.72705078125,38977.94140625,17740.345703125,5995.3974609375
2017-09-06,13958.62109375,23156.568359375,13318.138671875,28074.708984375,80497.5546875,16822.4375,15107.388671875,87236.15625,14247.3466796875,12638.349609375,5419.251953125,5940.07470703125,6095.6572265625,2543.660400390625,4053.097412109375,5616.17578125,5179.02490234375,37610.60546875,17909.771484375,12361.40625,20211.453125,36064.8984375,17496.552734375,15264.32421875,100.59028625488281,16241.0224609375,21303.974609375,6822.392578125,38535.46875,16345.396484375,5987.423828125
2017-09-07,14135.62890625,23365.34765625,13738.7958984375,28565.109375,82277.6484375,16951.0703125,14973.6220703125,88961.390625,14440.1767578125,12499.0185546875,5434.18115234375,5885.203125,6184.6708984375,2539.693115234375,4038.14111328125,5643.68408203125,5195.93701171875,37421.02734375,18015.453125,12347.4501953125,20387.48046875,36278.45703125,17639.015625,15322.951171875,101.14523315429688,16487.712890625,21451.646484375,6739.7744140625,39031.6484375,16486.681640625,5971.47509765625
2017-09-08,14120.7119140625,22898.041015625,13751.7822265625,28641.017578125,83243.3828125,16835.40234375,15078.4365234375,91060.0546875,14276.3212890625,12438.744140625,5464.0390625,5884.20458984375,6190.67041015625,2539.693115234375,4086.997314453125,5601.8486328125,5185.36669921875,37691.69140625,17995.51171875,12166.03125,20432.236328125,35976.578125,17831.189453125,15388.728515625,100.54400634765625,16228.08984375,21426.703125,6728.82470703125,39235.31640625,16416.037109375,6006.36181640625
2017-09-11,13971.5517578125,23120.478515625,12978.416015625,28830.78515625,83169.671875,16722.724609375,15355.9501953125,89888.921875,14362.2431640625,12450.6015625,5473.99169921875,5702.630859375,6262.654296875,2543.660400390625,3913.50732421875,5650.560546875,5218.662109375,38366.6953125,18060.31640625,12097.251953125,20387.48046875,37092.24609375,17778.60546875,15412.322265625,101.82350158691406,16203.2216796875,21241.123046875,6710.90869140625,38931.82421875,16466.783203125,5981.443359375
2017-09-12,13921.828125,23399.490234375,12671.666015625,29105.44921875,82706.7421875,16495.3828125,15243.1474609375,90156.5,14358.25,12632.4228515625,5449.11083984375,5713.60498046875,6408.62255859375,2543.660400390625,3971.337646484375,5678.64208984375,5221.3037109375,39404.40234375,18353.427734375,12182.9755859375,20288.029296875,37498.63671875,17825.44921875,15414.4658203125,101.88524627685547,16152.48828125,21132.36328125,6808.4560546875,38935.8046875,16506.58203125,6100.0556640625
2017-09-13,13822.3876953125,22952.671875,12668.66796875,28519.166015625,83546.015625,16372.736328125,15258.12109375,89669.2578125,14387.2236328125,12393.234375,5426.2197265625,5736.55126953125,6308.64697265625,2538.70166015625,3923.477783203125,5718.7578125,5267.28076171875,39448.23046875,18494.00390625,12332.4970703125,19890.224609375,37337.24609375,17869.4375,15371.5673828125,101.33018493652344,15818.177734375,21227.150390625,6757.6923828125,39171.41796875,16417.033203125,5862.56103515625
2017-09-14,13715.984375,22525.361328125,12849.51953125,30946.205078125,82583.2890625,16251.083984375,15223.1845703125,88559.0390625,14237.35546875,11761.6630859375,5378.4462890625,5764.48583984375,6173.6748046875,2548.61865234375,3669.224609375,5747.98486328125,5281.021484375,39146.890625,18419.23046875,12278.6708984375,20015.53515625,37251.8125,17955.484375,15128.484375,100.99110412597656,15770.4169921875,21139.3515625,6815.4248046875,40041.984375,16282.7138671875,5862.56103515625
2017-09-15,13492.240234375,22639.509765625,13134.28515625,30936.21484375,84524.65625,16081.576171875,15372.9208984375,87468.7734375,14187.4013671875,11959.3359375,5262.99462890625,5799.40380859375,6161.67822265625,2541.677001953125,3412.97705078125,5674.63037109375,5227.11669921875,39266.32421875,18403.27734375,12105.2265625,19957.853515625,36733.47265625,17873.259765625,15029.1044921875,99.43401336669922,15602.265625,20927.82421875,6677.06591796875,39292.21875,15989.1953125,5958.2763671875
2017-09-18,13793.55078125,22696.091796875,12612.7158203125,30662.546875,83983.078125,16580.140625,15168.2802734375,89074.21875,14587.044921875,11761.6630859375,5430.2001953125,5661.72705078125,6186.6708984375,2528.784912109375,3310.27880859375,5723.34130859375,5304.80224609375,40489.22265625,18465.091796875,12044.4208984375,20437.20703125,37134.2265625,17736.533203125,15085.583984375,101.74649047851562,16031.1044921875,20859.978515625,6820.4013671875,39567.765625,16022.0302734375,5990.18310546875
2017-09-19,13708.029296875,22616.09375,12710.6328125,30438.822265625,83717.25,16516.3203125,15076.443359375,88535.0703125,14366.2421875,11712.2421875,5398.35107421875,5766.48095703125,6226.6630859375,2533.743408203125,3312.272705078125,5777.78466796875,5341.26611328125,39997.21875,18379.34765625,12212.87890625,20476.990234375,37374.1640625,17941.138671875,15160.65625,101.23771667480469,16041.0517578125,20706.32421875,6783.57177734375,39783.41015625,15770.302734375,6012.11767578125
2017-09-20,14055.080078125,22633.658203125,12810.5537109375,30294.99609375,82646.0390625,16556.8515625,15340.9765625,89640.3203125,14459.158203125,11767.5927734375,5416.2666015625,5944.06396484375,6246.65869140625,2445.45703125,3280.366455078125,5728.5,5261.466796875,39887.64453125,18593.697265625,12332.4970703125,20615.228515625,37368.0703125,17955.484375,15249.3095703125,102.05473327636719,16259.94921875,20557.66015625,6788.54931640625,37238.6015625,15936.4609375,6070.9423828125
2017-09-21,13771.6708984375,23316.56640625,12128.111328125,30332.94921875,81524.0,16722.400390625,15772.2158203125,91154.90625,14410.201171875,11855.5556640625,5317.734375,5721.58642578125,6228.6630859375,2490.100341796875,3250.453857421875,5625.34423828125,5222.359375,39941.33203125,17996.509765625,12511.921875,20225.37890625,37531.0,18119.92578125,15053.412109375,100.0815200805664,15958.4697265625,20374.076171875,6811.44384765625,37737.77734375,16068.794921875,5962.26513671875
2017-09-22,13881.0576171875,23132.1796875,12439.85546875,31169.9296875,81977.984375,16660.5703125,15672.3916015625,90727.578125,14209.3798828125,11810.09375,5324.70166015625,5751.51611328125,6158.67822265625,2495.060546875,3217.551025390625,5674.63037109375,5240.328125,39877.78515625,17964.609375,12646.490234375,20334.7734375,37236.828125,18108.451171875,15121.3330078125,100.20481872558594,16183.3349609375,20553.669921875,6879.12939453125,37388.36328125,16054.865234375,5997.162109375
2017-09-25,13881.0576171875,23132.1796875,12439.85546875,31169.9296875,81977.984375,16660.5703125,15672.3916015625,90727.578125,14209.3798828125,11810.09375,5324.70166015625,5751.51611328125,6158.67822265625,2495.060546875,3217.551025390625,5674.63037109375,5240.328125,39877.78515625,17964.609375,12646.490234375,20334.7734375,37236.828125,18108.451171875,15121.3330078125,100.20481872558594,16183.3349609375,20553.669921875,6879.12939453125,37388.36328125,16054.865234375,5997.162109375
2017-09-26,13610.5751953125,22555.607421875,12666.6689453125,30563.669921875,83188.6015625,16604.720703125,15726.296875,88758.71875,14151.4306640625,11612.4150390625,5247.0703125,5794.4150390625,6173.6748046875,2475.219970703125,3198.606689453125,5573.19482421875,5142.03173828125,39555.61328125,17786.1484375,12634.5302734375,20079.181640625,36049.95703125,17764.263671875,14873.2421875,98.49368286132812,15692.810546875,20505.779296875,6717.87646484375,37350.42578125,16058.8427734375,5883.49951171875
2017-09-27,13524.06640625,23236.56640625,12693.650390625,30233.072265625,84823.359375,16933.826171875,15591.537109375,87560.625,14187.4013671875,11947.474609375,5174.41455078125,5791.4228515625,6245.6591796875,2450.417236328125,3222.5361328125,5627.63623046875,5189.06689453125,39941.33203125,17506.9921875,12405.263671875,20029.45703125,36151.65234375,17711.369140625,14809.611328125,97.1216049194336,15579.3818359375,20335.1640625,6654.17138671875,37113.80859375,15970.29296875,5902.44287109375
2017-09-28,13643.3935546875,23065.833984375,12539.7724609375,30063.28125,83926.3125,17154.2265625,15572.5693359375,85613.71875,14017.5498046875,11928.6982421875,5158.48974609375,5762.4892578125,6124.6845703125,2410.734619140625,3169.691650390625,5569.18310546875,5176.38330078125,39805.45703125,17454.150390625,12309.572265625,20118.962890625,36017.390625,17690.333984375,14653.0380859375,97.58409118652344,15646.0478515625,20316.20703125,6616.34619140625,37088.8515625,16024.0205078125,5968.24755859375
2017-09-29,13822.3876953125,23649.2421875,12719.6259765625,30321.96484375,84267.828125,17219.041015625,15775.212890625,85770.4921875,14053.51953125,12142.1865234375,5178.39697265625,5884.20458984375,6196.66845703125,2410.734619140625,3090.922607421875,5616.17578125,5179.02490234375,39756.14453125,17949.6484375,12398.2880859375,20153.7734375,36708.828125,17586.09765625,14680.9208984375,97.89244079589844,15701.763671875,20642.470703125,6734.798828125,37038.9375,16032.9755859375,5971.23779296875
2017-10-02,13742.8349609375,24137.03515625,12683.65625,30341.939453125,84486.84375,17530.201171875,15218.19140625,85592.7578125,14193.3916015625,12412.0126953125,5174.41455078125,5764.48583984375,6323.6416015625,2413.710693359375,3130.80517578125,5594.39892578125,5209.6767578125,40796.04296875,17513.966796875,12161.0458984375,19989.673828125,37375.109375,17605.2265625,14856.8017578125,96.42790222167969,15710.7197265625,20250.3515625,6733.802734375,36980.03125,15690.7060546875,5844.615234375
2017-10-03,13631.4619140625,24733.123046875,12839.529296875,30441.818359375,84823.359375,17706.71484375,15354.951171875,87760.3125,14240.353515625,13031.7236328125,5201.28759765625,5876.22412109375,6394.62744140625,2420.65478515625,3268.40185546875,5589.23974609375,5181.1396484375,40982.32421875,17583.75390625,12156.0625,20151.783203125,38452.875,16974.0703125,15031.96484375,96.36624908447266,15715.6953125,20246.359375,6652.1806640625,36741.4296875,15561.359375,5762.85888671875
2017-10-04,13884.0400390625,25198.4765625,13038.3681640625,30440.689453125,85006.546875,17849.33203125,15478.7353515625,88637.90625,14418.1884765625,13270.9091796875,5135.94140625,5886.20068359375,6480.6083984375,2429.583984375,3276.378173828125,5616.17578125,5203.3359375,41926.89453125,17646.568359375,12328.5107421875,20390.46484375,38908.8359375,17117.51953125,15280.0517578125,97.71810913085938,15969.4150390625,20890.912109375,6797.5078125,37987.37109375,15059.89453125,5777.81396484375
2017-10-05,14125.6826171875,25635.5390625,12919.462890625,30392.74609375,83728.203125,18064.740234375,15422.830078125,88459.203125,14088.4580078125,13585.212890625,5216.580078125,5866.2470703125,6605.58203125,2412.718505859375,3275.38134765625,5704.42919921875,5282.60693359375,41871.01171875,17566.80859375,12121.1728515625,20437.20703125,39430.56640625,17203.5859375,15546.732421875,98.68994140625,15994.2880859375,20924.8359375,6772.6220703125,38120.15234375,15387.2373046875,5832.650390625
2017-10-06,14218.1640625,25766.267578125,13041.365234375,30565.548828125,84989.609375,17942.07421875,15440.798828125,89162.078125,13838.662109375,13639.572265625,5231.51171875,5786.43505859375,6612.58056640625,2420.65478515625,3240.483642578125,5690.67578125,5295.2900390625,41442.55859375,17566.80859375,12079.30859375,20286.044921875,39784.94921875,17183.5,15657.548828125,98.58019256591797,15931.60546875,21168.283203125,6788.54931640625,38436.6328125,15369.330078125,5882.50244140625
2017-10-09,14220.154296875,25382.861328125,13286.166015625,30368.76953125,86952.890625,17982.962890625,15273.0947265625,89372.7265625,13838.662109375,13441.8994140625,5220.560546875,5742.53662109375,6604.58203125,2429.583984375,3240.483642578125,5742.25390625,5340.7373046875,41784.4375,17813.064453125,12203.9091796875,20616.22265625,40108.66796875,17117.51953125,15699.017578125,98.39213562011719,15964.439453125,21273.05078125,6732.806640625,39560.77734375,15273.810546875,5931.35693359375
2017-10-10,14269.873046875,25130.1875,13054.353515625,30465.662109375,87359.1015625,17882.240234375,15822.12890625,91105.0,14026.5087890625,13540.736328125,5299.20849609375,5761.49365234375,6541.5966796875,2464.306640625,3217.551025390625,5703.8564453125,5292.64697265625,41259.5703125,18394.302734375,12400.2802734375,20737.546875,40116.2109375,17227.4921875,15995.7255859375,99.52068328857422,16214.177734375,21540.443359375,6824.38330078125,39135.48046875,15377.287109375,6042.02734375
2017-10-11,14520.466796875,25172.134765625,12704.6376953125,30656.447265625,87272.4609375,17930.107421875,16071.6904296875,92652.53125,14007.525390625,13694.9228515625,5345.99853515625,5583.90869140625,6498.60498046875,2491.092529296875,3190.63037109375,5651.70751953125,5220.2470703125,37888.92578125,18512.94921875,12523.8837890625,21173.142578125,40480.28515625,17363.283203125,16015.0263671875,100.32017517089844,16542.525390625,21729.0234375,6868.1806640625,39237.3125,15602.150390625,6067.95166015625
2017-10-12,14573.1728515625,25043.359375,12555.759765625,31883.064453125,86049.875,17847.3359375,16197.46875,92448.84375,14224.345703125,13906.4345703125,5413.69384765625,5423.28515625,6506.60205078125,2517.878173828125,3081.949462890625,5678.0693359375,5230.8154296875,37838.52734375,18494.00390625,12452.11328125,21570.951171875,40228.8515625,17390.060546875,16086.525390625,102.56163787841797,16665.900390625,21750.970703125,7078.20751953125,38912.84375,15515.5888671875,6149.7080078125
2017-10-13,14667.640625,25470.666015625,12442.8525390625,32113.8046875,85619.828125,17574.080078125,16132.5810546875,93650.9453125,14267.310546875,14255.33203125,5311.1552734375,5394.35400390625,6678.56640625,2534.743408203125,3168.69482421875,5656.291015625,5221.83154296875,37052.83984375,18464.091796875,12536.8427734375,21541.11328125,40228.8515625,18093.88671875,16255.255859375,101.85626983642578,17014.142578125,21622.259765625,7150.87060546875,38666.25390625,15546.43359375,6156.68701171875
2017-10-16,14752.166015625,25563.349609375,12873.501953125,32163.748046875,85106.078125,17768.548828125,16121.5986328125,94829.0625,14328.26171875,14534.0537109375,5307.17236328125,5598.8740234375,6764.54736328125,2529.783203125,3235.49853515625,5653.9990234375,5215.48974609375,36844.64453125,18500.984375,12628.5498046875,21498.349609375,40895.13671875,18373.123046875,16293.8623046875,101.87198638916016,17064.888671875,21634.228515625,7197.65380859375,39090.5546875,15566.3330078125,6096.86572265625
2017-10-17,14470.7470703125,25383.837890625,12419.8720703125,31547.4453125,86066.8125,17611.974609375,15775.212890625,93151.7421875,14368.2294921875,14587.427734375,5234.4990234375,5598.8740234375,6687.56494140625,2520.854248046875,3149.75,5663.7421875,5229.75927734375,36766.85546875,18438.17578125,12499.9599609375,21418.7890625,41064.859375,18311.91796875,16259.5439453125,100.72771453857422,16815.1484375,21252.09765625,7141.9111328125,39135.48046875,15352.4140625,5962.26513671875
2017-10-18,14617.919921875,24942.869140625,12439.85546875,31992.943359375,86615.375,17505.265625,15874.037109375,92938.3125,14672.978515625,14529.11328125,5276.31103515625,5495.1171875,6683.56591796875,2525.815185546875,3212.5654296875,5734.23046875,5297.93115234375,37474.71484375,18504.970703125,12659.4501953125,21831.513671875,41108.10546875,18465.880859375,15979.28125,100.99418640136719,17014.142578125,21446.65625,7205.6162109375,39121.50390625,15511.609375,5977.22021484375
2017-10-19,14617.919921875,24858.97265625,12834.53125,31915.029296875,86048.8828125,17783.5078125,15698.345703125,92857.4296875,14657.9921875,14430.2724609375,5370.88623046875,5554.9775390625,6695.5625,2524.822998046875,3170.6884765625,5663.16796875,5242.96923828125,37159.13671875,18105.181640625,12409.251953125,21836.482421875,40920.28125,18578.72265625,15729.04296875,102.70272064208984,16961.40625,21375.818359375,7194.6669921875,39073.58203125,15392.2138671875,5782.7978515625
2017-10-20,14014.3095703125,24959.458984375,12889.48828125,31701.26953125,87511.3828125,17602.0,15472.744140625,91958.8046875,14418.1884765625,14521.205078125,5255.4052734375,5510.08203125,6763.54833984375,2503.9892578125,3262.419189453125,5686.66455078125,5246.14111328125,37311.44921875,17637.595703125,12475.0400390625,21311.380859375,41448.2890625,18862.7421875,15578.90625,101.24492645263672,16566.400390625,21102.43359375,7134.9443359375,39501.87890625,15380.2724609375,5709.0185546875
2017-10-23,14150.5439453125,25543.8359375,13089.3251953125,32275.62109375,87973.3671875,17549.146484375,15517.6640625,92760.5703125,14498.12109375,14033.9345703125,5273.32421875,5465.1875,6871.52490234375,2504.9814453125,3218.54833984375,5690.67578125,5278.90625,37415.55078125,17684.451171875,12639.5146484375,21361.107421875,41156.0,18674.349609375,15585.341796875,100.72771453857422,16400.240234375,20997.673828125,7254.390625,39405.0390625,15591.20703125,5709.0185546875
2017-10-24,14215.1826171875,25415.056640625,12886.490234375,31956.98046875,86977.7734375,17489.3046875,15450.783203125,92857.4296875,14589.0458984375,14318.5888671875,5274.31982421875,5415.30322265625,6990.49853515625,2485.139892578125,3205.5859375,5627.63623046875,5216.546875,37029.83203125,17526.935546875,12759.1298828125,21272.59765625,41171.7109375,18609.3203125,15514.55859375,100.39847564697266,16557.4453125,20761.203125,7211.58935546875,39277.24609375,15582.2548828125,5689.07763671875
2017-10-25,13951.6611328125,25560.419921875,13154.26953125,31304.71875,90000.359375,17103.3671875,15493.7080078125,92358.203125,14523.1025390625,14331.4375,5196.66845703125,5509.08349609375,6941.5087890625,2430.575439453125,3261.422119140625,5539.38330078125,5123.537109375,37117.4921875,17495.029296875,12410.248046875,21021.982421875,41852.2109375,18551.94921875,15346.5458984375,99.84982299804688,16436.060546875,20804.103515625,7071.23828125,39934.1640625,15368.33203125,5624.2705078125
2017-10-26,13553.8955078125,26105.775390625,13430.0458984375,31804.15234375,91991.5078125,16730.37890625,15407.8564453125,91958.8046875,14338.2529296875,14846.3798828125,5097.11572265625,5886.20068359375,7067.4814453125,2391.885009765625,3689.16650390625,5546.83251953125,5131.46337890625,37713.59765625,17007.50390625,12280.662109375,20466.046875,42403.71484375,18822.576171875,15157.0810546875,98.17263793945312,15920.66015625,20518.75,6861.2119140625,41315.87890625,15293.708984375,5612.3056640625
2017-10-27,13819.404296875,25539.9296875,13155.26953125,31777.18359375,92730.265625,17176.16015625,16042.73828125,92775.5546875,14472.14453125,14148.5869140625,5142.91015625,5616.8330078125,6841.53125,2419.662841796875,3689.16650390625,5526.775390625,5109.7958984375,37898.79296875,17419.255859375,12210.8876953125,20559.529296875,42840.5859375,18695.390625,15355.837890625,98.86238098144531,16127.6171875,20702.333984375,7007.53466796875,40403.38671875,15439.970703125,5692.0693359375
2017-10-30,13880.0615234375,25529.203125,13193.2412109375,31757.20703125,91318.5078125,17128.291015625,16194.4716796875,94320.1953125,14491.126953125,14156.4931640625,5156.8466796875,5633.79248046875,6823.5341796875,2421.647705078125,3788.873291015625,5541.67529296875,5120.89404296875,37370.62109375,17552.84765625,12257.7373046875,20685.83203125,43384.296875,18743.208984375,15355.1259765625,99.06614685058594,16324.62109375,20231.39453125,7060.2900390625,40472.27734375,15272.81640625,5691.07177734375
2017-10-31,13935.75,25861.876953125,13022.3828125,31909.03515625,90597.7109375,17103.3671875,15815.1396484375,93839.921875,14643.0048828125,14208.876953125,5102.0927734375,5630.798828125,6828.5341796875,2431.567626953125,3910.515625,5526.775390625,5099.75537109375,37312.55078125,17472.09765625,12237.8017578125,20623.185546875,43308.875,18901.94921875,15300.07421875,97.96885681152344,16317.65625,20190.484375,7037.39599609375,41298.91015625,15282.765625,5618.2890625
2017-11-01,14030.2197265625,26897.953125,13364.1015625,32044.8828125,90974.03125,17181.150390625,16076.6796875,94254.28125,14987.720703125,14674.4033203125,5141.9130859375,5676.69189453125,6989.49853515625,2462.322265625,3988.287841796875,5543.39453125,5143.0888671875,37807.83203125,17766.203125,12267.7060546875,20785.28125,43683.375,19222.30078125,15232.8662109375,98.61153411865234,16367.4052734375,20026.85546875,7178.7412109375,42130.5390625,15344.4541015625,5683.09521484375
2017-11-02,14090.8798828125,26807.224609375,13011.3876953125,32010.921875,90203.4609375,17158.2109375,16247.37890625,94601.7578125,14923.7734375,14627.9482421875,5226.53369140625,5640.7744140625,6985.4990234375,2474.226806640625,3952.39306640625,5584.65625,5168.45556640625,37034.21484375,17647.5625,12470.0576171875,20976.23046875,43138.65234375,19125.712890625,15339.3935546875,99.52068328857422,16539.5390625,20503.783203125,7109.064453125,41731.203125,15422.0615234375,5663.154296875
2017-11-03,14080.9365234375,26721.369140625,12873.501953125,31361.650390625,92190.6171875,17173.169921875,15932.9345703125,94155.4453125,14877.8115234375,14593.3544921875,5215.58251953125,5551.984375,7033.48974609375,2472.242431640625,3963.36083984375,5578.9248046875,5179.02490234375,37529.50390625,17672.4921875,12481.021484375,20905.62109375,43623.15234375,19136.232421875,15228.5771484375,99.06614685058594,16252.9833984375,20434.935546875,7059.294921875,42438.03125,15363.3583984375,5629.2548828125
2017-11-06,14136.623046875,27364.28125,13314.1435546875,31114.9296875,91937.75,17763.55859375,16071.6904296875,94609.7421875,14809.8662109375,14924.4638671875,5255.4052734375,5646.7626953125,7027.4912109375,2425.615478515625,4117.9072265625,5564.599609375,5135.16162109375,37530.60546875,17647.5625,12381.341796875,20836.0078125,44522.5234375,19156.3203125,15014.08984375,100.13201904296875,16458.943359375,20408.998046875,7095.12890625,42305.25390625,15161.37890625,5558.466796875
2017-11-07,14319.59765625,27224.7734375,13791.751953125,31249.779296875,91154.2578125,17582.056640625,15812.146484375,93031.1796875,14642.0048828125,14627.9482421875,5226.53369140625,5728.5703125,6923.513671875,2420.65478515625,4038.14111328125,5556.57568359375,5121.421875,36847.9296875,19166.96484375,12452.11328125,20859.87890625,45667.91796875,19030.08984375,14902.5546875,99.45799255371094,16522.623046875,20728.271484375,7163.810546875,43433.39453125,14919.6015625,5582.39501953125
2017-11-08,14288.767578125,27135.99609375,13930.6396484375,31719.25,92021.3828125,17651.865234375,15832.109375,93356.671875,14850.8330078125,14565.681640625,5282.2841796875,5751.51611328125,6874.5244140625,2448.433349609375,3983.30224609375,5581.791015625,5117.72265625,37692.79296875,19382.3125,12740.19140625,20856.890625,44741.89453125,19030.08984375,15067.7109375,101.6368637084961,16705.69921875,20896.892578125,7201.63525390625,43013.0859375,15121.580078125,5574.41943359375
2017-11-09,14147.560546875,26681.373046875,13847.7041015625,31514.48046875,92298.15625,17591.029296875,15440.798828125,92095.5859375,14839.841796875,14924.4638671875,5217.57373046875,5667.71240234375,6698.5615234375,2466.2900390625,3989.28466796875,5536.517578125,5117.19482421875,37034.21484375,19158.98828125,12675.3994140625,20785.28125,44816.328125,19168.751953125,15014.08984375,100.0536117553711,16665.900390625,20960.751953125,7183.71826171875,43424.40625,15136.5048828125,5548.49560546875
2017-11-10,14156.5107421875,27471.595703125,13942.6318359375,31576.41015625,92642.6171875,17634.9140625,15522.6552734375,92344.21875,14949.7529296875,15048.9951171875,5241.466796875,5685.67041015625,6893.5205078125,2460.337646484375,3978.31689453125,5486.66015625,5052.1923828125,37367.34375,19200.861328125,12397.291015625,20815.125,44515.734375,19079.8125,15119.189453125,100.63360595703125,16715.6484375,20728.271484375,7151.865234375,43921.5859375,15167.349609375,5513.59912109375
2017-11-13,14108.7802734375,27656.962890625,14338.306640625,31564.423828125,93783.546875,17602.0,15472.744140625,92430.09375,14947.75390625,14441.146484375,5230.5166015625,5690.66015625,6926.5126953125,2445.45703125,3996.263916015625,5497.5478515625,5081.78662109375,37383.77734375,18893.79296875,12377.3544921875,20987.171875,44929.46484375,19316.974609375,15021.2392578125,100.13201904296875,16577.34765625,20715.3046875,7114.04052734375,44198.1328125,14659.916015625,5566.44287109375
2017-11-14,14289.7626953125,27072.580078125,13733.7978515625,31574.412109375,92308.109375,17708.712890625,15253.1298828125,93063.09375,14935.7646484375,14702.076171875,5224.54345703125,5462.19384765625,6688.564453125,2445.45703125,3699.136474609375,5513.021484375,5085.48583984375,36958.609375,18962.583984375,12598.64453125,20999.109375,45150.59375,19742.51953125,14888.9697265625,100.66494750976562,16435.064453125,20715.3046875,7224.529296875,43595.12890625,14644.9892578125,5553.4814453125
2017-11-15,14220.154296875,26243.330078125,14028.5595703125,30831.25,92290.1953125,17552.13671875,15318.0166015625,92677.71875,15388.3935546875,14266.203125,5233.50244140625,5596.87890625,6541.5966796875,2435.53662109375,3639.312744140625,5458.580078125,5065.4033203125,35985.5546875,18912.734375,12500.9580078125,20561.521484375,46029.59375,19621.076171875,14595.2099609375,99.4423599243164,16197.263671875,20653.439453125,7137.93017578125,42529.88671875,14520.6171875,5491.66552734375
2017-11-16,14220.154296875,26243.330078125,13804.7412109375,30916.15234375,92290.1953125,17886.2265625,15472.744140625,94008.6796875,15761.0859375,14430.2724609375,5268.34716796875,5668.71044921875,6615.58056640625,2451.40966796875,3689.16650390625,5384.65234375,4966.57958984375,36026.0859375,19191.890625,12736.2041015625,20705.7265625,46678.03125,19974.900390625,14623.8125,100.82174682617188,16216.169921875,21202.20703125,7291.2197265625,42539.8671875,14690.7587890625,5359.05908203125
2017-11-17,14693.49609375,26016.021484375,13788.75390625,30965.1015625,91792.390625,18206.3515625,15652.4296875,97278.6328125,16036.861328125,14641.7841796875,5448.53857421875,5688.6630859375,6556.59130859375,2450.417236328125,3705.119384765625,5327.9169921875,4914.7890625,35321.49609375,19423.1875,13118.9775390625,20964.296875,48337.484375,19902.224609375,14966.34765625,103.20429992675781,16572.373046875,21461.623046875,7510.20556640625,42954.1796875,15163.3701171875,5534.5361328125
2017-11-20,14717.3623046875,26029.67578125,13450.0322265625,31309.708984375,91991.5078125,18710.9765625,15710.32421875,98101.375,16156.76171875,14580.5048828125,5409.71142578125,5472.17138671875,6626.5771484375,2392.87744140625,3697.142578125,5330.7822265625,4910.56103515625,35550.5234375,20138.02734375,12910.6455078125,20984.1875,50223.33203125,19747.298828125,14695.3251953125,102.59297943115234,16522.623046875,21640.21875,7584.859375,41847.01171875,14844.9794921875,5531.5458984375
2017-11-21,14916.248046875,26531.126953125,13561.939453125,31141.900390625,93370.375,18725.93359375,15472.744140625,99239.609375,16338.6142578125,15290.1611328125,5511.25634765625,5565.951171875,6724.55615234375,2400.81396484375,3850.69140625,5272.9013671875,4872.5126953125,35721.46484375,20083.19140625,12968.4599609375,20982.19921875,51417.4921875,19842.9296875,14498.6689453125,103.45516204833984,16606.19921875,21641.216796875,7731.18212890625,42792.453125,14789.2587890625,5413.89599609375
2017-11-22,15145.9541015625,26057.970703125,14122.4833984375,31762.19921875,92350.921875,18793.75,15971.86328125,98848.2265625,16409.552734375,15722.0810546875,5464.46533203125,5706.6220703125,6678.56640625,2389.900634765625,4228.58154296875,5346.828125,4933.2861328125,35545.04296875,20737.208984375,13185.7646484375,21128.396484375,49030.171875,20003.5859375,14550.16015625,103.97236633300781,16764.40234375,21987.435546875,7739.14501953125,43818.76171875,14825.078125,5539.5234375
2017-11-24,15045.5185546875,26446.2578125,14242.384765625,31414.591796875,92591.84375,18625.212890625,16770.45703125,97350.546875,16081.82421875,15123.126953125,5440.57421875,5789.4267578125,6754.55029296875,2400.81396484375,4486.8232421875,5366.88671875,4943.85498046875,35960.3515625,20475.005859375,12696.33203125,21132.369140625,47281.46875,19890.751953125,14235.513671875,102.5460205078125,16745.49609375,22021.357421875,7670.46337890625,42951.18359375,14496.736328125,5739.92626953125
2017-11-27,15374.6728515625,25724.322265625,14082.515625,31498.498046875,91422.0390625,18795.748046875,16970.10546875,97949.625,16086.8193359375,15665.7431640625,5505.28271484375,5765.4833984375,6568.58935546875,2424.62353515625,4363.1865234375,5325.62451171875,4909.5048828125,35313.83984375,20557.75390625,12759.1298828125,21829.5234375,47694.3203125,19650.716796875,14266.263671875,103.06322479248047,17133.5390625,22229.890625,7734.16845703125,42460.0,14405.2021484375,5822.68017578125
2017-11-28,15800.28125,24822.873046875,14222.400390625,31180.857421875,89744.5,19593.5703125,17369.40234375,98373.96875,16336.6162109375,14857.2529296875,5601.849609375,5757.501953125,6353.6357421875,2441.489013671875,4075.032958984375,5346.25732421875,4914.7890625,35553.8125,21430.109375,12648.486328125,22384.462890625,47520.32421875,19586.6484375,14981.361328125,103.84699249267578,17427.0625,22593.0703125,7903.38427734375,42286.28125,14427.091796875,5875.52197265625
2017-11-29,15761.498046875,24901.896484375,14137.4697265625,31314.70703125,89358.1953125,19376.166015625,17334.462890625,98661.5234375,16486.494140625,15116.2060546875,5677.51025390625,5787.43212890625,6398.6259765625,2475.219970703125,4233.56689453125,5471.1865234375,5029.99658203125,36182.796875,21231.71484375,12791.0283203125,22590.326171875,47884.90234375,20169.02734375,15206.6220703125,105.5242691040039,17230.052734375,22648.947265625,7883.47607421875,42464.98828125,14475.755859375,5809.71923828125
2017-11-30,15689.8994140625,24662.875,14268.3642578125,30515.60546875,87216.7265625,19083.9609375,17308.51171875,98328.046875,16457.517578125,14572.599609375,5609.8134765625,5805.39013671875,6266.65380859375,2480.1796875,3888.580322265625,5446.54443359375,5009.9150390625,35650.24609375,20738.20703125,12885.724609375,23003.044921875,46360.10546875,20403.318359375,15303.1611328125,104.89723205566406,17213.13671875,22733.755859375,7789.91015625,42929.22265625,14436.943359375,5782.7978515625
2017-12-01,15910.66015625,24784.826171875,13945.62890625,30156.009765625,87444.6953125,19504.818359375,17570.048828125,97571.1953125,16396.5703125,15250.6259765625,5634.70166015625,5749.52099609375,6227.6630859375,2500.020751953125,3913.50732421875,5442.5341796875,5017.3134765625,35399.31640625,21335.396484375,12806.9775390625,23302.388671875,44397.81640625,20368.884765625,15301.73046875,105.71234130859375,17456.916015625,23239.611328125,7764.029296875,43128.89453125,14341.400390625,5902.44287109375
2017-12-04,15910.66015625,24926.28515625,13445.03515625,30004.185546875,87206.7578125,19441.986328125,17569.052734375,97427.4140625,16273.66796875,15400.857421875,5674.52294921875,5605.85791015625,6297.64892578125,2539.703369140625,3620.367919921875,5342.24462890625,4952.31201171875,34550.078125,21305.490234375,12784.05078125,22913.537109375,45634.22265625,20214.927734375,15238.80078125,105.91612243652344,17614.1171875,23311.44921875,7830.72021484375,42550.8515625,14317.513671875,5920.38916015625
2017-12-05,16059.822265625,24195.572265625,12969.423828125,28867.46484375,87964.390625,19746.154296875,18214.91015625,99447.3046875,16341.6103515625,15211.0908203125,5814.89306640625,5298.578125,6070.69677734375,2569.46630859375,3320.249267578125,5314.1640625,4877.796875,33836.72265625,21759.115234375,12737.2001953125,23201.94921875,44251.734375,20273.259765625,15238.80078125,108.03221893310547,17958.37890625,23646.6953125,8162.18505859375,41608.3984375,14079.6533203125,6063.9619140625
2017-12-06,15968.337890625,23901.919921875,12592.7294921875,28936.38671875,91095.5078125,19556.671875,18277.802734375,97550.2109375,16316.6328125,13837.25,5736.2451171875,5015.24267578125,6104.68994140625,2569.46630859375,3067.98974609375,5073.6494140625,4678.8837890625,33859.734375,21936.392578125,12983.4140625,22787.240234375,43309.75390625,20655.77734375,15374.66796875,106.59014892578125,18087.7265625,22260.8203125,8024.82080078125,41575.453125,14407.083984375,6011.119140625
2017-12-07,15860.9384765625,24155.5703125,12475.826171875,28306.09765625,90615.6015625,19646.4296875,18034.23046875,94829.40625,15971.916015625,14297.8349609375,5711.35693359375,5118.99951171875,6167.67578125,2524.822998046875,3190.63037109375,5056.45166015625,4668.31103515625,34219.140625,21416.900390625,12792.025390625,22575.408203125,44402.84765625,20034.189453125,15321.0361328125,105.55562591552734,17853.90625,21689.111328125,8143.27294921875,41704.24609375,14043.8251953125,5809.71923828125
2017-12-08,15611.341796875,24201.423828125,12424.8701171875,28729.619140625,89602.109375,19683.322265625,17868.525390625,93159.984375,15538.26953125,14796.962890625,5540.12744140625,5104.0341796875,6254.65625,2529.783203125,3220.542236328125,4872.99658203125,4493.84423828125,33799.46875,21088.8515625,12797.0087890625,22588.33203125,45498.828125,20171.896484375,15165.1435546875,102.5460205078125,17553.41796875,21585.345703125,7771.99365234375,41783.1171875,13992.0703125,5762.85888671875
2017-12-11,14965.96484375,24476.54296875,12592.7294921875,28569.80078125,90666.3671875,19714.2421875,17406.333984375,94273.2734375,15487.3125,15057.8916015625,5384.8251953125,5196.81640625,6388.62890625,2526.80712890625,3140.776611328125,4987.65478515625,4597.9951171875,34625.68359375,20986.146484375,12545.8134765625,21791.732421875,45559.17578125,20368.884765625,14922.0126953125,100.36713409423828,17057.921875,21152.3203125,7626.666015625,42380.125,13770.1328125,5707.0234375
2017-12-12,15010.71484375,24526.29296875,12389.896484375,28676.677734375,91480.765625,19320.31640625,17319.490234375,93249.8359375,15587.2294921875,14608.181640625,5328.07861328125,5070.11376953125,6317.64306640625,2539.703369140625,3031.098876953125,4974.46875,4593.765625,34435.0234375,20592.294921875,12595.6533203125,21652.5,44000.3046875,20644.30078125,14683.8828125,99.86555480957031,16672.861328125,21336.90234375,7634.62939453125,42640.6953125,13644.732421875,5675.119140625
2017-12-13,15085.2958984375,24429.712890625,12127.111328125,28557.8125,90498.1640625,19320.31640625,17269.576171875,91958.8046875,15787.064453125,14722.8359375,5419.66748046875,4978.32861328125,6370.6328125,2560.537353515625,2891.50830078125,4875.86279296875,4514.4619140625,34109.5703125,20593.2890625,12651.4755859375,21872.291015625,43741.21484375,20799.220703125,14756.107421875,100.38285827636719,16933.55078125,21551.423828125,7658.51806640625,42914.25,13786.0556640625,5683.09521484375
2017-12-14,15915.6328125,24693.12890625,11970.2373046875,29032.275390625,88859.4375,20391.39453125,17544.09375,96816.34375,16191.7353515625,15026.2646484375,5672.53125,5010.25341796875,6441.61767578125,2577.40283203125,3036.083740234375,4948.671875,4569.4462890625,35093.58203125,21898.5078125,13130.939453125,22873.759765625,42937.88671875,20751.404296875,15324.6142578125,104.45832824707031,17745.455078125,22300.73046875,7992.96875,42146.51953125,14331.4501953125,5817.6953125
2017-12-15,16093.6337890625,24194.595703125,12216.037109375,28769.57421875,86675.125,20576.888671875,17329.474609375,97046.9921875,16583.412109375,14922.484375,5575.9658203125,5304.5634765625,6398.6259765625,2617.08544921875,3081.949462890625,4901.6611328125,4507.060546875,35036.6015625,22309.310546875,13271.4892578125,22897.62890625,41611.72265625,20799.220703125,15574.8974609375,105.57125854492188,17635.009765625,21021.6171875,7843.6611328125,43039.04296875,14105.5283203125,5797.75537109375
2017-12-18,17054.23828125,24262.8828125,12015.2001953125,27609.880859375,85366.921875,21391.669921875,17569.052734375,99946.546875,17086.00390625,15319.8125,5962.2314453125,5347.4638671875,6273.65234375,2649.823974609375,3086.9345703125,5051.8642578125,4662.49462890625,34882.09765625,22684.22265625,13403.0693359375,23868.26953125,40731.7109375,20751.404296875,16161.28125,110.1170654296875,18407.11328125,21750.970703125,8429.9453125,42529.88671875,14729.5439453125,6077.9208984375
2017-12-19,19019.208984375,24224.837890625,11655.494140625,27269.267578125,84364.375,21447.515625,19066.4140625,104841.0390625,18401.919921875,15220.9736328125,6501.8095703125,5079.0927734375,6267.6533203125,2685.538330078125,3010.15966796875,5051.8642578125,4675.7109375,33876.1640625,24945.671875,13157.8544921875,25235.724609375,40688.21484375,20764.79296875,16887.111328125,118.59716033935547,19688.646484375,22450.39453125,9210.3291015625,39934.1640625,14432.962890625,6281.31689453125
2017-12-20,18008.880859375,24611.173828125,11889.3046875,27406.11328125,83154.7578125,21491.396484375,18202.935546875,104339.8125,17786.4296875,15220.9736328125,6490.85791015625,5166.8876953125,6321.642578125,2689.507080078125,3004.177490234375,5130.97900390625,4773.51904296875,35323.69140625,24401.244140625,13004.3447265625,25091.51953125,41499.828125,20674.900390625,16661.853515625,117.578369140625,19029.97265625,21630.244140625,8608.1201171875,40341.48828125,14323.4833984375,6196.568359375
2017-12-21,17297.873046875,24984.82421875,12030.1884765625,27658.826171875,85144.8984375,21142.345703125,18045.212890625,106836.96875,18260.04296875,15489.8125,6385.33154296875,5170.87841796875,6356.63525390625,2718.2763671875,2993.20947265625,5159.64306640625,4766.646484375,34955.515625,23917.650390625,13201.7138671875,24673.826171875,43380.1484375,20732.279296875,16474.4921875,117.49996948242188,19034.943359375,20568.634765625,8361.2626953125,41233.01953125,14555.376953125,6201.5546875
2017-12-22,17103.9609375,25045.30859375,12140.0986328125,27768.703125,85653.6484375,21242.072265625,18013.271484375,104890.9453125,18133.142578125,15555.044921875,6336.55126953125,5211.78173828125,6380.630859375,2705.379638671875,3129.808349609375,5172.830078125,4786.73681640625,35228.35546875,24107.09765625,13023.28515625,24622.11328125,43389.578125,20732.279296875,16306.4462890625,116.99835968017578,18628.994140625,20404.009765625,8493.650390625,41818.05859375,14012.97265625,6274.3369140625
2017-12-27,17586.25,24978.970703125,12583.7373046875,27428.0859375,82180.6171875,21340.8046875,18167.998046875,107405.09375,18518.828125,15737.8955078125,6590.41162109375,5437.25439453125,6398.6259765625,2715.300048828125,3111.861572265625,5136.7119140625,4758.18798828125,34802.109375,23880.751953125,13526.6728515625,25046.76953125,42936.0,20799.220703125,16661.853515625,119.91395568847656,19153.345703125,21479.580078125,8469.7607421875,41736.19140625,14158.2763671875,6310.2294921875
2017-12-28,17700.615234375,24855.06640625,12650.6826171875,27469.0390625,82043.2265625,21411.615234375,18067.171875,106932.8125,18565.791015625,15919.75390625,6563.53125,5347.4638671875,6394.62744140625,2710.34033203125,3174.67724609375,5090.84814453125,4695.2734375,34922.6484375,24329.453125,13480.8193359375,25148.208984375,43272.41015625,20623.263671875,16590.341796875,120.2117691040039,19252.845703125,21519.494140625,8515.5478515625,41941.8515625,14182.1630859375,6427.8798828125
2017-12-29,18004.900390625,24990.673828125,12807.5556640625,27717.759765625,82590.84375,21787.587890625,18081.150390625,109128.4453125,18530.8203125,16104.5810546875,6670.05322265625,5397.3466796875,6444.61669921875,2744.07080078125,3245.468505859375,5164.80224609375,4745.4990234375,35108.921875,24449.109375,13616.384765625,25502.25390625,43384.296875,20464.515625,16829.185546875,122.87650299072266,19467.76171875,22125.126953125,8678.791015625,42576.8046875,14489.6904296875,6495.6787109375
2018-01-02,17636.96875,25691.150390625,12842.529296875,27297.234375,83153.3828125,21208.173828125,17954.37109375,107849.40625,18235.05859375,16006.732421875,6598.3759765625,5482.14794921875,6533.59765625,2691.4912109375,3250.453857421875,5171.10986328125,4768.76171875,35525.3125,23691.306640625,13330.2998046875,25968.681640625,45017.3359375,20295.255859375,16912.853515625,122.17115020751953,19330.453125,21651.197265625,8381.1708984375,42237.36328125,14328.4638671875,6374.0400390625
2018-01-03,16867.2890625,25802.369140625,13141.2822265625,27219.322265625,82589.84375,20640.716796875,17551.080078125,107131.5234375,18045.21484375,16061.0927734375,6301.70703125,5530.0361328125,6540.59716796875,2671.649169921875,3350.16162109375,5140.72509765625,4768.76171875,35435.47265625,22924.52734375,13227.6298828125,25061.689453125,45886.02734375,20273.259765625,16405.83984375,118.34640502929688,18414.080078125,21442.6640625,8261.7236328125,42430.046875,14032.876953125,6354.099609375
2018-01-04,16865.3046875,25966.263671875,12799.5625,26869.716796875,82008.3828125,20488.130859375,17483.203125,106167.9921875,18185.1015625,16306.2080078125,6287.76953125,5311.54736328125,6524.59912109375,2663.713134765625,3228.5185546875,5165.376953125,4771.40478515625,35525.3125,23274.509765625,13025.279296875,25093.509765625,45718.95703125,19425.033203125,16590.341796875,118.20531463623047,18664.8125,21351.869140625,8112.4150390625,42295.265625,14082.6376953125,6228.4736328125
2018-01-05,16905.076171875,26191.625,13030.375,26868.71875,82352.890625,20851.140625,17383.376953125,106347.71875,18155.125,16481.1484375,6342.5234375,5416.302734375,6518.60107421875,2650.816162109375,3315.26416015625,5152.76513671875,4784.62255859375,35359.8671875,24011.373046875,13428.986328125,25688.228515625,45464.12890625,19498.671875,16474.4921875,117.87616729736328,18685.70703125,21970.4765625,8174.12890625,42912.25390625,14331.4501953125,6299.2626953125
2018-01-08,17000.537109375,26731.126953125,13181.25,26178.49609375,82665.515625,21069.544921875,17668.873046875,105858.4609375,17986.265625,16258.7685546875,6285.779296875,5352.45166015625,6634.57568359375,2648.83203125,3405.99755859375,5092.56884765625,4742.32666015625,35397.12109375,24406.234375,13531.654296875,25409.763671875,45220.1171875,19556.044921875,16579.61328125,117.51567077636719,18878.73046875,21773.919921875,8310.49609375,43328.56640625,14416.0458984375,6382.017578125
2018-01-09,17521.619140625,27218.919921875,12872.5029296875,24984.841796875,82944.3203125,21026.662109375,17727.771484375,106122.046875,18003.25,16515.744140625,6310.6669921875,5187.837890625,6633.576171875,2633.950439453125,3329.22265625,5081.67578125,4712.19189453125,35276.58984375,24678.443359375,13516.7041015625,25882.158203125,45647.17578125,19412.60546875,16558.154296875,118.0955810546875,19111.560546875,21600.3125,8165.17041015625,42900.26953125,14331.4501953125,6546.52685546875
2018-01-10,17348.58203125,28069.6328125,13339.12109375,24353.55078125,83287.8046875,20793.3046875,17170.755859375,103199.5546875,17985.265625,16357.60546875,6271.84033203125,5232.73291015625,6763.54833984375,2628.990478515625,3351.15869140625,5082.25,4721.18017578125,35119.88671875,24259.65625,13520.6904296875,25280.4765625,45446.27734375,18025.98828125,16583.189453125,116.21459197998047,19000.119140625,21619.26953125,8241.8173828125,44389.8203125,14231.9248046875,6460.7822265625
2018-01-11,17103.9609375,28657.916015625,13349.1142578125,26969.603515625,84731.515625,20642.708984375,16905.220703125,102127.1953125,17485.67578125,16703.53515625,6076.71728515625,5346.4658203125,6821.53466796875,2609.1494140625,3385.058837890625,5148.7509765625,4797.84033203125,35175.7578125,23897.705078125,13334.2880859375,24785.208984375,44780.4921875,17098.39453125,16294.2900390625,114.27093505859375,18649.8828125,21145.33203125,8134.3134765625,43777.8203125,14112.49609375,6364.0693359375
2018-01-12,17153.685546875,29080.345703125,13389.078125,25676.060546875,84173.96875,20627.751953125,16584.783203125,101487.1875,17485.67578125,16308.1865234375,6137.4443359375,5411.314453125,6938.509765625,2648.83203125,3340.190673828125,5228.43896484375,4855.46630859375,35886.9375,24248.693359375,13306.37890625,25111.4140625,45430.1875,17320.25,16285.7060546875,114.27093505859375,18780.23046875,21337.900390625,8062.646484375,44726.26171875,14088.6083984375,6314.21875
2018-01-16,17700.615234375,28578.890625,13439.041015625,25873.83984375,84831.1171875,21042.62109375,17058.94921875,102596.46875,17696.5,16110.5126953125,6280.80078125,5298.578125,6768.54638671875,2776.80908203125,3300.307861328125,5180.28173828125,4826.916015625,36115.94921875,24952.646484375,13374.1611328125,25630.548828125,46318.3671875,18169.43359375,16576.75390625,117.95457458496094,19501.591796875,21950.51953125,8485.6865234375,45029.765625,14258.794921875,5922.3837890625
2018-01-17,17744.365234375,28979.853515625,13523.97265625,25837.876953125,84511.4921875,21541.2578125,17298.5234375,102062.2890625,17785.4296875,16194.5234375,6396.28271484375,5322.52197265625,6895.52001953125,2737.1259765625,3384.06201171875,5220.412109375,4832.20458984375,35360.953125,25289.673828125,13908.44921875,25942.8203125,46468.09765625,17978.177734375,16658.279296875,119.6787338256836,19815.0078125,23045.0546875,8700.6904296875,45172.5234375,14421.0185546875,6081.9091796875
2018-01-18,18197.8203125,28969.125,13484.0029296875,25571.17578125,83308.7421875,21018.681640625,17519.13671875,103406.234375,18185.1015625,15836.732421875,6580.45458984375,5306.5595703125,6896.52001953125,2774.82470703125,3340.190673828125,5258.25,4856.52294921875,35993.234375,25745.349609375,13845.650390625,26570.359375,46011.74609375,16585.82421875,16887.826171875,123.66027069091797,19899.578125,23894.138671875,8981.390625,43428.40234375,14855.939453125,6643.23974609375
2018-01-19,17800.052734375,28985.705078125,13366.1015625,25621.123046875,84034.5625,20765.376953125,17334.462890625,101843.6484375,17764.4453125,15572.8349609375,6418.1845703125,5201.8056640625,6908.5166015625,2758.951416015625,3383.064697265625,5323.0322265625,4904.1044921875,36583.8515625,25151.072265625,13312.359375,25757.841796875,46738.51171875,16229.12890625,16791.28515625,120.38418579101562,19352.345703125,23855.2265625,8726.5693359375,43777.8203125,14743.4775390625,6709.04345703125
2018-01-22,18197.8203125,29365.208984375,13154.26953125,25421.34765625,84583.1875,21230.111328125,17468.2265625,101943.4765625,17864.361328125,15533.30078125,6620.2763671875,5038.18798828125,6824.5341796875,2782.76123046875,3405.000244140625,5314.4326171875,4904.1044921875,36174.03125,25720.421875,13573.5224609375,26401.291015625,46908.6015625,15778.716796875,16678.298828125,122.07701873779297,19890.62890625,23783.388671875,8688.74609375,43852.70703125,14623.0546875,6624.29541015625
2018-01-23,18813.36328125,28420.8515625,13092.3232421875,25816.900390625,85129.796875,21514.337890625,18248.8515625,102094.2578125,17885.349609375,14725.7998046875,6882.10107421875,5047.16748046875,6608.58203125,2778.793212890625,3375.088134765625,5362.58984375,4932.6552734375,35794.875,26921.935546875,13871.568359375,26901.529296875,47143.18359375,16294.1552734375,17062.30859375,124.75748443603516,20198.076171875,24571.61328125,8978.40234375,43677.9921875,15027.119140625,6680.1298828125
2018-01-24,18445.423828125,29072.53515625,13891.669921875,25821.896484375,84811.1875,22886.58984375,18082.470703125,103241.4765625,18080.189453125,14211.84375,7015.50390625,5231.73583984375,6746.55126953125,2787.721923828125,3519.663818359375,5438.83642578125,5006.67041015625,35593.265625,27642.841796875,13556.5771484375,27198.890625,46514.60546875,16004.40234375,17297.572265625,128.01791381835938,20011.01953125,24744.224609375,9187.4345703125,43867.671875,15096.7880859375,6547.52392578125
2018-01-25,18437.474609375,28732.060546875,13993.5888671875,25671.06640625,82614.7421875,24041.4453125,18499.783203125,106766.078125,18334.9765625,14627.9482421875,7111.07373046875,5372.40478515625,6769.54638671875,2828.396484375,3492.74267578125,5421.6396484375,4995.0400390625,34944.5546875,28018.75390625,13512.716796875,27846.318359375,45860.89453125,16160.2763671875,17491.3671875,130.99610900878906,20685.61328125,24867.9453125,9136.6708984375,45992.17578125,15677.0126953125,6407.939453125
2018-01-29,17551.451171875,29035.46875,13772.7666015625,25401.369140625,81803.28125,23685.41015625,17349.66015625,94245.3046875,17475.681640625,14564.6943359375,6689.96337890625,5295.5849609375,6988.49853515625,2792.682373046875,3479.780517578125,5437.1171875,5011.95703125,35450.80859375,28011.779296875,13261.521484375,26606.162109375,45508.88671875,15301.5322265625,17051.583984375,125.11798095703125,19900.572265625,24246.341796875,8615.0859375,45524.9453125,15821.3203125,6573.447265625
2018-01-30,17084.07421875,28373.04296875,13243.19921875,27009.556640625,81445.8359375,24003.546875,17022.1953125,90360.2578125,16993.078125,14198.9921875,6515.74560546875,5021.228515625,6903.517578125,2748.03857421875,3419.956298828125,5403.2939453125,4970.72021484375,35225.08203125,27919.04296875,13052.19140625,25772.76171875,43186.3046875,15610.41015625,16857.787109375,120.71334838867188,19732.42578125,23923.072265625,8470.7548828125,43259.6796875,15431.1865234375,6470.751953125
2018-01-31,17909.4375,28258.900390625,13159.265625,27039.525390625,81047.546875,24931.015625,17054.14453125,79937.265625,16862.1875,14144.630859375,6620.2763671875,5077.0966796875,6841.53125,2751.014892578125,3624.3564453125,5326.47265625,4930.53955078125,34721.0234375,28541.23828125,13098.044921875,26331.6796875,42522.8984375,15386.638671875,16902.833984375,123.51920318603516,19965.251953125,24619.501953125,8795.251953125,42625.7265625,16241.3134765625,6397.96923828125
2018-02-01,18247.5390625,27950.61328125,13265.181640625,26949.626953125,81249.65625,23647.515625,16422.17578125,84370.453125,17151.947265625,14136.7275390625,6656.11572265625,5113.013671875,6789.54150390625,2732.166259765625,3489.75146484375,5419.919921875,5002.9697265625,35371.91015625,28118.466796875,13207.6962890625,26357.537109375,41650.05859375,13512.3203125,17020.11328125,124.66344451904297,20306.525390625,24942.779296875,8927.6376953125,42779.47265625,16636.423828125,6290.28955078125
2018-02-02,18097.3828125,27764.2734375,12960.4287109375,26224.443359375,80878.2890625,23735.27734375,16092.7177734375,91762.109375,16648.361328125,14227.658203125,6610.32177734375,5147.93115234375,6625.5771484375,2687.522705078125,3424.941650390625,5362.015625,4965.43310546875,35448.6171875,27015.6640625,13068.140625,26255.09765625,40807.140625,12757.8115234375,16579.61328125,122.53164672851562,20211.01171875,23981.943359375,8814.1640625,41758.16015625,16420.451171875,6300.25927734375
2018-02-05,17906.45703125,27524.279296875,12813.55078125,25981.71875,78359.25,22999.283203125,16423.171875,86333.4453125,16286.65625,13794.7490234375,6422.16650390625,4992.29638671875,6548.59326171875,2648.83203125,3300.307861328125,5209.52001953125,4818.9873046875,34552.2734375,26820.23046875,12494.9765625,25438.60546875,39223.12890625,12049.203125,16106.9326171875,120.36848449707031,19411.048828125,23481.07421875,8824.1201171875,41093.25,16023.35546875,6230.466796875
2018-02-06,17501.728515625,27390.623046875,12554.76171875,25463.298828125,76218.546875,22942.4375,15774.2353515625,83158.3046875,15827.0341796875,13663.294921875,6430.13037109375,5113.013671875,6439.61767578125,2688.514892578125,3198.606689453125,5366.029296875,4969.1337890625,33976.9765625,25999.61328125,12290.6318359375,25425.677734375,39028.390625,11666.6865234375,15647.837890625,119.41227722167969,19277.71875,23377.306640625,8663.861328125,40423.35546875,15849.1865234375,6208.53271484375
2018-02-07,18267.42578125,26714.544921875,12444.8515625,25818.8984375,76086.1171875,23180.787109375,16333.3232421875,83571.7109375,16386.57421875,14161.4365234375,6664.080078125,4983.3173828125,6258.65576171875,2817.483642578125,2998.19482421875,5793.70703125,5339.7431640625,33806.0390625,26868.091796875,12841.8642578125,26736.44140625,38281.14453125,13627.0732421875,16229.9296875,123.72297668457031,19848.837890625,23907.107421875,9107.8037109375,40533.17578125,16018.3779296875,6333.16259765625
2018-02-08,18247.5390625,26521.376953125,12105.12890625,25640.1015625,75998.5234375,22758.939453125,16272.4228515625,80936.7265625,16286.65625,13726.548828125,6636.20556640625,4774.8056640625,6279.6513671875,2852.20654296875,3011.1572265625,5904.92529296875,5499.40771484375,33969.30859375,26895.015625,12629.546875,26755.33984375,38034.49609375,13641.4189453125,15846.6357421875,121.9516372680664,19600.095703125,23846.25,9008.265625,39035.64453125,16033.3076171875,6282.31396484375
2018-02-09,18197.8203125,26340.892578125,11859.328125,25226.568359375,74483.0859375,22837.7265625,15910.013671875,83004.5546875,15764.0849609375,13358.8759765625,6632.22314453125,4660.07421875,6060.69921875,2794.666259765625,2924.411376953125,5704.845703125,5286.87451171875,32551.36328125,26665.681640625,12434.1728515625,27349.0625,37349.9765625,13297.1572265625,15464.7724609375,121.48139953613281,19700.58203125,23596.806640625,8735.529296875,38626.3125,15780.515625,6410.93017578125
2018-02-14,18983.408203125,27037.4609375,12337.9384765625,25706.029296875,72932.859375,22930.470703125,16695.728515625,81201.34375,16490.48828125,13911.3759765625,7048.35498046875,4631.1435546875,6211.66650390625,2826.41259765625,3051.03955078125,5643.50341796875,5207.5712890625,31868.693359375,28048.666015625,12808.970703125,27449.505859375,39851.5859375,11858.90234375,16420.86328125,125.40017700195312,20688.6015625,25186.22265625,8908.7255859375,38781.0625,16460.265625,6351.10888671875
2018-02-15,20460.11328125,27554.5234375,12287.9775390625,27738.736328125,71937.171875,25021.7734375,17060.1328125,82872.75,18021.234375,14331.4375,7501.32177734375,4827.681640625,6377.6318359375,2926.612060546875,3210.5712890625,5832.1171875,5392.61181640625,33201.1640625,29082.673828125,12850.8369140625,28967.130859375,42635.0390625,11427.6162109375,17055.15234375,131.67013549804688,21750.2421875,26032.3203125,9563.6923828125,39796.38671875,16581.68359375,6681.1279296875
2018-02-16,20363.658203125,27660.86328125,12409.87890625,27600.892578125,72187.0859375,24868.1875,16622.8515625,81968.15625,17644.54296875,14825.625,7335.06787109375,4867.5888671875,6329.640625,2916.69140625,3240.483642578125,5818.931640625,5360.36279296875,33226.37109375,28210.201171875,12635.5263671875,29064.59375,42560.359375,10732.3984375,16340.0556640625,130.10267639160156,21586.07421875,25304.95703125,9525.8662109375,40123.84765625,16567.75,6675.14501953125
2018-02-20,19689.44140625,27706.712890625,11614.5302734375,27227.314453125,73083.203125,23420.138671875,16523.015625,81984.109375,18192.095703125,14296.841796875,7263.38916015625,4669.05419921875,6332.640625,2910.738525390625,3288.3427734375,5872.24755859375,5386.7958984375,34073.4140625,27221.068359375,12402.2724609375,28393.302734375,40679.2890625,10375.7021484375,16375.0947265625,130.9334259033203,21292.5546875,23989.927734375,9395.4716796875,40183.75390625,16178.611328125,6422.8955078125
2018-02-21,19804.794921875,28161.33984375,11569.5634765625,26902.6796875,72335.4375,23635.548828125,16872.4453125,87465.7109375,17870.357421875,14357.1328125,7486.3876953125,4675.03955078125,6523.59912109375,2926.612060546875,3250.453857421875,5831.54443359375,5387.32568359375,34042.73046875,27425.478515625,12582.6962890625,29029.783203125,42276.74609375,11002.0712890625,16729.068359375,134.883544921875,21690.541015625,24943.77734375,9406.4208984375,39434.984375,15988.521484375,6401.95703125
2018-02-22,19644.693359375,28194.5078125,11451.6611328125,27044.517578125,69220.984375,22879.611328125,17192.919921875,85636.5234375,17451.701171875,14137.716796875,7396.7900390625,4610.1923828125,6480.6083984375,2926.612060546875,3095.908203125,5826.384765625,5373.5791015625,33402.79296875,27992.82421875,12549.8017578125,28890.556640625,41963.71875,10877.751953125,16608.22265625,134.46035766601562,21591.046875,24844.001953125,9233.2236328125,38786.0546875,15996.482421875,6520.603515625
2018-02-23,20274.162109375,28020.853515625,11257.8173828125,27034.529296875,71688.265625,23436.091796875,17809.912109375,86844.6484375,17983.267578125,13985.50390625,7572.99951171875,4581.259765625,6400.625,2966.294677734375,3059.0166015625,5839.56982421875,5423.80517578125,33388.54296875,28661.890625,12958.4931640625,29139.18359375,41922.109375,11188.5478515625,17381.9609375,139.33529663085938,21850.73828125,25811.81640625,9253.1328125,39385.06640625,16198.5166015625,6481.720703125
2018-02-26,20341.78125,28882.30078125,11290.7919921875,26739.861328125,72151.265625,23535.8203125,17571.30078125,85939.03125,18035.22265625,14825.625,7510.28125,4665.0625,6465.611328125,2938.516845703125,3039.0751953125,5836.1298828125,5370.40771484375,33512.3671875,29045.78125,12895.6953125,29238.63671875,41737.30859375,11809.1748046875,17047.29296875,138.5358123779297,21546.271484375,25740.978515625,9273.0380859375,39950.13671875,16122.8798828125,6705.0556640625
2018-02-27,20087.20703125,29377.8984375,11091.955078125,27366.15625,71962.0546875,23154.861328125,17401.580078125,84470.3046875,17875.35546875,14563.7041015625,7531.1865234375,4590.23828125,6473.609375,2944.46923828125,3008.166015625,5912.95166015625,5481.43212890625,33840.01171875,28947.064453125,13157.8544921875,29671.248046875,41633.71875,12001.3876953125,17412.708984375,139.50767517089844,22013.91015625,26283.751953125,9236.208984375,40453.3046875,16371.68359375,6733.9697265625
2018-02-28,19739.16796875,28535.96484375,10809.18359375,26979.58984375,70368.9921875,22449.78125,16877.435546875,83118.375,17863.365234375,13099.2177734375,7356.96923828125,4570.28515625,6342.63671875,2926.612060546875,3001.1865234375,5876.2607421875,5455.5263671875,34004.3828125,28196.2421875,12808.970703125,28598.16796875,41121.42578125,11401.80078125,17269.6875,136.56080627441406,21671.640625,25937.529296875,9082.91796875,41606.40234375,16197.5244140625,6515.61962890625
2018-03-01,19905.23046875,27696.95703125,10707.2685546875,26639.97265625,69546.5625,22194.48046875,17181.94140625,84988.5078125,17599.580078125,12859.828125,7369.91162109375,4535.36767578125,6119.685546875,2977.207763671875,2993.20947265625,5827.53076171875,5393.14111328125,32848.32421875,27719.623046875,12599.642578125,28766.240234375,41443.1328125,11181.853515625,17126.66796875,136.37266540527344,21765.1640625,26247.837890625,9262.08984375,40296.5625,16054.20703125,6389.99267578125
2018-03-02,19905.23046875,27304.771484375,11111.9384765625,26903.673828125,69357.40625,22728.025390625,17271.78515625,83895.1796875,17876.35546875,12722.3251953125,7347.013671875,4703.9716796875,6070.69677734375,3065.501953125,2866.581298828125,5793.1328125,5366.17919921875,34791.1484375,27631.876953125,12360.40625,29238.63671875,40877.28125,11092.916015625,16824.1796875,135.74571228027344,21591.046875,26606.0234375,9385.5166015625,40228.67578125,15848.19140625,6407.939453125
2018-03-05,20073.2890625,26896.0,11130.9228515625,26609.009765625,68860.5390625,22652.232421875,17488.4375,86413.3203125,17947.296875,12786.6220703125,7386.83544921875,4679.02978515625,5912.73046875,3040.699951171875,2838.663818359375,5851.0361328125,5434.90673828125,34231.203125,28306.91796875,12432.177734375,29457.423828125,41666.02734375,11113.953125,16854.9296875,137.07803344726562,21804.962890625,26681.857421875,9300.91015625,39976.08984375,16123.873046875,6431.8681640625
2018-03-06,20504.869140625,28146.705078125,11485.6318359375,26024.66796875,68292.0078125,23351.322265625,17770.9765625,86557.109375,18584.775390625,13025.0263671875,7456.52294921875,4773.80712890625,6059.69921875,3085.343505859375,2933.385498046875,5965.69384765625,5560.7353515625,35314.93359375,28816.4453125,12468.0634765625,30630.951171875,43434.58984375,11178.9833984375,17162.421875,139.35093688964844,22380.064453125,27423.185546875,9575.6376953125,40882.59765625,16042.2646484375,6585.4111328125
2018-03-07,20435.2578125,28138.904296875,11509.61328125,25671.06640625,69352.421875,23763.19921875,17518.38671875,85034.4453125,18612.75390625,12575.9208984375,7161.845703125,4717.43408203125,6005.7099609375,3107.1689453125,2891.50830078125,5990.919921875,5551.21875,35666.6796875,29222.267578125,12219.857421875,30630.951171875,43723.734375,10871.2890625,17049.43359375,136.37266540527344,22271.607421875,27488.041015625,9455.193359375,41071.2890625,16222.40234375,6602.36181640625
2018-03-08,20584.419921875,27770.12890625,11390.712890625,26140.5390625,69483.84375,23276.53125,17671.138671875,86287.515625,18819.583984375,12007.1220703125,6919.9306640625,4682.5126953125,5972.71826171875,2998.040771484375,2825.701904296875,6019.583984375,5591.92724609375,35989.94140625,28666.876953125,13456.8955078125,30730.400390625,43472.3046875,11896.4482421875,17110.935546875,131.07449340820312,21986.052734375,26853.466796875,9370.5859375,41505.57421875,16520.974609375,6460.7822265625
2018-03-09,20484.978515625,27871.58984375,11483.6328125,26846.740234375,70000.59375,22700.103515625,17513.39453125,85088.359375,18984.447265625,10584.626953125,6612.31298828125,4651.58251953125,6048.70068359375,3031.771728515625,2733.97119140625,5994.93359375,5568.13671875,35786.11328125,28417.59765625,13158.8505859375,30757.25,44590.91015625,11782.6494140625,16947.890625,125.71369934082031,22393.994140625,26620.9921875,9315.837890625,41818.05859375,16285.1015625,6479.72607421875
2018-03-12,20284.10546875,27866.712890625,11300.783203125,25476.28515625,69941.8359375,22270.275390625,17607.2421875,87500.65625,18185.1015625,10386.7822265625,6824.35986328125,4556.79443359375,6071.69677734375,3013.9140625,2707.05029296875,6019.583984375,5594.04248046875,35734.62109375,28102.517578125,13297.408203125,31128.205078125,44691.7421875,11478.54296875,16779.125,128.00221252441406,22626.81640625,26680.861328125,9316.8359375,42420.0625,16640.404296875,6428.876953125
2018-03-13,20285.099609375,27739.880859375,11016.015625,24722.13671875,68566.828125,22083.78125,17709.07421875,89961.890625,18475.861328125,10317.5380859375,6994.5966796875,4534.84375,6213.66650390625,3023.8349609375,2707.05029296875,5950.7900390625,5538.00146484375,35432.18359375,27910.068359375,13007.3369140625,30432.048828125,45018.21484375,12049.458984375,16888.541015625,130.47889709472656,22616.873046875,26391.5078125,9281.998046875,41132.19140625,16520.974609375,6256.39111328125
2018-03-14,19803.80078125,27895.36328125,11006.025390625,25090.720703125,69236.9296875,22074.35546875,17070.119140625,94070.5625,18023.21875,11128.6953125,6879.115234375,4447.0400390625,6283.65087890625,2996.05712890625,2634.263916015625,5829.82421875,5428.56201171875,35138.51171875,27475.33203125,12704.306640625,29238.63671875,44478.0234375,12909.1767578125,16568.890625,128.9270782470703,22102.466796875,25685.099609375,9195.3984375,40139.69921875,16001.458984375,6058.03125
2018-03-15,19848.55078125,28449.642578125,10813.181640625,25271.51953125,69691.9453125,21873.87890625,16972.279296875,93536.390625,18066.18359375,10584.626953125,6941.83349609375,4385.17822265625,6268.6533203125,2972.247314453125,2562.474853515625,5790.26708984375,5386.7958984375,35307.2578125,27363.654296875,12464.0751953125,29595.662109375,43566.58984375,13005.763671875,16415.138671875,128.5664825439453,22387.02734375,25294.9453125,9110.7890625,39978.94921875,15852.1728515625,6041.078125
2018-03-16,19828.662109375,28622.361328125,10629.3310546875,25668.068359375,69846.2578125,21785.109375,17820.89453125,91705.1875,17986.248046875,10849.7373046875,6876.12841796875,4386.1767578125,6406.62255859375,2947.445068359375,2399.9521484375,5734.08349609375,5301.67724609375,35779.54296875,28168.326171875,12237.8017578125,28974.09765625,42843.7265625,12910.1337890625,16158.419921875,126.71683502197266,22245.7421875,25195.162109375,9223.2685546875,40137.70703125,15656.1103515625,6053.04541015625
2018-03-19,19878.384765625,28032.958984375,10685.283203125,25884.828125,68740.078125,21942.69921875,17635.1953125,91634.296875,18086.169921875,10535.166015625,6942.82861328125,4464.99951171875,6248.65869140625,3014.906494140625,2502.650390625,5514.51220703125,5111.35107421875,35461.7734375,27769.478515625,12269.6982421875,29213.767578125,42969.4453125,13082.2685546875,16453.7578125,126.95197296142578,22138.28515625,25409.697265625,9373.572265625,40130.71484375,15764.5927734375,6172.7099609375
2018-03-20,19845.564453125,27869.013671875,10608.0439453125,25561.1875,66708.734375,21987.583984375,17975.640625,91293.8359375,17861.341796875,10884.3603515625,7046.36376953125,4533.845703125,6239.66015625,2916.670654296875,2521.594970703125,5472.0888671875,5067.46923828125,35342.3203125,28927.12109375,12185.96484375,29093.43359375,43482.859375,12696.8779296875,16509.53515625,131.15293884277344,22267.6328125,25943.53515625,9289.9619140625,40292.46484375,15724.783203125,6355.1982421875
2018-03-22,19327.48046875,27578.212890625,10875.84375,25616.12890625,63451.48828125,21892.826171875,18218.244140625,89462.6484375,17765.416015625,10930.8515625,6866.1728515625,4643.60009765625,5980.7158203125,2859.11083984375,2517.606201171875,5355.13671875,4960.146484375,34678.28515625,28517.310546875,12186.96484375,28419.154296875,41486.0,12486.4892578125,16272.123046875,127.48490905761719,21690.541015625,25519.45703125,9165.5390625,40278.4921875,15393.369140625,6127.8349609375
2018-03-23,19457.744140625,27045.40625,11492.37890625,25926.779296875,65363.40625,21743.22265625,18171.32421875,89300.8828125,17727.44140625,10676.623046875,6844.27197265625,4832.17822265625,5963.71923828125,2708.265625,2457.781982421875,5302.966796875,4901.990234375,34784.5703125,28954.04296875,11862.00390625,28285.890625,39600.2734375,11953.828125,16105.501953125,126.34065246582031,21807.955078125,25491.51953125,9026.181640625,39639.46875,14957.4521484375,6077.97509765625
2018-03-26,19506.470703125,26831.6953125,11359.48046875,25617.126953125,64452.26171875,22539.140625,18320.07421875,89262.9453125,17686.4765625,10831.9296875,6899.02490234375,4838.16455078125,5848.744140625,2787.65771484375,2342.121826171875,5223.85205078125,4845.42138671875,34774.71484375,29032.8125,11961.685546875,28617.060546875,39348.84375,11475.673828125,16089.771484375,126.96771240234375,21948.244140625,25444.623046875,9146.6240234375,38677.9375,15158.4912109375,6115.86865234375
2018-03-27,19228.033203125,27081.51171875,11123.6572265625,25471.29296875,64625.53125,22579.037109375,18345.0390625,89862.0390625,17686.4765625,10867.54296875,6640.43701171875,4800.24951171875,6021.7080078125,2829.338623046875,2309.21875,5268.5703125,4862.33837890625,34702.3828125,28851.341796875,11784.6845703125,28358.494140625,39348.84375,11130.4482421875,15825.8974609375,125.51840209960938,21889.5390625,25018.55078125,9118.7529296875,38987.46484375,15117.6865234375,6079.96875
2018-03-28,18565.751953125,26220.82421875,11145.6416015625,25466.294921875,66916.828125,21892.826171875,18370.9921875,86150.7265625,16745.197265625,10372.93359375,6434.3232421875,4879.0712890625,5836.74560546875,2897.81494140625,2416.902099609375,5178.5625,4820.0439453125,34778.0078125,28630.98046875,11594.224609375,27647.41796875,36858.80859375,10806.2607421875,15526.9833984375,120.96368408203125,21392.05078125,24527.615234375,8318.4619140625,38989.4609375,14960.4375,5934.3779296875
2018-03-29,18864.078125,26960.505859375,11243.5654296875,25916.791015625,69361.5078125,22351.630859375,18181.3046875,86890.59375,17036.97265625,10781.48046875,6661.3466796875,4787.279296875,5922.72802734375,2819.4150390625,2347.107177734375,5290.35595703125,4885.07275390625,35393.828125,28417.59765625,11868.4482421875,28397.275390625,36354.8125,10997.51953125,15875.2392578125,122.43954467773438,21758.205078125,25203.1484375,8490.662109375,40261.515625,15234.1279296875,5983.23974609375
2018-04-03,18394.712890625,26494.060546875,11156.6328125,25471.29296875,68111.765625,22641.873046875,18278.146484375,84882.6796875,16864.10546875,10475.814453125,6602.599609375,4560.78466796875,5916.73046875,2778.726318359375,2316.19775390625,5171.681640625,4799.95458984375,34525.97265625,28421.587890625,11541.373046875,28343.572265625,36231.11328125,11041.51171875,15803.728515625,121.97936248779297,21371.15234375,24984.6171875,8222.9033203125,39712.3515625,15070.9111328125,5983.23974609375
2018-04-04,18098.380859375,26006.138671875,11066.7001953125,25443.322265625,70264.6875,22416.45703125,18163.330078125,84270.6171875,16654.267578125,10373.9208984375,6540.8662109375,4579.7431640625,5814.75048828125,2743.992431640625,2313.206787109375,5138.43115234375,4765.58935546875,33963.828125,27307.81640625,11475.55859375,27633.076171875,37171.96484375,11163.91796875,15737.2265625,120.02731323242188,21079.626953125,24343.01953125,7735.88818359375,39199.1328125,14750.443359375,5885.51416015625
2018-04-05,18387.748046875,26807.30078125,10932.7998046875,25888.818359375,71094.1796875,23079.728515625,18569.66796875,85216.1484375,16937.046875,11079.2353515625,6720.09423828125,4536.83935546875,6032.705078125,2778.726318359375,2336.139404296875,5239.33154296875,4853.88037109375,34977.421875,28168.326171875,11816.5947265625,28350.287109375,38189.25390625,11544.5283203125,16018.2578125,123.2807388305664,21491.544921875,24676.2890625,7965.90380859375,40629.953125,15080.861328125,6014.15283203125
2018-04-06,18576.6953125,26643.361328125,11186.611328125,26170.5078125,72991.1328125,22928.125,18487.80859375,85368.9140625,17098.923828125,10980.314453125,6544.84912109375,4702.46826171875,5962.71923828125,2812.46826171875,2435.8466796875,5326.47265625,4919.966796875,35622.84375,27573.05078125,11786.6787109375,28151.3359375,37551.1171875,12622.283203125,15919.576171875,120.78910064697266,21173.154296875,24247.22265625,7936.03173828125,42065.76171875,14863.9013671875,6156.75390625
2018-04-09,18496.14453125,26548.705078125,11196.603515625,26383.265625,72791.96875,22940.09375,18780.32421875,86866.640625,17248.810546875,10573.7451171875,6494.06640625,4684.5087890625,5735.76806640625,2785.67333984375,2379.013427734375,5285.76904296875,4911.50732421875,35747.76953125,27594.984375,11709.896484375,28211.02734375,37838.625,13044.9716796875,15999.669921875,122.02690887451172,21322.400390625,24532.609375,7970.8818359375,42384.2734375,15038.068359375,6161.74072265625
2018-04-10,18236.6015625,28039.78515625,11127.654296875,26417.224609375,72503.1953125,23712.078125,18869.1796875,87012.40625,17286.783203125,11068.3544921875,6619.52783203125,4554.798828125,5939.72412109375,2830.3310546875,2373.03076171875,5411.892578125,5038.39208984375,35957.05859375,27520.201171875,11766.7353515625,28549.236328125,38343.1171875,13149.2109375,16089.771484375,122.99502563476562,21525.37890625,24496.685546875,8076.4306640625,42391.265625,15028.1142578125,6132.82177734375
2018-04-11,17606.880859375,27790.9453125,11581.3125,25831.88671875,71908.71875,23399.890625,18725.4140625,85234.1015625,17054.958984375,10804.232421875,6517.96484375,4616.662109375,5854.7431640625,2801.55126953125,2392.972900390625,5388.9619140625,5030.46044921875,35182.3359375,27121.359375,11510.4599609375,28400.025390625,37755.03125,12718.873046875,15585.6240234375,120.7731704711914,20793.001953125,24396.900390625,8085.39208984375,42255.47265625,14784.2822265625,6158.74853515625
2018-04-12,17606.880859375,27526.494140625,11116.662109375,25471.29296875,71178.8046875,22947.078125,18514.76171875,84295.578125,17128.90625,10829.953125,6666.326171875,4542.82470703125,5822.74951171875,2852.1640625,2289.27734375,5464.0625,5078.57275390625,35379.58203125,26808.265625,11590.2333984375,28917.291015625,38594.55859375,12576.3828125,15952.470703125,123.8679428100586,21415.005859375,24191.3515625,8065.4775390625,42634.890625,14695.705078125,6196.642578125
2018-04-13,17586.98828125,28328.6328125,11326.5048828125,25355.421875,70805.375,22498.24609375,18463.83984375,85534.6796875,17003.998046875,11069.3427734375,6557.79296875,4769.318359375,5911.73046875,2834.301025390625,2326.16845703125,5503.62060546875,5117.6953125,36700.00390625,27096.4296875,11607.1875,29111.267578125,37651.68359375,12693.0517578125,15896.6904296875,122.3602523803711,21357.2890625,24247.22265625,8040.583984375,43099.1796875,14834.0439453125,6357.19287109375
2018-04-16,17793.89453125,28299.357421875,11156.6328125,26070.6171875,69804.609375,23216.373046875,18883.15625,86814.703125,17084.939453125,10824.0185546875,6671.30419921875,4733.39892578125,5952.72265625,2824.376220703125,2159.6572265625,5474.95556640625,5100.77734375,36617.81640625,27021.646484375,11667.017578125,29349.015625,38217.40625,12623.2412109375,15861.650390625,122.93156433105469,21547.37109375,24327.05078125,7995.77587890625,42430.20703125,14839.021484375,6315.31005859375
2018-04-17,17577.041015625,28252.515625,10772.919921875,26024.66796875,68180.4921875,23442.78125,19268.53125,86037.8984375,17100.923828125,10803.2431640625,6682.2578125,4689.49658203125,5987.71337890625,2849.187255859375,2130.742919921875,5529.4189453125,5129.32568359375,36726.296875,27553.10546875,11746.7919921875,29326.13671875,37826.30859375,12718.873046875,16222.0634765625,123.07441711425781,21745.41796875,24746.13671875,8077.4267578125,43043.26953125,15037.072265625,6412.0380859375
2018-04-18,18064.4609375,29717.2578125,11121.6591796875,26362.2890625,66170.0,23847.7265625,19532.09765625,85625.9375,17350.734375,10984.3369140625,6798.7568359375,4754.35205078125,6314.64404296875,2889.8759765625,2243.41162109375,5596.4931640625,5206.5146484375,36778.8984375,27666.78125,11956.201171875,30021.462890625,38308.5546875,12831.716796875,16579.552734375,125.94694519042969,22621.205078125,24675.29296875,8125.22216796875,44364.25390625,15298.8193359375,6516.74609375
2018-04-19,17875.462890625,29555.26171875,11066.7001953125,26044.6484375,61638.16796875,23960.4296875,20017.3046875,86425.8046875,17494.623046875,11273.2919921875,6823.6494140625,4873.0859375,6398.6259765625,2892.852783203125,2218.484619140625,5612.54638671875,5212.857421875,37092.3046875,27669.765625,11740.8095703125,29970.734375,38179.69921875,13292.65625,16351.4052734375,126.32784271240234,22459.986328125,24866.87890625,8162.064453125,43923.92578125,15266.9716796875,6451.92822265625
2018-04-20,17905.302734375,29177.615234375,10991.7548828125,26503.126953125,62361.109375,24286.578125,20531.462890625,86307.9453125,17381.7109375,11073.3984375,6817.6748046875,4798.25341796875,6442.6171875,2907.738525390625,2270.33251953125,5629.1708984375,5221.3173828125,37193.109375,27919.04296875,11838.533203125,29941.884765625,38217.40625,13091.8349609375,16395.75,127.42290496826172,22342.548828125,24646.357421875,8133.1875,42931.44140625,15204.2724609375,6407.05419921875
2018-04-23,17308.462890625,29567.955078125,11091.6826171875,26371.27734375,63829.89453125,24116.0234375,21203.365234375,86241.0703125,17267.796875,11223.81640625,6616.54052734375,4882.06640625,6500.6044921875,2868.0419921875,2332.1513671875,5626.87841796875,5231.36279296875,37842.9140625,27277.904296875,12204.5,29253.517578125,38072.45703125,13144.4306640625,16220.5234375,122.89983367919922,22413.20703125,24325.056640625,8000.7548828125,43233.97265625,15160.4814453125,6402.06689453125
2018-04-24,17308.462890625,29401.08203125,11209.5947265625,26331.3203125,63961.3359375,24087.103515625,20829.978515625,87275.578125,17025.984375,11399.9599609375,6523.9384765625,4893.041015625,6552.6923828125,2827.353759765625,2258.36767578125,5658.4091796875,5260.4404296875,38604.46875,26797.302734375,12235.412109375,29220.693359375,38044.5546875,12737.04296875,16091.791015625,122.04281616210938,21290.609375,24407.87890625,7977.853515625,43313.8515625,15266.9716796875,6226.56005859375
2018-04-26,17507.408203125,28119.806640625,11230.5771484375,26513.115234375,67328.109375,23480.677734375,20569.40234375,87088.859375,17026.982421875,10984.3369140625,6544.84912109375,4579.7431640625,6413.72119140625,2833.308349609375,2293.265380859375,5610.251953125,5234.0068359375,38001.796875,27121.359375,12196.521484375,28822.79296875,37651.68359375,13005.763671875,15927.296875,122.12220001220703,20966.166015625,24446.79296875,7736.88427734375,44252.421875,15286.8779296875,6343.2314453125
2018-04-30,18202.73046875,28903.40625,11226.5810546875,26886.6953125,68431.4140625,24449.154296875,21333.158203125,88785.4296875,17311.763671875,11014.0234375,6667.32080078125,4676.52685546875,6080.78759765625,2887.890625,2227.458740234375,5645.2236328125,5266.7841796875,38116.859375,27319.78515625,12488.693359375,29590.740234375,38461.80078125,13157.81640625,16071.0498046875,124.39160919189453,21329.419921875,24845.92578125,7887.2412109375,44728.6953125,15522.7490234375,6407.05419921875
2018-05-02,18151.001953125,29406.94140625,11710.2158203125,27294.236328125,67841.90625,24436.185546875,21506.876953125,87275.578125,17157.880859375,11083.2958984375,6735.03125,4952.90771484375,6159.77294921875,2847.202880859375,2307.224609375,5798.86572265625,5408.47265625,36266.984375,27497.2734375,12568.4697265625,29377.865234375,37874.7109375,12742.78125,16194.0625,124.1377182006836,21496.61328125,25052.474609375,8066.4736328125,45178.00390625,15728.763671875,6357.19287109375
2018-05-03,17558.14453125,29050.755859375,11491.3798828125,26904.673828125,67113.015625,23538.53125,21015.67578125,85876.578125,16816.142578125,10972.462890625,6448.263671875,4966.87548828125,6182.76708984375,2812.46826171875,2279.305908203125,5573.56201171875,5205.98486328125,35547.70703125,26624.798828125,12711.064453125,28698.451171875,36190.50390625,12680.619140625,15797.8466796875,120.18597412109375,20832.810546875,24431.828125,7782.68798828125,44531.99609375,14829.06640625,6319.29931640625
2018-05-04,17882.423828125,28948.291015625,11141.642578125,26774.822265625,66255.6484375,23828.771484375,21165.4296875,84680.2890625,17055.958984375,11033.81640625,6472.1611328125,4869.09423828125,6128.77783203125,2740.022705078125,2206.52001953125,5543.74951171875,5159.4609375,35955.59375,26755.416015625,12583.4267578125,28996.876953125,37957.55078125,12745.650390625,15837.8974609375,120.8208236694336,21057.73046875,24329.046875,7804.59375,44463.09765625,15021.1513671875,6286.3916015625
2018-05-08,17596.93359375,28949.271484375,10907.818359375,26590.03125,65049.734375,23689.1328125,20728.14453125,85677.8671875,16837.125,11010.0654296875,6472.1611328125,4777.30078125,6138.7763671875,2738.03759765625,1974.2022705078125,5552.92333984375,5187.482421875,36986.24609375,25725.404296875,12458.779296875,29345.033203125,38650.99609375,12690.1826171875,15734.193359375,120.37646484375,20919.39453125,24287.140625,7685.10595703125,44562.94921875,15276.92578125,6141.79541015625
2018-05-09,17648.662109375,29039.044921875,11305.521484375,26276.38671875,65897.1171875,23637.275390625,20636.298828125,85898.5703125,16834.126953125,11264.3857421875,6468.1787109375,4839.162109375,6237.7568359375,2772.77197265625,1937.310791015625,5529.4189453125,5164.2197265625,37279.0,26233.9296875,12386.982421875,29861.306640625,38670.60546875,12775.2939453125,15710.59375,120.61450958251953,21118.4296875,24264.19140625,7711.9912109375,44558.95703125,15505.828125,6162.73779296875
2018-05-10,17777.97265625,29117.11328125,11026.7294921875,25627.115234375,64531.921875,23470.705078125,20374.720703125,85463.171875,16827.1328125,11526.6259765625,6536.88232421875,4745.37255859375,6239.75634765625,2776.741455078125,1819.6563720703125,5566.10986328125,5183.25146484375,36590.43359375,25526.98046875,12323.1630859375,30538.73046875,40041.28125,12817.3720703125,15629.7763671875,120.97949981689453,21393.111328125,23788.228515625,7804.59375,45203.96875,15530.7099609375,6032.10302734375
2018-05-11,17909.28125,30028.546875,11190.6083984375,25421.34765625,63886.6484375,24096.07421875,21092.552734375,86274.0234375,16827.1328125,11617.6669921875,6586.6689453125,4744.37353515625,6396.72509765625,2817.4296875,1886.4598388671875,5547.189453125,5159.98974609375,36347.01953125,26444.322265625,12494.677734375,30538.73046875,40217.7890625,12558.21484375,15694.8603515625,122.3443374633789,21769.30078125,24213.30078125,7879.27490234375,45270.86328125,15625.2578125,6179.6904296875
2018-05-14,18004.775390625,29973.900390625,11021.732421875,25812.90625,63356.890625,23798.84765625,21065.591796875,87275.578125,16487.39453125,11815.5830078125,6571.7333984375,4719.4296875,6408.72119140625,2847.202880859375,1954.2608642578125,5433.1044921875,5053.72412109375,36282.34375,26024.541015625,12474.7353515625,30588.470703125,40570.91796875,12749.4765625,15723.466796875,122.1539535522461,21636.943359375,24087.576171875,7830.48388671875,45913.88671875,15223.181640625,6190.65966796875
2018-05-15,17273.64453125,30072.462890625,10835.873046875,25319.4609375,64798.7890625,23045.818359375,20805.0234375,83932.359375,16196.6142578125,11988.7607421875,6273.01904296875,4609.67626953125,6473.708984375,2758.877685546875,2034.0264892578125,5440.55712890625,5066.412109375,37305.31640625,25176.99609375,12047.9423828125,29327.12890625,38971.69921875,12464.49609375,15358.7197265625,116.66275024414062,20588.98046875,23904.97265625,7841.4365234375,47128.03125,15207.259765625,6077.97509765625
2018-05-16,17656.62109375,30952.669921875,10589.0595703125,26470.1640625,64328.7734375,23249.28515625,21130.490234375,84765.15625,16407.44921875,12369.7490234375,6322.80322265625,4539.83154296875,6598.6845703125,2765.824951171875,1959.2462158203125,5448.0107421875,5074.34228515625,37936.86328125,25487.09765625,12064.892578125,29857.330078125,40983.14453125,12122.13671875,15341.5546875,118.58307647705078,20972.13671875,23927.921875,7786.6708984375,46928.3359375,15596.3984375,6063.015625
2018-05-17,16871.76953125,31286.404296875,10481.138671875,25978.71875,64676.30859375,22862.30078125,20993.71484375,82555.328125,16137.662109375,12320.267578125,6173.44580078125,4513.890625,6713.662109375,2704.296142578125,2034.0264892578125,5527.12451171875,5140.95703125,38185.75390625,25375.419921875,11773.716796875,29151.0625,40279.00390625,11858.19921875,15090.5244140625,115.47250366210938,20204.826171875,23500.8515625,7601.4638671875,47803.0,15221.1923828125,6026.1201171875
2018-05-18,16363.458984375,31226.87890625,10431.177734375,25794.92578125,65089.5703125,21837.97265625,21184.40234375,83539.90625,16087.6982421875,12419.2275390625,6073.873046875,4560.78466796875,6505.7021484375,2689.410400390625,1994.1439208984375,5469.22265625,5101.833984375,38921.46484375,24774.1640625,11546.359375,28795.93359375,40249.59765625,11991.123046875,14929.60546875,113.31411743164062,19704.236328125,23599.6328125,7468.03515625,48326.203125,14985.3193359375,5983.23974609375
2018-05-21,16036.1884765625,31841.662109375,10350.2353515625,25127.677734375,64203.30078125,21617.548828125,21147.458984375,84342.7734375,16138.662109375,12283.6552734375,6006.166015625,4578.74365234375,6633.67822265625,2667.576904296875,2047.985595703125,5555.21630859375,5183.78076171875,39123.2109375,25326.564453125,11502.4833984375,28549.236328125,39979.0546875,11953.828125,14893.84375,111.56837463378906,19955.03125,23327.228515625,7598.47607421875,48161.45703125,14630.0185546875,5973.26806640625
2018-05-22,16214.2470703125,31706.021484375,10217.3369140625,26288.373046875,63422.61328125,22193.044921875,20895.869140625,85481.1484375,16487.39453125,12649.7998046875,6134.61279296875,4524.865234375,6606.68359375,2720.1748046875,2098.8359375,5598.21337890625,5231.89208984375,39301.9375,26015.5625,11727.845703125,28560.181640625,40165.9921875,12094.404296875,15233.5615234375,114.80599975585938,20407.849609375,23678.46484375,7799.6162109375,48351.16015625,15275.9296875,5973.26806640625
2018-05-23,15967.55078125,29930.962890625,10013.4873046875,25034.783203125,63332.00390625,21439.013671875,20666.25,83538.90625,16180.62890625,12330.166015625,6024.087890625,4414.1142578125,6365.7314453125,2731.09130859375,1952.2667236328125,5489.28857421875,5122.98193359375,38675.8671875,25625.6953125,11367.8642578125,28117.517578125,39977.41796875,11953.828125,15015.4287109375,112.64761352539062,20282.455078125,22999.943359375,7636.31494140625,46109.5859375,15031.1005859375,5913.435546875
2018-05-24,15782.5302734375,29275.201171875,10376.2177734375,24236.681640625,63273.26171875,21344.263671875,20067.22265625,83253.3203125,15783.931640625,12276.7275390625,5985.25537109375,4493.935546875,6248.7548828125,2721.1669921875,1959.2462158203125,5481.26123046875,5104.4765625,38200.01171875,24984.5546875,11247.2060546875,28021.0234375,40543.140625,11955.740234375,14815.1748046875,113.15544128417969,20215.77734375,22651.697265625,7445.1328125,47222.8828125,15185.3642578125,5852.60595703125
2018-05-25,16265.9736328125,29029.29296875,10314.265625,24552.328125,64090.80078125,21942.69921875,21240.306640625,87225.65625,16028.7431640625,12115.42578125,6123.66015625,4445.0439453125,6270.7490234375,2743.992431640625,1914.3779296875,5618.279296875,5219.2021484375,37908.34375,25974.68359375,11393.791015625,28196.1015625,40216.28125,12008.337890625,15006.845703125,115.86921691894531,20584.998046875,23046.837890625,7641.29296875,46330.25,15301.806640625,6072.98828125
2018-05-29,16224.193359375,28787.279296875,10661.0029296875,25171.62890625,63319.0703125,20646.0859375,20566.40625,87175.71875,15488.158203125,12355.8935546875,5974.30224609375,4521.873046875,6225.75927734375,2729.106201171875,1907.3984375,5405.0126953125,5038.39208984375,37910.546875,25376.41796875,11248.2021484375,27169.529296875,38823.48046875,11666.9345703125,14750.8095703125,113.9013442993164,20169.001953125,22475.083984375,7496.91162109375,45428.625,14784.2822265625,5882.52294921875
2018-05-30,16079.9560546875,28720.92578125,10589.0595703125,25157.64453125,62883.90625,20263.087890625,19945.423828125,86711.390625,15238.3466796875,12197.5625,5966.33642578125,4412.1181640625,6203.7626953125,2689.410400390625,1918.3662109375,5305.833984375,4935.2978515625,37797.62109375,24877.86328125,11168.427734375,27057.12109375,37971.5078125,11703.27734375,14639.9521484375,114.09173583984375,20154.076171875,23175.55859375,7321.66162109375,44968.33203125,14388.17578125,5823.68701171875
2018-06-01,16658.896484375,30328.130859375,10915.8125,25171.62890625,64325.79296875,20426.658203125,20124.12890625,89613.2421875,15563.09765625,12864.5380859375,6098.767578125,4483.9580078125,6422.71923828125,2732.083251953125,2034.0264892578125,5337.365234375,4959.08837890625,38514.69140625,25491.08984375,11737.8173828125,27584.333984375,40215.65234375,11910.7939453125,14791.57421875,117.75780487060547,21005.9765625,23122.673828125,7768.74853515625,48076.58203125,14706.654296875,5813.71484375
2018-06-04,16755.384765625,30207.126953125,10794.904296875,25824.892578125,63439.5546875,20895.431640625,20915.833984375,92617.984375,15934.8154296875,12816.0498046875,6307.86767578125,4481.96142578125,6408.72119140625,2758.877685546875,2035.023681640625,5371.76220703125,5011.95703125,38504.8203125,25421.287109375,11854.4873046875,28310.5,41093.1484375,12046.58984375,14986.8203125,122.20148468017578,21559.3125,23412.044921875,8085.39208984375,47871.890625,14630.0185546875,5826.6787109375
2018-06-05,16189.376953125,31025.85546875,10912.814453125,25452.314453125,63683.53125,19850.162109375,20583.3828125,89282.7265625,15480.1640625,12864.5380859375,6133.6181640625,4551.80517578125,6614.68212890625,2737.044921875,2053.96875,5403.86572265625,5035.748046875,39345.7890625,24970.59375,11591.23046875,27349.57421875,41448.2890625,11896.4482421875,14881.6875,118.48787689208984,20715.373046875,23090.740234375,8018.67822265625,48039.6328125,14549.4052734375,5679.0927734375
2018-06-06,16412.201171875,31455.2265625,11052.7099609375,25466.294921875,62834.11328125,19970.849609375,20542.453125,88423.953125,15138.4248046875,13267.2998046875,6116.69091796875,4590.71875,6734.65771484375,2688.41796875,2165.640380859375,5477.248046875,5123.51123046875,39152.8203125,25044.384765625,11500.4873046875,27425.177734375,42561.6171875,12097.275390625,14765.1123046875,117.51976013183594,20801.958984375,22824.32421875,7517.8212890625,47926.80859375,14281.685546875,5646.1845703125
2018-06-07,16165.50390625,31927.53515625,11013.7392578125,25865.84765625,63050.1953125,20227.17578125,20313.822265625,89372.6015625,14722.7431640625,13465.2138671875,6128.63916015625,4692.490234375,6836.6376953125,2676.50927734375,2274.321044921875,5593.0546875,5222.37548828125,40071.6328125,24761.203125,11466.5849609375,27197.373046875,43019.7265625,12261.7607421875,14754.3828125,117.20231628417969,20541.212890625,22641.71875,7239.015625,49124.9765625,14230.9267578125,5629.232421875
2018-06-08,16177.44140625,31792.869140625,11123.6572265625,25871.83984375,64098.77734375,20222.193359375,20302.83984375,88285.125,14688.767578125,13128.7568359375,6123.66015625,4739.384765625,6764.6513671875,2659.638427734375,2198.54345703125,5473.23486328125,5113.994140625,40323.81640625,24179.88671875,11590.2333984375,26919.83984375,41988.734375,12431.978515625,14581.3076171875,115.53596496582031,20364.0625,23149.611328125,7306.72509765625,49173.91015625,14376.232421875,5646.1845703125
2018-06-12,16118.751953125,31382.0390625,11253.5576171875,26470.1640625,65097.5390625,20213.216796875,20126.126953125,87575.15625,14588.84375,13460.2646484375,6013.13525390625,4780.29345703125,6788.64599609375,2649.7138671875,2244.408935546875,5675.60791015625,5296.390625,40361.09765625,24124.048828125,11366.8671875,26989.4765625,42135.56640625,12240.71875,14503.3525390625,115.37728881835938,20272.5,23022.890625,7329.62646484375,49124.9765625,13829.8466796875,5653.16455078125
2018-06-13,16186.3935546875,31060.982421875,11311.5166015625,27282.248046875,65418.1796875,20386.76171875,19965.392578125,87972.6015625,14488.921875,13181.2021484375,6083.8310546875,4840.158203125,7036.59765625,2660.630126953125,2190.566650390625,5676.75439453125,5312.251953125,40876.4296875,23664.3828125,11227.2607421875,27369.46875,42655.15234375,12285.6650390625,14536.2490234375,116.34540557861328,20612.86328125,22928.099609375,7425.21826171875,48740.5703125,13684.541015625,5594.32958984375
2018-06-14,16480.837890625,31041.466796875,11524.3564453125,26713.890625,65921.046875,20722.88671875,20167.0625,88107.390625,14443.955078125,12983.287109375,6294.92431640625,4936.943359375,7054.59423828125,2698.342041015625,2293.265380859375,5722.044921875,5358.24853515625,40513.50390625,24429.166015625,11268.146484375,27436.11328125,41926.00390625,12134.5693359375,14731.49609375,118.28156280517578,20697.458984375,23648.525390625,7405.302734375,48525.89453125,13784.0654296875,5649.17529296875
2018-06-15,16144.6142578125,29982.681640625,10919.810546875,26413.23046875,66500.609375,20346.8671875,20336.787109375,86376.859375,14358.0224609375,12692.3505859375,6024.087890625,4882.06640625,6875.6298828125,2680.478759765625,2293.265380859375,5554.6435546875,5276.82958984375,40765.68359375,24209.80078125,11089.6513671875,26355.8203125,41474.9375,11666.9345703125,14500.490234375,116.29776763916016,19615.662109375,23266.359375,7157.36474609375,47862.90625,13390.9462890625,5551.44970703125
2018-06-18,15756.666015625,30334.962890625,11091.6826171875,26342.306640625,65622.3125,20028.697265625,19991.34765625,84479.5703125,14097.2216796875,12477.6123046875,5867.76123046875,4879.0712890625,6835.6376953125,2610.01806640625,2195.552490234375,5606.81201171875,5251.9814453125,40345.74609375,22985.3515625,10978.9638671875,25763.9453125,41606.44140625,11714.75,14431.115234375,112.75862884521484,18925.982421875,22537.947265625,6998.04638671875,48057.61328125,13310.33203125,5498.59814453125
2018-06-19,15418.45703125,29910.47265625,10991.7548828125,25444.3203125,66665.8984375,19848.166015625,19880.529296875,84827.0859375,14189.1513671875,12278.70703125,5663.63916015625,4918.98388671875,6744.6552734375,2515.73974609375,2165.640380859375,5535.724609375,5200.69873046875,39933.48828125,22783.93359375,10784.5126953125,25216.8359375,40354.5703125,11571.3037109375,14103.55859375,110.36221313476562,18510.9765625,22015.0859375,6993.068359375,47652.23046875,12938.1123046875,5417.82470703125
2018-06-20,15753.681640625,29587.466796875,11103.6728515625,26162.509765625,67997.25,20184.291015625,19987.353515625,86088.265625,14351.0263671875,12483.5478515625,5874.73046875,4886.056640625,6734.65771484375,2530.625244140625,2069.921142578125,5515.0859375,5190.65380859375,39869.89453125,22516.798828125,10765.5673828125,25533.1640625,41242.6171875,11666.9345703125,14389.6357421875,114.09173583984375,18710.017578125,22668.66015625,7154.376953125,47319.734375,12718.33984375,5484.63671875
2018-06-21,16064.0419921875,29217.62109375,11100.6748046875,26152.5234375,69054.78125,20008.75390625,20212.982421875,86109.25,14244.109375,12142.14453125,5959.3671875,4818.20947265625,6741.6552734375,2550.474609375,2060.947509765625,5463.48876953125,5153.1171875,39537.6640625,22688.333984375,10668.8408203125,25339.1875,40327.7890625,11592.345703125,14376.048828125,115.12333679199219,18754.80078125,22251.568359375,7121.51806640625,47012.20703125,12260.3828125,5433.77880859375
2018-06-22,16109.798828125,29586.490234375,11083.6875,25930.771484375,69307.7265625,20283.03125,20368.73046875,87979.5859375,15038.501953125,12286.6240234375,6113.70263671875,4751.35888671875,6870.63037109375,2595.132568359375,2105.815673828125,5525.97998046875,5189.06787109375,39597.97265625,23209.919921875,10680.8056640625,25509.291015625,41579.40625,11487.150390625,14625.6484375,117.69432067871094,18932.943359375,22810.35546875,7275.85693359375,46716.65625,12625.7548828125,5399.87451171875
2018-06-25,15866.087890625,28550.150390625,11122.658203125,25521.234375,68067.953125,19970.849609375,20339.779296875,87059.890625,14821.6669921875,11609.7509765625,6029.06689453125,4739.384765625,6703.66357421875,2579.253662109375,2024.0560302734375,5426.2255859375,5099.72021484375,39033.296875,22802.025390625,10591.05859375,25544.107421875,40316.8515625,11437.423828125,14310.25,117.2341537475586,18704.046875,22638.7265625,7192.21533203125,46354.20703125,12310.158203125,5335.0556640625
2018-06-26,15816.3515625,28502.333984375,10779.916015625,25271.51953125,67320.15625,19554.935546875,20290.857421875,85731.78125,14947.5703125,11471.2099609375,6062.921875,4702.46826171875,6546.69482421875,2547.496826171875,1949.275634765625,5418.77197265625,5093.90478515625,38979.578125,22239.5546875,10572.111328125,24961.185546875,38952.83984375,11119.9267578125,14185.0908203125,116.90078735351562,18396.5234375,22440.15625,7028.9140625,46477.0234375,12189.6953125,5503.583984375
2018-06-27,15199.6142578125,29218.595703125,10961.779296875,24971.853515625,66774.0390625,18850.771484375,19251.525390625,84579.4296875,14512.904296875,11595.89453125,5854.81689453125,4804.23974609375,6691.66650390625,2530.625244140625,1962.237548828125,5361.4423828125,5057.95361328125,39754.76171875,21890.501953125,10476.3837890625,24205.17578125,39952.14453125,11156.267578125,13874.7001953125,112.98085021972656,18038.24609375,21151.962890625,6688.37255859375,47327.7265625,11924.876953125,5325.083984375
2018-06-28,15106.1064453125,28876.078125,10773.919921875,24894.939453125,70098.4296875,18973.453125,19269.50390625,84343.7734375,14478.9287109375,11578.0859375,6004.17431640625,4753.3544921875,6529.69873046875,2535.58740234375,1898.425048828125,5387.24169921875,5094.43212890625,40108.91015625,21562.396484375,10428.51953125,24371.302734375,41131.73046875,11308.3203125,14062.794921875,114.45682525634766,18331.837890625,21453.30859375,6748.1171875,48475.96875,12048.328125,5377.9365234375
2018-06-29,15914.830078125,30000.248046875,11203.59765625,25792.9296875,68908.296875,19649.689453125,19621.94140625,86676.421875,14738.73046875,12439.0185546875,6361.6357421875,4909.005859375,6593.68505859375,2648.721923828125,2019.070556640625,5507.06005859375,5161.0478515625,40876.4296875,22564.677734375,10759.583984375,24826.89453125,43811.73046875,11710.9287109375,14610.6298828125,120.28116607666016,19095.162109375,22013.087890625,6977.13623046875,50209.32421875,12224.54296875,5529.51123046875
2018-07-02,15893.94140625,29255.6796875,11279.5380859375,25648.09375,69415.1953125,19308.57421875,19696.822265625,88673.59375,15046.4951171875,12765.5810546875,6395.4912109375,4808.23095703125,6401.72314453125,2589.177490234375,2101.827392578125,5445.7177734375,5127.73974609375,40670.28515625,22772.10546875,10678.8125,25438.6640625,42840.3359375,11611.4697265625,14621.3583984375,122.61412811279297,19123.02734375,22002.109375,6989.0849609375,49524.3671875,12254.40625,5546.4638671875
2018-07-03,16289.845703125,28927.80078125,11543.3427734375,26370.27734375,70224.890625,19427.271484375,20269.916015625,85178.578125,15226.3564453125,13089.1728515625,6539.86962890625,4829.18408203125,5852.8330078125,2615.97216796875,2123.7626953125,5499.60693359375,5173.7353515625,40392.89453125,22817.984375,10869.2734375,25803.73828125,42931.7265625,11691.7998046875,14876.681640625,124.78842163085938,19348.9453125,22401.244140625,7099.611328125,49923.75390625,12245.4482421875,5653.16455078125
2018-07-05,16479.84375,30082.216796875,11661.2529296875,26323.328125,69466.0,19280.6484375,19683.845703125,86876.171875,15287.3095703125,12750.7373046875,6530.90869140625,4902.021484375,5854.8330078125,2683.4560546875,2126.754638671875,5551.20361328125,5200.69873046875,39623.203125,22571.65234375,10983.9501953125,26082.26171875,42603.11328125,11802.7314453125,15052.619140625,124.058349609375,19612.673828125,22597.814453125,6973.15283203125,50486.90234375,12840.794921875,5484.63671875
2018-07-06,16355.498046875,29721.16015625,11697.2265625,26253.41015625,69853.3984375,18986.419921875,19348.375,86876.171875,15145.4189453125,12776.466796875,6394.49462890625,4929.9580078125,5893.82470703125,2679.486328125,2111.798583984375,5609.6796875,5246.6953125,39638.53515625,22500.845703125,10921.1259765625,26042.4765625,43227.53125,11910.7939453125,14817.318359375,121.312744140625,19108.1015625,22279.505859375,6868.6005859375,50223.30078125,12653.62890625,5453.7236328125
2018-07-10,16443.0390625,29788.48828125,11782.1640625,26520.111328125,69507.8203125,19192.87890625,19460.19921875,90478.015625,15447.1884765625,13107.97265625,6534.8916015625,4858.11962890625,5823.8388671875,2679.486328125,2173.61669921875,5653.25,5258.326171875,40142.90234375,22158.7734375,10901.18359375,26327.96875,43950.01953125,11901.23046875,15082.65625,123.72509765625,19397.7109375,22657.68359375,6999.0419921875,51885.76953125,12987.14453125,5449.73486328125
2018-07-11,16443.0390625,28894.619140625,11623.2822265625,26262.3984375,69116.4453125,19305.583984375,18963.982421875,90175.4453125,15231.3544921875,12996.1533203125,6484.10986328125,4836.16845703125,5603.88232421875,2668.5693359375,2153.675048828125,5503.62060546875,5117.6953125,39774.49609375,21674.09375,10728.671875,25810.701171875,43246.01171875,11770.21484375,14891.6982421875,121.39213562011719,19195.68359375,22296.474609375,6770.02294921875,51717.0234375,12874.6455078125,5479.65185546875
2018-07-12,16443.0390625,28441.833984375,11523.357421875,25578.173828125,68700.125,19149.994140625,18912.0703125,89602.28125,15137.4267578125,13189.1201171875,6503.02880859375,4774.30712890625,5556.89208984375,2629.866455078125,2151.68115234375,5446.29052734375,5072.22802734375,39194.4765625,21973.275390625,10662.8564453125,25481.439453125,43305.73046875,11738.66015625,14804.4453125,122.12220001220703,19100.138671875,22341.375,6844.703125,50722.53515625,12649.646484375,5484.63671875
2018-07-13,16443.0390625,28246.6640625,11253.5576171875,25642.099609375,68433.21875,19037.287109375,18679.435546875,90223.3984375,14954.5634765625,12666.6220703125,6472.1611328125,4676.52685546875,5490.90576171875,2630.8583984375,1968.2198486328125,5446.8642578125,5046.85009765625,38998.22265625,21699.0234375,10637.927734375,25485.41796875,42403.71484375,11553.13671875,14732.9287109375,121.61426544189453,19274.302734375,22251.568359375,6831.75830078125,50423.0,12401.75390625,5444.7490234375
2018-07-16,16443.0390625,27730.4453125,10989.755859375,25148.654296875,67412.40625,18227.400390625,18177.228515625,90453.0625,15058.486328125,12481.572265625,6286.95751953125,4604.6865234375,5403.9228515625,2585.2080078125,1795.726318359375,5383.228515625,4990.81005859375,38941.203125,21411.802734375,10407.5791015625,25172.072265625,41503.8515625,11313.1005859375,14458.2939453125,117.32936096191406,18807.548828125,21802.55078125,6816.82177734375,49609.2421875,12428.6328125,5328.076171875
2018-07-17,15716.8759765625,28252.515625,11058.705078125,25171.62890625,66228.2890625,18359.056640625,18552.638671875,91968.8828125,14978.5458984375,12678.498046875,6486.10107421875,4672.53466796875,5458.91064453125,2603.0712890625,1806.6943359375,5458.330078125,5051.08056640625,39688.984375,21987.240234375,10749.6103515625,25608.763671875,42389.88671875,11276.76171875,14825.90234375,120.32881164550781,19380.7890625,22004.107421875,6911.4169921875,49164.921875,12476.4189453125,5313.11767578125
2018-07-18,15886.9775390625,28357.908203125,10841.8671875,25161.640625,66278.0859375,18536.591796875,19024.88671875,91823.1171875,15086.4658203125,13078.287109375,6509.99951171875,4666.548828125,5491.90576171875,2618.949951171875,1811.6796875,5492.15478515625,5078.57275390625,39669.234375,22089.962890625,10727.6728515625,25976.82421875,42303.14453125,11332.228515625,14825.90234375,121.1540756225586,19388.751953125,21183.890625,6870.59228515625,49343.65234375,12926.4130859375,5275.224609375
2018-07-19,15601.486328125,27804.61328125,10745.939453125,24614.2578125,66971.25,18329.1328125,18623.525390625,92268.46875,15135.427734375,13131.7255859375,6444.28173828125,4657.56884765625,5562.890625,2580.245849609375,1826.6356201171875,5434.82470703125,5049.4951171875,39773.40625,21960.314453125,10545.1875,25969.85546875,42592.296875,11326.4921875,14907.4326171875,120.9160385131836,19307.1484375,20655.041015625,6886.5234375,49823.91796875,12641.681640625,5303.14501953125
2018-07-20,16113.7783203125,27538.20703125,10691.98046875,24572.3046875,69465.0,18597.43359375,18821.20703125,94781.8828125,15813.91015625,12332.14453125,6571.7333984375,4757.34521484375,5488.90576171875,2572.306640625,1843.585693359375,5500.7529296875,5089.673828125,39622.1015625,22446.9921875,10724.6806640625,26748.74609375,43352.8671875,11122.796875,15090.5244140625,123.56632995605469,19811.720703125,20689.96484375,7026.92333984375,50207.328125,13073.7587890625,5330.0712890625
2018-07-23,15927.76171875,27601.63671875,10691.98046875,24262.654296875,69281.7734375,18701.1640625,18707.390625,95603.71875,16187.623046875,12456.83203125,6462.203125,4789.2734375,5493.9052734375,2564.367431640625,1799.7147216796875,5472.66162109375,5070.11328125,39030.0078125,22379.173828125,10460.427734375,26522.9375,42625.10546875,11286.326171875,15074.07421875,123.42357635498047,19599.740234375,20605.154296875,6975.14453125,50423.0,12828.8505859375,5270.23681640625
2018-07-24,16140.6357421875,28797.04296875,10645.015625,25064.75,69162.25,18939.54296875,18720.37109375,94527.2421875,16759.185546875,12862.5576171875,6548.83154296875,4730.4052734375,5738.85595703125,2584.21533203125,1853.5567626953125,5525.97998046875,5148.88671875,39574.9453125,23086.25,10437.494140625,26932.7734375,42993.328125,11332.228515625,15305.08203125,125.08992767333984,19705.2265625,20820.6875,7143.42431640625,50360.08984375,12495.3330078125,5175.50244140625
2018-07-25,16234.142578125,28622.361328125,10841.8671875,24726.130859375,68669.265625,18900.642578125,18645.490234375,94062.921875,16587.31640625,12798.2373046875,6551.81689453125,4726.4140625,5615.88037109375,2565.35986328125,1834.6123046875,5348.77099609375,4961.3125,39369.91796875,22600.576171875,10439.4873046875,26600.53125,41613.35546875,11140.9677734375,14951.7763671875,124.61382293701172,19379.796875,20655.041015625,7281.8330078125,50852.34765625,12710.376953125,5170.5166015625
2018-07-26,16557.431640625,28481.84375,11163.626953125,25020.798828125,72701.7109375,18773.97265625,18658.466796875,94214.6875,16637.27734375,12775.474609375,6602.599609375,4759.33984375,5627.8779296875,2565.35986328125,1969.2169189453125,5365.9765625,4987.7578125,39581.52734375,22727.23046875,10753.6015625,26652.2578125,41678.08984375,11045.3369140625,15010.423828125,126.24844360351562,19660.4453125,21162.94140625,7309.71240234375,51091.97265625,13209.1533203125,5176.50048828125
2018-07-27,16644.96875,28590.1640625,11100.6748046875,25071.740234375,70709.8984375,18790.9296875,18805.236328125,95084.4609375,16637.27734375,12785.373046875,6671.30419921875,4777.30078125,5652.873046875,2570.32177734375,1994.1439208984375,5436.52197265625,5030.07275390625,39471.8828125,22706.287109375,11063.7236328125,26720.896484375,42215.15625,11255.7236328125,15345.8447265625,127.12126922607422,19832.62109375,21059.162109375,7440.15478515625,51659.109375,13308.7099609375,5155.55810546875
2018-07-30,16898.62890625,28298.3828125,11441.416015625,25125.6796875,71279.5703125,18606.412109375,18755.310546875,93047.3671875,16692.236328125,12970.423828125,6760.92041015625,4813.22021484375,5594.8857421875,2582.230224609375,1994.1439208984375,5488.712890625,5091.42724609375,39613.3203125,22784.072265625,11391.794921875,27206.328125,41675.57421875,11566.521484375,15562.546875,128.8829345703125,20203.833984375,21255.736328125,7392.359375,51091.97265625,13733.8203125,5069.79931640625
2018-07-31,17098.5703125,29057.583984375,11487.3837890625,25471.29296875,72295.3828125,18681.21875,19295.46484375,95017.5625,16987.013671875,12815.0595703125,6897.3330078125,4793.26416015625,5774.84814453125,2595.132568359375,1943.29296875,5456.02294921875,5051.228515625,39568.3671875,23450.265625,11417.72265625,27142.66796875,40756.84765625,11666.9345703125,15531.794921875,130.755615234375,20287.431640625,21720.73046875,7601.4638671875,51740.984375,13962.7978515625,5101.708984375
2018-08-01,16908.576171875,28966.830078125,11526.3564453125,25870.83984375,72104.1875,19100.12109375,19394.3046875,95833.3828125,16958.03515625,13040.681640625,6847.546875,4864.1064453125,5605.8818359375,2600.09375,1919.36328125,5351.638671875,4971.890625,40215.2734375,23236.845703125,11327.9765625,26855.18359375,41098.046875,11431.6845703125,15420.9404296875,129.66055297851562,20210.798828125,21608.97265625,7549.685546875,51390.51953125,13592.447265625,5214.39453125
2018-08-02,16641.984375,28296.4375,11687.234375,25725.0078125,72049.4140625,18974.447265625,19159.67578125,93566.6171875,16697.236328125,13214.8505859375,6705.15869140625,4799.251953125,5461.91064453125,2579.253662109375,1983.1759033203125,5270.77099609375,4893.609375,39509.15234375,22809.005859375,11032.810546875,26266.294921875,39918.58984375,11380.04296875,14990.396484375,125.69296264648438,19569.87890625,20856.60546875,7368.46142578125,51076.0,13012.03515625,5079.7705078125
2018-08-03,17035.8984375,28471.109375,11676.244140625,26185.486328125,71968.75,19149.994140625,19526.095703125,95269.1953125,16642.2734375,13359.330078125,6847.546875,4789.2734375,5498.90478515625,2580.245849609375,1971.2110595703125,5247.82958984375,4903.66064453125,42092.375,22847.90234375,11096.6298828125,26686.080078125,40681.30078125,11473.759765625,15152.744140625,127.66093444824219,19708.21875,21479.248046875,7417.25244140625,51444.4375,13340.5693359375,5175.50244140625
2018-08-06,16528.58203125,28404.75,11400.44921875,25970.73046875,72104.1875,19030.302734375,18969.9765625,94692.015625,16506.37890625,13161.4130859375,6671.30419921875,4767.32275390625,5448.91455078125,2570.32177734375,1880.4775390625,5258.15283203125,4883.03173828125,42048.5234375,22425.052734375,11018.849609375,26301.111328125,40857.421875,11267.197265625,14747.232421875,124.37578582763672,19395.71875,21346.541015625,7389.37158203125,51624.16015625,13134.4853515625,5129.6318359375
2018-08-07,16510.6796875,29294.712890625,11365.4755859375,26242.419921875,71957.78125,19391.36328125,19419.265625,94198.703125,16880.09375,13631.4619140625,6741.00390625,4700.47265625,5611.88037109375,2580.245849609375,1859.5389404296875,5339.59423828125,4974.53515625,42114.30078125,22626.50390625,11378.83203125,25877.349609375,41850.19921875,11417.3388671875,15278.6181640625,125.3914566040039,19485.291015625,21800.5546875,7470.02685546875,52509.80859375,13460.037109375,5110.685546875
2018-08-08,16661.87890625,29089.7890625,11357.48046875,26425.216796875,72011.5859375,19644.697265625,19269.50390625,95064.484375,16987.013671875,13891.724609375,6755.93994140625,4702.46826171875,5607.88134765625,2580.245849609375,1805.697265625,5278.80029296875,4942.80029296875,42210.796875,22523.78515625,10455.4423828125,26387.654296875,42137.578125,11498.626953125,15368.0166015625,126.54998016357422,19496.23828125,21828.4921875,7618.3916015625,51972.63671875,13279.841796875,5125.64306640625
2018-08-10,16150.58203125,29010.75,12038.9677734375,25684.0546875,74077.1015625,19199.861328125,18969.9765625,93562.625,16368.4853515625,14068.8583984375,6507.01123046875,4839.162109375,5748.85400390625,2545.51220703125,1791.73828125,5265.60888671875,4915.82470703125,42749.14453125,22049.07421875,10171.248046875,25550.0703125,42384.734375,11446.9873046875,15019.0029296875,122.13802337646484,18713.99609375,21186.88671875,7381.40576171875,52668.5703125,12637.701171875,4992.01708984375
2018-08-13,15940.6923828125,30007.080078125,11966.0263671875,25870.83984375,75276.1640625,19287.630859375,18670.4453125,92369.328125,16550.345703125,14052.03515625,6277.99609375,4844.15087890625,5848.833984375,2549.4814453125,1762.8231201171875,5233.4912109375,4903.66064453125,42803.95703125,21744.8984375,10135.34765625,25758.974609375,42806.01171875,11677.455078125,14765.1123046875,120.9160385131836,18570.689453125,21453.30859375,7411.27783203125,53127.87109375,12670.5556640625,4970.078125
2018-08-14,16175.451171875,29122.96875,11811.1416015625,26370.27734375,75152.671875,19295.609375,18870.130859375,92007.8359375,16775.173828125,13804.6396484375,6502.03271484375,4174.650390625,5722.859375,2580.245849609375,1697.01611328125,5265.03564453125,4897.84130859375,42131.8515625,22214.62109375,10186.205078125,26244.41015625,41926.00390625,11777.8681640625,14770.83203125,123.20134735107422,18834.41796875,21373.482421875,7391.36376953125,52280.1640625,12750.19921875,5080.7685546875
2018-08-15,15617.404296875,27377.279296875,10922.8095703125,25914.79296875,75336.9140625,18828.830078125,18468.76953125,90626.8046875,16110.6796875,12828.9130859375,6193.359375,3721.664306640625,5535.896484375,2580.245849609375,1586.3414306640625,5129.681640625,4801.57666015625,41846.76953125,21748.89453125,9912.9755859375,25557.037109375,38479.90234375,11634.419921875,14359.5966796875,119.12264251708984,18336.80859375,21213.826171875,7166.326171875,51121.9296875,12302.1962890625,5068.80126953125
2018-08-16,16015.30078125,27954.142578125,10756.931640625,26000.6953125,77083.7578125,19242.748046875,18770.294921875,93180.15625,16429.4375,13854.1181640625,6341.72265625,3741.61962890625,5683.86767578125,2610.01806640625,1665.1102294921875,5261.02001953125,4931.69287109375,42318.2421875,22158.7734375,10121.38671875,26077.291015625,39551.74609375,11999.7294921875,14363.173828125,121.94762420654297,18628.41015625,21142.984375,7434.18017578125,52080.46875,12709.3818359375,5083.7607421875
2018-08-17,15734.7822265625,28061.513671875,10761.927734375,26081.603515625,78498.953125,18850.771484375,18695.41015625,93707.40625,16313.525390625,14330.107421875,6270.02978515625,3558.031494140625,5713.861328125,2575.283935546875,1697.01611328125,5287.97705078125,4966.0732421875,43029.828125,22038.09765625,10071.5283203125,25759.970703125,39977.41796875,11916.5322265625,14232.2958984375,119.56702423095703,18289.041015625,21030.224609375,7404.3076171875,52769.4140625,12504.2939453125,5025.921875
2018-08-20,15885.984375,28496.84765625,10557.0830078125,26490.142578125,78517.859375,19104.11328125,18671.4453125,93965.0390625,16412.447265625,14376.615234375,6357.654296875,3452.267822265625,5735.8564453125,2565.35986328125,1667.10400390625,5316.080078125,4957.60986328125,43857.65234375,21963.3046875,10315.8369140625,25863.421875,40832.2890625,12006.42578125,14299.5244140625,122.20148468017578,18461.212890625,21134.0,7468.03515625,52220.25390625,12587.921875,5075.7822265625
2018-08-21,15730.8017578125,28207.923828125,10790.904296875,26668.94140625,75887.65625,19578.875,18970.974609375,97860.5,16657.263671875,14571.564453125,6492.076171875,3542.06689453125,5638.8759765625,2567.3447265625,1623.23291015625,5290.84375,4931.1630859375,42977.20703125,22837.927734375,10200.1640625,26460.2734375,41542.5703125,12282.794921875,14303.8115234375,125.15339660644531,18544.810546875,20255.912109375,7597.48046875,53345.5390625,12742.236328125,5140.60107421875
2018-08-22,15866.087890625,28633.5,10860.853515625,28256.154296875,75267.1875,20282.03515625,18626.51953125,98392.71875,16716.220703125,15476.0390625,6626.49658203125,3454.263671875,5742.8544921875,2579.253662109375,1669.09814453125,5302.3154296875,4927.98974609375,43132.1875,23411.37109375,10340.765625,27007.3828125,43120.3046875,12527.6123046875,14558.4208984375,126.9626235961914,18857.310546875,20874.564453125,7621.37841796875,54412.90625,12968.2275390625,5140.60107421875
2018-08-23,15929.75,27717.93359375,10922.8095703125,28153.267578125,73996.4296875,20682.986328125,19648.904296875,100856.2265625,17286.783203125,14546.82421875,6641.43359375,3426.326171875,5686.86669921875,2570.32177734375,1691.033935546875,5251.27197265625,4870.3369140625,42951.26171875,23662.6875,10597.0419921875,27126.75,43258.5859375,12718.873046875,14518.37109375,126.69284057617188,18837.40625,21473.263671875,7708.00830078125,54721.44140625,12883.60546875,5045.8662109375
2018-08-24,15990.4296875,28111.29296875,11057.70703125,28530.84375,71827.3125,20833.595703125,20332.818359375,99857.65625,17357.728515625,14744.7431640625,6750.96240234375,3552.045166015625,5862.83203125,2576.27587890625,1706.9869384765625,5259.30029296875,4889.3779296875,43009.375,24051.626953125,10634.9365234375,26896.962890625,44478.77734375,12843.1923828125,14500.490234375,128.86703491210938,18580.63671875,21822.50390625,7868.3212890625,54616.58984375,12910.484375,4986.033203125
2018-08-28,16722.556640625,28988.7890625,11266.546875,29486.765625,70470.8828125,21564.685546875,20517.525390625,101355.5078125,17544.583984375,15041.6123046875,7047.6865234375,3554.040283203125,5987.8056640625,2597.116943359375,1766.8115234375,5578.185546875,5170.23779296875,44080.69140625,24284.001953125,10935.0888671875,28175.2109375,44754.58984375,12717.916015625,14947.4833984375,135.67538452148438,19379.796875,21984.154296875,8084.396484375,55365.44921875,13324.6396484375,5326.08203125
2018-08-29,16385.33984375,29256.23828125,11534.3486328125,29535.708984375,71805.3828125,21103.888671875,20358.775390625,100856.2265625,17536.591796875,15021.8232421875,6988.93798828125,3613.90576171875,6098.78515625,2560.39794921875,1774.7879638671875,5578.185546875,5176.5849609375,44774.80078125,23911.009765625,10705.44921875,27907.625,45006.03125,12963.6865234375,15103.3994140625,132.7870635986328,18862.28515625,21054.177734375,8030.6259765625,56096.33984375,13053.84765625,5366.9658203125
2018-08-30,16263.984375,29416.322265625,11437.4189453125,28810.529296875,71958.78125,20683.984375,19966.3984375,99480.1796875,17226.830078125,14752.65625,6910.27587890625,3589.9599609375,6157.77294921875,2459.17236328125,1739.8902587890625,5567.86083984375,5153.84033203125,44908.57421875,22849.8984375,8626.9921875,27667.892578125,42114.57421875,13108.0888671875,15020.43359375,130.45408630371094,18411.453125,20036.390625,7837.453125,56179.21484375,12557.0595703125,5235.33544921875
2018-08-31,16169.482421875,28963.41796875,11781.1640625,29109.19140625,70941.9453125,21543.740234375,20267.919921875,100132.2578125,17507.611328125,14729.8955078125,7039.72021484375,3591.955078125,6008.8017578125,2524.671630859375,1784.7587890625,5515.6689453125,5118.40234375,44948.0546875,22472.919921875,8875.330078125,27651.978515625,41055.6796875,13388.2861328125,15334.404296875,133.7869415283203,18544.810546875,20355.6953125,7900.185546875,57512.17578125,12582.943359375,5406.8544921875
2018-09-04,15620.3876953125,29532.474609375,11846.1142578125,27055.505859375,72949.7109375,19947.90625,19665.873046875,98374.765625,17081.939453125,15257.345703125,6676.28369140625,3540.071044921875,6051.79296875,2496.88427734375,1819.6563720703125,5476.09619140625,5100.4189453125,45946.98828125,21441.72265625,7180.84912109375,26706.966796875,40022.80078125,13610.1494140625,15018.2890625,128.1211395263672,17864.08203125,20089.271484375,7737.88037109375,57779.765625,12061.271484375,5292.17626953125
2018-09-05,15318.9814453125,29890.705078125,11677.2421875,27159.388671875,73697.6328125,20089.541015625,19119.73828125,98483.609375,16743.197265625,14744.7431640625,6454.23876953125,3505.34716796875,6052.89306640625,2470.08984375,1925.345703125,5548.36083984375,5128.453125,46257.3125,20808.443359375,7380.31640625,25376.595703125,38413.5234375,13697.173828125,14732.9287109375,124.85189819335938,17316.71484375,19809.63671875,7629.34521484375,57345.265625,12023.4384765625,5235.33544921875
2018-09-06,15688.029296875,29477.8125,11819.134765625,26936.638671875,72831.1796875,19699.55859375,19201.607421875,97930.40625,17373.71484375,14599.2705078125,6706.154296875,3504.349853515625,6063.89208984375,2503.8310546875,1965.2286376953125,5542.0517578125,5140.6171875,46047.87890625,20853.3203125,7423.203125,26201.453125,38493.9765625,13318.4775390625,15079.0810546875,127.1530990600586,17748.640625,19823.611328125,7642.28857421875,56944.82421875,12215.5810546875,5175.50244140625
2018-09-10,15368.71875,28293.822265625,11816.1376953125,26541.087890625,71724.734375,19449.208984375,19217.580078125,96662.203125,17568.56640625,15033.697265625,6832.6103515625,3439.490966796875,5738.95068359375,2473.06640625,1769.8023681640625,5399.2421875,5009.44482421875,45067.578125,20793.48828125,7389.29345703125,25870.119140625,39185.41015625,13415.064453125,14889.5556640625,128.86703491210938,17684.953125,19310.65234375,7600.4677734375,56111.984375,12096.1123046875,5185.47509765625
2018-09-11,15331.9150390625,28123.978515625,11546.3388671875,27124.427734375,69713.9765625,19300.6015625,19026.880859375,97074.6171875,17219.833984375,14298.4375,6848.54150390625,3301.791259765625,5647.96728515625,2462.150390625,1676.077880859375,5418.74267578125,5060.75048828125,44653.0859375,20943.078125,7180.84912109375,26377.5703125,38820.71484375,13436.1025390625,14805.162109375,128.3909454345703,17669.0234375,19364.54296875,7517.8212890625,55622.6640625,12121.0029296875,5216.3896484375
2018-09-12,14895.9794921875,28257.705078125,11739.193359375,27219.322265625,73378.9453125,18824.841796875,19069.818359375,96861.921875,17284.783203125,14719.0126953125,6611.56201171875,3378.624267578125,5743.94921875,2471.08203125,1668.10107421875,5443.9775390625,5056.5185546875,44555.4921875,21040.8125,6981.38037109375,26427.3203125,38394.6953125,13220.9345703125,14722.19921875,124.5344467163086,17203.44921875,19161.955078125,7577.56640625,56345.66015625,12124.9833984375,5087.0234375
2018-09-13,14690.00390625,28437.306640625,11753.1845703125,23179.873046875,71455.859375,18774.96875,19013.904296875,96063.0625,17465.64453125,14987.1865234375,6679.2705078125,3383.613525390625,5778.943359375,2443.294189453125,1757.8377685546875,5395.2275390625,4996.2216796875,44262.7265625,21424.771484375,7031.24853515625,26331.802734375,39664.4609375,13196.0693359375,14833.0546875,124.96299743652344,17462.265625,19341.58984375,7707.01220703125,56215.8359375,12344.0087890625,5164.82421875
2018-09-14,14925.83203125,29137.162109375,11834.1240234375,19061.515625,71252.6953125,19230.783203125,18913.0625,96162.9140625,17598.54296875,14984.21875,6693.2109375,3472.4189453125,5888.9228515625,2441.309326171875,1790.7413330078125,5924.02587890625,5463.79052734375,45626.80078125,21394.84765625,7040.224609375,25980.564453125,40036.83984375,13048.798828125,15010.423828125,124.85189819335938,17533.94140625,19457.353515625,7806.58544921875,56766.0703125,12368.896484375,5119.9384765625
2018-09-17,14517.8583984375,29519.78515625,12315.7646484375,19233.3203125,71379.140625,18721.11328125,18126.30859375,93966.0390625,17472.638671875,15041.6123046875,6571.7333984375,3446.475341796875,5844.93115234375,2379.781005859375,1821.650390625,5767.44970703125,5327.32861328125,45682.734375,20992.947265625,6971.4072265625,25770.619140625,40310.91015625,13007.677734375,14726.4921875,121.37622833251953,17121.8203125,18981.326171875,7571.59130859375,56521.41015625,12247.439453125,5001.24169921875
2018-09-18,14627.314453125,30001.974609375,12396.703125,18803.806640625,69690.078125,18742.0546875,18241.1328125,94448.359375,17156.884765625,14893.1767578125,6655.37353515625,3553.24267578125,6040.8955078125,2386.72705078125,1899.421875,5806.45068359375,5347.95703125,45232.0546875,21435.740234375,7286.56689453125,25805.4453125,39977.25,13021.0654296875,14824.47265625,122.4237289428711,17381.634765625,19066.150390625,7603.4560546875,54978.5546875,12265.3603515625,5003.236328125
2018-09-19,15032.302734375,31235.744140625,12641.5185546875,17303.498046875,68139.46875,18843.814453125,18323.998046875,95607.71875,17218.8359375,14521.2607421875,6759.9228515625,3634.06591796875,6155.87451171875,2303.40185546875,1964.231689453125,5879.29052734375,5445.27783203125,44327.41015625,22262.494140625,7318.48193359375,26168.6171875,39790.17578125,12862.568359375,14978.953125,125.05821228027344,17939.08984375,19467.330078125,7871.30859375,55231.203125,12296.22265625,5024.18310546875
2018-09-20,14963.6435546875,31460.244140625,12483.6357421875,17707.044921875,66963.265625,19115.15234375,18121.31640625,92967.4453125,17466.642578125,14411.3779296875,6870.4482421875,3548.253173828125,6153.87451171875,2282.552490234375,2256.3740234375,5950.98193359375,5510.8642578125,44519.30859375,21850.611328125,7796.2080078125,25870.119140625,39952.85546875,12788.93359375,14695.73828125,126.15327453613281,17821.62890625,18728.837890625,7927.06982421875,54923.6328125,12325.0947265625,5087.0234375
2018-09-21,15433.30859375,31831.16015625,12473.64453125,17440.341796875,67275.0078125,18877.734375,18053.421875,97382.171875,17688.4765625,14509.3818359375,7092.4931640625,3506.345458984375,6268.85302734375,2282.552490234375,2746.9326171875,6039.88037109375,5577.50927734375,44196.9296875,22754.154296875,7983.7080078125,27088.001953125,40834.53125,12913.25390625,14713.6181640625,129.58128356933594,18264.6015625,18635.02734375,8021.66552734375,53814.1796875,12580.9541015625,5109.96484375
2018-09-25,15224.34765625,32308.462890625,12803.3974609375,17160.66015625,66327.890625,18244.28515625,17647.068359375,96262.78125,17485.630859375,14598.4775390625,6934.17431640625,3688.9462890625,6433.82421875,2294.466064453125,2699.073974609375,5914.84814453125,5483.88916015625,44111.3984375,22708.279296875,8194.146484375,26188.51953125,40037.71875,12719.12109375,14303.8115234375,127.08956146240234,17534.93359375,18966.353515625,7930.0576171875,55887.29296875,12523.2099609375,5038.1474609375
2018-09-26,15423.3623046875,31698.41015625,12425.681640625,17107.71875,66427.4765625,18100.63671875,17977.548828125,98059.21875,17413.68359375,14507.40234375,6801.74365234375,3590.16259765625,6340.83984375,2302.4091796875,2886.52294921875,5945.24658203125,5502.40234375,43215.52734375,22583.619140625,8581.1142578125,26140.76171875,39996.8671875,12550.80859375,14303.8115234375,126.42304992675781,17594.666015625,19011.255859375,7938.0234375,55449.90234375,12364.9150390625,5038.1474609375
2018-09-27,15354.69921875,30967.318359375,12060.9541015625,17180.634765625,66058.9609375,18454.767578125,17971.55078125,102609.7265625,17286.783203125,14181.71484375,6855.51220703125,3356.671630859375,6123.8798828125,2325.24462890625,2622.298828125,5879.86181640625,5451.0966796875,43293.37890625,23435.306640625,8478.3896484375,26238.265625,38710.7578125,12598.6220703125,14256.611328125,127.80378723144531,17639.4609375,19226.8203125,8069.46142578125,55160.3046875,12610.8203125,5033.16064453125
2018-09-28,15112.9033203125,31214.275390625,12230.828125,16918.931640625,66502.1875,18454.767578125,17472.34375,102278.1953125,16987.013671875,14389.599609375,6757.931640625,3395.587158203125,6137.8779296875,2306.380615234375,2741.94775390625,5708.37646484375,5276.02197265625,42614.625,22764.130859375,8734.7041015625,26330.802734375,38365.0234375,12292.599609375,14107.1357421875,125.61369323730469,17420.45703125,19126.029296875,7877.28369140625,54676.9765625,12537.1494140625,4947.3798828125
2018-10-01,15241.2646484375,31009.294921875,12063.9521484375,17444.337890625,64854.921875,18591.431640625,18123.314453125,102912.296875,17003.0,14724.1953125,6621.52001953125,3417.539306640625,6155.87451171875,2306.380615234375,2749.92431640625,5609.15576171875,5201.97265625,42984.16015625,22987.5234375,8916.220703125,26154.693359375,38561.90625,12390.1435546875,14147.9033203125,123.56632995605469,17370.68359375,18944.3984375,7965.90380859375,54975.5625,12748.2099609375,4987.27783203125
2018-10-02,15025.3349609375,31489.53125,12552.583984375,17028.8046875,65895.625,18409.880859375,17322.58203125,101790.890625,16640.2734375,14439.099609375,6492.076171875,3537.277587890625,6252.85693359375,2258.723876953125,2726.991943359375,5648.72998046875,5209.90576171875,43017.0546875,22275.45703125,8926.1943359375,25965.638671875,37715.8125,12382.4921875,13980.546875,120.45574951171875,16957.57421875,18637.025390625,7769.7431640625,56087.015625,12334.0556640625,4867.5830078125
2018-10-03,14814.3837890625,31914.130859375,12469.6474609375,16559.3984375,65748.390625,18720.119140625,17220.7421875,100294.03125,16474.533203125,14997.4140625,6219.63671875,3490.38037109375,6217.86328125,2261.702880859375,2726.991943359375,5540.9052734375,5130.568359375,42863.53515625,22285.43359375,8931.181640625,25472.1171875,37338.66015625,12422.66015625,13828.2119140625,116.19842529296875,16643.0078125,18661.97265625,7639.30126953125,56144.93359375,12347.9921875,4802.74853515625
2018-10-04,14550.6953125,32630.572265625,12465.6513671875,16665.298828125,65526.26171875,18175.45703125,16476.921875,99857.65625,16399.5859375,14377.7236328125,6238.55859375,3530.292724609375,6430.82421875,2268.652587890625,2701.067626953125,5512.80224609375,5130.568359375,42325.12890625,22089.962890625,8706.779296875,25449.228515625,36760.33984375,12342.3251953125,13725.224609375,115.92473602294922,16524.55078125,18212.888671875,7431.1923828125,56096.0078125,12262.3740234375,4752.875
2018-10-05,14488.0068359375,31576.400390625,12413.689453125,16349.5966796875,66101.953125,17959.984375,16274.240234375,98057.2265625,16298.6552734375,14584.615234375,6144.94091796875,3563.220458984375,6283.8515625,2264.680908203125,2642.239990234375,5530.58203125,5130.568359375,42271.40625,21848.6171875,8357.7109375,25085.05859375,36332.76953125,12097.5087890625,13677.306640625,113.87995910644531,16246.818359375,18296.71875,7414.26513671875,55259.1640625,12342.0166015625,4742.9013671875
2018-10-08,14562.6357421875,31265.029296875,12158.880859375,16285.6572265625,66106.953125,17811.349609375,16396.048828125,97587.8828125,16275.671875,14726.17578125,6065.26611328125,3537.277587890625,6271.8525390625,2271.631103515625,2642.239990234375,5500.1845703125,5077.6767578125,42065.2578125,21919.427734375,8577.1259765625,25414.400390625,36270.66796875,12312.68359375,13517.103515625,111.25558471679688,16225.912109375,18182.953125,7458.07763671875,54528.18359375,12653.62890625,4845.6396484375
2018-10-09,14787.5205078125,31838.966796875,12529.603515625,15685.2216796875,65728.453125,17937.041015625,16050.595703125,98996.8671875,16101.791015625,15343.8916015625,6183.783203125,3717.883544921875,6301.8486328125,2278.580810546875,2683.12060546875,5437.0947265625,5024.783203125,41371.1484375,22339.28125,8640.955078125,25173.615234375,35713.98046875,12384.4033203125,13477.052734375,113.49352264404297,16326.4541015625,18553.1953125,7417.25244140625,54803.80078125,12295.2265625,4856.61083984375
2018-10-10,14732.791015625,31106.908203125,12527.603515625,15984.94140625,66818.140625,17906.115234375,16054.5888671875,98575.46875,15949.8984375,14821.2080078125,6050.3271484375,3601.1376953125,6082.88818359375,2298.43798828125,2692.093994140625,5398.09521484375,4993.04736328125,38412.7109375,22189.6875,8602.05859375,24734.81640625,33403.3828125,12344.240234375,13478.4814453125,111.3199691772461,16311.521484375,18125.0703125,7347.55078125,53990.93359375,12255.404296875,4827.685546875
2018-10-11,14390.4931640625,30693.044921875,13677.740234375,15454.4404296875,65640.8203125,17547.9921875,15589.326171875,96714.140625,15469.232421875,14502.4541015625,5980.611328125,3851.591552734375,6029.8974609375,2289.502197265625,2607.343017578125,5205.96142578125,4818.501953125,37880.8828125,22144.810546875,8377.6572265625,23695.0390625,33708.8828125,12045.8662109375,13362.62109375,110.12849426269531,15827.7314453125,18130.060546875,7073.72216796875,52009.68359375,11902.974609375,4791.77685546875
2018-10-15,14505.9189453125,31380.20703125,14644.0166015625,16155.779296875,62363.78515625,18710.14453125,15705.142578125,96896.8671875,15312.3408203125,14550.9580078125,6057.29931640625,4171.892578125,5979.90625,2295.45947265625,2542.533203125,5170.97705078125,4789.4111328125,37282.171875,22942.646484375,8305.8486328125,23185.59765625,34575.08984375,11936.8466796875,13441.2919921875,110.49887084960938,16004.9208984375,18530.24609375,6985.10205078125,52113.54296875,11861.1591796875,4830.67724609375
2018-10-16,14882.0498046875,30830.669921875,14294.2783203125,16904.072265625,59993.18359375,19265.783203125,15625.2685546875,99231.5390625,15489.2177734375,14962.7685546875,6344.1279296875,4124.99365234375,5911.9189453125,2359.001220703125,2656.19970703125,5214.564453125,4816.38671875,37967.5078125,23523.06640625,8547.2041015625,23971.65234375,35465.9375,12245.7392578125,13831.072265625,115.29679870605469,16599.208984375,18882.521484375,7199.1865234375,52753.65234375,12253.4140625,4947.3798828125
2018-10-17,14603.43359375,30338.7265625,13908.5693359375,15851.06640625,61306.9765625,18866.7578125,15781.021484375,97383.3671875,15053.5224609375,14917.2333984375,6132.9892578125,4074.10546875,5848.9306640625,2366.94384765625,2632.27001953125,5164.66748046875,4782.53466796875,37854.5703125,22952.61328125,8398.6015625,23482.107421875,34662.71484375,12098.4658203125,13447.0166015625,111.62586212158203,16305.5478515625,18396.517578125,7193.21142578125,51907.82421875,12370.8896484375,4821.7001953125
2018-10-18,14569.6005859375,30323.10546875,14094.427734375,15346.541015625,61496.23046875,18803.916015625,15793.00390625,98610.6953125,15046.5263671875,14586.5947265625,6058.29443359375,4144.95068359375,5855.92919921875,2377.865234375,2635.2607421875,5208.2568359375,4834.89892578125,38131.98828125,22385.158203125,8435.5009765625,23406.486328125,34257.78125,12145.326171875,13227.451171875,111.46488952636719,16236.86328125,18550.20703125,7135.4580078125,50919.19921875,12220.55859375,4788.78466796875
2018-10-19,14592.48828125,30375.814453125,14109.4189453125,15678.2294921875,61591.8515625,18540.560546875,16573.767578125,98867.3359375,15170.439453125,14401.48046875,6078.21337890625,4069.1162109375,5862.9287109375,2384.81591796875,2558.486083984375,5177.28515625,4780.42041015625,37625.390625,22482.89453125,8454.4521484375,23430.3671875,34233.38671875,12129.0693359375,13090.8515625,112.10887908935547,16074.6025390625,18726.84375,7145.416015625,50759.421875,12289.25390625,4754.87060546875
2018-10-22,14346.7080078125,30245.0234375,13933.5478515625,15609.294921875,61920.54296875,18554.529296875,16294.2099609375,99789.09375,15354.3125,14475.724609375,6088.17333984375,4005.255615234375,5795.9404296875,2369.922607421875,2410.919921875,5191.62255859375,4780.94873046875,36624.26171875,22793.052734375,8552.1923828125,23257.23828125,35327.140625,11930.1513671875,13123.7490234375,113.42913055419922,16221.9296875,18789.712890625,7199.1865234375,50329.0234375,12205.6259765625,4840.65283203125
2018-10-23,13980.5302734375,29546.134765625,14564.078125,14790.06640625,64743.359375,18106.625,15775.0322265625,98665.6171875,14800.6962890625,14007.4873046875,5958.7001953125,4239.74462890625,5613.97314453125,2333.1875,2487.694091796875,5009.2392578125,4635.49462890625,35838.04296875,22272.462890625,8377.6572265625,22597.548828125,33705.9921875,11848.865234375,12801.9140625,112.06063842773438,15628.640625,18606.087890625,7050.82080078125,48332.796875,12101.091796875,4776.814453125
2018-10-24,14226.306640625,29544.18359375,14379.2158203125,14410.423828125,65771.265625,18249.275390625,16274.240234375,97630.03125,14802.6962890625,14245.0732421875,6060.28662109375,4237.7490234375,5631.97021484375,2314.3232421875,2422.88427734375,5017.26904296875,4675.69287109375,35911.515625,22485.888671875,8284.9052734375,23208.482421875,32372.73828125,11795.310546875,12931.3623046875,114.58842468261719,15777.95703125,18711.87109375,7071.7314453125,48038.203125,11908.947265625,4797.7607421875
2018-10-25,14726.8203125,29352.875,14609.0419921875,14253.5712890625,66844.0234375,18150.517578125,17372.501953125,97643.0,15126.46875,14609.36328125,6358.07177734375,4097.05615234375,5657.9658203125,2295.45947265625,2399.9521484375,5038.49072265625,4713.24609375,36986.11328125,22768.1171875,8305.8486328125,23638.32421875,33259.9453125,12145.326171875,13159.5087890625,118.77456665039062,16068.62890625,18811.66796875,7108.57373046875,48820.1171875,12098.1064453125,4895.51171875
2018-10-26,14408.4033203125,29175.232421875,14596.0517578125,14194.626953125,66602.9765625,17856.240234375,17322.58203125,95987.2578125,14989.56640625,14917.2333984375,6185.7744140625,4164.9072265625,5594.97802734375,2277.587890625,2386.989990234375,4917.47412109375,4594.76806640625,36267.8828125,22158.7734375,8377.6572265625,23437.328125,32171.58984375,12034.3916015625,13060.0986328125,115.7637710571289,15892.435546875,18246.81640625,6922.37060546875,47434.046875,11742.6875,4812.72216796875
2018-10-29,15104.9404296875,30084.94140625,14192.3544921875,14486.3525390625,65894.7578125,18255.263671875,17821.794921875,98010.484375,15189.427734375,15200.3515625,6433.763671875,3966.340576171875,5788.94140625,2258.723876953125,2442.825927734375,5127.9609375,4729.11474609375,37031.07421875,23236.845703125,8651.92578125,24397.509765625,30892.138671875,12142.45703125,13252.4833984375,120.35248565673828,16508.625,18162.9921875,7060.77734375,47933.3515625,11938.814453125,5002.23974609375
2018-10-30,15174.59375,29383.1328125,14209.3427734375,15172.7060546875,64199.51953125,18205.3828125,18118.326171875,99135.984375,15256.3818359375,15057.802734375,6430.775390625,3941.3955078125,5683.96142578125,2239.859375,2457.781982421875,5150.32861328125,4758.20556640625,36597.94140625,22778.095703125,8662.896484375,24690.041015625,29795.4921875,12082.20703125,13379.0732421875,119.27371978759766,16273.6953125,17636.068359375,7159.3564453125,47211.35546875,12128.966796875,5002.23974609375
2018-10-31,14837.26953125,30808.220703125,14270.2978515625,15585.31640625,64115.8515625,18332.068359375,18770.294921875,98932.25,15782.0126953125,14938.0205078125,6404.880859375,3910.462890625,6030.8974609375,2248.795654296875,2712.03564453125,5263.31591796875,4848.65234375,38570.609375,23034.390625,8527.2587890625,24767.654296875,32595.0078125,12182.62109375,13601.49609375,119.88550567626953,16258.76171875,17993.33984375,7394.35009765625,48332.796875,12384.8291015625,5080.04052734375
2018-11-01,15224.34765625,31107.8828125,14022.4833984375,16466.486328125,64197.52734375,18105.625,19114.744140625,101729.4375,16108.787109375,15669.578125,6511.447265625,3941.3955078125,6178.87109375,2285.530517578125,2741.94775390625,5236.35791015625,4834.37060546875,37630.87890625,23327.59765625,8580.1171875,25223.365234375,35386.484375,12138.630859375,13864.6865234375,120.59397888183594,16663.912109375,18038.24609375,7497.9072265625,48284.86328125,12369.8935546875,5196.74365234375
2018-11-05,16144.7734375,31374.349609375,14656.005859375,16395.5546875,63548.08984375,19487.23828125,19742.75,105493.3125,16938.20703125,15513.169921875,6911.8134765625,4040.179443359375,6011.90087890625,2401.693359375,2791.80126953125,5333.8603515625,4918.46875,37554.1171875,23953.89453125,8929.1865234375,26023.349609375,36783.8515625,12618.70703125,14572.009765625,128.90187072753906,17566.787109375,19615.029296875,7873.30029296875,49039.8203125,13148.423828125,5349.35400390625
2018-11-06,15866.1591796875,31059.072265625,14346.2373046875,16084.845703125,60858.7578125,19299.703125,19320.419921875,106028.578125,16867.2578125,15187.4833984375,6886.9150390625,3982.306396484375,5871.92626953125,2409.63671875,2721.009033203125,5301.7421875,4877.74267578125,37655.0,23645.734375,8874.3330078125,25858.177734375,36584.3359375,12200.791015625,14338.85546875,128.74090576171875,17635.4765625,19408.45703125,7806.58544921875,49290.46484375,13216.1259765625,5305.4658203125
2018-11-07,16194.5263671875,31137.162109375,13987.5087890625,16054.875,62818.9921875,19761.568359375,19746.74609375,108352.4296875,17364.91015625,15432.984375,7071.1640625,3934.410400390625,5799.93994140625,2490.05712890625,2731.9765625,5354.50732421875,4929.576171875,36901.6796875,24808.57421875,8926.1943359375,26155.681640625,36187.81640625,12271.5595703125,14666.4140625,133.2812957763672,18039.6328125,19770.712890625,7931.0537109375,49305.4453125,13164.35546875,5606.69775390625
2018-11-08,15927.8525390625,31067.857421875,14032.4755859375,16134.7998046875,61937.48046875,19600.9609375,19586.99609375,109212.25,16995.16796875,15411.2060546875,6923.765625,3979.312255859375,5838.931640625,2459.278564453125,2741.94775390625,5306.90380859375,4914.76611328125,36717.46484375,24403.67578125,8664.890625,25968.625,35152.265625,12062.1240234375,14521.232421875,130.97885131835938,17421.455078125,19307.66015625,7664.19580078125,48609.41015625,12855.73046875,5477.02880859375
2018-11-09,15740.78125,30408.025390625,13771.669921875,16204.7333984375,62409.59765625,19511.181640625,19419.265625,109256.1875,16383.5947265625,14702.4189453125,6906.833984375,3877.534423828125,5650.966796875,2452.328857421875,2736.96240234375,5333.8603515625,4918.99853515625,35932.34765625,24679.923828125,8477.3916015625,26098.96875,34508.96484375,11953.1025390625,14585.5966796875,130.3026885986328,17391.5859375,19386.498046875,7669.17431640625,47230.328125,12974.201171875,5548.84521484375
2018-11-12,15408.4326171875,30844.3359375,13627.7763671875,15885.03515625,55354.56640625,18961.529296875,18764.302734375,108186.640625,16188.732421875,14637.0830078125,6686.73193359375,3923.43505859375,5570.9814453125,2368.929931640625,2960.306396484375,5224.31494140625,4817.44580078125,35244.8203125,23558.970703125,7967.75048828125,25322.86328125,33320.03515625,11714.9775390625,14330.9921875,125.90721893310547,16924.720703125,18842.609375,7490.93701171875,47070.5546875,11976.6455078125,5350.35107421875
2018-11-13,15622.3720703125,30235.259765625,13498.8759765625,15735.17578125,54183.21875,19352.5703125,18776.279296875,109045.484375,16229.703125,14510.3720703125,6850.06591796875,3941.3955078125,5598.97705078125,2386.80078125,2934.382568359375,5259.873046875,4888.85009765625,35526.625,23241.833984375,8082.4453125,25974.58984375,32687.03515625,11609.7841796875,14536.2490234375,127.88761138916016,17141.73046875,19191.888671875,7743.8544921875,46541.2890625,12141.912109375,5453.0888671875
2018-11-14,15423.3623046875,29889.7265625,13522.8583984375,15843.0732421875,53056.68359375,19031.357421875,18821.20703125,107965.9609375,16464.537109375,14403.4599609375,6843.09375,3891.50390625,5460.0009765625,2350.065673828125,2956.318115234375,5276.50634765625,4866.10595703125,36042.00390625,23010.458984375,8168.21630859375,25527.8359375,34075.10546875,11504.5888671875,14257.67578125,126.63172912597656,16912.779296875,18878.53515625,7641.29296875,43689.25390625,12220.55859375,5357.333984375
2018-11-16,15499.9775390625,30095.671875,13732.697265625,15256.6259765625,48498.75,19524.1484375,18780.2734375,108279.515625,16406.578125,15421.1044921875,6824.1708984375,4068.118896484375,5437.005859375,2329.2158203125,3088.928955078125,5212.27001953125,4811.0986328125,35079.23828125,23158.056640625,8359.7041015625,26039.267578125,34931.75390625,11064.677734375,14307.03515625,128.16131591796875,16982.4609375,18661.97265625,7688.09326171875,44235.49609375,12344.0087890625,5276.5400390625
2018-11-19,15834.31640625,30448.044921875,13899.5751953125,14988.87890625,49032.64453125,19693.73828125,18618.52734375,110145.984375,16508.5078125,15102.34765625,6876.95556640625,4170.89453125,5457.001953125,2354.037109375,3340.190673828125,5218.578125,4812.68505859375,35259.0703125,23319.62109375,8488.3623046875,26413.388671875,35515.71875,11236.81640625,14400.0302734375,129.30447387695312,17091.95703125,19066.150390625,7842.43212890625,44138.62890625,12147.884765625,5348.357421875
2018-11-21,15329.82421875,29370.4453125,14159.3798828125,14841.0185546875,48218.859375,19489.232421875,18439.8125,109800.453125,15904.9287109375,14056.9853515625,6714.6181640625,4183.865234375,5279.03515625,2347.0869140625,3308.2841796875,5024.15185546875,4627.56201171875,35020.02734375,23630.771484375,8527.2587890625,25489.033203125,34145.37890625,11057.9833984375,14046.6474609375,125.9876480102539,16460.83984375,19055.171875,7523.79638671875,43090.0859375,11995.560546875,5367.3076171875
2018-11-23,15171.609375,27612.51171875,14255.3095703125,15304.580078125,48678.04296875,19595.974609375,18490.736328125,107807.171875,15579.1552734375,13562.0205078125,6659.84130859375,4212.80224609375,5034.07958984375,2372.901123046875,3305.293212890625,4909.4443359375,4509.08203125,33928.96875,24732.783203125,8876.328125,24927.84765625,34161.96875,11044.595703125,14128.1982421875,125.61737060546875,16548.435546875,19356.560546875,7393.3544921875,40375.859375,11975.6494140625,5429.150390625
2018-11-26,15659.1884765625,27137.16015625,14149.3876953125,15386.5048828125,47890.1640625,19980.03125,19088.783203125,109850.3671875,15928.9111328125,13116.5517578125,6966.5908203125,4159.91845703125,5088.068359375,2397.721923828125,3290.33740234375,4957.0478515625,4569.908203125,34240.38671875,25480.748046875,8953.123046875,25915.890625,35480.26953125,11143.0966796875,14521.6416015625,130.70516967773438,16970.513671875,19909.435546875,7704.0244140625,41504.2890625,12345.0048828125,5675.52294921875
2018-11-27,15496.9931640625,26644.236328125,13942.544921875,14992.8740234375,48408.10546875,19882.271484375,18817.212890625,110719.1953125,16040.8349609375,13364.0361328125,6881.9365234375,4071.112548828125,5003.08544921875,2360.98681640625,3250.453857421875,4973.6806640625,4562.50341796875,33784.23046875,25571.49609375,8790.556640625,26262.150390625,35075.703125,11033.1201171875,14307.03515625,129.6425323486328,17246.25390625,20158.923828125,7770.7392578125,41209.703125,12454.517578125,5710.43310546875
2018-11-28,15622.3720703125,27156.681640625,13934.5478515625,14962.904296875,49081.44921875,20280.296875,19110.75390625,111228.5078125,15983.8759765625,13074.974609375,6890.8994140625,4063.1298828125,5147.05908203125,2363.965576171875,3287.345947265625,5025.87158203125,4585.7763671875,33649.37109375,25630.337890625,8816.4853515625,26676.0703125,36389.84375,9481.0029296875,14641.8203125,130.46363830566406,17664.345703125,20001.248046875,7706.01611328125,41965.6484375,12338.9443359375,5698.4638671875
2018-11-29,15801.48046875,27330.42578125,14040.4677734375,15096.77734375,48875.25,20883.8203125,19146.697265625,111152.59375,15948.8984375,13116.5517578125,6978.5419921875,4190.8515625,5144.06005859375,2360.98681640625,3324.237548828125,4955.32763671875,4528.12353515625,33596.7265625,25100.779296875,8956.115234375,27142.73046875,35452.859375,10592.2529296875,15022.38671875,130.83401489257812,17933.1171875,20009.2265625,7813.55517578125,42048.53515625,12772.150390625,5649.5888671875
2018-11-30,15323.8525390625,27036.619140625,13902.572265625,14694.158203125,48225.84375,20479.810546875,18749.32421875,109850.3671875,15379.2939453125,12788.884765625,6652.86962890625,4027.207763671875,5117.06494140625,2345.1015625,3290.33740234375,4798.1796875,4429.744140625,33170.18359375,24035.67578125,8714.7587890625,26448.216796875,34736.26171875,10519.5732421875,14424.353515625,125.97161865234375,17439.369140625,19675.908203125,7650.25439453125,40571.58984375,12498.2861328125,5585.75
2018-12-03,15667.1474609375,28474.3984375,13955.5322265625,14636.2099609375,48642.1796875,20207.4765625,19260.515625,110349.6953125,15586.150390625,13067.0556640625,6843.09375,4061.134033203125,5286.03466796875,2330.208740234375,3376.08544921875,4860.12158203125,4465.1806640625,34097.8515625,24796.607421875,8698.80078125,26888.0078125,36314.16015625,10183.9033203125,14681.880859375,129.28831481933594,17877.373046875,19636.98828125,7846.416015625,43339.73828125,12526.1708984375,5716.41748046875
2018-12-04,15960.6884765625,28052.73046875,14429.1767578125,14826.0322265625,47959.875,20599.515625,19169.658203125,110147.96875,15579.1552734375,13064.0859375,6809.232421875,4111.025390625,5210.0478515625,2397.721923828125,3340.190673828125,4779.25244140625,4375.79296875,33619.75390625,25530.61328125,8650.927734375,27215.369140625,36835.7734375,10423.9404296875,14573.8623046875,128.19349670410156,18003.794921875,19747.763671875,7976.8564453125,43076.109375,12533.142578125,5760.30517578125
2018-12-06,15337.7841796875,27718.912109375,15383.462890625,14659.189453125,49080.453125,20100.73828125,17668.03515625,106758.5859375,14908.6220703125,12815.61328125,6498.49951171875,4287.64013671875,4943.09619140625,2351.05908203125,3366.1142578125,4538.59521484375,4177.81591796875,33084.64453125,25514.650390625,8577.1259765625,25658.181640625,34635.6796875,10328.3076171875,14196.1552734375,124.50640869140625,17201.458984375,19061.16015625,7418.248046875,42490.91796875,12215.455078125,5549.841796875
2018-12-07,15415.400390625,28333.841796875,15330.501953125,14441.39453125,47958.8828125,19940.1328125,17382.484375,106754.59375,14684.779296875,12689.8935546875,6513.43798828125,4292.62890625,5049.07763671875,2348.079833984375,3489.75146484375,4573.595703125,4220.68017578125,32185.486328125,24763.6953125,8616.021484375,26118.865234375,35377.43359375,10393.3388671875,14162.5361328125,124.36149597167969,17082.0,18867.5546875,7340.58056640625,43084.09765625,12265.2490234375,5520.91650390625
2018-12-10,14969.6142578125,28102.5078125,16141.8935546875,13818.9814453125,48901.14453125,19274.763671875,17472.34375,105102.8515625,14509.8994140625,12461.2197265625,6374.00732421875,4365.4697265625,5009.0849609375,2300.423583984375,3717.083740234375,4501.8740234375,4155.06201171875,32635.064453125,23602.853515625,8366.6865234375,25540.771484375,34572.8359375,10356.9970703125,13751.2060546875,121.09303283691406,16693.77734375,18262.7890625,7336.59716796875,41311.55859375,11950.5517578125,5404.2138671875
2018-12-11,15368.6298828125,29041.501953125,16437.669921875,14190.630859375,49424.0859375,19254.80859375,17697.98828125,105656.0859375,14784.7080078125,12634.4580078125,6433.763671875,4255.7099609375,5136.0615234375,2323.2587890625,3612.3916015625,4519.0849609375,4154.00390625,33001.30859375,24008.74609375,8339.7568359375,25869.12109375,35843.97265625,10352.2158203125,13565.216796875,120.43291473388672,16636.037109375,18093.138671875,7314.69189453125,42297.1875,12300.1064453125,5422.16796875
2018-12-12,15564.65625,28858.974609375,16723.453125,14262.5625,49062.52734375,19834.388671875,17665.041015625,107549.5,15029.5380859375,12799.7744140625,6554.27197265625,4495.18603515625,5179.05322265625,2333.1875,3669.224609375,4532.8583984375,4174.11181640625,33438.8203125,24037.7890625,8571.1396484375,25971.609375,35919.91015625,10328.3076171875,13749.775390625,123.9750747680664,17090.96484375,18714.86328125,7533.75341796875,42348.12109375,12319.0283203125,5422.16796875
2018-12-13,15828.345703125,29620.322265625,17065.201171875,14150.6689453125,48422.04296875,20400.00390625,17845.75390625,108198.6328125,15046.5263671875,13706.55078125,6543.31689453125,4560.04443359375,5313.02734375,2311.34521484375,3749.987548828125,4515.64404296875,4171.9951171875,32336.8125,23880.193359375,8472.404296875,26286.025390625,35452.984375,10333.08984375,13819.880859375,125.26313018798828,17350.7734375,19131.017578125,7520.80908203125,42634.71875,12397.701171875,5520.91650390625
2018-12-14,15754.7138671875,30020.51953125,17069.193359375,12937.810546875,47925.0234375,20471.826171875,18070.3984375,107168.0390625,15069.509765625,13718.4296875,6423.8037109375,4602.9521484375,5236.04150390625,2303.40185546875,3577.493896484375,4461.70849609375,4114.84375,32220.57421875,23023.4140625,8578.1220703125,26404.435546875,35431.11328125,10328.3076171875,13583.8154296875,123.33108520507812,17283.0859375,18987.30859375,7567.60888671875,42803.484375,12378.7802734375,5348.357421875
2018-12-18,15344.75,30234.279296875,17585.810546875,13445.3330078125,46905.06640625,19801.46875,18536.658203125,105656.0859375,15161.4462890625,13779.8037109375,6268.4375,4689.76123046875,5247.04052734375,2283.544677734375,3676.20361328125,4413.51171875,4074.6279296875,31633.931640625,23026.400390625,8390.6220703125,25828.328125,35497.1171875,10150.431640625,13545.1875,122.26847076416016,17003.359375,18562.17578125,7532.7578125,40734.36328125,12338.9443359375,5364.3154296875
2018-12-19,15852.2275390625,30432.42578125,17933.546875,13304.4658203125,45868.171875,20341.14453125,18674.44140625,105755.953125,15543.1796875,13295.7275390625,6349.10791015625,4748.6328125,5275.03564453125,2323.2587890625,3665.23583984375,4489.25048828125,4127.015625,31948.63671875,23638.81640625,8547.2041015625,26610.404296875,35452.859375,10186.771484375,13754.7861328125,123.2183609008789,17679.27734375,18605.091796875,7672.16064453125,41658.07421875,13008.1748046875,5455.08447265625
2018-12-20,15719.88671875,30181.57421875,17976.515625,13222.54296875,46338.31640625,20422.951171875,19305.443359375,105306.5625,15602.1396484375,13329.38671875,6377.990234375,4721.6923828125,5177.05322265625,2311.34521484375,3539.604736328125,4470.8896484375,4125.42822265625,32210.70703125,24376.908203125,8422.5380859375,26702.9375,35232.3515625,10104.529296875,13721.1611328125,123.84629821777344,17572.76171875,18028.265625,7677.1396484375,41182.7421875,12699.4541015625,5481.01806640625
2018-12-21,15380.572265625,30577.865234375,17608.7890625,12959.791015625,45768.58203125,20135.65625,18838.185546875,106317.203125,15296.3515625,13116.5517578125,6289.35205078125,4623.9052734375,5215.046875,2288.50927734375,3393.03564453125,4475.47998046875,4150.29931640625,32238.119140625,23532.08984375,8345.7431640625,26591.5,36207.1796875,10065.318359375,13513.7119140625,123.39546203613281,17408.509765625,18257.798828125,7514.83544921875,41074.890625,12854.8125,5367.3076171875
2018-12-27,15534.8056640625,30693.044921875,18256.306640625,12987.763671875,45121.62109375,19714.685546875,18775.279296875,108652.0234375,15308.3427734375,13081.904296875,6394.921875,4889.32568359375,5206.048828125,2293.4736328125,3589.45849609375,4460.56201171875,4124.89892578125,32245.79296875,23656.771484375,8755.650390625,26731.791015625,36039.97265625,10137.998046875,13432.8759765625,124.40985107421875,17445.34765625,18859.57421875,7672.16064453125,41926.70703125,12789.0830078125,5368.30615234375
2018-12-28,15845.2626953125,31349.947265625,18070.4453125,13318.453125,47084.8515625,20350.126953125,18759.306640625,111348.3359375,15738.044921875,13211.587890625,6500.4921875,4909.28271484375,5331.02587890625,2296.451904296875,3659.253662109375,4591.38232421875,4245.0205078125,32681.115234375,24327.03515625,8782.578125,27263.125,36458.61328125,10593.2109375,13926.46875,126.56735229492188,17742.986328125,18921.4453125,7876.28759765625,42614.75,13105.7724609375,5436.1318359375
2019-01-04,15935.8134765625,30232.328125,18253.30859375,13344.4296875,46190.390625,20449.880859375,19069.818359375,111120.6640625,15888.939453125,13165.060546875,6498.49951171875,5085.8974609375,5041.07763671875,2328.222900390625,3716.087158203125,4573.595703125,4251.90087890625,33011.17578125,24337.009765625,8705.7822265625,27321.82421875,35874.1484375,10902.1025390625,13766.23046875,125.92327880859375,17990.853515625,18761.771484375,8083.40087890625,43111.0625,13036.060546875,5452.09228515625
2019-01-07,16188.556640625,30413.876953125,18085.435546875,13465.314453125,43727.125,20318.203125,18870.130859375,110624.328125,15837.9765625,13251.1845703125,6461.6494140625,5053.96630859375,5071.0732421875,2349.072998046875,3743.0078125,4629.8251953125,4285.2373046875,32783.09765625,24486.625,8725.7294921875,26825.32421875,35475.6171875,10757.697265625,13756.9287109375,125.50464630126953,17819.63671875,18816.662109375,8092.3623046875,42444.98828125,12893.6494140625,5387.2568359375
2019-01-08,16381.599609375,30585.669921875,17129.154296875,13930.8759765625,44513.01953125,19981.029296875,18619.52734375,110298.7578125,15825.984375,13166.048828125,6473.60107421875,4887.33154296875,5159.0556640625,2353.044189453125,3699.136474609375,4690.072265625,4354.56005859375,33173.46875,24343.0,8626.9921875,26945.716796875,35647.6015625,10825.5986328125,13964.3828125,124.05560302734375,17917.1875,18644.009765625,7941.01025390625,43014.1953125,12975.3125,5422.16796875
2019-01-09,16368.6591796875,31366.541015625,17636.7734375,13978.830078125,44314.80859375,20131.658203125,18685.423828125,113136.90625,16066.8154296875,13747.1357421875,6648.88671875,5058.9541015625,5270.03564453125,2353.044189453125,3729.048583984375,4825.484375,4473.62353515625,34077.01171875,24691.09375,8701.7919921875,27078.0546875,37376.48828125,10892.5419921875,14392.162109375,126.06818389892578,17997.822265625,18908.474609375,8069.46142578125,44438.2109375,13095.8134765625,5574.77978515625
2019-01-10,16663.19921875,31152.77734375,17711.712890625,13951.85546875,44927.3828125,19999.982421875,18899.08984375,113944.8046875,16054.8251953125,13284.8408203125,6771.38623046875,5038.99853515625,5167.05517578125,2362.97265625,3733.036865234375,4838.10791015625,4469.91943359375,34082.4921875,25081.0859375,8632.9765625,27319.841796875,37139.51171875,10871.5009765625,14612.4931640625,128.3544921875,18291.48046875,18954.376953125,8144.14111328125,44333.359375,13079.8798828125,5610.6865234375
2019-01-11,16871.1640625,31242.580078125,17769.673828125,13936.87109375,44598.6875,20127.66796875,19057.83203125,111748.7890625,16201.7216796875,13927.3046875,6797.28125,4995.09521484375,5199.0498046875,2367.93701171875,3678.197998046875,4914.994140625,4550.88330078125,34298.49609375,25267.60546875,8625.9951171875,27659.134765625,37524.08203125,10928.880859375,14657.55859375,129.9001922607422,18438.810546875,19257.759765625,8225.7919921875,44737.796875,13170.50390625,5663.552734375
2019-01-15,17015.447265625,30922.41796875,17329.001953125,14599.24609375,44339.71484375,20649.392578125,19672.86328125,112846.3046875,16402.58203125,14814.279296875,6804.2529296875,4938.2197265625,5182.05322265625,2398.71533203125,3508.69580078125,4801.95947265625,4439.7568359375,34720.66796875,25436.166015625,8531.2470703125,27681.02734375,37510.7578125,10943.2255859375,14566.708984375,130.04501342773438,18646.859375,19252.76953125,8432.9052734375,43898.9609375,13116.7265625,5451.09375
2019-01-16,17483.123046875,30803.337890625,17083.185546875,14266.55859375,43964.19921875,20980.58203125,19998.349609375,113022.0703125,16709.369140625,14435.138671875,6888.9072265625,4849.41259765625,5149.05908203125,2446.3720703125,3485.7626953125,4898.92919921875,4511.724609375,35089.11328125,25847.103515625,8577.1259765625,27805.404296875,38245.58984375,10995.822265625,14664.7099609375,132.62115478515625,18885.76953125,19529.208984375,8392.078125,41544.23828125,13582.7978515625,5478.02490234375
2019-01-17,17337.845703125,31025.88671875,17570.822265625,14034.77734375,44768.01953125,20762.1171875,19141.703125,112619.6015625,16526.498046875,14463.8447265625,6728.5615234375,4942.21044921875,5152.05810546875,2451.335693359375,3594.4443359375,4863.353515625,4477.328125,34984.9375,21534.26171875,8477.3916015625,27697.939453125,38265.703125,11079.0234375,14664.7099609375,129.6747283935547,18522.42578125,18587.130859375,8304.453125,41537.24609375,13135.6484375,4931.42041015625
2019-01-18,17372.671875,31530.5234375,16948.291015625,13984.8251953125,44700.28515625,20250.369140625,19419.265625,111676.8984375,16510.505859375,14162.9052734375,6798.27685546875,4942.21044921875,5330.02587890625,2441.407470703125,3549.575927734375,4961.4697265625,4577.34130859375,35051.83203125,20843.056640625,8525.2626953125,27631.27734375,38501.8046875,11205.2578125,14736.2470703125,129.73912048339844,18343.24609375,18968.349609375,8336.3193359375,41823.84765625,13244.197265625,5012.2138671875
2019-01-22,17357.74609375,31575.423828125,16987.259765625,14721.1318359375,45589.765625,20050.857421875,19468.185546875,112325.015625,16451.546875,14725.1865234375,6749.4755859375,5094.876953125,5231.0419921875,2467.220947265625,3617.376953125,5074.50537109375,4677.884765625,35804.04296875,21158.23828125,8592.0869140625,27490.98046875,39601.8515625,11189.001953125,14787.0380859375,131.30087280273438,18445.779296875,18494.31640625,8278.56640625,42241.26953125,12764.185546875,4999.2470703125
2019-01-23,17356.751953125,31695.484375,17227.08203125,15690.21875,44697.296875,20200.486328125,19080.521484375,112598.6328125,16412.572265625,14422.267578125,6846.08154296875,5133.7919921875,5227.0439453125,2482.1142578125,3679.195068359375,5105.490234375,4705.40087890625,36304.0703125,21008.625,8636.9658203125,27286.01171875,38344.40234375,11211.9521484375,14807.7802734375,132.50840759277344,18384.060546875,18838.61328125,8339.306640625,41842.8203125,12907.591796875,5029.1708984375
2019-01-24,17463.220703125,31466.099609375,17578.8125,15385.5048828125,43737.09375,20090.759765625,19088.5078125,114843.578125,16191.728515625,14445.037109375,6923.765625,5128.80322265625,5184.052734375,2455.306884765625,3679.195068359375,5054.42333984375,4658.833984375,35680.140625,20995.662109375,8378.654296875,27874.056640625,38092.96484375,11323.84375,14780.599609375,133.16854858398438,18714.55078125,18524.25390625,8364.1982421875,40981.015625,12136.78125,5014.20849609375
2019-01-29,18535.890625,32727.21484375,18483.138671875,14925.9384765625,44765.02734375,20050.857421875,18899.783203125,116920.75,15804.998046875,14645.001953125,6938.705078125,5393.2255859375,5364.01953125,2564.520263671875,3828.755859375,5096.30859375,4675.23828125,36404.94921875,21687.869140625,8527.2587890625,28258.126953125,38778.0078125,11772.3583984375,14789.8984375,133.29742431640625,19190.380859375,17813.705078125,8319.3916015625,41530.26171875,12079.0185546875,5085.02880859375
2019-01-30,18440.3671875,33284.55859375,18863.84765625,14766.0888671875,46640.6015625,19846.36328125,18951.701171875,115448.75,15615.130859375,14353.9638671875,6847.0791015625,5428.1494140625,5423.0087890625,2528.77783203125,3865.647705078125,5118.6865234375,4698.52197265625,36709.7890625,21693.849609375,8495.341796875,28317.828125,38012.00390625,11857.470703125,14749.83984375,132.02540588378906,19184.40234375,15281.861328125,8263.6298828125,41442.37890625,11922.666015625,4914.462890625
2019-01-31,18387.62890625,33390.94921875,18683.986328125,14514.326171875,46405.54296875,20210.46484375,19661.685546875,116458.359375,15910.9248046875,15237.9697265625,6910.81787109375,5364.28857421875,5375.01708984375,2578.419921875,3853.682373046875,4995.32373046875,4587.396484375,35416.9765625,22242.431640625,8679.8505859375,28434.2421875,38218.6875,11996.138671875,15096.783203125,134.45660400390625,19411.3671875,16331.72265625,8375.15234375,39986.3984375,12008.3125,5010.2197265625
2019-02-01,18199.564453125,33692.5546875,18984.763671875,14486.3525390625,47312.9609375,20300.248046875,19771.5234375,116499.3203125,15938.9052734375,15492.380859375,6822.17822265625,5365.287109375,5305.02978515625,2548.634521484375,3863.654052734375,4966.634765625,4550.88330078125,35418.078125,22269.361328125,8786.56640625,28194.447265625,37024.359375,11988.4853515625,14950.8525390625,133.66770935058594,19335.712890625,16415.55078125,8413.9853515625,39794.66796875,11941.5888671875,5024.18310546875
2019-02-04,17446.306640625,33479.765625,18020.484375,14321.5078125,47021.10546875,19648.841796875,19154.4140625,113559.328125,15639.115234375,15051.8623046875,6638.92724609375,5091.8837890625,5265.0380859375,2504.949462890625,4169.7548828125,4851.87890625,4458.80712890625,35535.3984375,21095.404296875,8563.162109375,27786.494140625,37150.07421875,11944.49609375,14501.61328125,130.81785583496094,18694.640625,15907.5859375,8165.0517578125,40144.18359375,11568.134765625,4775.8173828125
2019-02-05,17478.14453125,33566.63671875,18225.330078125,14336.4931640625,48010.19921875,20020.9375,19384.080078125,115625.53125,15689.080078125,15541.876953125,6747.4833984375,5028.02294921875,5292.0322265625,2536.720947265625,4151.8076171875,4927.0439453125,4510.6650390625,36042.00390625,21625.033203125,8734.7041015625,28258.126953125,38159.9765625,12081.251953125,14648.2568359375,133.0880889892578,18547.3125,16396.58984375,8214.8388671875,41823.84765625,11766.314453125,4902.494140625
2019-02-06,17597.5546875,33724.765625,18325.25390625,14676.173828125,48060.00390625,20232.4140625,19350.1328125,117348.15625,15636.115234375,15431.9951171875,6748.48095703125,4948.19775390625,5344.0234375,2558.5634765625,4236.55810546875,5080.8173828125,4653.01318359375,36161.51953125,21290.89453125,8738.6943359375,28234.25,38869.54296875,12174.015625,14664.7099609375,133.6515655517578,18665.771484375,16316.751953125,8182.9736328125,42306.17578125,11568.134765625,4932.4169921875
2019-02-07,17463.220703125,33778.453125,18596.05078125,14243.5810546875,48397.66015625,20087.767578125,18614.193359375,117589.84375,15436.2548828125,15003.3544921875,6672.78857421875,4795.52978515625,5310.0283203125,2531.756103515625,4347.2333984375,4965.4873046875,4550.88330078125,35347.89453125,20983.6875,8547.2041015625,27375.55859375,38206.11328125,12049.693359375,14439.3779296875,132.20254516601562,18347.224609375,15967.4638671875,7999.7587890625,41093.86328125,11333.10546875,4787.787109375
2019-02-08,17510.986328125,33229.8828125,18286.28515625,14361.470703125,47312.9609375,19603.953125,18487.376953125,117639.7890625,15304.3466796875,14900.40234375,6573.1953125,4809.49951171875,5206.048828125,2531.756103515625,4511.74951171875,4881.140625,4466.744140625,34966.3046875,20525.875,8477.3916015625,27491.9765625,37590.09375,12010.4833984375,14236.931640625,129.7713165283203,18376.09375,16000.3984375,7880.27099609375,38424.57421875,11253.435546875,4723.94921875
2019-02-12,17803.53125,33038.578125,18461.158203125,14436.3994140625,48488.3046875,19569.041015625,18444.439453125,119061.8359375,15098.4921875,14452.955078125,6520.40966796875,4930.23583984375,5175.05322265625,2475.16455078125,4456.912109375,4992.45458984375,4566.22802734375,36027.74609375,20977.70703125,8636.9658203125,28743.69140625,38532.984375,11835.4765625,14531.65625,129.88404846191406,18883.77734375,16397.583984375,7750.82470703125,38955.8359375,11651.7890625,4638.16748046875
2019-02-13,18358.771484375,34123.98046875,18538.09765625,14606.23828125,50426.640625,19574.0234375,18463.408203125,121834.0625,15058.5185546875,14940.9912109375,6468.62109375,5088.8896484375,5353.02099609375,2468.21435546875,4566.5888671875,5123.8505859375,4701.16796875,37022.30078125,20638.583984375,8527.2587890625,28928.763671875,37841.52734375,11887.119140625,14399.3154296875,128.49937438964844,18970.3828125,16181.03125,7719.95654296875,41132.8125,11610.958984375,4600.2646484375
2019-02-14,17712.982421875,33942.44140625,19023.73046875,14568.2744140625,51097.9921875,19276.76171875,17674.548828125,121062.109375,14489.9150390625,15208.271484375,6294.33203125,5245.548828125,5385.01611328125,2459.278564453125,4766.00390625,5006.224609375,4609.62109375,37631.9765625,20546.822265625,8574.1337890625,28513.845703125,38589.4375,11810.611328125,14126.0517578125,125.93940734863281,18734.45703125,15744.91796875,7528.7744140625,40352.890625,11513.3603515625,4500.51904296875
2019-02-15,17310.9765625,34472.453125,19275.54296875,14616.2294921875,51531.27734375,19452.326171875,17464.849609375,120515.84375,14262.072265625,15618.1015625,6249.515625,5236.568359375,5490.99658203125,2458.285400390625,4827.8232421875,5125.57177734375,4709.1064453125,37605.65625,20768.24609375,8417.5517578125,28662.1015625,38419.08203125,11751.3203125,14143.2197265625,125.16656494140625,18729.48046875,16101.19140625,7579.5576171875,40553.6171875,11492.4453125,4498.5244140625
2019-02-19,16938.828125,35001.484375,19863.1015625,14421.412109375,51513.35546875,19679.771484375,17313.064453125,124230.7890625,14195.1171875,15628.001953125,6381.97509765625,5601.7705078125,5508.9921875,2475.16455078125,5083.07275390625,5029.75048828125,4655.65869140625,37898.4375,20998.650390625,8597.072265625,28252.15625,39073.578125,12017.1787109375,13927.18359375,126.3902359008789,18806.1328125,16666.041015625,7571.59130859375,41342.515625,11558.1767578125,4538.421875
2019-02-20,16994.552734375,35628.1328125,22083.43359375,14386.4462890625,51946.6328125,19837.37890625,17784.38671875,126129.203125,14504.9033203125,15442.8818359375,6400.8974609375,5986.9306640625,5618.97265625,2474.171875,5269.5244140625,5053.84912109375,4651.95458984375,37714.21484375,20928.83203125,8661.8984375,28332.75390625,39597.328125,12325.1142578125,14309.8974609375,126.55120086669922,18968.390625,16044.30859375,7607.43798828125,41492.30859375,11669.71484375,4422.71728515625
2019-02-21,17615.46484375,35818.46875,21334.99609375,14086.728515625,51267.32421875,20000.978515625,17719.4765625,126582.59375,14584.84765625,15237.9697265625,6491.5283203125,5767.4091796875,5504.99267578125,2445.37890625,5163.83544921875,5133.03173828125,4709.6337890625,37726.2734375,21084.427734375,8492.3525390625,28755.6328125,38973.00390625,12130.98046875,14772.0146484375,128.53160095214844,19311.82421875,15807.7890625,7766.75634765625,41110.83984375,11564.150390625,4294.04541015625
2019-02-22,17637.359375,36476.359375,20691.478515625,14286.5400390625,52098.04296875,20139.640625,18424.462890625,126827.2578125,15001.5576171875,15217.1806640625,6451.68994140625,5714.52490234375,5661.96533203125,2491.0498046875,5174.8037109375,5158.8515625,4741.3857421875,37878.69921875,21743.71875,8667.8837890625,28475.0390625,39448.6015625,12240.9560546875,14813.5048828125,128.19349670410156,19456.1640625,16283.8193359375,7916.11669921875,41390.44921875,11939.5966796875,4481.56787109375
2019-02-25,17993.58984375,35917.0625,20089.931640625,14286.5400390625,52236.484375,20502.75390625,18811.904296875,129323.8515625,14989.56640625,14854.869140625,6390.9375,5680.5986328125,5578.98046875,2477.149658203125,5087.060546875,5173.7685546875,4746.67626953125,37572.765625,21896.326171875,8541.220703125,28447.181640625,39414.65625,12151.0634765625,14591.03125,128.51541137695312,19563.671875,16151.0908203125,8017.68212890625,41242.65625,11729.466796875,4491.54296875
2019-02-26,18209.517578125,36096.66015625,20078.935546875,14236.5869140625,51527.30078125,20928.705078125,18538.30078125,129417.734375,15289.357421875,14922.1826171875,6462.64599609375,5702.55126953125,5568.9814453125,2467.220947265625,5269.5244140625,5256.96728515625,4810.7060546875,37993.82421875,22208.521484375,8427.5234375,28855.1328125,39501.78515625,12134.8056640625,14643.2509765625,130.41539001464844,19563.671875,16940.484375,8072.44775390625,41766.9296875,11572.1162109375,4611.23681640625
2019-02-27,18139.861328125,36993.6796875,20285.787109375,14126.69140625,51805.1875,20903.76953125,18173.826171875,130222.6328125,15319.3369140625,15231.0400390625,6423.8037109375,5727.49560546875,5719.9541015625,2456.300048828125,5483.8955078125,5223.11376953125,4835.578125,37690.09375,22142.6875,8420.5419921875,28372.552734375,39118.51171875,11523.712890625,14419.345703125,129.12734985351562,19301.8671875,17109.13671875,7916.11669921875,42569.8125,11720.50390625,4598.2705078125
2019-02-28,17970.701171875,36375.81640625,20185.857421875,13930.8759765625,50979.46484375,20756.126953125,18040.015625,130443.3125,15397.28125,15018.2060546875,6403.88623046875,5738.4716796875,5652.96630859375,2424.529052734375,6002.373046875,5253.52490234375,4845.63232421875,35884.09765625,21533.265625,8329.78515625,28297.9296875,39486.6171875,11319.060546875,14392.8779296875,128.99855041503906,19287.931640625,17135.0859375,7835.4619140625,42928.3125,11564.150390625,4568.34619140625
2019-03-01,17593.578125,36877.53125,19920.060546875,14031.7802734375,53392.9140625,21108.265625,18127.888671875,129823.1875,15089.4970703125,14522.2509765625,6419.81982421875,5637.69189453125,5739.95068359375,2417.5791015625,5715.2158203125,5352.21484375,4931.3583984375,36580.3984375,21794.587890625,7878.98681640625,28099.92578125,39611.22265625,11504.5888671875,14414.3369140625,128.8374786376953,19159.517578125,17189.9765625,7717.96484375,42726.59765625,11253.435546875,4602.2607421875
2019-03-06,17234.36328125,37016.12890625,19057.70703125,13969.8388671875,56277.515625,20472.8203125,17986.09765625,125223.4453125,15039.53125,14262.890625,6249.515625,5308.41162109375,5771.94384765625,2459.278564453125,5935.56884765625,5137.62109375,4744.56005859375,37242.70703125,20646.564453125,7585.76904296875,27064.12109375,41690.1875,11714.9775390625,14664.7099609375,125.87503051757812,18734.45703125,17702.93359375,7699.04638671875,43025.17578125,11237.501953125,4649.14013671875
2019-03-07,17159.734375,37315.7890625,18538.09765625,14101.71484375,57797.49609375,20118.69140625,17843.30078125,123664.5703125,14889.6357421875,14213.392578125,6206.6884765625,5268.4970703125,5730.95263671875,2441.407470703125,5876.7421875,5053.84912109375,4659.89208984375,36953.2109375,20546.822265625,8956.115234375,26359.658203125,40583.66796875,11687.244140625,14521.6416015625,124.79627990722656,18160.080078125,17616.10546875,7804.59375,43188.94921875,11582.0771484375,4595.27734375
2019-03-08,17149.78125,36484.16015625,19183.609375,10056.5263671875,57605.26953125,20042.880859375,18016.052734375,123132.3046875,14641.80859375,14502.4541015625,6266.4462890625,5403.20361328125,5538.9873046875,2464.242919921875,5922.6064453125,4974.6669921875,4583.16162109375,36096.81640625,20945.787109375,8965.0908203125,26421.349609375,39826.328125,11687.244140625,14485.873046875,125.76229095458984,18440.798828125,17699.93359375,7896.20263671875,42144.40234375,11411.7802734375,4717.96484375
2019-03-11,16617.42578125,36546.63671875,18269.296875,10239.3525390625,56964.80078125,19751.59375,18229.7421875,125453.125,14515.89453125,14081.732421875,6186.77099609375,5366.28515625,5635.9697265625,2447.364990234375,5912.63623046875,4974.6669921875,4571.52099609375,36266.78515625,20834.076171875,9267.2841796875,25681.06640625,40798.00390625,11635.6044921875,14307.03515625,124.1199951171875,18410.93359375,17683.97265625,7589.51513671875,42454.97265625,11253.435546875,4708.9873046875
2019-03-12,16585.583984375,36482.20703125,18381.21484375,11292.361328125,57425.96875,19901.228515625,18138.87890625,126716.40625,14589.84375,14155.978515625,6313.25439453125,5501.98876953125,5697.9580078125,2432.471923828125,5832.87060546875,5049.25927734375,4612.2666015625,36013.49609375,21210.103515625,9464.7568359375,26069.119140625,40539.8515625,11705.41796875,14450.10546875,126.55120086669922,18727.490234375,17763.806640625,7460.068359375,42249.2578125,11448.6259765625,4627.19677734375
2019-03-13,15853.2236328125,36582.359375,18780.916015625,10838.7900390625,56444.84765625,19751.59375,18063.98046875,127173.7890625,14334.0146484375,14847.9384765625,6274.4130859375,5553.078125,5832.93408203125,2455.306884765625,6022.314453125,5106.06298828125,4666.77197265625,36489.3828125,20143.865234375,9592.4189453125,25459.18359375,40996.125,11954.060546875,14294.873046875,125.03776550292969,18454.736328125,17058.740234375,7229.05810546875,42298.09765625,11432.6953125,4529.3466796875
2019-03-14,16099.9970703125,36442.76953125,18966.775390625,10140.447265625,57526.57421875,19801.46875,17692.517578125,125578.9609375,14165.1201171875,15491.3896484375,6227.60400390625,5638.89404296875,5870.9267578125,2412.61474609375,6281.55322265625,5209.91845703125,4772.6064453125,36719.65234375,19220.251953125,9383.9736328125,25330.828125,40767.7890625,11734.1044921875,14163.966796875,122.22013854980469,18515.458984375,16662.51171875,7287.806640625,43620.4453125,11359.99609375,4482.45703125
2019-03-15,16448.265625,36018.16015625,19777.1640625,9754.8095703125,58048.51171875,20020.9375,17887.236328125,129823.1875,14234.078125,15823.0166015625,6378.98681640625,5602.9716796875,5852.9296875,2396.729248046875,6405.19091796875,5188.115234375,4770.48974609375,36927.984375,19294.064453125,9473.734375,26054.193359375,40791.1328125,11544.751953125,14217.6181640625,124.36149597167969,19033.099609375,16460.904296875,7318.673828125,42364.015625,11641.830078125,4508.3955078125
2019-03-18,16629.3671875,36662.3984375,19895.080078125,9728.833984375,59664.12109375,19951.103515625,17974.11328125,131094.46875,14482.9208984375,16300.162109375,6370.0234375,5687.79052734375,5950.91259765625,2410.62890625,6534.80859375,5203.60498046875,4773.6640625,36596.84375,19449.658203125,9401.9248046875,25998.47265625,41929.41796875,11547.623046875,14307.03515625,123.92684936523438,19268.0234375,16585.6640625,7412.27392578125,43595.47265625,11792.20703125,4570.24951171875
2019-03-19,15969.6435546875,37239.265625,19441.34765625,9640.9169921875,59527.171875,19691.5234375,17874.255859375,133651.96875,14433.951171875,16659.509765625,6187.7666015625,5560.06494140625,6065.890625,2409.63671875,6702.3173828125,5287.95068359375,4845.63232421875,37543.15625,19449.658203125,9218.4140625,25101.970703125,42269.25390625,11608.828125,14139.6435546875,120.04657745361328,18784.232421875,16207.3984375,7413.26953125,45127.55859375,11645.8125,4537.32763671875
2019-03-20,15453.208984375,36886.89453125,19268.466796875,9337.203125,58997.27734375,19854.1484375,17907.20703125,132715.234375,14112.1533203125,16263.533203125,6092.1572265625,5563.0576171875,6013.90087890625,2374.88623046875,6770.11767578125,5012.5361328125,4588.4541015625,37015.72265625,19150.431640625,9326.1279296875,24870.138671875,41513.078125,11571.5283203125,13558.77734375,118.21102142333984,18425.86328125,15623.537109375,7406.298828125,44908.828125,11700.5869140625,4406.63525390625
2019-03-22,15112.9033203125,36543.30859375,20568.5546875,9100.4267578125,58815.96484375,19554.84375,18422.466796875,132109.0625,13591.48046875,16364.509765625,6075.2255859375,5887.361328125,5934.9140625,2405.66552734375,6724.2529296875,4853.6005859375,4433.93505859375,35829.2734375,18056.26953125,9325.1298828125,24792.529296875,42502.6484375,11676.7265625,13334.8740234375,117.37386322021484,18216.82421875,15378.0166015625,7246.9814453125,45143.5390625,11572.1162109375,4430.57861328125
2019-03-25,14960.658203125,36059.16015625,20731.44140625,9093.43359375,57759.14453125,19554.84375,17966.123046875,130574.15625,13594.4775390625,15873.5048828125,6039.3720703125,5901.33203125,5880.92578125,2334.179931640625,6351.34765625,4788.18896484375,4365.67236328125,34554.0078125,18121.09765625,9035.900390625,24823.37109375,41822.9609375,11404.1748046875,13193.9482421875,116.56881713867188,17927.142578125,15070.6162109375,7179.27099609375,43978.9921875,11353.0234375,4389.6748046875
2019-03-26,14983.5439453125,36910.328125,20518.587890625,9250.28515625,58428.5,19547.849609375,17849.29296875,128030.6171875,13466.5576171875,16250.6650390625,6060.28662109375,5760.6328125,5939.91357421875,2367.93701171875,6461.025390625,4764.66455078125,4368.31787109375,34783.1796875,18031.330078125,9025.9287109375,24805.462890625,41750.61328125,11423.2978515625,13243.3095703125,118.14663696289062,17797.73828125,15320.1298828125,7268.88720703125,44397.47265625,11225.55078125,4372.71533203125
2019-03-27,15174.59375,37384.70703125,20441.64453125,8991.5283203125,58965.390625,19283.462890625,17723.47265625,128844.5078125,13594.4775390625,16360.544921875,6181.79150390625,5727.70361328125,5948.9130859375,2398.71533203125,6481.96435546875,4892.61669921875,4474.6826171875,35028.8046875,18003.404296875,8580.2080078125,25141.775390625,42768.3203125,11589.7021484375,13377.080078125,120.8515396118164,17926.146484375,15320.1298828125,7266.8955078125,44890.85546875,11328.126953125,4418.6064453125
2019-03-28,15055.1884765625,37393.48828125,19286.455078125,9233.30078125,60078.0078125,18779.626953125,17792.37109375,133817.734375,13278.6767578125,16086.3388671875,6180.794921875,5427.34814453125,5993.904296875,2386.80078125,5983.427734375,4840.40283203125,4424.939453125,35307.3125,18059.259765625,8644.060546875,24937.80078125,42839.6328125,11572.4853515625,13143.875,120.17535400390625,17848.501953125,15468.8388671875,7182.25830078125,45318.3203125,10990.5244140625,4413.61865234375
2019-03-29,15134.7919921875,37659.97265625,19145.55078125,9289.248046875,59552.07421875,19305.4140625,18394.509765625,134815.359375,13671.4306640625,16269.474609375,6270.43017578125,5316.5859375,5997.90380859375,2424.529052734375,6082.138671875,4839.2548828125,4412.76806640625,34856.64453125,18903.0703125,8841.603515625,24998.494140625,43204.62109375,11613.607421875,13252.607421875,122.33287048339844,18438.810546875,15830.1337890625,7344.56298828125,44943.7890625,11097.083984375,4637.09326171875
2019-04-01,15821.3818359375,37875.6875,18418.064453125,9431.1142578125,58010.15234375,20020.765625,18549.287109375,138211.734375,13940.2626953125,16571.404296875,6453.6826171875,5240.75,6096.8857421875,2472.185546875,5833.8671875,4973.51953125,4536.06640625,35551.84375,19578.330078125,9111.9794921875,26001.4609375,43384.0703125,11514.1513671875,13646.0478515625,125.74614715576172,19265.037109375,16434.953125,7643.28466796875,44886.859375,11366.966796875,4681.98828125
2019-04-02,15715.904296875,38480.87890625,18354.111328125,9255.2802734375,58610.80078125,19804.265625,17774.40234375,136863.59375,14015.21484375,17055.478515625,6437.74755859375,5153.93603515625,6079.88818359375,2482.1142578125,5822.8994140625,4956.8798828125,4512.78173828125,35807.33203125,19254.169921875,8978.2890625,25620.37109375,43928.90234375,11619.345703125,13583.8154296875,124.4420394897461,18976.3515625,16168.4755859375,7621.37841796875,44943.7890625,11206.62890625,4572.24560546875
2019-04-03,16378.6103515625,39310.5546875,18659.896484375,9783.7822265625,57465.3125,20351.998046875,17775.400390625,138142.84375,14258.0625,17594.0,6430.16552734375,5348.51806640625,6197.8662109375,2403.703857421875,6084.1328125,5115.2421875,4674.18017578125,36720.75390625,19503.51953125,8954.341796875,25552.892578125,44862.46875,11924.4140625,13676.810546875,127.09647369384766,19372.54296875,16124.5595703125,7788.662109375,46042.41796875,11195.6748046875,4644.076171875
2019-04-04,16321.896484375,38519.9140625,18383.091796875,10026.5546875,57421.484375,20307.103515625,17175.265625,137116.265625,14252.06640625,17088.146484375,6460.05126953125,5268.6884765625,6085.88623046875,2403.703857421875,6161.90380859375,5095.73583984375,4655.1298828125,36275.55859375,19126.49609375,9215.7412109375,25703.17578125,44992.125,11809.6552734375,13616.0048828125,127.91268157958984,19346.666015625,15689.4091796875,7716.96923828125,46390.9765625,11244.474609375,4617.140625
2019-04-05,16502.994140625,39011.87109375,18669.890625,9877.6943359375,56825.8203125,20572.48828125,17319.056640625,136369.28125,14225.0830078125,17443.53125,6488.939453125,5314.5908203125,6086.88623046875,2391.78466796875,6271.58251953125,5076.7998046875,4631.845703125,36185.6484375,19556.384765625,9091.029296875,25698.201171875,45143.6953125,11577.2685546875,13666.0810546875,128.53302001953125,19411.3671875,15821.154296875,7726.92626953125,46681.61328125,11081.1494140625,4629.11181640625
2019-04-08,16317.912109375,39510.6640625,19332.421875,9541.0107421875,57144.58203125,20775.0234375,17382.962890625,137422.828125,13991.2294921875,17620.724609375,6452.08251953125,5533.12109375,6098.8857421875,2387.81201171875,6411.171875,5095.16015625,4666.77197265625,36194.41796875,19051.6875,9169.8466796875,25534.9765625,45355.171875,11667.1611328125,13518.001953125,129.00637817382812,19316.80078125,15789.212890625,7686.10107421875,46881.36328125,11074.177734375,4549.2998046875
2019-04-09,16250.25,39347.6484375,19501.306640625,9782.783203125,56695.34375,20642.328125,17332.041015625,137176.15625,14077.1748046875,17648.447265625,6409.2470703125,5563.0576171875,6056.89306640625,2383.838134765625,6479.97021484375,4987.29150390625,4591.62841796875,35725.1015625,19579.326171875,9188.8017578125,25380.708984375,45705.640625,11628.908203125,13591.685546875,127.7331314086914,19262.05078125,16195.421875,7771.73486328125,46526.80859375,11152.8515625,4608.16064453125
2019-04-10,16043.3984375,39408.16796875,19158.54296875,9890.6806640625,56359.6640625,21012.474609375,17824.328125,140184.046875,14327.01953125,17111.904296875,6685.18212890625,5493.20703125,6026.8974609375,2420.58935546875,6334.3984375,5089.99755859375,4653.54248046875,35384.66796875,21031.568359375,9313.5146484375,26536.234375,46699.2265625,11391.8466796875,13847.822265625,132.2874755859375,19386.916015625,16950.947265625,7723.0439453125,46673.625,11399.8310546875,4768.783203125
2019-04-11,15955.798828125,39078.24609375,18479.0234375,9848.7216796875,56225.21484375,21032.427734375,17674.548828125,137449.78125,14341.0107421875,16967.373046875,6635.3740234375,5318.58251953125,5913.9189453125,2383.838134765625,6268.5908203125,5077.947265625,4651.4267578125,35377.0,20746.3046875,9605.8408203125,26578.033203125,46353.16796875,11288.52734375,13779.8544921875,131.56919860839844,19267.427734375,17013.830078125,7636.38037109375,46176.25,11546.224609375,4741.8466796875
2019-04-12,15810.4677734375,39270.53515625,18192.224609375,9790.7763671875,56103.67578125,21335.73046875,17630.607421875,136857.609375,14440.94921875,17321.767578125,6561.6591796875,5276.67333984375,6034.89599609375,2397.743896484375,6251.64013671875,5164.01513671875,4728.15478515625,35791.49609375,20711.3984375,9727.5595703125,26644.71484375,46548.04296875,11192.8623046875,13847.1064453125,131.6671142578125,19236.55859375,17564.75390625,7653.314453125,46603.71484375,11505.3955078125,4711.91650390625
2019-04-15,16283.298828125,38930.85546875,18050.32421875,10090.4951171875,57236.21875,21530.27734375,17605.64453125,136613.9375,14331.0166015625,17422.7421875,6695.14306640625,5246.736328125,6068.89013671875,2416.61572265625,6268.5908203125,5297.1318359375,4847.22021484375,36154.44921875,20357.310546875,9777.4453125,26752.208984375,45510.76171875,11297.1357421875,13940.8310546875,133.34852600097656,19576.10546875,17673.544921875,7658.2958984375,46272.125,11594.025390625,4704.93408203125
2019-04-16,16018.513671875,38945.49609375,18624.921875,10393.208984375,57182.4296875,21560.20703125,17674.548828125,138605.59375,14704.783203125,16903.02734375,6654.30078125,5375.46044921875,6142.8779296875,2465.2861328125,6296.5087890625,5427.95263671875,4971.04541015625,35664.29296875,20696.43359375,10165.548828125,26753.201171875,46554.52734375,11432.0244140625,13908.63671875,134.1320037841797,19615.935546875,17765.36328125,7831.62255859375,47392.7265625,11724.486328125,4718.900390625
2019-04-17,16222.578125,38412.5390625,18023.341796875,10588.025390625,56447.3203125,21795.6640625,18380.529296875,140718.875,14676.798828125,16680.296875,6720.046875,5345.5234375,6231.861328125,2448.401123046875,6276.5673828125,5399.26416015625,4942.470703125,34103.89453125,20842.05859375,10228.404296875,26925.38671875,46937.80859375,11395.6728515625,13986.6220703125,134.50753784179688,19944.51953125,17842.2109375,7909.3212890625,47381.73828125,11929.63671875,4672.01025390625
2019-04-18,16353.974609375,38730.75390625,18372.095703125,10776.8466796875,55881.5625,21896.4296875,19517.890625,141959.296875,14777.7353515625,16615.94921875,6799.7392578125,5478.23828125,6184.8681640625,2462.30615234375,6240.67236328125,5395.248046875,4973.162109375,34618.171875,21540.251953125,10505.7646484375,27272.740234375,46941.56640625,11376.5361328125,14091.0791015625,135.3889923095703,20147.654296875,17785.326171875,7961.12158203125,46722.5625,12021.259765625,4751.82421875
2019-04-23,16301.21484375,39016.75,17955.388671875,10789.833984375,56776.03515625,21648.005859375,19715.607421875,139477.453125,14929.640625,17090.123046875,6689.16650390625,5175.8896484375,6226.86181640625,2485.1513671875,6266.5966796875,5390.658203125,4931.88720703125,35213.62109375,21528.279296875,10451.8896484375,26986.1015625,47637.1953125,11489.423828125,14010.947265625,134.5890655517578,19864.86328125,17803.2890625,7821.6611328125,48688.10546875,12055.1201171875,4758.80712890625
2019-04-24,15950.82421875,37867.875,18037.33203125,10728.892578125,56776.03515625,21500.349609375,19496.919921875,138129.171875,14676.798828125,17026.771484375,6544.72412109375,5232.76708984375,6073.9638671875,2478.198974609375,6342.37451171875,5301.72216796875,4868.38525390625,34810.078125,20939.806640625,10201.4677734375,26433.716796875,48109.0234375,11570.73828125,13752.6630859375,132.3201141357422,19429.732421875,16802.23828125,7646.34130859375,47973.99609375,11538.2578125,4689.96826171875
2019-04-26,16024.484375,36503.29296875,17935.40234375,10240.3525390625,54641.44921875,21949.310546875,19316.1796875,135689.328125,14390.9814453125,16685.24609375,6714.07080078125,5532.1240234375,5774.0146484375,2457.340087890625,6331.40673828125,5234.01611328125,4783.189453125,34530.4609375,21110.361328125,10376.064453125,26507.3671875,47883.546875,11360.2744140625,14058.8828125,134.7360076904297,19603.984375,17547.78515625,7723.0439453125,47912.07421875,11768.3056640625,4767.78466796875
2019-05-07,16636.677734375,35758.51171875,17108.982421875,10676.94140625,53797.77734375,21551.23046875,19932.291015625,135226.875,14529.8916015625,16196.6513671875,6851.53857421875,5398.4111328125,5437.07275390625,2461.31298828125,5993.3984375,5225.4091796875,4796.4189453125,34102.80078125,21643.978515625,10321.1904296875,27098.56640625,45942.921875,11783.1171875,13966.5888671875,138.35986328125,20046.08984375,18058.791015625,7742.966796875,44815.94921875,11677.681640625,4830.63818359375
2019-05-09,16086.2021484375,34698.47265625,16862.16015625,10197.392578125,53925.265625,21105.259765625,19738.5703125,133783.75,14504.908203125,15915.4189453125,6675.2197265625,5393.42138671875,5249.1044921875,2391.78466796875,5622.48828125,5059.5869140625,4669.947265625,33664.16796875,21004.638671875,10018.888671875,26424.759765625,44214.1640625,11547.7802734375,13535.162109375,134.11572265625,19477.53125,17172.517578125,7456.07958984375,43486.609375,11188.703125,4669.01806640625
2019-05-10,16638.666015625,34187.9765625,16372.5009765625,10207.3837890625,52601.49609375,21588.14453125,19872.3828125,134324.078125,14957.6240234375,16157.0419921875,6923.26220703125,5259.70849609375,5199.11376953125,2431.515625,5768.06103515625,5065.3251953125,4646.13427734375,33554.52734375,21391.6328125,9696.6298828125,27250.84765625,44409.94921875,11542.9970703125,13772.6982421875,137.80487060546875,20273.115234375,17417.0390625,7652.31787109375,43945.0390625,11086.12890625,4791.72900390625
2019-05-13,16772.05859375,33942.00390625,16693.2734375,10381.2197265625,53137.375,21838.56640625,19786.5078125,133429.21875,14668.8056640625,15323.2451171875,6823.646484375,5256.71533203125,5081.13330078125,2438.4677734375,5653.39794921875,5081.3896484375,4665.1845703125,33461.31640625,21118.33984375,9857.26171875,27345.396484375,43501.02734375,11552.5654296875,13746.2255859375,137.4947509765625,20220.34375,17286.296875,7650.32666015625,44345.53515625,11449.6240234375,4879.52197265625
2019-05-14,16992.048828125,34096.2265625,16562.369140625,10084.4990234375,52552.69921875,21001.5,19825.447265625,134877.375,14965.6181640625,15122.2216796875,6839.5859375,5288.64697265625,5108.12841796875,2411.649658203125,5531.75439453125,5091.7197265625,4669.947265625,33272.70703125,21045.529296875,9806.376953125,26740.263671875,43436.5859375,11336.3583984375,13734.779296875,138.26193237304688,20138.693359375,17786.3203125,7779.82421875,44049.90234375,11601.9951171875,4777.76171875
2019-05-15,16791.96484375,34131.359375,16915.12109375,10102.4814453125,53040.76171875,20932.66015625,19871.3828125,133574.015625,14788.7294921875,15341.0703125,6766.86669921875,5385.4384765625,5080.1337890625,2421.582275390625,5583.6025390625,5112.94873046875,4692.70068359375,33465.703125,20478.0,9929.095703125,26648.697265625,42969.421875,11386.103515625,13723.3291015625,137.38046264648438,19833.99609375,17579.72265625,7685.19091796875,43288.85546875,11521.3271484375,4718.900390625
2019-05-16,16877.5703125,34921.02734375,16310.5478515625,10411.19140625,52945.14453125,20801.95703125,20071.09375,134328.046875,14871.6787109375,15626.2646484375,6770.85107421875,5259.70849609375,5111.12841796875,2413.635986328125,5570.640625,5300.0,4881.61669921875,33544.65234375,20422.142578125,10041.8359375,26912.447265625,43760.33984375,11324.87890625,13644.6318359375,137.24989318847656,19992.31640625,17591.69921875,7670.24853515625,43233.9296875,11636.8505859375,4692.96142578125
2019-05-17,16684.458984375,35166.02734375,16334.5283203125,10470.1357421875,54047.78515625,19903.037109375,19541.857421875,132612.265625,14490.9169921875,15782.724609375,6554.685546875,5151.9404296875,5052.13916015625,2398.7373046875,5633.45556640625,5189.83544921875,4785.8349609375,34349.5234375,20220.6640625,9977.9814453125,26466.5625,43035.546875,11268.4365234375,13266.1484375,133.26687622070312,19372.97265625,17069.716796875,7514.85205078125,42745.5390625,11601.9951171875,4598.18408203125
2019-05-20,16828.798828125,34619.41015625,16641.310546875,10490.1181640625,53977.06640625,19637.64453125,19525.880859375,132730.09375,14355.001953125,15353.943359375,6517.82861328125,5146.95068359375,5001.1474609375,2399.730712890625,5422.07666015625,5137.04736328125,4720.7470703125,33218.98046875,19850.623046875,9976.984375,26374.994140625,41620.95703125,11333.4873046875,13302.63671875,132.77719116210938,19638.8359375,16928.994140625,7515.84765625,43342.78515625,11654.775390625,4598.18408203125
2019-05-21,16345.013671875,34835.1328125,16766.2265625,10340.2578125,54570.7265625,19874.099609375,19062.54296875,131152.125,13957.2509765625,15376.71875,6448.09765625,5235.76025390625,5027.142578125,2403.703857421875,5483.8955078125,5149.6708984375,4722.333984375,33245.30078125,19160.41015625,10195.48046875,25514.07421875,41655.44140625,11391.8466796875,13102.306640625,130.63880920410156,19212.662109375,16661.513671875,7374.39599609375,43046.16015625,11900.7587890625,4472.48046875
2019-05-22,16544.103515625,34095.25,16952.099609375,10419.1826171875,54044.80078125,19953.9140625,19604.763671875,131788.328125,14061.1845703125,15421.28125,6538.7470703125,5463.271484375,4862.17236328125,2394.76416015625,5377.20751953125,5106.63671875,4669.947265625,34113.765625,19112.53125,10092.7177734375,25646.447265625,41530.19140625,11365.0576171875,13098.0146484375,132.695556640625,19491.462890625,16914.01953125,7384.357421875,37453.15625,11801.1708984375,4534.33447265625
2019-05-23,16050.365234375,33928.32421875,17121.974609375,9937.6376953125,53777.85546875,19312.40234375,18967.681640625,129552.171875,13419.5888671875,15334.138671875,6396.29736328125,5539.109375,4756.18798828125,2370.92578125,5390.169921875,4934.5029296875,4550.88330078125,33744.23046875,18932.0,9991.9501953125,24745.71875,40531.80859375,11216.7763671875,12831.861328125,128.95745849609375,19016.501953125,16279.255859375,7147.27734375,35310.8359375,11448.6259765625,4454.52197265625
2019-05-24,16007.5625,34486.66796875,16589.349609375,9780.7861328125,54392.43359375,19320.37890625,18573.251953125,128649.328125,13666.4326171875,15972.8525390625,6396.29736328125,5487.2197265625,4783.185546875,2368.939453125,5336.3291015625,4917.28955078125,4529.716796875,33515.0546875,18730.51953125,10006.916015625,24882.0703125,40554.5,11217.732421875,12785.3564453125,128.99009704589844,19287.33984375,16429.966796875,7257.8486328125,35605.46875,11651.7890625,4456.51708984375
2019-05-28,15762.6865234375,35487.16796875,17169.94140625,9256.2802734375,53202.12109375,19498.966796875,18272.68359375,127331.0234375,13673.427734375,16398.666015625,6155.228515625,5675.8154296875,4840.17431640625,2295.437744140625,5593.57275390625,4844.41943359375,4494.26123046875,34219.03125,18027.345703125,9677.6748046875,24133.619140625,40133.8828125,11135.462890625,12549.9677734375,124.69696044921875,18823.330078125,16256.3037109375,7181.14599609375,36853.90625,11451.6171875,4403.642578125
2019-05-29,16180.767578125,34717.0234375,17457.7421875,9205.3271484375,52151.2734375,20053.6875,18523.326171875,127836.375,13852.3154296875,16700.6953125,6375.37841796875,5823.49853515625,4799.181640625,2343.114501953125,5753.1044921875,4866.796875,4465.68701171875,33864.84375,18150.0234375,9957.03125,24937.80859375,41767.47265625,11317.2265625,12836.1533203125,128.22280883789062,19327.169921875,16386.052734375,7294.70556640625,36795.98046875,11619.9189453125,4445.54296875
2019-05-30,16789.974609375,34918.1015625,17968.37890625,9392.150390625,52113.421875,20551.5390625,18845.85546875,132113.890625,14166.119140625,16933.40234375,6599.5126953125,6087.9306640625,4817.17822265625,2383.838134765625,5663.36865234375,5020.56982421875,4592.15869140625,33719.00390625,17716.146484375,10106.685546875,25877.35546875,42400.98828125,11735.2841796875,13191.73828125,132.59759521484375,19785.205078125,17072.712890625,7486.95947265625,37752.78125,11751.3759765625,4491.43505859375
2019-05-31,16822.8203125,33982.98828125,19454.341796875,9784.78125,50502.76171875,20662.283203125,19039.578125,131752.359375,13864.30859375,16822.49609375,6664.26220703125,6529.9814453125,4662.20458984375,2402.7099609375,5783.0166015625,4916.7158203125,4474.6826171875,32756.232421875,19664.103515625,10240.376953125,26082.37890625,42471.66015625,11772.5927734375,13247.5458984375,134.45849609375,19790.189453125,17166.529296875,7586.5732421875,36613.203125,11831.0458984375,4564.26318359375
2019-06-03,17249.865234375,34127.453125,20155.845703125,10249.3447265625,50492.80859375,20995.513671875,19674.662109375,131331.890625,14113.1533203125,16452.140625,6775.83154296875,6790.421875,4704.19775390625,2440.454833984375,5832.87060546875,4871.9619140625,4428.64404296875,33088.48046875,20347.33984375,10452.8876953125,26464.5703125,43436.19921875,11788.8583984375,13455.0322265625,135.3889923095703,20163.587890625,17331.20703125,7640.365234375,36607.2109375,12014.2880859375,4609.158203125
2019-06-04,16523.197265625,35043.04296875,20825.375,10421.1826171875,52455.07421875,20364.96484375,19116.466796875,127244.1328125,13925.2705078125,16541.26171875,6518.82373046875,7130.6923828125,4861.17236328125,2381.851806640625,5882.7236328125,5024.58544921875,4580.5166015625,33952.57421875,19858.6015625,10410.9814453125,25529.00390625,43727.80859375,11752.505859375,13194.6015625,131.37335205078125,19314.2265625,16667.501953125,7441.13720703125,37280.37109375,11809.134765625,4555.2861328125
2019-06-05,16573.966796875,35296.828125,21704.755859375,10120.4658203125,53369.4609375,20360.9765625,19416.037109375,126881.59375,14166.119140625,16547.205078125,6564.6474609375,7583.7197265625,4909.1630859375,2383.838134765625,6166.88916015625,5086.5546875,4646.13427734375,34601.73828125,19649.142578125,10585.580078125,25543.93359375,44019.01953125,11952.4443359375,13307.6455078125,132.80982971191406,19254.482421875,16222.3701171875,7489.94775390625,37291.359375,12008.3125,4545.30859375
2019-06-06,16380.849609375,35887.36328125,22010.544921875,10042.5390625,55244.05859375,20367.962890625,19426.021484375,125477.390625,14073.1796875,16864.08984375,6524.80126953125,7488.92333984375,4985.1494140625,2390.791748046875,6321.435546875,5075.07861328125,4630.78759765625,34217.93359375,19596.28125,10725.2587890625,25382.703125,43760.33984375,11824.25390625,13245.4013671875,132.63023376464844,19156.900390625,16469.88671875,7448.1103515625,36590.234375,12157.6953125,4496.423828125
2019-06-07,16922.36328125,36789.28515625,22295.345703125,10059.5224609375,56915.4765625,20410.86328125,19959.25390625,126817.6796875,14312.0283203125,17055.20703125,6654.30078125,7560.7685546875,5006.14697265625,2384.832275390625,6530.82080078125,5164.01513671875,4709.6337890625,35082.015625,20230.640625,10830.0166015625,25772.8515625,44859.2265625,12053.8515625,13462.1865234375,133.4464569091797,19430.728515625,16758.326171875,7641.36083984375,37897.59765625,12351.892578125,4609.158203125
2019-06-11,17340.44921875,37585.7890625,21217.099609375,10316.2802734375,56988.203125,20210.326171875,20488.4921875,128661.3203125,14929.640625,16978.9609375,6844.56494140625,7290.3486328125,5049.1396484375,2418.602294921875,6619.560546875,5236.3115234375,4775.78125,35034.8671875,21183.171875,11024.568359375,26323.244140625,45381.1015625,12272.923828125,13665.3779296875,137.4621124267578,19958.466796875,17002.84765625,7806.7197265625,37907.5859375,12708.41796875,4923.41943359375
2019-06-12,17309.591796875,38021.12109375,22514.185546875,10325.271484375,55210.1953125,19744.3984375,20892.90625,127836.375,15148.5029296875,16957.169921875,6728.015625,7630.61865234375,5085.13232421875,2408.669921875,6745.19140625,5241.4755859375,4783.189453125,35417.5703125,20596.69140625,11036.541015625,25789.767578125,44881.515625,12469.041015625,13548.7568359375,134.91555786132812,19782.220703125,16834.177734375,7869.4755859375,36754.03125,12788.0849609375,4932.39794921875
2019-06-13,17178.189453125,38941.59375,22909.912109375,10210.380859375,54675.32421875,19510.939453125,20523.44140625,128282.8046875,14988.6044921875,17712.736328125,6692.154296875,7649.5791015625,5132.12548828125,2377.87841796875,6899.7373046875,5217.3759765625,4783.7197265625,35952.6796875,20156.830078125,10668.3896484375,25478.244140625,45186.609375,12461.3857421875,13393.5,135.0951385498047,19565.15234375,16322.1748046875,7769.86279296875,36404.46875,12554.0556640625,4868.548828125
2019-06-14,17119.46484375,38324.6953125,23753.31640625,10091.4921875,53725.0703125,19507.94921875,20763.09765625,127678.5625,14901.66015625,17070.05859375,6674.22314453125,7783.29052734375,5054.138671875,2381.851806640625,6889.76611328125,5157.12939453125,4720.21826171875,35236.6328125,20180.76953125,10649.43359375,25227.43359375,44712.44921875,12410.6845703125,13355.5830078125,135.29098510742188,19508.392578125,16555.720703125,7794.7666015625,35655.40625,12548.0791015625,4822.65576171875
2019-06-18,17373.296875,38302.24609375,22470.216796875,9757.806640625,52165.21484375,19513.931640625,21110.59375,129468.296875,15209.4658203125,17047.28515625,6823.646484375,7329.26513671875,5048.1396484375,2423.5693359375,6911.7021484375,5196.146484375,4738.73876953125,34760.734375,20546.822265625,10612.517578125,25988.826171875,45593.22265625,12387.720703125,13533.0185546875,136.61325073242188,19949.501953125,17153.556640625,7876.44970703125,35730.3125,12667.5849609375,4916.43603515625
2019-06-19,17739.62109375,37861.05078125,22500.193359375,10152.435546875,51049.62109375,19804.265625,21335.26953125,129627.0703125,15290.416015625,17212.654296875,6942.1884765625,7362.19482421875,5064.13671875,2403.703857421875,6730.23583984375,5255.8193359375,4801.7109375,35468.01171875,20183.927734375,10746.208984375,26341.154296875,44916.39453125,12365.7216796875,13665.3779296875,138.6373748779297,20364.724609375,17366.138671875,8057.74560546875,35750.28515625,12572.947265625,4908.45458984375
2019-06-21,18065.125,38147.046875,24182.017578125,10437.1669921875,50703.98046875,20316.080078125,21269.3671875,130844.5234375,15340.384765625,17807.80078125,7020.88427734375,7692.48583984375,5100.13037109375,2448.401123046875,6790.0595703125,5318.3623046875,4880.029296875,35196.05859375,20763.55078125,11006.6103515625,26191.86328125,44623.75390625,12596.2734375,13808.470703125,141.75526428222656,20542.958984375,16318.181640625,8023.876953125,37159.5234375,12420.5283203125,4908.45458984375
2019-06-24,17868.029296875,38711.234375,25037.416015625,10090.4951171875,50706.97265625,19489.986328125,21209.455078125,129634.0703125,15152.501953125,17725.611328125,6923.26220703125,7869.1064453125,5123.12646484375,2406.68408203125,6835.9248046875,5310.3291015625,4851.982421875,34891.21875,20502.17578125,10885.8896484375,25900.248046875,44518.9921875,12487.21484375,13574.5146484375,139.8943634033203,20232.29296875,16343.134765625,7938.20947265625,36460.3984375,12364.7421875,4811.6826171875
2019-06-25,17628.125,38766.8671875,24913.50390625,10180.41015625,50890.234375,19402.193359375,21181.4921875,128320.75,15054.564453125,17676.099609375,6879.43115234375,7987.8525390625,5065.13671875,2393.771240234375,7179.91455078125,5271.8857421875,4835.578125,35217.99609375,19981.4140625,10677.3681640625,25463.318359375,43695.51953125,12422.1630859375,13419.9736328125,138.75164794921875,20019.201171875,16368.0859375,7879.4375,34971.26171875,12164.5068359375,4796.7177734375
2019-06-26,17817.26171875,38666.33203125,24665.677734375,10257.3359375,49721.35546875,19254.53125,20725.3046875,128764.1796875,15083.5439453125,17626.583984375,6947.16943359375,7654.56689453125,5026.142578125,2413.635986328125,6857.86083984375,5291.39404296875,4850.92431640625,35260.7578125,19888.63671875,10612.517578125,25309.048828125,44350.953125,12334.1484375,13522.2841796875,140.17184448242188,20113.80078125,16020.763671875,7829.630859375,34981.24609375,12064.8896484375,4812.67919921875
2019-06-27,17558.447265625,38679.015625,25306.2265625,10063.51953125,49277.09765625,19246.55078125,20471.65625,129715.9609375,14968.6171875,17235.43359375,6916.28857421875,7652.57177734375,4609.2138671875,2415.622802734375,6831.9365234375,5269.59033203125,4831.34375,34921.921875,19570.39453125,10728.251953125,25112.9765625,43690.98046875,12436.5107421875,13385.6298828125,138.71902465820312,19736.419921875,15864.068359375,7768.86669921875,35016.203125,11971.2470703125,4862.5634765625
2019-06-28,17519.623046875,39297.8671875,25383.17578125,10035.5458984375,49256.18359375,18891.37109375,20500.6171875,129707.96875,14901.66015625,17031.4375,6828.62744140625,7658.55908203125,4927.16064453125,2411.649658203125,6954.576171875,5270.73681640625,4833.4609375,35061.19140625,19803.837890625,10650.4296875,25200.560546875,44337.59375,12380.0673828125,13443.5830078125,137.77224731445312,19583.072265625,15735.318359375,7785.80029296875,34977.25390625,11921.4365234375,4876.529296875
2019-07-01,17369.314453125,39391.578125,23662.384765625,10455.150390625,50826.00390625,19156.7578125,20437.705078125,128846.0859375,15153.5009765625,17165.123046875,6844.56494140625,7304.31884765625,4959.154296875,2395.758056640625,6976.51171875,5342.4599609375,4876.85302734375,35526.12109375,19952.486328125,10498.7802734375,25456.345703125,45630.046875,12237.525390625,13442.1513671875,137.5926513671875,19590.044921875,15854.087890625,7857.52197265625,34691.609375,11779.9775390625,4825.6494140625
2019-07-02,17059.736328125,39174.875,24476.80859375,10288.3076171875,51265.28125,18956.22265625,20146.107421875,128330.734375,15060.5576171875,16923.5,6689.16650390625,7323.2783203125,4945.15673828125,2383.838134765625,7312.525390625,5271.8857421875,4830.81494140625,34848.44921875,19669.16015625,10453.8837890625,24882.0703125,45056.94921875,12257.6201171875,13383.4833984375,136.3193817138672,19380.94140625,15765.26171875,7825.64599609375,34026.4375,11703.2705078125,4640.08544921875
2019-07-03,16986.07421875,38238.7890625,24982.451171875,10314.283203125,52470.5390625,18971.18359375,20103.166015625,127161.234375,14815.712890625,16692.76953125,6571.6201171875,7336.2509765625,4882.16650390625,2394.76416015625,7357.3935546875,5286.802734375,4835.04833984375,35190.5859375,19508.54296875,10376.064453125,24653.154296875,45121.78515625,12340.845703125,13307.6455078125,134.50753784179688,19180.802734375,15645.4931640625,7762.88916015625,34529.8125,11615.607421875,4599.18212890625
2019-07-05,16822.8203125,36974.7421875,24725.638671875,9954.62109375,53082.125,19008.099609375,20238.9765625,127222.15625,14646.818359375,16452.140625,6535.75830078125,7177.59130859375,4776.185546875,2420.58935546875,7218.80078125,5296.55859375,4851.982421875,34873.67578125,19464.6484375,10346.1328125,24474.00390625,45145.8984375,12417.380859375,13388.4931640625,134.44223022460938,18815.3671875,15533.7109375,7722.04736328125,34453.90625,11643.5,4675.00390625
2019-07-08,16878.568359375,37174.83984375,25370.181640625,10012.56640625,53416.8125,19169.728515625,20421.7265625,128147.9921875,14645.8193359375,16866.064453125,6586.5625,7411.09130859375,4848.17333984375,2436.481689453125,7463.08251953125,5235.16357421875,4806.47314453125,34296.8828125,18931.91796875,10362.095703125,24447.126953125,44771.6953125,12580.0107421875,13432.8505859375,135.33999633789062,18965.720703125,15370.03125,7758.9052734375,34336.0546875,11680.359375,4885.5087890625
2019-07-10,16803.908203125,36821.49609375,25562.05078125,10490.1181640625,51837.0234375,19355.298828125,20895.068359375,126330.2890625,14563.8701171875,16669.005859375,6525.7978515625,7688.49462890625,4759.18798828125,2441.447998046875,7502.96630859375,5103.76904296875,4689.52587890625,33773.83203125,19266.119140625,10341.1435546875,24309.78515625,45006.38671875,12668.0234375,13492.2353515625,133.69129943847656,18844.23828125,15474.826171875,7681.20654296875,33599.9765625,11548.861328125,4897.48046875
2019-07-11,16892.50390625,36458.38671875,25341.203125,10490.1181640625,50510.2578125,19238.5703125,20996.931640625,125149.8203125,14349.005859375,16586.8125,6463.03955078125,7425.06005859375,4636.21044921875,2443.434326171875,7398.27294921875,5056.14453125,4647.72119140625,33046.8125,19653.197265625,10176.525390625,24225.1796875,44912.375,12584.79296875,13421.40625,133.39743041992188,18698.86328125,15716.3583984375,7560.673828125,32493.359375,11583.7275390625,5282.57421875
2019-07-12,16884.5390625,36800.9921875,25226.287109375,10566.046875,50974.421875,19311.40234375,20904.0546875,124720.359375,14293.0400390625,16638.30859375,6509.85888671875,7205.53076171875,4694.19921875,2420.58935546875,7208.82958984375,5132.4560546875,4712.81005859375,34011.78125,19777.900390625,10273.3017578125,24726.806640625,44158.28125,12393.462890625,13482.9365234375,133.8218536376953,18724.75390625,15837.1201171875,7571.6318359375,32676.130859375,11605.6435546875,5297.53955078125
2019-07-16,17121.453125,37174.83984375,25279.24609375,10377.22265625,50800.09765625,19653.611328125,21188.666015625,125928.8046875,14365.9951171875,16755.16015625,6573.6123046875,7292.3447265625,4725.193359375,2468.265625,7422.20361328125,5174.9169921875,4739.267578125,34431.76171875,20452.29296875,10721.267578125,24904.96484375,45303.296875,12388.677734375,13633.8974609375,135.42164611816406,19132.005859375,16054.6982421875,7725.037109375,33743.796875,11827.794921875,5359.3935546875
2019-07-17,16833.775390625,37211.9375,25348.201171875,9990.5869140625,50739.34765625,19400.19921875,20725.3046875,123776.5625,13991.2294921875,16564.037109375,6408.25048828125,7334.25439453125,4693.19921875,2464.29345703125,6989.4736328125,5074.50537109375,4667.30126953125,34107.1796875,20366.498046875,10630.4755859375,24533.720703125,44638.41015625,12380.0673828125,13346.9951171875,132.8424530029297,18757.60546875,15725.341796875,7543.7392578125,33348.29296875,11749.0947265625,5285.568359375
2019-07-18,16998.021484375,36991.33984375,26213.59375,9911.662109375,53752.49609375,19554.84375,20903.05859375,125224.7109375,14166.119140625,16994.80078125,6435.146484375,7568.751953125,4694.19921875,2472.238525390625,7283.6103515625,5075.07861328125,4647.19189453125,33854.9765625,20240.80078125,10767.162109375,24951.73828125,44513.93359375,12417.380859375,13466.4775390625,132.97305297851562,18959.744140625,15971.859375,7570.63525390625,33767.76171875,11745.111328125,5322.48095703125
2019-07-19,17114.486328125,37952.80078125,26705.24609375,9860.7099609375,53925.8046875,20108.560546875,21246.58203125,125290.6171875,14140.1376953125,17285.93359375,6454.07373046875,7793.26904296875,4727.19287109375,2449.393798828125,7147.0107421875,5057.8662109375,4653.01318359375,33393.32421875,20210.8671875,10877.90625,25154.779296875,44862.6015625,12388.677734375,13520.8525390625,133.51173400878906,19110.099609375,15915.96875,7661.28369140625,33440.17578125,11640.509765625,5345.4267578125
2019-07-22,16822.8203125,37860.078125,26713.244140625,9823.7451171875,52662.7734375,19915.0078125,21083.806640625,125339.5546875,13975.2412109375,17580.046875,6413.232421875,7726.41259765625,4719.19580078125,2426.548828125,7168.947265625,5075.65283203125,4645.6044921875,33797.95703125,19996.37890625,10784.123046875,24937.80859375,44977.21484375,12395.3759765625,13287.611328125,132.45069885253906,18897.015625,16052.7001953125,7582.58935546875,32941.796875,11627.5615234375,5259.62890625
2019-07-23,16921.37109375,38174.37890625,26507.384765625,9817.7509765625,52818.16796875,19986.837890625,21087.8046875,125584.2578125,14035.2021484375,17660.2578125,6472.0048828125,7642.5927734375,4757.18798828125,2419.595703125,7328.47900390625,5155.982421875,4706.4599609375,34450.40234375,19912.580078125,10873.916015625,25063.212890625,45281.015625,12462.341796875,13406.380859375,133.23422241210938,19149.93359375,15724.341796875,7655.30615234375,32901.84765625,11513.9921875,5351.41259765625
2019-07-24,16818.837890625,36883.96484375,26431.439453125,9337.203125,52349.01171875,19600.734375,20798.19921875,124346.84375,13852.3154296875,17182.947265625,6302.658203125,7664.54736328125,4843.17333984375,2433.501708984375,7424.197265625,5013.8193359375,4578.71484375,35017.3203125,19433.72265625,10795.0966796875,24846.240234375,45495.58984375,12532.1767578125,13302.63671875,130.10009765625,18916.931640625,15369.0341796875,7557.685546875,32852.90625,11491.083984375,5362.38671875
2019-07-25,16580.935546875,37265.62109375,26558.349609375,9189.3427734375,52812.19140625,19052.99609375,20517.591796875,123284.203125,13381.611328125,17052.234375,6266.79736328125,7680.51220703125,4852.1728515625,2444.427734375,7390.29736328125,4958.13525390625,4549.59521484375,35117.11328125,18545.833984375,10666.3935546875,24732.779296875,46159.0625,12669.9375,13087.2822265625,127.63518524169922,18346.373046875,14776.1904296875,7429.18408203125,30761.525390625,11309.7734375,5336.44775390625
2019-07-26,16254.4296875,36035.734375,26399.462890625,9001.51953125,53419.80078125,18756.68359375,20391.763671875,122129.671875,12941.8876953125,16805.6640625,6200.0546875,7601.68115234375,4804.1806640625,2429.52880859375,7403.2578125,4921.97021484375,4531.59228515625,35342.9921875,18226.59765625,10653.4248046875,24463.060546875,46347.46875,12675.677734375,12809.6806640625,125.20293426513672,18151.2109375,14542.64453125,7279.76318359375,31011.212890625,11456.2138671875,5337.4453125
2019-07-29,16325.1083984375,35940.0703125,26713.244140625,8958.5595703125,53964.6484375,19125.83203125,20622.447265625,123153.359375,13361.623046875,16958.1640625,6306.6435546875,7744.37451171875,4827.17626953125,2407.677001953125,7759.212890625,4962.72802734375,4540.064453125,35342.9921875,18183.69921875,10972.6884765625,24633.251953125,46840.1640625,12656.5439453125,13007.865234375,127.09647369384766,18373.2578125,14531.6650390625,7502.8984375,31698.353515625,11615.607421875,5414.26513671875
2019-07-30,16098.1484375,34991.30078125,26802.17578125,8966.5517578125,51272.24609375,18756.68359375,20491.62890625,121644.296875,13305.66015625,16769.021484375,6231.93212890625,7947.93798828125,4696.19921875,2387.81201171875,7757.2197265625,4748.03076171875,4367.99169921875,34430.671875,17967.212890625,11014.591796875,24204.28125,45949.01171875,12350.4130859375,12889.814453125,125.31722259521484,18005.83203125,15367.037109375,7439.1455078125,31383.748046875,11714.2294921875,5515.02783203125
2019-07-31,15895.078125,34367.57421875,25364.189453125,9023.4990234375,51040.16796875,18479.322265625,20396.759765625,117849.1640625,13221.712890625,16571.96484375,6151.244140625,7587.71044921875,4625.21142578125,2369.932861328125,7684.4326171875,4704.40234375,4333.5771484375,34209.16796875,17624.029296875,11247.0556640625,24000.24609375,45477.4375,12404.9443359375,12813.9765625,123.68482208251953,17878.37890625,15419.93359375,7436.1572265625,31036.181640625,11721.2001953125,5487.09326171875
2019-08-01,15726.849609375,33491.03515625,26295.533203125,8926.58984375,55460.76953125,18401.50390625,20521.5859375,117116.1015625,13367.6220703125,15677.7568359375,6149.25146484375,7495.90771484375,4474.236328125,2373.905517578125,7540.85498046875,4702.6806640625,4321.3994140625,33063.26953125,18175.712890625,11351.8134765625,23763.37109375,47235.2421875,12449.9052734375,12893.392578125,123.65216827392578,17790.7578125,15574.6337890625,7451.0986328125,31640.42578125,11842.7353515625,5509.0419921875
2019-08-02,15543.69140625,32926.85546875,28228.1796875,8880.6337890625,55728.71484375,18500.275390625,20471.65625,114571.3359375,13242.69921875,15240.064453125,6080.51611328125,7894.05322265625,4309.2646484375,2354.04052734375,7431.1767578125,4630.34912109375,4249.923828125,31635.55859375,18146.783203125,11110.37109375,23450.853515625,45522.953125,12365.7216796875,12740.2841796875,121.64436340332031,17396.44140625,15470.8359375,7361.44775390625,30382.998046875,11776.98828125,5446.19091796875
2019-08-05,15329.6728515625,32190.865234375,29880.013671875,8400.0869140625,53933.77734375,17800.890625,19810.57421875,111357.4609375,12692.044921875,14991.509765625,5910.17431640625,8536.671875,4264.2724609375,2294.444580078125,7504.9599609375,4535.0546875,4155.1513671875,31331.8125,17757.7109375,11121.34375,22903.4453125,43436.19921875,12303.5380859375,12638.685546875,118.5755615234375,17115.6484375,15516.744140625,7130.34228515625,30117.33203125,11755.0732421875,5376.353515625
2019-08-06,15180.357421875,32252.361328125,30518.568359375,8422.0654296875,53811.2578125,18008.41015625,20631.435546875,110957.9765625,12735.0185546875,14795.4365234375,5933.08544921875,8692.3388671875,4205.2822265625,2300.404541015625,7617.62890625,4494.87158203125,4142.44482421875,30976.52734375,17871.443359375,11259.0263671875,22688.466796875,43280.60546875,12197.3466796875,12733.1279296875,118.77141571044922,17166.431640625,15768.25390625,7214.0185546875,29463.1484375,11904.4990234375,5520.01611328125
2019-08-07,14990.23046875,32160.61328125,31978.544921875,8380.10546875,55131.05859375,17858.7578125,20761.255859375,109858.375,12612.09375,14317.142578125,5822.513671875,9065.5390625,4113.298828125,2301.397705078125,7861.912109375,4492.0009765625,4138.73828125,31126.75390625,17431.48828125,11244.0615234375,22302.296875,43695.51953125,12397.2890625,12520.6318359375,116.53510284423828,17026.03515625,15315.1416015625,7117.39306640625,29462.15234375,11840.74609375,5530.98974609375
2019-08-08,14951.408203125,33094.734375,30226.7734375,8445.0439453125,55780.515625,17687.150390625,20641.421875,110558.484375,11539.765625,14580.55078125,5678.07080078125,8767.1787109375,4315.26416015625,2293.451171875,7607.658203125,4562.60986328125,4177.38818359375,31769.3359375,17194.052734375,10921.8037109375,21880.298828125,44732.6640625,12466.1708984375,12394.712890625,114.16812133789062,17047.939453125,15159.443359375,7093.48681640625,28861.90234375,11604.6484375,5475.12158203125
2019-08-13,14928.5126953125,33164.04296875,29233.470703125,7443.986328125,55205.78125,17700.12109375,20556.5390625,111589.171875,10228.5888671875,14436.96484375,5641.2138671875,8409.9462890625,4333.26171875,2299.41064453125,7340.44384765625,4462.72314453125,4083.675048828125,32554.470703125,17150.15625,10699.3193359375,21839.486328125,45283.21875,12319.80078125,12250.189453125,112.9438705444336,16960.314453125,14351.017578125,7016.78369140625,29296.359375,11456.2138671875,5369.36962890625
2019-08-14,14554.228515625,31683.82421875,30978.24609375,6948.453125,55557.39453125,17100.505859375,19814.56640625,109859.3671875,10062.693359375,13610.1005859375,5482.8251953125,8948.7890625,4270.271484375,2291.464599609375,7428.185546875,4311.17333984375,3949.1943359375,31269.501953125,17258.90234375,10505.7646484375,21462.27734375,43489.359375,12130.3828125,11990.47265625,109.8749771118164,16519.201171875,14047.6103515625,6859.3935546875,27756.28515625,11257.9736328125,5209.74609375
2019-08-15,15140.5390625,30578.5546875,31080.169921875,6820.57421875,56146.0703125,17308.029296875,19888.462890625,112279.28125,10592.361328125,13519.986328125,5639.2216796875,8075.6640625,4115.298828125,2273.586181640625,7238.7421875,4362.8388671875,3972.489990234375,30507.28515625,17558.1875,10465.8564453125,22247.5546875,43448.90625,12029.931640625,12099.2255859375,112.0623779296875,17275.958984375,13957.78515625,6962.99267578125,27780.25390625,11267.9326171875,5235.6845703125
2019-08-16,14820.009765625,30677.16796875,31513.869140625,6928.47265625,55807.40625,17855.763671875,19284.30078125,109402.96875,11059.068359375,13515.03515625,5694.00927734375,7943.94677734375,4163.2900390625,2302.390380859375,7079.20947265625,4376.61572265625,3994.72705078125,31104.990234375,17127.21484375,10476.8310546875,21651.37890625,43695.51953125,12227.00390625,12145.73046875,112.24195098876953,17326.744140625,13907.8828125,6962.99267578125,26466.896484375,11356.595703125,5311.505859375
2019-08-19,14717.4833984375,31619.388671875,31466.90234375,6584.79638671875,56378.15625,17359.90625,19779.61328125,109498.8515625,10140.6435546875,13672.4853515625,5777.6875,8127.55224609375,4349.2587890625,2297.424560546875,7277.6279296875,4432.29833984375,4050.319580078125,31875.986328125,17301.798828125,10331.166015625,21896.220703125,44071.53125,12306.408203125,12107.810546875,112.45416259765625,17277.953125,13951.796875,6982.9150390625,27336.80859375,11456.2138671875,5381.34130859375
2019-08-20,14866.7958984375,31466.087890625,32627.08984375,6493.8818359375,55331.26953125,17435.73046875,19512.982421875,109459.875,10003.728515625,13591.28515625,5807.57080078125,8544.65625,4295.267578125,2292.457763671875,7327.4814453125,4428.853515625,4038.142333984375,32109.5859375,17238.947265625,10393.0244140625,21840.484375,44343.8203125,12437.46875,12116.3984375,112.87858581542969,17201.279296875,12661.3125,6972.95361328125,27127.072265625,11384.48828125,5197.7744140625
2019-08-21,15238.09375,31015.0,32677.048828125,6945.45654296875,55741.671875,17575.412109375,19710.70703125,111103.796875,10480.4296875,13315.0029296875,5938.06640625,8822.0615234375,4309.2646484375,2313.31640625,7567.775390625,4428.853515625,4044.495849609375,32490.146484375,17509.302734375,10231.3974609375,22368.982421875,44538.9609375,12601.056640625,12229.44140625,115.0822525024414,17375.53515625,12490.646484375,7129.34716796875,28028.943359375,11291.84375,5337.4453125
2019-08-22,15038.01171875,30365.69921875,32947.859375,7084.326171875,55370.1328125,17560.4453125,19331.236328125,109858.375,10695.2958984375,13274.4033203125,5859.37109375,8685.35546875,4246.2763671875,2286.498046875,7573.7578125,4442.6318359375,4081.557373046875,32493.43359375,15110.0166015625,10123.646484375,22293.33984375,44471.53515625,12627.8427734375,12168.6259765625,113.9721908569336,17060.8828125,12041.5205078125,7102.45166015625,28014.9609375,11238.048828125,5162.85595703125
2019-08-23,15031.0419921875,30462.36328125,33622.38671875,7173.24169921875,55213.73828125,17519.5390625,18923.802734375,109593.71875,10447.4501953125,12705.9931640625,5820.52001953125,8917.8544921875,4218.28076171875,2289.478515625,7558.80224609375,4451.81787109375,4089.49951171875,32333.3125,15475.1474609375,10027.8662109375,22169.921875,44330.8515625,12627.8427734375,12069.1748046875,113.05805969238281,16942.392578125,11606.369140625,7029.73291015625,27087.12109375,11104.5595703125,5197.7744140625
2019-08-27,14709.5166015625,30984.73046875,34783.57421875,7245.17431640625,53831.18359375,17265.12890625,19003.6875,107861.921875,10567.3759765625,12754.5185546875,5767.72509765625,9194.263671875,4211.28173828125,2275.57177734375,7990.5341796875,4463.29833984375,4105.912109375,32628.330078125,15915.0986328125,10025.8720703125,21572.755859375,44232.3125,12627.8427734375,11991.189453125,112.6663818359375,16796.021484375,11021.509765625,7092.490234375,26803.4765625,10982.0263671875,5106.98828125
2019-08-28,14945.435546875,31255.189453125,35631.9765625,7665.77783203125,52910.80859375,17713.09375,19392.15234375,107385.546875,10728.275390625,13234.7919921875,5835.462890625,9130.3994140625,4211.28173828125,2283.5185546875,8315.580078125,4489.13134765625,4096.9111328125,31886.951171875,16229.3515625,10117.62890625,21868.357421875,43871.46875,12763.685546875,12107.810546875,113.84163665771484,17140.541015625,11205.15234375,7140.3037109375,27965.0234375,11174.29296875,5192.78564453125
2019-08-29,14682.642578125,31620.36328125,34427.82421875,7594.8447265625,53271.38671875,17223.22265625,19281.306640625,108555.0546875,10793.2353515625,13086.2529296875,5755.7705078125,9028.619140625,4335.2607421875,2272.5927734375,8375.40234375,4511.5185546875,4109.0888671875,31993.330078125,16620.421875,10028.8154296875,21765.83984375,44380.64453125,12663.240234375,12069.890625,112.42151641845703,16962.3046875,11003.54296875,7103.447265625,28214.7109375,11125.48046875,5380.34521484375
2019-08-30,15298.8154296875,31990.4140625,34589.70703125,7862.5927734375,53316.20703125,17828.826171875,19872.48828125,109350.03125,11509.7861328125,13484.3388671875,5975.9208984375,9066.5361328125,4404.24951171875,2284.51171875,8619.6865234375,4597.6279296875,4169.97607421875,32434.2109375,17128.20703125,10237.3759765625,22493.390625,44782.0703125,12866.05078125,12285.248046875,116.63301086425781,17650.35546875,11277.013671875,7246.89111328125,28759.03125,11485.1044921875,5505.0517578125
2019-09-03,15291.845703125,31586.1875,35263.234375,8233.2431640625,52914.79296875,18286.763671875,19630.822265625,110574.4609375,11492.7958984375,13232.810546875,5965.95849609375,8990.6982421875,4287.2685546875,2305.37060546875,8609.7158203125,4485.685546875,4088.96923828125,31606.193359375,16980.55859375,10049.7724609375,22372.962890625,45381.1015625,12632.6259765625,12157.17578125,117.0248031616211,17780.796875,11376.818359375,7151.26220703125,25987.49609375,11298.814453125,5403.29052734375
2019-09-04,15276.916015625,31956.23828125,33467.4921875,7972.48876953125,52127.890625,18535.1953125,19522.970703125,111436.34375,11437.830078125,13057.537109375,5976.91748046875,8432.4609375,4237.3759765625,2334.175048828125,8609.7158203125,4523.57470703125,4111.20654296875,31532.712890625,16809.97265625,9936.01171875,22452.583984375,46599.91015625,12678.5458984375,12223.7177734375,118.03684997558594,17823.615234375,11156.845703125,7161.22314453125,26345.05078125,11316.7490234375,5374.35888671875
2019-09-05,15678.0732421875,32505.943359375,32515.166015625,8026.43798828125,52759.3984375,19093.904296875,20067.21484375,116650.6875,11965.498046875,13369.46875,6076.53173828125,8133.08251953125,4384.35498046875,2324.242431640625,8534.9365234375,4641.83056640625,4227.15673828125,32075.580078125,16874.8125,10088.6904296875,22994.01953125,46548.04296875,12723.5078125,12449.087890625,120.07732391357422,18351.353515625,11529.1728515625,7358.4580078125,27119.08203125,11556.830078125,5429.23046875
2019-09-06,15941.865234375,32742.240234375,31867.619140625,8250.2265625,52733.49609375,19132.8125,20242.9765625,119846.59375,11801.603515625,13293.2177734375,6185.11376953125,7997.36474609375,4399.35302734375,2359.006591796875,8671.53515625,4688.3291015625,4266.86572265625,32088.74609375,17016.4765625,10291.259765625,23141.3203125,46223.89453125,12673.7626953125,12639.400390625,122.78705596923828,18347.3671875,11554.1279296875,7467.037109375,26020.455078125,11889.5576171875,5494.07763671875
2019-09-09,15992.6298828125,32811.55859375,30323.705078125,8389.095703125,52285.2578125,19380.2421875,20172.07421875,119846.59375,11792.6083984375,13348.671875,6179.1357421875,7568.2587890625,4426.34716796875,2334.175048828125,8594.759765625,4778.4560546875,4347.87255859375,32018.55859375,17373.626953125,10010.853515625,22993.025390625,45748.55078125,12724.4658203125,12767.46875,123.11356353759766,18255.763671875,11774.728515625,7503.89404296875,26966.271484375,11994.1591796875,5510.03857421875
2019-09-10,16026.4765625,32746.138671875,29813.0625,8380.10546875,53427.765625,19523.91015625,20470.66015625,119989.421875,12107.412109375,13041.6923828125,6146.26220703125,7453.4970703125,4490.3388671875,2334.175048828125,8081.267578125,4819.78857421875,4404.52490234375,32298.21875,17358.658203125,10004.8662109375,22982.078125,45676.9921875,12548.44140625,12766.037109375,122.77069091796875,18108.39453125,11951.41015625,7512.859375,26987.24609375,12103.7392578125,5425.23828125
2019-09-11,15801.486328125,33333.92578125,30076.876953125,8485.0068359375,54695.78515625,19719.45703125,20807.193359375,121178.890625,12183.36328125,13100.1171875,6138.29345703125,7459.4833984375,4614.32080078125,2272.5927734375,8436.2255859375,4949.5244140625,4505.64990234375,32786.25390625,17009.490234375,9960.958984375,22898.642578125,49291.37109375,12609.6669921875,12731.6953125,123.89702606201172,18068.095703125,12098.1435546875,7640.365234375,28029.943359375,12103.7392578125,5416.25927734375
2019-09-12,16137.0546875,33766.46484375,30457.607421875,9416.12890625,55039.42578125,19825.212890625,21382.39453125,124440.7109375,12514.1552734375,13452.6513671875,6332.54296875,7405.59521484375,4546.33154296875,2299.41064453125,8973.646484375,4993.7275390625,4535.828125,32627.234375,16849.87109375,9899.08984375,23260.046875,50390.78125,12723.5078125,13095.869140625,128.51666259765625,18435.609375,12411.576171875,7720.05615234375,27835.185546875,12163.51171875,5570.896484375
2019-09-13,16628.951171875,35017.21484375,27905.404296875,9453.09375,53678.7890625,19906.02734375,21480.2578125,127237.140625,12941.8876953125,13368.4775390625,6452.08251953125,6815.8232421875,4716.30712890625,2323.2490234375,8539.919921875,5205.55419921875,4744.96337890625,33459.64453125,16760.083984375,10132.59765625,23748.880859375,49930.2578125,12746.4677734375,12924.15625,129.38180541992188,18702.53515625,12541.34375,7749.93994140625,27820.205078125,12335.8525390625,5666.67138671875
2019-09-17,16652.8515625,34323.98828125,29029.61328125,9748.8154296875,53654.87890625,20526.59765625,21838.763671875,127836.375,12833.9541015625,13063.4794921875,6446.10498046875,6846.7578125,4644.31591796875,2394.76416015625,8973.646484375,5281.90478515625,4771.43603515625,32795.03125,16160.513671875,10275.294921875,24102.31640625,49762.88671875,12881.3564453125,12747.4365234375,130.4918670654297,18605.923828125,12515.390625,7837.599609375,29063.650390625,12472.33203125,5914.08984375
2019-09-18,16658.82421875,34167.76171875,28924.685546875,9590.9638671875,54070.234375,20256.35546875,21947.611328125,128835.109375,12528.1455078125,12927.8134765625,6550.701171875,7020.39794921875,4635.318359375,2408.669921875,9112.2392578125,5235.97998046875,4730.6669921875,32133.71484375,15742.509765625,10310.220703125,24166.03515625,48088.375,12993.2861328125,12499.1708984375,131.25904846191406,18531.228515625,12825.828125,7870.47216796875,28735.05859375,12514.171875,5871.1689453125
2019-09-19,16660.81640625,33786.9765625,28871.720703125,9394.1494140625,54131.00390625,19877.173828125,21556.15625,129887.734375,12192.359375,12924.8408203125,6554.685546875,7184.05615234375,4675.31201171875,2376.88525390625,8937.751953125,5262.3857421875,4759.2578125,32620.65234375,15867.2119140625,10187.48046875,24113.26953125,47632.265625,12974.15234375,12694.4931640625,131.55294799804688,18395.771484375,12746.97265625,7820.66552734375,28426.447265625,12440.4501953125,5735.46533203125
2019-09-20,16230.6533203125,34331.79296875,29601.212890625,9252.283203125,53933.77734375,19075.8984375,21528.193359375,127886.296875,11878.552734375,12967.421875,6445.1083984375,7457.48828125,4743.3017578125,2360.993408203125,9328.60546875,4963.302734375,4435.23291015625,31695.025390625,16061.751953125,10210.431640625,23586.6015625,48991.421875,12978.9365234375,12663.7265625,128.7452392578125,18001.365234375,12677.09765625,7592.55029296875,28528.3203125,12518.15625,5809.30419921875
2019-09-25,15634.2021484375,33429.609375,31209.08203125,8893.62109375,53858.07421875,18815.458984375,21067.83203125,127408.9140625,11264.939453125,12644.5986328125,6207.50390625,8103.1455078125,4526.33349609375,2303.384033203125,9626.728515625,4559.16552734375,4094.794921875,30599.404296875,15590.87109375,9826.2431640625,22699.5234375,46756.21484375,12910.0556640625,11887.4501953125,125.14286804199219,17529.271484375,12040.25,7356.4658203125,26766.5234375,11905.4970703125,5491.99658203125
2019-09-26,15981.7177734375,33504.79296875,30867.322265625,8958.5595703125,54311.296875,19364.28125,21570.140625,127965.203125,11568.748046875,13113.9794921875,6376.8896484375,8145.05810546875,4522.333984375,2344.108154296875,9635.703125,4624.6083984375,4157.27001953125,30813.26953125,16161.5126953125,9828.23828125,23134.603515625,46598.23828125,12972.23828125,12019.80859375,128.1758270263672,18018.294921875,12387.62109375,7529.79296875,26398.982421875,12103.7392578125,5606.74609375
2019-09-27,15782.568359375,34158.97265625,28805.767578125,8991.5283203125,54368.06640625,19174.68359375,21548.1640625,128036.109375,11439.828125,13069.419921875,6297.17822265625,7763.8515625,4583.32470703125,2320.26904296875,9533.0048828125,4625.75634765625,4173.68212890625,31337.49609375,16060.751953125,9764.3740234375,23097.759765625,46382.48046875,12887.0966796875,11954.701171875,126.65103912353516,17708.55078125,12347.693359375,7534.7744140625,26563.77734375,12046.9560546875,5582.798828125
2019-09-30,15221.962890625,34343.5078125,28389.0625,8586.91015625,56001.64453125,19039.978515625,21469.275390625,128579.4296875,11397.85546875,12932.763671875,6196.5419921875,7596.19921875,4587.32421875,2294.444580078125,9500.1015625,4583.85009765625,4175.27099609375,31854.046875,15787.40234375,9609.7021484375,22582.044921875,45892.96484375,12698.6357421875,11675.6708984375,124.46334838867188,17398.796875,12241.884765625,7429.18408203125,25274.390625,11918.44921875,5495.9892578125
2019-10-01,15399.20703125,34127.7265625,29435.33203125,8995.5244140625,55910.5,19152.734375,21620.06640625,127836.375,11487.798828125,13269.451171875,6175.61865234375,7808.7578125,4472.34130859375,2297.424560546875,9671.5986328125,4582.7021484375,4149.32861328125,32413.373046875,15994.91015625,9479.9755859375,22525.298828125,46011.9453125,12771.341796875,11662.0751953125,123.81709289550781,17280.2734375,12040.25,7448.1103515625,26167.2734375,11775.994140625,5423.1474609375
2019-10-02,15129.3583984375,33111.30859375,29379.3671875,8670.830078125,53373.46875,18652.80859375,21702.951171875,128861.0546875,11393.98828125,13274.4033203125,6086.9404296875,7851.66748046875,4336.36181640625,2203.140380859375,9960.7490234375,4493.72265625,4076.792236328125,31855.14453125,16091.6787109375,9280.3955078125,22301.28515625,44992.125,12868.9208984375,11652.0595703125,121.92768859863281,17230.478515625,12136.0751953125,7424.203125,25583.001953125,11647.482421875,5311.3916015625
2019-10-03,15067.6220703125,32474.701171875,30278.736328125,8596.9013671875,52172.1796875,18939.1953125,21483.255859375,129833.8203125,11372.0,13398.1865234375,6122.8095703125,7977.4072265625,4264.3720703125,2160.409423828125,10211.01171875,4400.15283203125,3997.374267578125,30872.4921875,15863.2236328125,9210.544921875,22151.947265625,44989.125,12694.8095703125,11515.4072265625,122.65694427490234,17300.1953125,12177.001953125,7415.23828125,25070.642578125,11596.6787109375,5307.3994140625
2019-10-04,15210.0166015625,32681.697265625,29509.28125,8921.59375,51320.5234375,19258.5078125,21789.833984375,132718.125,11490.9384765625,13542.7626953125,6294.18896484375,7810.75390625,4172.3857421875,2205.12841796875,10290.7783203125,4346.76416015625,3943.89990234375,30650.955078125,15862.2265625,9554.8173828125,22400.84765625,45090.10546875,12818.2177734375,11676.38671875,126.68415832519531,17383.8515625,12513.3935546875,7545.732421875,25188.49609375,11919.4443359375,5408.1796875
2019-10-07,15132.3466796875,33301.69921875,31076.169921875,9341.19921875,52430.16796875,19098.849609375,24740.744140625,133732.828125,11609.8740234375,13827.9560546875,6333.04833984375,8213.9140625,4218.37890625,2210.096435546875,10396.46875,4432.29833984375,4017.4931640625,31485.556640625,15859.232421875,9526.875,22270.423828125,45445.44140625,12851.701171875,11697.8505859375,127.72827911376953,17280.2734375,12704.048828125,7563.66162109375,26818.45703125,11875.61328125,5466.05419921875
2019-10-08,14798.771484375,33118.14453125,31532.85546875,9590.9638671875,52398.2890625,19056.94140625,24696.806640625,133732.828125,11581.8896484375,13628.916015625,6260.3115234375,8366.5966796875,4186.3837890625,2239.90869140625,10319.6943359375,4326.67236328125,3933.840087890625,31682.962890625,15783.4111328125,9448.0419921875,22072.302734375,45167.0859375,12872.748046875,11590.5302734375,126.46871948242188,17055.18359375,12474.4658203125,7493.9326171875,26935.3125,11897.529296875,5448.09228515625
2019-10-09,15057.666015625,33422.7734375,32426.228515625,9495.0546875,52091.5,19271.48046875,24435.169921875,133432.21875,11674.8388671875,11901.2900390625,6255.330078125,8568.177734375,4187.38330078125,2219.040771484375,10542.0419921875,4231.37841796875,3861.3046875,31434.009765625,15432.24609375,9427.0869140625,22123.078125,44801.16015625,12574.9453125,11541.162109375,127.04879760742188,17038.251953125,12426.5517578125,7452.0947265625,26586.74609375,11880.59375,5394.21044921875
2019-10-10,15458.9501953125,34927.39453125,31477.892578125,9442.1044921875,51891.27734375,19722.50390625,24854.58984375,133329.328125,11977.6806640625,12094.63671875,6431.6904296875,8423.478515625,4332.36279296875,2231.959228515625,10452.3046875,4326.67236328125,3956.6064453125,32002.103515625,15636.7626953125,9446.0478515625,22833.9296875,45192.0859375,12365.3642578125,11742.20703125,129.60110473632812,17529.271484375,12653.140625,7616.45751953125,27755.287109375,12057.916015625,5460.06689453125
2019-10-11,15931.927734375,35905.73046875,29593.220703125,9471.0771484375,49811.44140625,19751.447265625,24915.505859375,134541.78125,12254.53515625,11976.6455078125,6609.04833984375,8073.20751953125,4448.34521484375,2248.852783203125,10269.83984375,4665.3662109375,4265.27734375,32615.171875,16050.7783203125,9398.1484375,23605.517578125,45361.859375,12373.0205078125,12094.9326171875,132.00411987304688,17955.552734375,13016.484375,7749.93994140625,28280.62890625,12277.0771484375,5529.9140625
2019-10-15,15805.4697265625,35383.3671875,29379.3671875,9968.609375,50906.14453125,19898.126953125,25467.73828125,133732.828125,12036.650390625,11472.94921875,6657.87158203125,8250.8369140625,4442.345703125,2253.821533203125,10153.1826171875,4667.6630859375,4296.51513671875,33790.8515625,15801.369140625,9295.3642578125,23814.587890625,45372.05859375,12393.1162109375,12331.0341796875,132.4350128173828,17914.716796875,13085.361328125,7834.61083984375,28757.03125,12330.87109375,5468.0498046875
2019-10-16,16007.6083984375,35656.75390625,29997.935546875,10027.5537109375,51339.4453125,20343.171875,25502.69140625,135179.984375,12379.4677734375,11724.796875,6731.60400390625,8239.861328125,4415.35009765625,2270.715576171875,10150.1923828125,4705.55078125,4316.10498046875,33808.3984375,16061.751953125,9397.150390625,23899.21875,46072.33203125,12373.9775390625,12550.6826171875,134.15863037109375,18101.9609375,13211.1328125,7931.23681640625,28382.5,12590.8798828125,5488.0048828125
2019-10-17,15837.3349609375,35202.734375,30041.90234375,10285.310546875,51062.5390625,20370.11328125,24865.57421875,135852.09375,12420.447265625,11973.669921875,6701.71240234375,8136.0771484375,4387.3544921875,2251.834228515625,10392.4794921875,4713.5869140625,4333.04833984375,32045.970703125,16047.7822265625,9279.3984375,23924.10546875,46381.87890625,12280.189453125,12522.7802734375,134.2415313720703,18108.931640625,13226.1064453125,7959.12841796875,28442.427734375,12580.9150390625,5547.875
2019-10-18,15742.7392578125,35384.34765625,30648.4765625,10230.361328125,50777.65625,20505.822265625,24412.19921875,134844.40625,12260.5322265625,11860.634765625,6575.17041015625,8251.8369140625,4359.35693359375,2259.7841796875,10222.9765625,4787.06591796875,4381.22705078125,32106.291015625,15847.26171875,9345.2587890625,23788.703125,45978.5546875,12249.5673828125,12439.7861328125,132.86593627929688,17847.982421875,13124.2900390625,7935.220703125,28078.880859375,12527.12109375,5562.84228515625
2019-10-21,15970.7626953125,36474.96484375,30745.412109375,10559.0517578125,50612.30078125,20924.91796875,24206.48828125,135343.78125,12256.5341796875,12408.9521484375,6663.84912109375,8313.7080078125,4479.3408203125,2243.88427734375,10172.1279296875,4927.13720703125,4489.76611328125,33063.7265625,15759.470703125,9445.0478515625,23957.955078125,45771.984375,12191.1875,12640.8330078125,133.54539489746094,17907.7421875,13249.0654296875,8070.6953125,28795.982421875,12695.4775390625,5587.787109375
2019-10-23,16224.6796875,36502.3125,31484.888671875,10560.0517578125,50965.9140625,20861.052734375,23866.95703125,136857.828125,12317.5009765625,11790.23828125,6749.5390625,8332.6669921875,4422.3486328125,2244.8779296875,10142.21484375,4822.083984375,4427.8203125,32199.513671875,16410.919921875,9569.78515625,23948.998046875,42822.50390625,12151.9521484375,12656.5712890625,134.95416259765625,17429.671875,13250.064453125,8132.45556640625,26729.568359375,13109.8935546875,5746.44140625
2019-10-24,15951.8447265625,36358.77734375,32176.404296875,10762.8603515625,51329.49609375,20676.455078125,23924.876953125,137414.078125,12343.48828125,12136.2802734375,6650.89599609375,8530.2568359375,4368.35595703125,2243.88427734375,10179.1064453125,4758.9375,4365.3447265625,32078.873046875,16197.4267578125,9539.8486328125,23680.181640625,43042.46484375,12100.275390625,12449.087890625,134.25804138183594,17059.16796875,13153.23828125,8090.61865234375,26648.669921875,12829.9638671875,5789.3466796875
2019-10-25,15835.3427734375,36729.8125,32524.158203125,10719.9013671875,50377.22265625,20749.294921875,23990.78515625,137966.421875,12193.5673828125,11901.2900390625,6642.92529296875,8644.0205078125,4377.35498046875,2214.072021484375,10269.83984375,4794.52978515625,4365.3447265625,32116.166015625,16193.4365234375,9422.09765625,23166.45703125,41842.671875,12058.16796875,12344.6279296875,133.04823303222656,17312.150390625,13141.259765625,8020.888671875,26692.615234375,12814.0244140625,5723.490234375
2019-10-28,16103.1982421875,37226.7890625,30293.7265625,10655.9619140625,50731.828125,21042.662109375,24537.0234375,138312.953125,12625.33984375,12163.0537109375,6743.560546875,8420.4873046875,4490.3388671875,2216.058837890625,10314.7080078125,4877.76806640625,4463.29345703125,32463.822265625,16430.873046875,9408.126953125,23568.677734375,41910.86328125,12082.091796875,12661.5810546875,134.556396484375,17713.52734375,13460.68359375,8116.5185546875,29836.681640625,13160.7001953125,5716.50732421875
2019-10-29,16015.5732421875,37605.62890625,29177.513671875,10589.0234375,50700.94921875,21145.439453125,24858.583984375,138184.125,12430.44140625,12195.7734375,6749.5390625,8233.8740234375,4552.33056640625,2188.234130859375,9950.7763671875,4863.41552734375,4446.3505859375,32995.72265625,16258.2822265625,9460.017578125,23462.1484375,41792.6875,12106.9736328125,12670.16796875,134.3409423828125,17887.822265625,13475.65625,8076.6728515625,29838.6796875,13141.7705078125,5727.48193359375
2019-10-30,15502.763671875,37550.95703125,30748.40625,10486.12109375,52716.046875,20738.32421875,24688.814453125,136350.921875,11840.751953125,12572.5517578125,6576.16748046875,8774.75,4562.328125,2187.240234375,10314.7080078125,4845.6201171875,4429.93798828125,33379.57421875,15986.9296875,9338.2744140625,22827.95703125,42184.6171875,12249.5673828125,12469.8359375,132.38536071777344,17389.83203125,13215.1259765625,7858.5185546875,28684.125,12837.93359375,5645.66064453125
2019-10-31,15422.1064453125,37747.203125,33015.81640625,10540.0703125,52822.625,20561.69921875,24544.01953125,137129.96875,12019.6591796875,12226.51171875,6506.41943359375,9274.70703125,4539.33203125,2197.177978515625,10354.591796875,4932.30322265625,4510.94482421875,34272.30078125,15942.0341796875,9339.2724609375,22817.005859375,42905.09375,12584.5146484375,12396.8603515625,131.7058563232422,17277.287109375,13516.58203125,7926.255859375,27392.73828125,13134.7978515625,5736.462890625
2019-11-01,15411.154296875,38534.17578125,32400.248046875,10617.99609375,53168.26953125,20846.087890625,24366.263671875,137731.234375,11915.712890625,12328.6357421875,6495.46044921875,9144.9775390625,4685.310546875,2201.15283203125,10727.49609375,4985.11572265625,4564.41796875,34627.640625,15812.3427734375,9460.017578125,22813.0234375,43052.46484375,12441.9228515625,12239.45703125,131.55667114257812,17249.400390625,13696.2568359375,7953.15087890625,27527.5703125,13312.12109375,5696.5498046875
2019-11-05,15987.69140625,38518.55078125,29174.515625,10890.7392578125,52643.3203125,21546.576171875,24856.5859375,140616.671875,12946.1689453125,12976.10546875,6810.318359375,8404.517578125,4927.275390625,2260.777587890625,10099.3408203125,5098.20556640625,4669.77978515625,35049.87109375,16235.3369140625,9621.6748046875,23740.91796875,43684.15234375,12441.9228515625,12842.5947265625,135.93191528320312,17849.974609375,13894.8974609375,8302.7939453125,29052.662109375,13509.369140625,5948.0009765625
2019-11-06,16098.2216796875,38566.39453125,29212.484375,10952.6826171875,54026.89453125,21759.119140625,25434.787109375,142425.46875,13137.068359375,12706.4091796875,6879.0693359375,8321.689453125,4899.2783203125,2225.996337890625,10768.3759765625,5097.05810546875,4671.36865234375,35429.328125,16480.748046875,9723.4609375,24119.2421875,43922.3046875,12345.265625,12878.3662109375,135.86561584472656,18004.353515625,14116.4990234375,8349.61328125,29304.34765625,13523.3154296875,6013.8564453125
2019-11-07,16299.361328125,38668.921875,28956.6640625,11374.283203125,54332.69921875,21599.4609375,24965.435546875,144622.765625,12867.2109375,12742.103515625,6828.25390625,8143.0625,4910.27734375,2239.90869140625,10706.5595703125,5109.11279296875,4684.60400390625,35506.11328125,16352.05859375,9726.4541015625,24279.53125,43992.3046875,12197.88671875,12932.02734375,135.60052490234375,17881.84765625,13774.1171875,8270.9189453125,29700.8515625,13544.234375,5949.99658203125
2019-11-08,16191.818359375,38130.93359375,28280.140625,11309.345703125,54336.69140625,21453.78125,24965.435546875,144827.53125,12754.2705078125,12518.0185546875,6810.318359375,7629.1298828125,4827.28857421875,2294.565185546875,10603.8583984375,4927.71044921875,4475.47021484375,35403.01171875,16095.669921875,9660.5927734375,24158.06640625,42992.47265625,12249.5673828125,12940.6123046875,134.838134765625,17595.00390625,13757.1455078125,8170.31005859375,29500.10546875,13448.6005859375,5947.00244140625
2019-11-11,16124.109375,37510.9140625,28352.087890625,11758.9208984375,55135.55078125,21499.6796875,24700.798828125,144223.28125,12661.3193359375,12400.02734375,6782.41943359375,7638.1123046875,4718.3056640625,2282.64013671875,10323.6806640625,4931.72900390625,4485.0009765625,34856.85546875,15636.7626953125,9757.3896484375,23839.4765625,42627.140625,12201.7158203125,12977.81640625,135.0204315185547,17468.51953125,13376.833984375,8068.703125,29362.275390625,13399.7861328125,5829.25927734375
2019-11-12,16126.099609375,37784.3046875,28274.142578125,12088.611328125,55453.296875,21591.48046875,25354.892578125,145350.859375,12967.158203125,12414.900390625,6863.126953125,7582.2294921875,4695.30859375,2254.815673828125,10760.3994140625,4847.916015625,4406.6416015625,34753.7578125,15669.6845703125,9879.1328125,23774.763671875,43092.45703125,12201.7158203125,13082.2724609375,136.32968139648438,17603.96875,13564.49609375,8128.4716796875,29332.3125,13473.505859375,5762.40478515625
2019-11-13,16091.25,38189.50390625,29729.123046875,11952.7392578125,55863.69140625,21393.908203125,25612.5390625,144553.859375,13051.1142578125,12889.841796875,6728.615234375,7886.59619140625,4649.31494140625,2260.777587890625,11092.423828125,4792.23193359375,4348.40234375,34698.92578125,15786.4052734375,10031.80859375,23602.529296875,42123.22265625,12106.0166015625,12851.0244140625,133.2471466064453,17414.73046875,13256.0517578125,8146.40234375,29508.091796875,13302.1591796875,5788.35009765625
2019-11-14,16061.3759765625,37746.22265625,29891.0078125,12102.59765625,55120.61328125,21453.78125,25572.59375,144028.515625,12993.1455078125,12682.6103515625,6725.62548828125,8047.26123046875,4603.322265625,2271.709228515625,11079.4638671875,4793.38232421875,4346.28466796875,34487.265625,15969.9697265625,9846.2001953125,23446.22265625,42492.56640625,12152.91015625,12885.375,134.8712615966797,17405.7734375,13304.96484375,8165.328125,29375.2578125,13174.646484375,5798.32763671875
2019-11-18,15983.70703125,37674.95703125,29122.548828125,11914.775390625,54769.9921875,21358.978515625,25648.486328125,145237.03125,12861.2138671875,12858.111328125,6711.67626953125,7973.4150390625,4591.32373046875,2272.703125,11114.3603515625,4801.9912109375,4348.93115234375,34769.11328125,16159.5166015625,9577.7685546875,23190.349609375,43192.4375,12142.3837890625,13152.314453125,136.0314483642578,17292.2265625,13388.8134765625,8102.572265625,28141.802734375,12848.892578125,5752.427734375
2019-11-19,16269.4873046875,38445.328125,29133.541015625,12224.4833984375,55441.34765625,21817.9921875,25762.33203125,147119.734375,13029.125,12981.05859375,6830.24609375,8026.30419921875,4673.31201171875,2260.777587890625,11286.8525390625,4878.341796875,4448.998046875,35094.83984375,16380.9892578125,9619.6796875,23770.78515625,44952.53125,12147.1650390625,13218.1552734375,137.8212432861328,17685.63671875,13626.3828125,8232.0703125,28464.3984375,12977.3994140625,5860.19189453125
2019-11-21,15785.5556640625,37077.39453125,28600.9140625,11934.755859375,55833.80859375,22002.59375,26293.59765625,148098.53125,12868.2109375,12898.765625,6611.041015625,8017.3232421875,4566.32763671875,2260.777587890625,11242.982421875,4772.1416015625,4322.98779296875,34186.765625,18307.404296875,9429.08203125,23574.654296875,44132.27734375,12106.0166015625,13991.064453125,141.10276794433594,17493.4140625,13461.681640625,8134.4482421875,27663.400390625,12870.80859375,5845.224609375
2019-11-22,15912.013671875,37989.34765625,28202.193359375,11843.8408203125,56154.55078125,21603.45703125,25555.61328125,145051.25,12894.197265625,13252.73828125,6544.28271484375,7751.8759765625,4685.310546875,2269.72119140625,11198.11328125,4758.9375,4323.517578125,34668.22265625,17931.298828125,9413.115234375,23632.39453125,44655.1796875,12154.82421875,13991.064453125,140.14144897460938,17432.658203125,13199.1552734375,8100.580078125,28226.697265625,13016.2548828125,5820.279296875
2019-11-25,15375.306640625,38482.4296875,27621.603515625,11690.986328125,56825.8984375,21308.09375,25401.830078125,144439.0,12291.513671875,13513.5107421875,6419.73388671875,7744.89013671875,4719.3056640625,2265.746826171875,11144.2734375,4779.02880859375,4342.578125,35236.31640625,18031.05859375,9340.26953125,22651.734375,44592.1875,12144.2958984375,13830.041015625,137.98703002929688,16955.58203125,13115.306640625,7864.4951171875,28137.80859375,12851.8818359375,5788.35009765625
2019-11-26,14886.3974609375,38284.21875,26746.21484375,11850.8359375,56489.2265625,20642.5234375,24980.412109375,141876.15625,11895.7236328125,13490.70703125,6202.521484375,7411.583984375,4764.298828125,2243.88427734375,11523.1591796875,4726.216796875,4315.04638671875,34859.046875,17743.7421875,9128.716796875,21952.828125,43542.37890625,11984.4794921875,13694.78125,134.20838928222656,16443.65234375,12873.744140625,7699.13671875,28074.888671875,12651.6455078125,5662.623046875
2019-11-27,14970.0400390625,38312.53515625,27112.95703125,11928.76171875,58008.2734375,20764.26171875,25714.3984375,142740.09375,11921.7109375,13782.2138671875,6240.3837890625,7514.36962890625,4749.30029296875,2266.739990234375,11187.1455078125,4904.74755859375,4499.29541015625,35478.6953125,17472.392578125,9319.3134765625,21953.826171875,42992.47265625,11993.0908203125,13884.4326171875,135.0701141357422,16597.03515625,12717.025390625,7801.73876953125,27965.0234375,12333.1533203125,5388.224609375
2019-11-29,14663.3505859375,37632.9609375,27387.767578125,11728.94921875,57524.171875,20253.365234375,25010.373046875,141553.53125,11799.7744140625,13220.0185546875,6239.3876953125,7679.02685546875,4651.31494140625,2266.739990234375,11227.0302734375,4834.13916015625,4438.9384765625,34875.4921875,17458.42578125,9217.529296875,21803.494140625,41890.26953125,11868.68359375,13754.8984375,133.6614532470703,16507.396484375,12792.890625,7611.4765625,26367.0234375,12070.0654296875,5206.6201171875
2019-12-02,14502.0380859375,37708.1484375,27420.7421875,11505.1611328125,57457.4296875,19746.455078125,25173.1484375,141906.09375,11197.091796875,13187.2978515625,6187.57568359375,7758.86083984375,4672.31201171875,2240.903076171875,11267.91015625,4761.23486328125,4369.580078125,34968.71875,17262.890625,8627.7744140625,21330.583984375,40932.4375,11881.1240234375,13651.1259765625,131.0263671875,16331.10546875,12549.3271484375,7548.72021484375,26012.466796875,11467.16015625,5028.0107421875
2019-12-03,14410.4326171875,37444.51953125,29393.359375,11239.41015625,56426.4765625,19493.0,24866.57421875,140328.03125,10906.24609375,13088.1474609375,6137.75537109375,8232.8740234375,4505.3359375,2236.927490234375,12218.119140625,4695.21728515625,4285.39697265625,34111.0859375,18264.501953125,8581.873046875,21295.7421875,40412.92578125,11882.080078125,13500.1240234375,129.4684295654297,16100.0361328125,12715.0283203125,7561.67041015625,25612.966796875,11254.8984375,4952.17626953125
2019-12-04,14596.63671875,38045.97265625,28603.912109375,11397.263671875,56370.69921875,19654.65234375,25350.8984375,139853.625,11346.013671875,13238.859375,6166.6513671875,8462.3974609375,4514.33447265625,2236.927490234375,12214.130859375,4709.380859375,4313.984375,34408.296875,18261.513671875,8663.7001953125,21536.671875,41292.76953125,12102.1904296875,13694.0654296875,132.35220336914062,16292.2607421875,13155.236328125,7670.24853515625,26366.0234375,11402.38671875,4948.185546875
2019-12-05,14416.40625,37879.0078125,28814.76171875,11267.384765625,56459.34765625,19228.5703125,25010.373046875,137831.125,11532.916015625,13070.2978515625,6134.7666015625,8727.8447265625,4256.373046875,2219.040771484375,12682.75390625,4732.353515625,4343.6494140625,34216.3671875,17917.330078125,8586.8623046875,21330.583984375,40728.265625,12000.74609375,13635.384765625,130.08163452148438,16131.9072265625,13197.16015625,7659.29248046875,26419.95703125,11259.8828125,4848.404296875
2019-12-06,14700.1923828125,38914.95703125,27680.560546875,11139.505859375,57054.015625,19246.53125,25630.51171875,137831.125,11385.9931640625,13375.689453125,6211.48876953125,8648.0126953125,4233.37646484375,2239.90869140625,12453.427734375,4801.271484375,4403.5068359375,34656.15234375,18106.876953125,8612.806640625,21513.77734375,41094.609375,12196.931640625,13734.142578125,132.0703887939453,16409.78515625,13482.6416015625,7770.85888671875,26017.458984375,11410.3583984375,4932.220703125
2019-12-09,14544.8564453125,39049.703125,27547.654296875,11114.5283203125,57488.3125,19185.662109375,25230.06640625,137831.125,11249.064453125,13439.1494140625,6198.53564453125,8486.3466796875,4218.37890625,2243.88427734375,12662.8134765625,4741.54248046875,4349.47607421875,34497.12890625,18132.81640625,8587.859375,21480.91796875,41038.4140625,12167.265625,13721.259765625,131.75550842285156,16191.66796875,13412.7685546875,7730.0166015625,26276.134765625,11445.2392578125,4839.42333984375
2019-12-10,14408.4384765625,39690.22265625,28817.76171875,10903.7265625,58170.63671875,19156.7265625,25272.015625,137929.984375,11254.0634765625,13327.1044921875,6094.91162109375,8706.8876953125,4214.37939453125,2249.846435546875,13100.5263671875,4767.38671875,4375.43212890625,34676.9921875,17757.7109375,8569.8974609375,21111.556640625,40592.890625,12197.88671875,13643.9716796875,129.79991149902344,16054.2236328125,13020.478515625,7641.36083984375,27169.017578125,11363.521484375,4785.54052734375
2019-12-11,14600.6162109375,39841.55078125,29872.01953125,11109.533203125,57823.98828125,19413.17578125,25782.3046875,139089.578125,11374.9990234375,13782.2138671875,6169.640625,8768.7607421875,4243.37548828125,2234.9404296875,13859.2978515625,4777.7236328125,4373.8427734375,34690.14453125,17615.138671875,8643.7421875,21236.0078125,40992.82421875,12106.0166015625,13702.65625,131.1920623779297,16220.5517578125,12819.8408203125,7560.673828125,27059.15625,11310.705078125,4822.46044921875
2019-12-12,14478.1416015625,40105.1796875,30096.86328125,11108.5341796875,57364.796875,19358.291015625,25498.69140625,139850.640625,11488.9384765625,13834.765625,6177.6123046875,8952.37890625,4268.37158203125,2223.015625,13859.2978515625,4792.08251953125,4386.55615234375,34800.921875,17793.748046875,8650.7275390625,21171.2890625,41492.734375,12034.2421875,13722.6923828125,131.0594940185547,16176.7265625,12736.98828125,7546.7275390625,26641.6796875,11220.01953125,4789.53271484375
2019-12-13,15222.958984375,40788.66015625,28479.998046875,11046.5927734375,58612.90625,20156.568359375,25973.041015625,145321.9375,12193.5673828125,13601.7578125,6386.85302734375,8659.986328125,4420.3486328125,2208.109619140625,13859.2978515625,4973.56494140625,4553.94482421875,35858.15234375,18303.62109375,8714.5927734375,21594.419921875,42712.51953125,12047.640625,14023.984375,136.09771728515625,16881.884765625,12934.6337890625,7858.5185546875,27324.822265625,11609.6669921875,4822.46044921875
2019-12-17,14883.41015625,40343.42578125,28094.26953125,11474.189453125,59997.46484375,20556.7109375,25596.55859375,145518.71875,12057.6396484375,13777.255859375,6416.7451171875,8656.9912109375,4389.35400390625,2181.27783203125,14414.6689453125,4986.2001953125,4538.58447265625,35265.92578125,19256.521484375,8676.671875,21678.046875,44111.87890625,11998.8310546875,14105.568359375,137.44007873535156,16917.740234375,13391.8076171875,7901.3525390625,30519.828125,11678.4287109375,4873.34912109375
2019-12-18,15294.6533203125,39641.390625,27910.3984375,11501.1650390625,60443.7109375,20698.40234375,25867.185546875,147990.640625,12473.4189453125,13339.9951171875,6524.35595703125,8512.2939453125,4385.35498046875,2198.171142578125,14656.9580078125,4943.1259765625,4516.33642578125,35193.54296875,18979.130859375,8795.421875,22002.611328125,45229.28125,12096.4482421875,14406.8603515625,139.097412109375,17204.58203125,13226.1064453125,8138.4326171875,32456.404296875,11895.673828125,4900.2900390625
2019-12-19,15096.5,39608.19140625,28827.7578125,11723.955078125,60446.69921875,20970.818359375,25814.26171875,146811.09375,12336.4912109375,13018.7412109375,6435.67626953125,8652.001953125,4431.34716796875,2204.134521484375,13946.044921875,4881.67529296875,4451.181640625,35517.0703125,18910.279296875,8669.6865234375,21971.75,45747.984375,12072.5224609375,14051.1787109375,136.5948944091797,17052.1953125,13057.41015625,8074.68017578125,31556.529296875,11748.185546875,4939.20556640625
2019-12-20,14893.3671875,38932.5390625,28850.740234375,12052.6455078125,60426.7734375,20538.748046875,25745.3515625,145225.03125,12253.5361328125,12779.7822265625,6365.9287109375,8792.7109375,4419.34912109375,2198.171142578125,13968.9775390625,4824.81787109375,4390.263671875,35543.40234375,18612.939453125,8546.9462890625,21629.265625,46960.37890625,11962.4677734375,13851.509765625,134.9873046875,16826.10546875,13053.4189453125,8019.89208984375,31171.01171875,11602.69140625,4860.37744140625
2019-12-23,14882.4140625,38616.19140625,28685.853515625,11865.8212890625,58995.890625,20272.3203125,25749.349609375,144622.765625,12166.5810546875,12576.51953125,6338.02978515625,8633.0419921875,4332.36279296875,2201.15283203125,13399.6484375,4811.0341796875,4383.37744140625,35460.05078125,18624.908203125,8502.041015625,21504.810546875,46450.8671875,11985.435546875,13896.595703125,133.92666625976562,16898.8125,12773.9228515625,8017.89990234375,30911.33984375,11655.5078125,4865.3671875
2019-12-27,14857.5205078125,39125.8671875,30855.33203125,11976.7158203125,59780.81640625,20600.615234375,25811.26171875,145090.21875,12150.58984375,12741.1123046875,6321.09130859375,9291.673828125,4381.35498046875,2206.12158203125,14320.9423828125,4808.73583984375,4380.7294921875,35808.796875,18543.08984375,8401.25390625,21479.921875,46322.08984375,12094.5322265625,13940.25,134.47349548339844,16861.962890625,12662.126953125,7990.0087890625,31250.9140625,11643.55078125,4899.2919921875
2019-12-30,15115.41796875,39249.8671875,31166.11328125,12288.421875,60184.234375,20820.14453125,26181.751953125,145821.328125,12414.44921875,12929.50390625,6375.8935546875,9363.5234375,4404.35205078125,2219.040771484375,14479.4775390625,4857.5537109375,4416.75,36040.20703125,18584.00390625,8339.384765625,21742.76171875,46671.83203125,12125.15625,14046.8857421875,135.0701141357422,17045.224609375,12647.1533203125,8058.74169921875,30986.244140625,11674.4423828125,4968.14208984375
2020-01-06,14474.1591796875,39232.2890625,33472.48828125,12021.673828125,62218.25390625,20261.345703125,25261.02734375,143074.671875,11844.75,12912.646484375,5983.3154296875,9666.8916015625,4412.3505859375,2195.190185546875,14577.1904296875,4783.46728515625,4342.59033203125,35369.01171875,17848.623046875,8022.0546875,21061.7734375,46867.79296875,11889.7353515625,13686.9111328125,129.733642578125,16273.3359375,11976.36328125,7710.09375,31795.234375,11368.5048828125,4777.55859375
2020-01-07,14097.765625,39118.05859375,32197.38671875,12243.4638671875,63401.62109375,20364.123046875,25438.77734375,143354.34375,11808.76953125,12714.3408203125,6018.19091796875,9422.4013671875,4439.345703125,2209.102783203125,14457.5439453125,4811.609375,4358.48095703125,35622.359375,17983.328125,8023.05322265625,21205.138671875,47153.74609375,11966.2958984375,13715.537109375,129.43528747558594,16286.2861328125,12177.9990234375,7752.927734375,31495.60546875,11470.1513671875,4794.521484375
2020-01-08,14234.1845703125,39172.734375,31612.802734375,11988.705078125,64207.47265625,20448.94140625,25185.12890625,143074.671875,11876.7333984375,12920.580078125,6014.20361328125,9325.603515625,4463.3427734375,2184.25927734375,15245.2294921875,4761.0693359375,4307.62890625,35338.3046875,18111.044921875,7944.21923828125,20889.5390625,46491.86328125,11962.4677734375,13703.373046875,129.38565063476562,16369.94921875,12206.9482421875,7688.17919921875,31103.09765625,11460.1845703125,4871.35302734375
2020-01-09,14376.5751953125,38833.92578125,30653.47265625,11946.7451171875,64179.58984375,21603.45703125,25537.642578125,144278.203125,11919.7109375,12978.087890625,6044.095703125,8922.44140625,4435.3466796875,2188.234130859375,14986.98828125,4763.36572265625,4316.6337890625,34803.11328125,18370.4765625,7929.25048828125,21007.017578125,46815.60546875,11950.9814453125,13784.953125,128.67298889160156,16353.0166015625,12140.0703125,7741.97119140625,30258.154296875,11561.8330078125,4786.53955078125
2020-01-10,14278.9921875,39248.89453125,30867.322265625,11968.724609375,64613.875,21392.912109375,25564.603515625,144249.265625,12043.646484375,13106.9853515625,5998.26123046875,8813.666015625,4454.34423828125,2197.177978515625,14870.330078125,4768.53466796875,4338.88134765625,33756.8515625,18366.484375,8349.36328125,21045.84375,47501.68359375,11991.1767578125,13795.689453125,128.67298889160156,16420.740234375,11978.3603515625,7842.580078125,30961.275390625,11669.4580078125,4785.54052734375
2020-01-14,14353.6748046875,39722.44140625,29530.265625,11988.705078125,64945.57421875,21817.9921875,25877.173828125,143185.546875,12257.5322265625,13331.068359375,6027.15673828125,8715.87109375,4556.3291015625,2188.234130859375,14434.6103515625,4794.37890625,4328.81640625,33121.85546875,18751.6328125,8278.51171875,21341.5390625,48516.69921875,12194.0595703125,13812.150390625,128.82208251953125,16737.4609375,12153.0458984375,7858.5185546875,30062.400390625,11837.8740234375,5208.6162109375
2020-01-15,14274.013671875,39343.59375,29661.169921875,11966.7255859375,64944.5859375,22161.255859375,26604.166015625,143272.4375,12718.2890625,13270.5859375,6041.10595703125,8757.783203125,4460.34375,2189.22802734375,14499.419921875,4831.1357421875,4370.13427734375,32704.0,18972.146484375,8302.4619140625,21402.271484375,48991.421875,12201.7158203125,13902.32421875,130.6948699951172,16783.28125,12222.9189453125,7820.66552734375,29038.6796875,11910.623046875,5130.7861328125
2020-01-16,14367.615234375,40094.4453125,29606.2109375,12088.611328125,64757.30078125,22074.439453125,26163.775390625,143591.046875,12814.23828125,13527.3916015625,6036.1240234375,8884.5205078125,4549.3310546875,2197.177978515625,14950.095703125,4818.5009765625,4350.5361328125,32634.908203125,19197.6484375,8409.236328125,21268.857421875,49001.421875,12195.9736328125,13721.9755859375,130.9932098388672,16777.302734375,11723.8212890625,7740.974609375,27892.115234375,12067.076171875,5049.96337890625
2020-01-17,13890.65234375,41415.49609375,29862.025390625,12109.5908203125,64905.7265625,22421.69140625,26401.44921875,144794.5625,12725.287109375,13980.5205078125,5980.326171875,8920.4453125,4609.3212890625,2192.209228515625,15415.7275390625,4876.505859375,4410.921875,33053.8515625,18831.455078125,8382.2939453125,20662.54296875,50201.41015625,12192.1455078125,13606.7568359375,128.85531616210938,16376.919921875,11531.1689453125,7725.037109375,27271.888671875,12149.791015625,4931.22265625
2020-01-21,14009.1455078125,40739.83984375,29581.2265625,11815.869140625,63964.42578125,22190.1875,26792.90234375,142419.46875,12565.37109375,13578.951171875,5990.29052734375,9080.11328125,4498.3369140625,2144.50927734375,14420.65234375,4819.07421875,4362.71875,33207.39453125,18511.162109375,8264.5419921875,20449.486328125,49404.55078125,11999.7890625,13526.6044921875,127.61225891113281,16403.810546875,11469.2783203125,7734.998046875,27182.00390625,12025.224609375,4814.47802734375
2020-01-22,14030.0556640625,40432.27734375,29378.369140625,11467.1962890625,63882.73828125,22087.408203125,26516.521484375,141127.0625,12441.4365234375,13405.43359375,6082.955078125,9088.0947265625,4428.34716796875,2123.640869140625,14500.4150390625,4893.16015625,4423.1064453125,33736.01171875,18409.390625,8304.458984375,20160.76171875,49718.296875,11924.1865234375,13497.9775390625,128.7061309814453,16340.06640625,11786.7060546875,7670.24853515625,26670.64453125,12006.2880859375,4711.7021484375
2020-01-23,13905.587890625,39195.1875,29472.3046875,11472.1904296875,63899.671875,21896.82421875,25443.87890625,138789.9375,12268.525390625,12830.349609375,6017.1923828125,9145.9755859375,4308.365234375,2103.765625,13951.0302734375,4863.296875,4387.08544921875,33504.609375,18083.103515625,8212.6533203125,20181.671875,48591.49609375,11866.7685546875,13525.888671875,127.38027954101562,16164.775390625,11988.3427734375,7595.53857421875,25966.5234375,11940.5166015625,4584.9794921875
2020-01-24,13957.3671875,39472.4765625,29321.408203125,11697.9794921875,64004.265625,22076.43359375,25792.4375,139029.625,12522.3935546875,12796.63671875,6018.19091796875,9122.025390625,4346.3603515625,2103.765625,13510.322265625,4966.67333984375,4502.03369140625,33709.6953125,18221.798828125,8230.6142578125,20261.318359375,49333.1640625,11987.349609375,13568.1123046875,127.59574890136719,16289.2734375,12227.91015625,7657.2998046875,26416.958984375,12038.1787109375,4754.6083984375
2020-01-28,13741.2890625,38026.453125,29594.220703125,11530.1376953125,63800.0625,21204.314453125,25329.0234375,136832.3125,11916.7119140625,12137.2724609375,5898.6220703125,9015.2490234375,4305.365234375,2056.065185546875,13424.576171875,4753.02880859375,4313.984375,32917.85546875,17546.291015625,8082.92578125,19850.13671875,47527.07421875,11591.15234375,13095.0625,124.67881774902344,15925.7392578125,11778.72265625,7457.076171875,25438.18359375,11709.3203125,4545.06689453125
2020-01-29,13840.86328125,38131.91015625,28715.8359375,11488.17578125,63695.47265625,21154.421875,25617.66015625,136332.96875,12022.65625,12493.2294921875,5925.525390625,8872.546875,4352.359375,2091.840087890625,13862.291015625,4819.07421875,4355.83251953125,33555.05859375,17607.158203125,8153.7763671875,20041.29296875,49027.22265625,11737.572265625,13289.720703125,125.57376861572266,16056.212890625,11696.8681640625,7581.5927734375,25936.560546875,11894.6767578125,4547.0625
2020-01-30,13925.501953125,38251.99609375,29731.12109375,11702.974609375,64420.63671875,21188.34765625,25198.1875,136824.328125,11994.671875,12492.240234375,5931.50341796875,9508.22265625,4345.3603515625,2106.747314453125,14391.734375,4894.3095703125,4433.1708984375,33807.3046875,17527.3359375,8241.58984375,20135.87109375,49190.3828125,11807.43359375,13278.9873046875,125.37492370605469,16097.048828125,11843.60546875,7574.619140625,25617.958984375,11803.9912109375,4545.06689453125
2020-01-31,13685.52734375,38140.6875,30356.68359375,11593.078125,65642.8671875,20655.5,24397.201171875,134450.265625,11691.8330078125,12073.814453125,5759.12841796875,9758.69921875,4375.35546875,2095.8154296875,14108.56640625,4827.11474609375,4383.37744140625,33391.64453125,16974.552734375,8061.97021484375,19484.75390625,49205.78125,11818.91796875,13060.7119140625,122.1928939819336,15684.7138671875,11684.890625,7363.43896484375,23887.123046875,11684.408203125,4428.3212890625
2020-02-03,13701.4599609375,37740.36328125,29685.15234375,11355.3017578125,65318.12890625,20688.42578125,24431.158203125,134324.40625,11683.833984375,11780.3212890625,5742.18896484375,9650.9267578125,4284.369140625,2061.03466796875,14108.56640625,4760.494140625,4331.99560546875,33256.7578125,17040.41015625,8070.95068359375,19488.736328125,49902.86328125,11804.560546875,13024.927734375,121.91117095947266,15773.35546875,11950.4130859375,7369.416015625,23420.708984375,11712.310546875,4421.33740234375
2020-02-04,14103.740234375,38702.11328125,28973.654296875,11701.974609375,65497.39453125,20948.865234375,24908.552734375,137050.0625,11800.7744140625,11980.6123046875,5841.8291015625,9290.6748046875,4446.34521484375,2086.871826171875,15092.67578125,4907.51904296875,4456.47802734375,33334.609375,16990.513671875,8099.8896484375,19808.32421875,51755.9375,11803.6064453125,13356.2783203125,124.64567565917969,16132.904296875,12077.1806640625,7394.3193359375,23470.646484375,11591.7294921875,4469.23291015625
2020-02-05,14381.5546875,38909.109375,28630.892578125,11988.705078125,65166.7109375,21519.630859375,24968.478515625,138849.84375,12273.525390625,12209.654296875,5956.4130859375,9160.9453125,4559.32861328125,2058.052978515625,14981.005859375,4973.56494140625,4509.97900390625,34656.15234375,17334.755859375,8254.5634765625,20193.619140625,52294.04296875,11984.4794921875,13494.3994140625,126.75043487548828,16433.69140625,12091.15625,7471.0224609375,24519.333984375,11942.509765625,4520.12060546875
2020-02-06,14676.2958984375,39036.03125,28729.822265625,12093.6064453125,66439.71875,21632.39453125,25243.1328125,138836.859375,12233.5458984375,12060.9248046875,6053.06298828125,9466.30859375,4586.32470703125,2069.978515625,14468.509765625,4972.99072265625,4517.92529296875,35109.09765625,17438.52734375,8185.708984375,20422.60546875,52380.83203125,11975.8642578125,13618.9228515625,128.6895294189453,16708.578125,12018.2890625,7520.82763671875,24069.89453125,11853.81640625,4500.1650390625
2020-02-07,14579.7060546875,38653.29296875,29681.158203125,11879.806640625,66738.5546875,21498.681640625,25035.39453125,137360.6875,11896.72265625,11913.1865234375,5898.6220703125,10297.5810546875,4536.33251953125,2065.009033203125,14632.0283203125,4954.61376953125,4490.91015625,35296.62890625,17410.591796875,8219.63671875,20114.966796875,52471.61328125,11916.533203125,13446.4501953125,125.90525817871094,16596.037109375,11978.3603515625,7421.21484375,23370.767578125,11861.7900390625,4390.40478515625
2020-02-10,14438.3115234375,38351.58984375,29446.322265625,11409.25,66524.390625,21284.14453125,25068.349609375,136457.796875,11870.7373046875,11674.2294921875,5882.6806640625,9950.3017578125,4449.34521484375,2044.1407470703125,14756.666015625,4939.10693359375,4462.83447265625,35211.1015625,17135.197265625,8265.5400390625,19912.861328125,52102.6875,11857.1962890625,13323.3564453125,125.14286804199219,16468.552734375,11664.92578125,7359.45458984375,22189.24609375,11801.0029296875,4357.47607421875
2020-02-12,14787.8173828125,40328.78515625,28367.076171875,11648.025390625,65742.453125,21703.23828125,25416.91015625,139253.375,11900.7216796875,12146.1962890625,6056.0517578125,9279.6982421875,4614.32080078125,2005.3843994140625,15090.6845703125,5089.0029296875,4609.56494140625,36283.68359375,17162.13671875,8791.4287109375,20310.103515625,53242.67578125,11785.421875,13389.9130859375,129.2198486328125,16782.283203125,11408.388671875,7501.90234375,24029.9453125,12321.193359375,4382.42236328125
2020-02-13,14726.0810546875,40375.6328125,29058.591796875,11324.330078125,64819.06640625,21603.45703125,25417.91015625,140364.96875,11965.685546875,12359.3740234375,6047.0849609375,9342.56640625,4576.3251953125,2009.3597412109375,15896.31640625,5155.62353515625,4658.82861328125,35303.21875,17125.220703125,8766.4814453125,20028.349609375,53878.96484375,11736.615234375,13313.3388671875,128.9215850830078,16607.990234375,11289.6044921875,7466.041015625,23721.33203125,12257.4169921875,4457.2578125
2020-02-14,14616.55078125,39864.01953125,29612.205078125,11185.4619140625,64995.38671875,21518.6328125,25742.50390625,140371.96875,11965.685546875,12430.7646484375,6107.8642578125,9440.3623046875,4567.32763671875,2019.2967529296875,16406.818359375,5132.0771484375,4639.22900390625,35324.04296875,17318.794921875,8703.615234375,20011.423828125,54140.5234375,11818.91796875,13299.0244140625,129.9490966796875,16558.185546875,11415.37890625,7402.2880859375,23769.26953125,12144.806640625,4383.41943359375
2020-02-18,14512.9921875,39499.8203125,29835.05078125,10890.7392578125,64937.609375,21230.26171875,25748.490234375,143689.90625,10867.265625,12448.6123046875,6152.7021484375,9622.984375,4476.3408203125,2007.3719482421875,16313.09375,5070.05078125,4602.67919921875,35478.6953125,17146.171875,8797.416015625,19945.716796875,54115.52734375,11743.3134765625,13206.70703125,130.89370727539062,16682.685546875,11153.849609375,7354.4736328125,22671.642578125,12140.8203125,4313.57177734375
2020-02-19,14601.6142578125,39516.4140625,31396.951171875,10859.7685546875,64555.09765625,20980.796875,25517.787109375,143670.953125,10647.3828125,12542.806640625,6197.5390625,10577.9990234375,4462.34326171875,1981.53466796875,17039.958984375,5008.0244140625,4544.94091796875,35464.43359375,17101.2734375,8781.44921875,20053.23828125,54017.94140625,11533.7333984375,13156.6103515625,131.9213104248047,16696.62890625,11293.5966796875,7413.24560546875,22272.142578125,12087.0068359375,4426.326171875
2020-02-20,14239.1630859375,40499.640625,31696.736328125,10604.0087890625,64827.0390625,19898.126953125,24965.484375,141384.75,10554.431640625,12497.1953125,6082.955078125,10648.8486328125,4489.3388671875,1966.6280517578125,16451.685546875,5009.7470703125,4555.5341796875,36081.8828125,16548.4921875,8841.3232421875,19395.154296875,54070.53125,11628.474609375,12956.2265625,129.35250854492188,16184.6953125,10950.21875,7332.5576171875,22586.748046875,12078.0390625,4230.75439453125
2020-02-21,13940.4375,40546.51171875,33776.28125,10743.8779296875,65253.37109375,18765.568359375,24582.966796875,138919.78125,10423.5009765625,12289.96875,5933.49658203125,11337.4169921875,4374.35546875,1930.853271484375,16325.0576171875,5084.4072265625,4627.04638671875,36323.16015625,16660.248046875,8720.5791015625,19142.271484375,53282.8671875,12030.4130859375,12811.6640625,126.4024429321289,15888.8896484375,11048.041015625,7177.16162109375,21381.2578125,11980.3779296875,4010.2353515625
2020-02-26,14359.6474609375,37181.87890625,32157.41796875,10772.8505859375,61797.9140625,19116.8125,24711.80078125,136037.3125,10650.3798828125,11253.8212890625,5942.46337890625,11021.076171875,4069.401123046875,1900.0472412109375,14357.833984375,4916.7080078125,4482.43505859375,34436.8125,16823.88671875,8025.04833984375,19195.03515625,51889.11328125,11461.95703125,12448.109375,126.30300903320312,16146.84765625,11349.49609375,7094.482421875,19481.634765625,11739.216796875,3957.35107421875
2020-02-27,13640.71875,35771.96875,32445.216796875,10407.1953125,63182.48046875,18659.794921875,24374.23046875,133009.0,10104.6689453125,10823.501953125,5676.427734375,11086.939453125,3951.41796875,1817.5660400390625,14107.5693359375,4817.3515625,4413.5712890625,35118.9609375,16134.404296875,7822.47607421875,18089.927734375,50391.1796875,11186.34375,11899.203125,120.17102813720703,15013.419921875,11260.658203125,6748.8232421875,18521.8359375,11555.853515625,3728.85009765625
2020-02-28,13173.7138671875,34501.6875,27757.50390625,9990.5869140625,60551.80078125,17961.302734375,23520.30859375,129839.8984375,9624.9228515625,11105.095703125,5492.09619140625,9202.8583984375,3782.443115234375,1748.997314453125,12428.5009765625,4529.61962890625,4142.3583984375,33524.34765625,15063.7685546875,7354.46484375,17583.169921875,47610.46875,10909.76953125,11450.4873046875,116.11056518554688,14790.3212890625,11191.7822265625,6472.89306640625,18566.779296875,10929.03125,3567.20361328125
2020-03-02,13293.2041015625,35664.5625,28316.115234375,10291.3046875,60016.890625,18090.02734375,24251.38671875,133192.765625,9812.82421875,11210.1962890625,5468.1826171875,9531.1748046875,3821.4375,1756.947509765625,12742.5791015625,4445.19677734375,4067.138671875,34199.9140625,15194.4794921875,7501.1552734375,17422.884765625,48991.421875,10949.0048828125,11500.583984375,116.07743072509766,14925.775390625,11810.6630859375,6375.27197265625,18796.4921875,11099.4384765625,3562.21435546875
2020-03-03,13402.736328125,37167.234375,30426.634765625,10639.9765625,60851.6171875,18620.876953125,25464.84765625,135540.890625,10162.6376953125,11540.373046875,5480.138671875,9949.3037109375,3859.431396484375,1796.6973876953125,13084.5751953125,4581.30908203125,4219.16650390625,35265.92578125,15579.630859375,7684.7666015625,17025.638671875,48991.421875,11463.8701171875,11684.5068359375,117.95022583007812,14989.517578125,12292.7919921875,6564.537109375,19258.912109375,11461.1826171875,3734.8369140625
2020-03-04,13443.5615234375,36559.9140625,31760.693359375,10869.7587890625,61911.46484375,18644.830078125,25920.275390625,136234.03125,10256.587890625,11708.93359375,5601.69873046875,10458.24609375,3829.43603515625,1832.472412109375,13218.1826171875,4522.72802734375,4127.52587890625,35243.98828125,15525.75,7740.6494140625,17212.810546875,48991.421875,11611.2509765625,11743.189453125,119.93895721435547,15184.73046875,12399.6005859375,6725.91162109375,18601.734375,11558.8427734375,3696.92041015625
2020-03-05,13141.84765625,35938.9296875,32876.91015625,10989.6474609375,64265.2421875,18911.255859375,26139.0,134763.859375,10294.5693359375,11360.90625,5570.8115234375,10733.6748046875,3719.451904296875,1822.5345458984375,12463.3974609375,4387.76416015625,3996.68701171875,35762.73828125,15379.0712890625,7774.57763671875,16573.63671875,49984.25390625,11460.0439453125,11757.5029296875,120.7509994506836,15202.6591796875,12276.8212890625,6654.189453125,16952.796875,11621.625,3630.066162109375
2020-03-06,12557.34765625,33685.42578125,33440.51171875,10764.8583984375,63526.1484375,18489.1640625,25865.345703125,132337.796875,9921.765625,11164.5849609375,5266.912109375,11096.916015625,3612.46826171875,1790.7347412109375,14058.712890625,4315.400390625,3947.953125,35796.73046875,15072.7490234375,7633.87451171875,16045.9765625,49386.3515625,11444.732421875,11502.015625,113.97266387939453,14949.6796875,12102.1376953125,6397.1875,15952.0478515625,11122.359375,3566.2060546875
2020-03-09,11998.734375,30635.185546875,32877.91015625,10639.9765625,62156.5,18118.962890625,24979.46484375,128976.9375,9532.970703125,10448.705078125,4981.94482421875,10835.4619140625,3201.528076171875,1750.98486328125,11948.9091796875,4031.689208984375,3689.452880859375,34058.44921875,14377.283203125,6481.3095703125,15332.1357421875,47228.53515625,11368.1728515625,10985.310546875,107.67497253417969,14212.65234375,11573.09375,6188.99462890625,8524.337890625,10724.740234375,3379.613525390625
2020-03-10,11950.9375,31511.0078125,29757.1015625,10599.013671875,60587.6484375,18754.58984375,24851.623046875,129226.640625,10025.7109375,11374.7890625,5207.12841796875,10238.705078125,3291.515625,1753.966064453125,12064.5712890625,4059.83056640625,3707.99365234375,34700.01953125,14695.580078125,6376.53076171875,15332.1357421875,49310.37109375,11236.1064453125,11264.416015625,111.1056137084961,14425.7939453125,11579.0830078125,6311.51904296875,7158.046875,10872.2294921875,3531.281982421875
2020-03-11,12159.048828125,30468.115234375,30546.2421875,10908.72265625,60621.51171875,18946.1796875,25078.337890625,129791.953125,10194.6220703125,11097.1611328125,5209.12109375,10534.1171875,3219.526123046875,1733.0972900390625,12273.9560546875,4038.0068359375,3677.27001953125,33983.8671875,14938.0458984375,6266.7626953125,15232.578125,49610.70703125,10900.7490234375,11336.69921875,111.61930847167969,14046.3251953125,11479.8056640625,6373.27978515625,5265.4150390625,10953.9443359375,3516.201171875
2020-03-12,11911.1083984375,26440.462890625,27322.328125,9924.6494140625,55367.10546875,17320.681640625,22970.998046875,122368.046875,9264.11328125,10316.8310546875,4940.095703125,8910.3359375,2794.5888671875,1560.185302734375,9597.8125,3680.782958984375,3366.328125,30212.26953125,13870.4033203125,5427.53515625,14436.1025390625,45654.609375,10026.658203125,10595.994140625,105.23871612548828,13257.5068359375,10332.724609375,5929.9990234375,3719.34814453125,10377.9453125,3153.901611328125
2020-03-13,11713.9521484375,27084.068359375,26592.798828125,8691.8115234375,53989.49609375,17013.34375,22913.076171875,119853.1328125,9729.8671875,9982.6845703125,4932.125,7934.2705078125,2867.578125,1506.522705078125,9897.931640625,3732.471435546875,3420.358642578125,30479.8671875,13909.314453125,5427.53515625,14511.7666015625,44432.22265625,9807.4189453125,10507.2509765625,103.5482406616211,13162.8876953125,10318.7490234375,5971.8369140625,5071.65673828125,10161.6962890625,3148.91162109375
2020-03-16,11012.947265625,24924.7265625,24241.32421875,8798.7109375,51080.89453125,15591.4091796875,21923.3203125,112059.6796875,8325.607421875,8864.244140625,4455.85107421875,7408.31396484375,2624.613525390625,1296.8419189453125,8046.36962890625,3514.999755859375,3396.787353515625,27540.67578125,13020.275390625,4758.9482421875,12981.5400390625,40604.6875,8716.0029296875,9844.556640625,92.16258239746094,11852.17578125,10290.79296875,5423.9619140625,4468.4111328125,9879.6767578125,2903.38623046875
2020-03-17,10686.341796875,25452.107421875,30341.37890625,9444.1025390625,52187.55859375,16445.568359375,23915.8046875,110854.15625,8395.5712890625,8211.8203125,4277.498046875,8719.71484375,2642.611572265625,1236.22314453125,7549.828125,3381.5302734375,3282.664306640625,29008.076171875,13121.0537109375,4453.5927734375,12658.9697265625,40901.0390625,7536.50927734375,9876.0458984375,88.45023345947266,11898.990234375,11693.451171875,5823.41162109375,3664.4169921875,11390.427734375,3142.9228515625
2020-03-18,9411.787109375,22418.6796875,28644.47265625,8998.5224609375,54594.12109375,15981.568359375,23166.751953125,79902.09375,7250.046875,8168.19482421875,3666.711181640625,8543.0654296875,2595.617919921875,1109.0233154296875,5744.08203125,3021.2568359375,2917.098876953125,26987.93359375,11989.5498046875,3885.7919921875,11111.8173828125,38407.27734375,5222.51806640625,9285.6298828125,75.07574462890625,10381.1123046875,11095.44921875,5155.0048828125,3395.7529296875,11061.5712890625,3030.140869140625
2020-03-19,7949.037109375,20602.1328125,25663.400390625,9511.0390625,52298.12890625,15029.6162109375,24702.81640625,68166.484375,6155.4921875,7932.2099609375,3377.758544921875,6799.52001953125,2483.634521484375,1178.585693359375,5740.09375,2530.314453125,2369.6796875,27176.56640625,10351.1640625,3921.7158203125,9358.5751953125,40978.625,6285.21240234375,8556.376953125,71.11479949951172,9860.2138671875,11281.138671875,5096.23291015625,3016.2275390625,11659.494140625,2725.729736328125
2020-03-23,7449.173828125,21376.60546875,27736.05859375,9596.958984375,49605.671875,14867.9658203125,22924.056640625,92286.921875,5812.6328125,7821.1591796875,3377.758544921875,7998.14404296875,2374.650146484375,1080.2047119140625,5534.662109375,2592.848876953125,2480.0908203125,27198.501953125,10352.1611328125,2941.785888671875,7491.83935546875,42889.69140625,5535.58203125,7893.68017578125,69.85533142089844,8875.1875,10768.99609375,4526.44287109375,2185.2666015625,11625.611328125,2553.063720703125
2020-03-24,7866.3896484375,24826.083984375,31627.546875,9181.3505859375,51761.234375,14568.6123046875,24469.109375,95682.7421875,6177.4833984375,8669.9052734375,3843.072021484375,9100.9599609375,2544.624755859375,1069.2733154296875,6667.5234375,2613.383056640625,2506.0703125,27588.9296875,11788.9921875,3293.0439453125,7858.21728515625,46591.84375,6401.05419921875,8267.96875,76.35193634033203,9729.740234375,11306.0986328125,4838.23388671875,2422.969482421875,11376.4755859375,2681.814697265625
2020-03-25,7567.666015625,26734.4296875,36186.58984375,9640.9169921875,50612.23828125,14693.1875,25131.26953125,99877.609375,6838.21435546875,9453.2099609375,3995.51953125,10628.9296875,2655.6083984375,1222.310546875,7830.30078125,3090.3251953125,2973.697021484375,28833.701171875,11663.26953125,3613.3671875,8163.86376953125,49051.01171875,7306.73828125,8736.005859375,85.43389129638672,10261.595703125,11988.955078125,5080.29443359375,2319.099365234375,11759.1474609375,2765.652587890625
2020-03-26,8032.68115234375,27383.896484375,38933.82421875,9541.0107421875,55062.8515625,14719.13671875,25990.1875,103252.484375,8056.7177734375,9518.6533203125,4304.400390625,11373.4541015625,2707.601318359375,1257.091552734375,8059.666015625,3341.396240234375,3187.09765625,30681.66015625,12771.8251953125,3926.70556640625,8990.2080078125,51544.578125,7515.447265625,9267.736328125,92.27861785888672,11069.3349609375,12278.47265625,5485.72216796875,2889.38623046875,11898.6640625,2963.270263671875
2020-03-27,7168.373046875,27854.6328125,33352.42578125,9479.0703125,55230.203125,14082.38671875,25031.3984375,84895.9765625,7445.96728515625,9534.5146484375,3850.046875,9632.904296875,2774.591552734375,1140.8232421875,7555.06396484375,3125.79248046875,3040.50048828125,30644.375,11821.919921875,3991.568603515625,7920.93994140625,48758.8671875,6999.4189453125,8841.2080078125,79.61676788330078,9879.1376953125,12065.8291015625,4775.47705078125,3188.0126953125,11559.83984375,2793.598388671875
2020-03-30,6303.0693359375,28664.265625,33791.140625,8991.5283203125,58049.1875,13673.1884765625,25072.345703125,82716.640625,7309.0234375,9718.9404296875,3735.46240234375,9968.240234375,2674.606201171875,1156.723388671875,7538.11083984375,3045.524658203125,2954.211669921875,32298.21875,10954.833984375,4051.442138671875,7287.74267578125,50168.81640625,6869.2138671875,8439.7255859375,77.26342010498047,9560.4228515625,12047.8583984375,4863.1376953125,3146.065185546875,11373.48828125,2702.77392578125
2020-03-31,7468.0927734375,29716.099609375,31890.373046875,9235.298828125,59633.0,14591.3876953125,25737.5078125,87892.296875,7792.82568359375,9815.1171875,4012.45849609375,9209.7421875,2735.59716796875,1278.9542236328125,7553.06982421875,3172.45947265625,3056.273681640625,33266.625,11382.8876953125,4828.80029296875,8229.57421875,51065.26171875,7180.36279296875,8793.259765625,81.9369888305664,10205.8193359375,12479.1376953125,5089.259765625,3688.38671875,11660.48828125,2754.674072265625
2020-04-01,7640.3564453125,28861.54296875,29723.775390625,9507.04296875,64085.6015625,14228.1005859375,26478.572265625,87425.8671875,7696.865234375,9945.0068359375,3920.218994140625,8761.630859375,2687.604248046875,1149.7200927734375,6980.6552734375,3028.723876953125,2911.5322265625,31475.685546875,11067.583984375,4346.0146484375,8462.5419921875,49821.078125,7148.77099609375,8848.36328125,83.1136703491211,10230.7177734375,12512.08203125,5179.90869140625,3369.785400390625,11669.4580078125,2612.94775390625
2020-04-02,7629.4033203125,29156.4921875,32998.65625,9730.83203125,67163.6015625,14279.0,26743.236328125,91893.3828125,7846.8037109375,10904.8056640625,3891.3134765625,9704.7607421875,2946.565673828125,1182.541015625,7671.7412109375,3209.79443359375,3094.31494140625,31884.7578125,11246.19140625,4893.26123046875,8524.26953125,51001.46484375,7437.8994140625,9016.54296875,83.0142593383789,10108.21484375,12266.4921875,5283.5068359375,4094.87841796875,11613.650390625,2719.741455078125
2020-04-03,7316.73828125,27813.611328125,34713.546875,9700.861328125,67585.9140625,14072.4052734375,26411.654296875,91486.890625,7885.7880859375,10451.677734375,3722.862548828125,10071.0361328125,2800.587646484375,1085.0733642578125,7778.44482421875,3082.85791015625,2975.55224609375,31178.470703125,11182.33203125,4718.501953125,8224.5947265625,50799.7109375,7058.77587890625,9019.40625,79.53397369384766,9959.8125,12470.15234375,5285.49853515625,3965.040771484375,11933.5390625,2677.822509765625
2020-04-06,8264.689453125,29201.4140625,35736.88671875,9690.87109375,67618.78125,14039.4697265625,26840.1171875,102174.7890625,8384.583984375,10689.64453125,3857.423828125,10618.94921875,2936.567626953125,1105.9591064453125,8675.9560546875,3234.99462890625,3113.79931640625,31918.76171875,11766.04296875,5162.8896484375,9117.642578125,52356.03515625,7506.83056640625,9372.9423828125,83.90919494628906,10507.6015625,12745.6923828125,5600.27685546875,4659.17236328125,11930.55078125,2890.4111328125
2020-04-07,8958.724609375,31057.998046875,36211.58203125,10540.0703125,65643.53125,14912.755859375,26374.703125,108367.21875,8596.498046875,10983.1357421875,3955.10546875,10798.5966796875,3184.53125,1243.20947265625,9970.3701171875,3375.93017578125,3250.190185546875,32251.056640625,12370.708984375,5130.93359375,10364.1259765625,52309.84375,8049.666015625,9689.974609375,84.78752899169922,11366.138671875,12242.5341796875,5664.03076171875,7151.05615234375,12079.03515625,2875.440185546875
2020-04-08,8679.916015625,30892.94921875,35157.26171875,10593.0205078125,65150.4296875,15007.5712890625,26403.66796875,102344.5859375,8546.51953125,10644.03515625,3757.748779296875,10447.2890625,3060.549072265625,1228.2911376953125,9568.486328125,3389.9306640625,3266.891357421875,33011.078125,12166.162109375,4738.4736328125,10080.380859375,51824.1328125,7937.65283203125,9410.8671875,81.32376861572266,10575.330078125,12259.5048828125,5384.1162109375,6882.3916015625,12077.04296875,2804.5771484375
2020-04-09,9333.123046875,32050.26171875,38014.421875,10899.7314453125,65832.7734375,15469.6640625,26538.49609375,106968.9140625,9081.2998046875,10857.212890625,4047.803466796875,11265.6650390625,3225.525634765625,1367.530517578125,10341.3427734375,3551.400634765625,3414.41650390625,33016.56640625,13631.927734375,5129.935546875,11051.0859375,51762.9375,8202.84765625,9888.2099609375,87.45586395263672,11293.431640625,12421.232421875,5484.72607421875,7439.6953125,12297.27734375,3020.160400390625
2020-04-14,9651.763671875,32637.22265625,44950.91796875,11520.1474609375,66739.234375,16187.2568359375,27254.59375,105645.546875,9346.1943359375,10802.677734375,4109.6025390625,13464.3076171875,3333.509033203125,1511.742919921875,12507.3408203125,3743.67041015625,3586.99267578125,34059.55078125,13808.5380859375,5176.8701171875,11300.9794921875,52797.55859375,9095.126953125,10210.2568359375,87.6215591430664,11182.8779296875,12701.765625,5537.521484375,6933.32861328125,12312.2255859375,3152.903564453125
2020-04-15,8739.2724609375,31004.28515625,43003.1875,11069.572265625,67746.28125,15019.546875,26253.853515625,95971.40625,8911.3701171875,10840.35546875,3711.898681640625,12829.56640625,3145.536865234375,1447.0958251953125,11585.8935546875,3494.46630859375,3334.623046875,32853.16015625,13045.220703125,4756.4501953125,9971.9931640625,53688.796875,8903.6484375,9563.8828125,80.99239349365234,10710.7822265625,12253.513671875,5213.9208984375,5944.56494140625,11584.7548828125,3066.071533203125
2020-04-16,8033.8359375,30622.419921875,42512.50390625,11277.375,67912.640625,14321.9150390625,26506.537109375,92436.7265625,8318.611328125,10906.7890625,3682.992431640625,12573.0751953125,3042.5517578125,1400.3511962890625,10700.34765625,3335.7958984375,3177.8193359375,32571.298828125,12984.35546875,4916.2294921875,9264.6884765625,55874.21484375,8826.103515625,9278.27734375,81.091796875,10021.5634765625,11785.296875,5382.369140625,5742.81689453125,11420.32421875,3013.173583984375
2020-04-17,8299.8701171875,32319.8125,41204.3515625,11139.505859375,69022.3203125,14350.8603515625,26896.046875,90863.65625,8426.5673828125,11313.31640625,3754.7587890625,12004.2021484375,3320.51123046875,1390.405517578125,10770.154296875,3446.865234375,3312.354736328125,34361.13671875,13071.1630859375,5267.7451171875,9414.12109375,55501.0859375,8711.2158203125,9361.3095703125,82.86508178710938,10291.474609375,11878.142578125,5460.11474609375,5752.8046875,12023.2294921875,3015.170166015625
2020-04-20,8121.51708984375,31918.416015625,42089.77734375,11107.53515625,68831.0546875,14120.3125,26602.4140625,92075.15625,8434.564453125,11224.0771484375,3680.99951171875,12233.7470703125,3317.51171875,1377.4761962890625,11239.8544921875,3488.865966796875,3372.663818359375,33846.76953125,12645.1044921875,4337.02685546875,9140.1640625,56296.33984375,8567.6103515625,9150.1494140625,81.04204559326172,9930.9296875,11618.57421875,5387.35302734375,5554.05322265625,11738.21875,2916.361083984375
2020-04-22,7993.98095703125,30768.916015625,46154.1484375,10876.7529296875,67360.8125,13851.8388671875,26739.2421875,94187.59375,8026.73046875,10149.7509765625,3709.904541015625,13333.568359375,3229.5244140625,1292.937744140625,10096.0224609375,3320.86279296875,3203.798583984375,33523.24609375,12731.912109375,4319.05224609375,8725.7451171875,57077.40234375,7994.138671875,8893.890625,81.48957061767578,9224.953125,10983.6396484375,5325.55517578125,5876.6494140625,11986.35546875,2775.63330078125
2020-04-23,8078.6728515625,32120.576171875,49136.21875,10840.7861328125,68907.7578125,14033.48046875,26012.16015625,92303.890625,8114.69482421875,10598.16015625,3829.514892578125,15662.9482421875,3444.492919921875,1310.8402099609375,10840.9580078125,3478.598876953125,3374.51953125,34601.32421875,12789.783203125,4359.99560546875,8965.828125,58228.19921875,7809.36376953125,9054.23046875,83.66060638427734,9321.6142578125,11107.4306640625,5372.4013671875,6631.705078125,12157.76171875,2834.51953125
2020-04-24,7893.34521484375,32186.990234375,51794.5,10978.6572265625,69019.328125,14147.2578125,22873.123046875,93185.8046875,8544.51953125,10572.3662109375,3930.186279296875,15752.771484375,3449.492431640625,1282.9923095703125,10976.58203125,3444.99853515625,3342.973388671875,34002.51171875,13040.2314453125,4269.12109375,8764.5947265625,58069.8359375,7554.69970703125,9228.171875,86.31231689453125,9279.76171875,11081.474609375,5599.65771484375,6691.630859375,12378.994140625,2771.640869140625
2020-04-28,8419.4365234375,32560.06640625,46979.609375,11072.568359375,72052.4765625,14629.3115234375,23034.91796875,88042.1171875,9101.2919921875,10081.298828125,3974.0439453125,14419.4150390625,3350.506591796875,1332.720703125,10107.9892578125,3593.401123046875,3506.271728515625,35771.51171875,13484.2509765625,4818.3642578125,9703.017578125,58989.67578125,7433.1123046875,9350.5732421875,87.77073669433594,9296.7001953125,10956.68359375,5722.25634765625,7715.35009765625,12601.22265625,3027.146484375
2020-04-30,9096.9765625,32141.0859375,46439.96484375,11553.115234375,70527.40625,15025.53515625,23041.91015625,90089.609375,9696.05078125,10695.3828125,4033.8486328125,14153.94140625,3414.49755859375,1385.4327392578125,11188.9931640625,3583.134765625,3505.34375,36176.203125,13170.9423828125,4854.314453125,10680.2939453125,57967.04296875,7649.48095703125,9806.5419921875,87.83700561523438,10177.642578125,10695.1201171875,5908.6455078125,8715.099609375,12279.341796875,3043.116455078125
2020-05-07,8456.302734375,32661.634765625,46744.76953125,13324.4462890625,67536.1171875,14583.4013671875,22738.29296875,86432.0859375,9618.08203125,10763.8330078125,3959.09228515625,14522.2099609375,3407.498046875,1341.671630859375,10470.9833984375,3428.1982421875,3339.261962890625,33914.765625,12876.59375,4953.1787109375,9701.02734375,58147.015625,8018.0732421875,10150.1279296875,86.69347381591797,9581.7109375,10926.7314453125,5649.49462890625,8479.39453125,12111.921875,2854.480712890625
2020-05-11,8096.60791015625,31328.529296875,47115.52734375,12856.88671875,68543.1875,14519.5283203125,23146.77734375,81400.25,9627.0791015625,10443.400390625,3828.517822265625,14733.7919921875,3318.51171875,1318.796630859375,10034.1923828125,3173.393310546875,3132.355712890625,33692.140625,13100.1005859375,4990.12744140625,9116.2548828125,61217.28125,7932.86572265625,10012.6943359375,84.42300415039062,9246.873046875,11123.4052734375,5823.92333984375,7961.04296875,12724.7919921875,2954.287353515625
2020-05-12,8003.943359375,31405.681640625,48053.91796875,12760.9775390625,70520.4609375,14371.8193359375,22457.6484375,84895.9765625,9421.1630859375,10222.16796875,3724.85595703125,15074.1181640625,3317.51171875,1328.7420654296875,10824.0048828125,3188.3271484375,3137.9228515625,33360.94140625,12937.458984375,5057.03564453125,8923.9892578125,61982.34765625,7898.39990234375,9676.265625,82.01988983154297,9043.580078125,10436.55078125,5610.62158203125,7893.1279296875,12830.4228515625,2894.4033203125
2020-05-13,7869.431640625,30449.5546875,46724.78125,12830.912109375,69329.109375,14095.3603515625,22324.81640625,82891.421875,9259.228515625,10426.5341796875,3567.369384765625,15100.0673828125,3149.53662109375,1288.9595947265625,10465.9970703125,3149.126220703125,3092.459228515625,32517.55859375,12173.146484375,4963.1650390625,8566.3505859375,64391.921875,7907.01708984375,9522.3671875,78.77159118652344,8886.12890625,10377.6494140625,5731.2265625,7467.66015625,13017.775390625,2801.583251953125
2020-05-14,7416.078125,29950.490234375,48763.4609375,12917.830078125,67478.3359375,13792.9521484375,21972.259765625,79270.875,8817.408203125,10053.51953125,3410.8798828125,15465.341796875,3092.544189453125,1225.3076171875,10010.26171875,3105.259033203125,3014.521728515625,31675.283203125,11737.1064453125,4475.8359375,8038.36279296875,62901.984375,7659.05419921875,9105.0517578125,75.37409973144531,8411.77734375,10083.142578125,5262.7607421875,7377.7724609375,12956.9833984375,2769.64453125
2020-05-15,7671.15234375,31651.787109375,50489.34765625,13565.2197265625,68164.6640625,13772.9912109375,22172.0078125,80972.7734375,8773.42578125,10288.63671875,3451.74658203125,15643.986328125,3196.529541015625,1213.3726806640625,10996.5283203125,3221.927490234375,3128.64453125,31841.984375,11889.7685546875,4768.43359375,8400.9814453125,61451.23828125,7587.25048828125,9087.158203125,76.83250427246094,8751.595703125,10079.1484375,5142.15576171875,7730.3310546875,12833.416015625,2852.484619140625
2020-05-18,7758.83349609375,34909.84765625,50162.55078125,13486.294921875,69033.28125,13995.5546875,22321.8203125,83381.8125,9257.2294921875,10886.8486328125,3527.499267578125,15469.3349609375,3403.498779296875,1291.9432373046875,12036.6455078125,3348.86328125,3265.963623046875,33523.24609375,12173.146484375,5141.91845703125,8679.9189453125,62189.11328125,8046.7939453125,9429.3125,79.03669738769531,8948.91015625,10128.0673828125,5320.57275390625,8526.3359375,13211.1015625,3027.146484375
2020-05-19,7727.9462890625,35120.80078125,50727.19140625,13758.0380859375,67584.9140625,14580.41015625,23017.94140625,86439.0859375,9822.998046875,11083.275390625,3582.320556640625,15628.0185546875,3442.492919921875,1305.867431640625,12620.02734375,3369.397216796875,3302.14892578125,33237.00390625,12313.8349609375,5672.1884765625,8904.064453125,62741.41015625,8204.7607421875,9587.505859375,80.34602355957031,8993.7548828125,10130.064453125,5610.62158203125,8275.6484375,13043.68359375,2974.2490234375
2020-05-20,7635.2822265625,35268.2734375,48356.71875,13827.97265625,67268.1875,14749.078125,22571.50390625,88958.9765625,9905.96484375,11225.138671875,3548.431396484375,15032.2001953125,3398.499755859375,1262.1064453125,12364.736328125,3399.263916015625,3314.210693359375,33580.2734375,11873.806640625,5492.435546875,8647.0419921875,64259.94921875,8128.1708984375,9799.3828125,79.05330657958984,8900.078125,10296.7841796875,5828.90673828125,8482.3896484375,13100.4853515625,3009.181640625
2020-05-21,7850.5009765625,34019.16015625,44483.23828125,13563.2216796875,67115.765625,14820.9365234375,22513.576171875,89939.78125,10128.875,10989.03125,3687.976806640625,13985.275390625,3267.51904296875,1282.9923095703125,11883.0712890625,3161.260009765625,3061.84033203125,32856.4453125,12719.939453125,5382.5869140625,8978.7783203125,61989.14453125,8228.697265625,9907.4697265625,82.78228759765625,9139.2470703125,10394.6220703125,5829.90283203125,8405.486328125,13080.5556640625,3044.114013671875
2020-05-22,7965.0849609375,33084.51953125,45751.40234375,13435.341796875,67107.796875,14657.2587890625,22213.953125,85894.75,9788.013671875,10798.556640625,3763.7294921875,14259.73046875,3193.530029296875,1256.138916015625,11305.66796875,2977.3896484375,2930.088623046875,33216.16796875,12257.95703125,5177.869140625,8799.462890625,61231.08203125,8241.142578125,9394.953125,83.16342163085938,9138.251953125,10180.98046875,5716.275390625,7701.36767578125,12932.0712890625,2924.345458984375
2020-05-26,8222.15234375,33879.5,42332.62109375,13753.0439453125,67831.96875,15136.3193359375,22635.419921875,90455.15625,9888.9716796875,11507.87890625,3967.067138671875,13223.7841796875,3272.518798828125,1277.0247802734375,11134.146484375,2954.98876953125,2984.83056640625,34854.65625,12910.517578125,5201.8359375,9335.419921875,60498.0078125,8289.96875,9750.7109375,87.6215591430664,9812.9072265625,10282.80859375,5867.77978515625,8143.81396484375,12843.3798828125,2983.232177734375
2020-05-27,8114.54248046875,34693.03515625,41042.4453125,13390.3837890625,69139.859375,15245.10546875,22579.4921875,88903.0703125,9956.943359375,11782.677734375,3956.1025390625,12784.65625,3331.50927734375,1270.0628662109375,10876.859375,3164.0595703125,3201.015380859375,35305.41015625,12925.484375,5506.4169921875,9214.880859375,59169.64453125,8435.4912109375,9807.2578125,87.43924713134766,9734.1826171875,10453.5244140625,5865.7861328125,8429.45703125,12974.921875,2908.376953125
2020-05-28,8366.6259765625,35733.15625,42283.65625,14049.7626953125,70038.34375,15706.2001953125,23438.408203125,88919.03125,10045.908203125,12072.359375,4061.7578125,13382.4697265625,3407.498046875,1254.1500244140625,12051.6025390625,3193.927001953125,3259.468505859375,36398.83203125,13062.1826171875,5475.45947265625,10028.7763671875,58391.171875,8609.736328125,9919.6396484375,89.67666625976562,10171.6611328125,10557.349609375,5950.5078125,8838.9453125,13062.619140625,3068.06787109375
2020-05-29,8090.62939453125,35700.921875,42422.5625,13954.8525390625,69070.1484375,15155.283203125,23246.65234375,84473.5,9820.9990234375,12294.580078125,3999.959228515625,13682.8759765625,3269.51904296875,1241.2203369140625,11675.6455078125,2838.320556640625,2899.47021484375,35961.24609375,12971.3837890625,5382.5869140625,9840.494140625,55756.0390625,8568.56640625,9946.8408203125,87.77073669433594,10125.8212890625,10329.73046875,5638.52978515625,9038.6953125,12579.2978515625,2886.419189453125
2020-06-01,7922.240234375,35941.171875,42572.4609375,14061.7529296875,69386.8671875,14272.0126953125,22825.18359375,87016.375,9809.0048828125,12205.294921875,4017.900634765625,13551.1357421875,3379.502685546875,1209.3941650390625,11988.7763671875,2828.98681640625,2949.572998046875,36213.484375,12809.7412109375,5392.57373046875,9687.0791015625,56990.01953125,8401.0244140625,9850.2060546875,88.38394927978516,9616.5888671875,10316.7529296875,5648.498046875,10087.3828125,12705.8583984375,2869.451904296875
2020-06-02,8540.9951171875,36819.17578125,44184.41796875,14417.4169921875,68846.9921875,14680.2138671875,23072.87109375,90272.3828125,9964.94140625,12734.0615234375,4129.53564453125,13863.515625,3501.484130859375,1345.64990234375,12814.4873046875,3077.258056640625,3131.427978515625,36259.55078125,13374.494140625,5634.240234375,10360.5126953125,58289.79296875,8980.2421875,10281.8408203125,91.56597900390625,10090.9423828125,10826.900390625,5853.82470703125,11735.3232421875,12697.88671875,3135.9365234375
2020-06-03,9636.01953125,37453.015625,41473.1796875,14813.0439453125,69080.09375,15908.802734375,24481.09375,95394.109375,10859.5771484375,12915.609375,4486.37353515625,12669.884765625,3592.47119140625,1437.1502685546875,12535.2626953125,3349.79638671875,3441.322998046875,36886.875,14168.7421875,5773.0498046875,11577.873046875,58687.72265625,9209.0546875,10849.9228515625,99.33869934082031,11343.5908203125,11649.5244140625,6259.49560546875,12459.41796875,13143.337890625,3452.324462890625
2020-06-04,9628.046875,37006.6875,41664.0546875,14536.306640625,68024.234375,15560.4873046875,23624.17578125,96513.7421875,10822.5908203125,12727.1181640625,4365.76611328125,12560.1005859375,3608.46826171875,1478.9219970703125,12452.4921875,3350.730224609375,3448.746337890625,36989.95703125,14258.5439453125,5724.11669921875,11506.1474609375,57489.9375,9190.8671875,11022.2666015625,95.84180450439453,11232.974609375,11620.572265625,6205.67236328125,12828.9541015625,12838.3955078125,3473.284423828125
2020-06-05,10163.1083984375,38722.62890625,38612.02734375,15012.85546875,68133.8046875,16824.009765625,23413.439453125,105576.640625,11097.48046875,13392.7880859375,4607.97705078125,11976.2578125,3849.433349609375,1481.9056396484375,12864.3505859375,3641.002197265625,3741.9404296875,36712.49609375,14946.0283203125,5811.99560546875,12562.12109375,58453.765625,9401.4892578125,11466.83984375,101.8743667602539,11931.546875,11421.9052734375,6192.71484375,14981.2626953125,13034.71484375,3505.222412109375
2020-06-09,9840.279296875,38594.703125,41291.296875,14506.3330078125,63551.68359375,16419.796875,22671.37890625,98878.8359375,11510.3125,13789.61328125,4510.29638671875,12879.4677734375,3746.44873046875,1536.6070556640625,13373.939453125,3547.667236328125,3590.7041015625,34991.75,14777.3984375,5781.0380859375,12127.77734375,57809.875,9181.29296875,11263.1572265625,99.10662078857422,11544.8896484375,10981.6396484375,6151.84814453125,17123.583984375,12882.244140625,3432.36328125
2020-06-10,9696.7978515625,38312.453125,39685.328125,14501.337890625,65649.4921875,15366.8662109375,22548.53125,93611.28125,11045.5009765625,13541.5966796875,4418.5947265625,12585.0498046875,3766.44580078125,1487.873291015625,11966.837890625,3469.265869140625,3516.4775390625,34748.26953125,14424.1787109375,5506.4169921875,11388.591796875,58516.5546875,8874.9287109375,11114.314453125,96.96871185302734,10987.8271484375,10818.9130859375,5954.49560546875,13971.5244140625,12611.1875,3401.42333984375
2020-06-12,9566.271484375,38155.21484375,42746.34765625,14056.7568359375,64486.04296875,14966.650390625,22221.947265625,91667.671875,10845.58203125,13609.056640625,4352.80810546875,13230.76953125,3709.4541015625,1484.8895263671875,12009.7197265625,3334.86376953125,3359.673828125,33968.515625,14358.32421875,5245.77587890625,11478.2529296875,59589.5703125,8268.9072265625,10771.58203125,95.79203796386719,11076.517578125,10644.203125,5980.41064453125,13977.5185546875,12773.6201171875,3347.527099609375
2020-06-15,9375.962890625,37112.16796875,40892.55078125,13986.822265625,64203.1484375,14787.0048828125,22055.154296875,88975.96875,10538.70703125,13541.5966796875,4211.2705078125,12709.8046875,3599.470458984375,1448.090576171875,11385.44921875,3178.99365234375,3255.757080078125,33841.29296875,13742.681640625,5333.65478515625,11022.9873046875,57511.12890625,8260.291015625,10490.5419921875,92.8254623413086,10641.029296875,10439.5478515625,5913.62939453125,13964.533203125,12692.9013671875,3194.822509765625
2020-06-17,9540.3681640625,38284.12890625,42303.63671875,15285.599609375,67265.203125,14735.10546875,22756.2734375,91088.3828125,10987.525390625,14230.0849609375,4274.0654296875,13298.6376953125,3732.45068359375,1468.9764404296875,11617.8046875,3313.39599609375,3359.673828125,35724.34765625,14178.720703125,5679.1787109375,11454.3447265625,61366.85546875,8568.56640625,10691.2861328125,94.54908752441406,11080.50390625,10620.244140625,6152.84521484375,14339.06640625,12751.697265625,3320.5791015625
2020-06-18,9367.9921875,37927.65625,42152.734375,14885.9755859375,67485.3203125,14141.2685546875,22138.052734375,89744.0234375,10787.6064453125,13766.7958984375,4107.6083984375,13263.70703125,3694.4560546875,1468.9764404296875,11458.2470703125,3281.662353515625,3325.3447265625,36208.0,14168.7421875,5602.28466796875,11185.3681640625,62203.9140625,8606.86328125,10583.5693359375,90.98590087890625,10700.822265625,10582.3095703125,5833.89111328125,14267.1552734375,12531.462890625,3296.625732421875
2020-06-19,9403.8623046875,38427.6953125,45208.76171875,14287.5400390625,66806.953125,14471.623046875,22874.12109375,90527.0546875,11095.48046875,14033.6591796875,4053.78369140625,14348.5556640625,3780.443603515625,1463.0093994140625,11774.37109375,3384.33056640625,3395.859130859375,36229.9375,14500.0126953125,5592.29833984375,11329.818359375,60989.32421875,8823.2314453125,10611.966796875,89.7926025390625,10671.9248046875,10981.6396484375,6082.0771484375,14581.76171875,12764.65234375,3423.380615234375
2020-06-22,9186.6513671875,38285.10546875,46925.6484375,14882.9794921875,67502.2265625,14229.099609375,22111.083984375,88440.6328125,10875.5703125,13558.4619140625,3847.45654296875,14803.6533203125,3535.47900390625,1450.07958984375,11534.0380859375,3263.928466796875,3274.313720703125,36408.69921875,14129.828125,5551.3544921875,10958.234375,62689.0234375,8807.9111328125,10379.888671875,84.52241516113281,10483.5771484375,10973.654296875,5962.46875,13993.4970703125,12916.126953125,3378.4677734375
2020-06-23,9045.1640625,39442.421875,49761.8125,15390.5,68061.09375,14205.14453125,22074.12890625,87899.2890625,10756.619140625,13691.400390625,3812.570068359375,15754.767578125,3693.4560546875,1406.3187255859375,12166.2861328125,3360.063232421875,3335.550537109375,36687.265625,14198.677734375,5593.296875,10892.4853515625,64738.66796875,8797.3798828125,10240.837890625,84.58870697021484,10486.568359375,10895.783203125,5975.42724609375,14738.5654296875,12882.244140625,3383.457763671875
2020-06-24,8792.083984375,38692.359375,49691.86328125,14649.19921875,65865.6328125,14870.8388671875,21776.505859375,85636.0625,10607.6787109375,13048.5458984375,3946.134765625,15540.1923828125,3610.46826171875,1397.36767578125,11418.357421875,3165.9267578125,3182.458984375,35831.828125,14539.9228515625,5382.5869140625,10571.7080078125,63339.109375,8381.8779296875,10106.681640625,167.1699676513672,10335.0927734375,10765.001953125,5862.7958984375,13982.51171875,12312.0966796875,3354.51416015625
2020-06-25,8953.498046875,38821.28125,48798.4375,14170.650390625,65558.8515625,14474.6162109375,20550.052734375,90069.625,10497.72265625,13352.1142578125,3882.343017578125,15305.658203125,3584.47216796875,1408.3074951171875,11634.7587890625,3285.395751953125,3274.313720703125,34710.9921875,14502.0068359375,5554.35009765625,10755.0087890625,62286.08984375,8477.615234375,9911.814453125,167.1699676513672,10459.6611328125,10584.3046875,5829.90283203125,13778.7666015625,12075.8427734375,3263.689453125
2020-06-26,8594.7998046875,38560.515625,48686.5078125,14422.412109375,66300.9609375,14371.8193359375,20889.630859375,84970.8828125,10491.7275390625,13015.8076171875,3733.826904296875,15333.6025390625,3570.473876953125,1378.470703125,11368.4970703125,3129.525634765625,3121.2216796875,35122.26171875,14257.546875,5495.43212890625,10297.7509765625,62058.53515625,8440.2763671875,9844.248046875,154.3863983154297,10307.19140625,10706.1025390625,5822.92626953125,13233.4482421875,12474.583984375,3269.677734375
2020-06-29,8829.9443359375,38858.3828125,49120.234375,14484.3525390625,66307.9140625,14514.5380859375,21004.48046875,87074.296875,10684.6474609375,13082.2763671875,3707.91162109375,15698.87890625,3610.46826171875,1391.400146484375,11813.2646484375,3239.661376953125,3216.78857421875,35392.0546875,14453.1142578125,5510.41162109375,10510.9404296875,62258.703125,8539.8447265625,9968.6103515625,155.3697509765625,10563.30078125,10704.1044921875,5927.5830078125,13678.8916015625,12460.626953125,3351.519775390625
2020-06-30,8499.1474609375,39194.34765625,50526.31640625,14337.4921875,66702.375,14176.203125,21009.4765625,85764.8984375,10450.7421875,12940.41015625,3793.632080078125,16189.9052734375,3645.462890625,1327.74755859375,11567.943359375,3222.861328125,3210.293701171875,35570.8046875,14268.5224609375,5275.73388671875,10116.443359375,63251.125,8497.720703125,9782.5537109375,161.26986694335938,10413.8193359375,10647.19921875,5874.7568359375,13203.4853515625,12256.271484375,3303.6123046875
2020-07-01,8234.1083984375,37893.46875,49297.109375,14528.3125,66108.6953125,14135.283203125,21356.0390625,85843.8046875,10350.7841796875,12572.35546875,3837.489013671875,15826.6259765625,3591.471435546875,1363.5521240234375,11173.0390625,3122.05908203125,3145.345458984375,34974.1953125,14320.40625,5288.7158203125,10142.34375,63159.13671875,8607.822265625,9689.5283203125,157.33645629882812,10094.927734375,10649.1982421875,5880.73583984375,12983.7607421875,12147.615234375,3374.47509765625
2020-07-02,8455.3046875,38649.39453125,50491.34765625,14580.2646484375,65643.53125,14876.8271484375,21618.703125,86412.1171875,10545.705078125,12770.7666015625,3868.387939453125,16196.890625,3651.462646484375,1451.07421875,11616.8095703125,3164.0595703125,3136.067138671875,34362.234375,14119.8505859375,5717.126953125,10469.09765625,63789.23046875,9009.9189453125,9872.64453125,159.3031768798828,10482.580078125,10777.982421875,5976.42333984375,13227.4560546875,12366.9248046875,3417.392333984375
2020-07-06,8349.6884765625,38455.03515625,50106.59375,14474.36328125,65779.96875,14461.640625,20834.693359375,78531.7734375,10042.9091796875,13559.455078125,3838.4853515625,16133.01953125,3691.45654296875,1447.0958251953125,11955.8671875,3332.99609375,3315.13818359375,35240.703125,13896.3447265625,5900.87353515625,10398.369140625,63588.8671875,8923.755859375,9815.849609375,152.41969299316406,10291.2451171875,10632.224609375,6059.15283203125,14092.375,12666.9755859375,3376.470947265625
2020-07-07,8127.49560546875,38732.40234375,52366.1328125,14885.9755859375,65905.484375,14346.86328125,21074.39453125,79702.328125,10145.8671875,13503.8984375,3793.632080078125,16904.48828125,3763.44580078125,1452.0687255859375,12430.5537109375,3303.12939453125,3340.18994140625,34893.04296875,14028.0537109375,5722.1201171875,10197.13671875,63828.82421875,8979.2841796875,9694.4248046875,149.4696502685547,10186.6083984375,10736.05078125,6007.322265625,14107.35546875,12680.9287109375,3387.4501953125
2020-07-08,8363.63671875,39056.6484375,53870.15625,14907.955078125,64025.3359375,14358.841796875,21073.39453125,81916.625,10145.8671875,13276.7177734375,3948.128173828125,17275.751953125,3725.451171875,1401.3458251953125,13619.2587890625,3312.462646484375,3336.478515625,34277.78515625,13849.4453125,5746.0859375,10708.1875,65489.1328125,8922.7978515625,9497.5966796875,153.40306091308594,10832.3671875,10632.224609375,6060.1494140625,13711.8505859375,12614.1416015625,3383.457763671875
2020-07-09,8356.6630859375,39309.58984375,53065.67578125,14392.44140625,61988.30078125,14254.0458984375,20930.57421875,81899.640625,10421.755859375,13212.232421875,3977.033935546875,17524.259765625,3714.453125,1409.302490234375,13933.388671875,3262.061767578125,3277.09765625,33873.1015625,13784.5908203125,5771.0517578125,11210.2734375,66363.59375,9009.9189453125,9390.861328125,153.40306091308594,11009.751953125,10531.3916015625,6126.9306640625,13750.8017578125,12300.1337890625,3309.6005859375
2020-07-10,8568.89453125,39821.3515625,52530.01953125,14174.6455078125,61050.93359375,14172.208984375,20243.443359375,82466.9375,10436.7490234375,12841.2041015625,4133.52294921875,17696.919921875,3748.447998046875,1402.34033203125,13804.7451171875,3336.729736328125,3382.870361328125,33629.62890625,13597.00390625,5621.2587890625,11884.703125,64786.65234375,8820.3603515625,9195.994140625,147.5029296875,11200.0888671875,10582.3095703125,6131.91455078125,13327.3310546875,12192.4765625,3318.583740234375
2020-07-13,8883.75,40568.484375,52661.93359375,14628.2177734375,60930.4140625,14967.650390625,20642.9375,83609.53125,11145.4599609375,13329.296875,4218.24755859375,17886.541015625,3766.44580078125,1464.0035400390625,13699.0380859375,3350.730224609375,3387.50927734375,33880.77734375,13570.0634765625,5963.787109375,12160.65234375,65188.58203125,8903.6484375,9185.2236328125,148.4862823486328,11429.29296875,10582.3095703125,6303.3525390625,13883.634765625,12467.6064453125,3365.4921875
2020-07-14,8712.3720703125,40102.625,52489.05078125,14241.5830078125,60743.14453125,14870.8388671875,20821.712890625,84871.9921875,11245.4189453125,13326.3203125,4086.676025390625,18229.861328125,3739.44970703125,1448.090576171875,13962.3076171875,3265.795166015625,3291.0146484375,33761.23046875,13294.669921875,5891.88623046875,11819.9501953125,63068.95703125,8855.7802734375,9204.8056640625,146.5195770263672,11044.6279296875,10518.4140625,6262.48681640625,13930.576171875,12464.615234375,3293.631591796875
2020-07-15,8875.7783203125,40085.046875,51624.61328125,14377.455078125,60305.85546875,14616.3388671875,21193.24609375,85147.65625,11113.4716796875,13177.51171875,4078.702392578125,18244.830078125,3861.431396484375,1434.16650390625,14576.6064453125,3376.864013671875,3373.591796875,34106.6953125,13329.5947265625,5782.03759765625,11864.7802734375,63951.59765625,8895.9931640625,9208.7236328125,145.53622436523438,11080.50390625,10432.560546875,6232.583984375,14132.32421875,12222.3798828125,3327.565673828125
2020-07-16,9121.8857421875,39634.81640625,53145.62890625,14576.2685546875,58982.00390625,14510.546875,21567.771484375,85997.6171875,11227.4267578125,13456.2783203125,4180.37060546875,18633.060546875,3819.437744140625,1440.1339111328125,14260.482421875,3405.7978515625,3432.97314453125,34091.34765625,13131.033203125,6156.52099609375,12123.79296875,62599.23828125,8945.77734375,9333.0859375,147.5029296875,11456.19921875,10511.4287109375,6313.31982421875,14507.8544921875,12334.0283203125,3360.50244140625
2020-07-17,9021.25,39842.8359375,53478.4140625,14451.3857421875,58215.99609375,14177.19921875,21239.1875,85994.6328125,11179.4453125,13429.4951171875,4117.576171875,19153.03125,3845.43408203125,1420.2425537109375,14177.7119140625,3361.929931640625,3374.51953125,34669.31640625,12792.77734375,6376.21875,11859.798828125,62693.0234375,8903.6484375,9170.53515625,143.5695037841797,11326.6494140625,10505.4375,6294.3818359375,14952.298828125,12469.595703125,3291.635498046875
2020-07-20,9046.1591796875,40079.18359375,55605.03515625,14229.59375,56662.05078125,14273.0107421875,21549.79296875,86306.2265625,11139.462890625,13181.4794921875,4201.30322265625,19800.748046875,3860.431396484375,1416.2642822265625,14760.0986328125,3352.59716796875,3354.107177734375,34890.84765625,13039.2333984375,6424.15234375,11784.0849609375,63050.96484375,8851.9521484375,8923.7666015625,133.7359619140625,11361.52734375,10345.7041015625,6213.64599609375,14981.2626953125,12424.7412109375,3250.71484375
2020-07-21,9098.96875,39792.05078125,53984.0859375,13826.9736328125,56904.11328125,14371.8193359375,21731.564453125,88914.0390625,11327.38671875,13535.6435546875,4160.43701171875,19513.3203125,3829.43603515625,1397.36767578125,14511.7861328125,3304.995849609375,3293.79833984375,34506.99609375,13050.208984375,6295.330078125,12005.2431640625,65701.703125,8834.71875,8964.89453125,127.83587646484375,11448.2265625,10266.8359375,6334.2509765625,14940.3134765625,12338.0146484375,3300.6181640625
2020-07-22,9017.265625,39456.09765625,53815.19921875,14064.75,55945.859375,14062.423828125,21497.859375,90174.4921875,11395.357421875,13640.802734375,4036.8388671875,20187.98046875,3739.44970703125,1368.52490234375,14714.224609375,3234.99462890625,3235.344970703125,34263.53125,13121.0537109375,6122.56787109375,11760.1787109375,63988.796875,8802.16796875,9204.8056640625,126.85253143310547,11389.4306640625,10100.1142578125,6359.1689453125,14182.2607421875,12777.6240234375,3191.828369140625
2020-07-27,8413.4580078125,41068.515625,62794.38671875,14286.5400390625,56629.1875,13731.07421875,21968.263671875,89755.0078125,10995.5224609375,13596.1611328125,3987.00146484375,23003.3984375,3949.41845703125,1327.74755859375,15941.8232421875,3165.9267578125,3148.128662109375,33417.96484375,12706.96484375,6428.14697265625,11240.162109375,61589.21484375,8658.560546875,9048.130859375,135.70269775390625,11010.7451171875,10011.265625,6181.7509765625,13376.2705078125,12945.0966796875,3048.1064453125
2020-07-28,8450.322265625,41265.79296875,62389.6484375,14130.6875,58372.390625,13763.0107421875,22088.115234375,95740.671875,11257.4150390625,13509.8505859375,4036.8388671875,22752.89453125,3906.425048828125,1333.7154541015625,16143.2646484375,3176.193359375,3183.38623046875,33398.22265625,12891.55859375,6260.37841796875,11329.818359375,62307.08984375,8736.111328125,9195.994140625,131.76927185058594,11241.9423828125,10089.1337890625,6368.1396484375,13383.26171875,12901.234375,3122.961669921875
2020-07-29,8702.4091796875,41176.921875,60246.03515625,13573.2119140625,57612.34375,14061.4267578125,22707.330078125,99560.0078125,11346.3779296875,13391.796875,4131.52978515625,22492.41015625,3899.426025390625,1364.5467529296875,15454.173828125,3254.5947265625,3264.107421875,34137.41015625,12751.869140625,6424.15234375,11450.3583984375,62862.38671875,8877.8017578125,9331.1298828125,133.7359619140625,11813.9560546875,10372.6611328125,6483.76171875,14540.8125,12998.9267578125,3245.724365234375
2020-07-30,8185.2861328125,40168.0546875,58562.1171875,13437.33984375,58272.7734375,13712.111328125,22644.4140625,94432.28125,11171.44921875,13420.568359375,4008.93017578125,22196.0,3868.430419921875,1374.492431640625,14648.4072265625,3128.5927734375,3157.407470703125,33576.98046875,12372.7060546875,6054.66162109375,10883.51953125,62414.265625,8854.82421875,9148.990234375,135.70269775390625,11339.6044921875,10337.716796875,6170.787109375,13832.69921875,12924.1630859375,3175.859130859375
2020-07-31,7899.32373046875,40838.03125,55437.140625,13231.5341796875,57401.1796875,13166.1806640625,22798.21484375,88303.7890625,11078.48828125,13328.306640625,3869.384765625,22209.96875,3917.422607421875,1321.7803955078125,15046.3046875,3102.458740234375,3126.78857421875,33746.984375,12641.111328125,5905.86669921875,10458.140625,62936.78515625,8519.740234375,9051.06640625,133.7359619140625,10823.3974609375,10439.5478515625,6061.14599609375,13606.98046875,12802.546875,3166.876953125
2020-08-03,7540.6259765625,41655.46875,54627.66796875,13063.6923828125,56779.60546875,12699.09765625,22941.0390625,82873.4375,10812.5947265625,13201.3212890625,3678.008544921875,22122.1484375,4058.40234375,1322.7750244140625,15324.5341796875,3069.79150390625,3105.4482421875,34550.8671875,12450.533203125,5661.20361328125,9883.3310546875,63725.0390625,8156.89306640625,8659.3740234375,133.7359619140625,10273.3076171875,11324.06640625,5881.73291015625,14208.2294921875,12771.6455078125,3095.015625
2020-08-04,7655.21044921875,41686.73046875,55741.9453125,13131.62890625,57699.015625,13484.5556640625,22595.474609375,82533.859375,10901.560546875,13131.87890625,3675.01904296875,22802.794921875,4152.388671875,1322.7750244140625,15556.8896484375,3124.859130859375,3175.963623046875,35626.74609375,12365.7197265625,5737.09912109375,10252.9228515625,63468.88671875,8377.08984375,8749.4638671875,132.75262451171875,10369.97265625,11287.1298828125,5860.80224609375,14681.6376953125,12721.8017578125,3096.013427734375
2020-08-05,7771.78662109375,43230.78515625,57737.65625,13167.5947265625,57724.9140625,14129.2939453125,22640.41796875,84638.28125,11038.5048828125,13740.0078125,3699.9375,24576.279296875,4350.3603515625,1322.7750244140625,16459.390625,3089.3916015625,3137.9228515625,35075.09765625,12569.271484375,6004.73046875,10399.3642578125,64988.62890625,8512.0830078125,8861.095703125,132.75262451171875,10453.6826171875,11231.2236328125,5828.90673828125,15181.0126953125,12672.95703125,3268.679443359375
2020-08-06,7545.6083984375,43333.328125,56226.6328125,13287.48046875,58136.3203125,13947.6484375,22891.103515625,83978.0859375,10961.5361328125,13680.4853515625,3727.8466796875,24833.771484375,4172.3857421875,1307.8565673828125,16209.083984375,3109.925537109375,3167.61376953125,37123.75390625,12473.482421875,5920.845703125,10327.6376953125,64448.9140625,8530.271484375,8862.0751953125,137.66940307617188,10354.02734375,11371.9892578125,5820.9326171875,15048.1787109375,12891.2666015625,3300.6181640625
2020-08-07,7585.462890625,42250.25,53979.09375,13345.4267578125,57238.81640625,13961.6220703125,22383.7421875,83231.015625,11090.482421875,13759.8505859375,3760.739501953125,23504.408203125,4000.4111328125,1306.86181640625,16109.3583984375,3038.990966796875,3058.12939453125,37340.9140625,12560.29296875,5875.90771484375,10406.337890625,61756.9921875,8470.9140625,8862.0751953125,134.71932983398438,10282.275390625,11436.880859375,5799.0048828125,15145.0576171875,12924.1630859375,3330.559814453125
2020-08-11,7859.46875,42821.57421875,49717.8515625,13451.328125,59598.60546875,14172.208984375,22830.177734375,86617.859375,11733.220703125,13861.0380859375,3862.407958984375,21097.177734375,4064.40185546875,1357.5848388671875,15803.2080078125,3206.060546875,3234.4169921875,38354.26953125,12971.3837890625,6206.45263671875,10814.78125,61447.0390625,8713.1298828125,8971.75,137.66940307617188,10602.1650390625,12008.921875,5924.5927734375,15817.216796875,13166.3974609375,3439.35009765625
2020-08-12,7785.736328125,43091.1328125,49028.2890625,13465.314453125,59481.05859375,14349.8623046875,23968.740234375,85937.6640625,11758.2109375,13878.8974609375,3844.466064453125,21167.03515625,4075.400390625,1353.6064453125,16703.7109375,3190.19384765625,3227.92236328125,38221.57421875,12770.8271484375,6346.259765625,10641.4423828125,62365.6875,8520.6982421875,8988.39453125,130.78591918945312,10420.7958984375,11829.22265625,5875.75341796875,15404.7314453125,13497.3515625,3430.367431640625
2020-08-13,7725.953125,42556.90625,50042.62890625,13674.1171875,58981.015625,14365.830078125,24508.05859375,89155.7578125,11921.14453125,13506.875,3817.5537109375,21520.33984375,4017.408203125,1384.4381103515625,16981.94140625,3210.7275390625,3219.57177734375,38539.61328125,12736.90234375,6645.84716796875,10713.169921875,60929.33203125,8591.5439453125,8952.166015625,131.76927185058594,10672.91796875,11763.33203125,5999.3486328125,15796.2421875,13577.099609375,3418.390869140625
2020-08-14,7622.32861328125,41948.46484375,49522.96875,13487.294921875,57401.1796875,14201.15234375,24818.666015625,87974.1953125,11989.1162109375,13906.67578125,3786.654296875,21350.67578125,3902.42529296875,1365.54150390625,16999.892578125,3145.392578125,3151.84033203125,38149.1875,12327.8046875,6893.50634765625,10303.728515625,60157.46875,8630.7978515625,8929.642578125,130.78591918945312,10586.220703125,11901.1044921875,5995.361328125,14633.697265625,13515.2939453125,3380.4638671875
2020-08-17,7529.6650390625,43124.3359375,52066.328125,13502.279296875,58685.1640625,13972.6005859375,24707.8046875,84622.296875,11910.1494140625,13978.1025390625,3708.908203125,22285.818359375,3965.416259765625,1350.6229248046875,17232.24609375,3067.9248046875,3087.81982421875,38996.9453125,11998.5302734375,6651.83935546875,10193.150390625,60589.39453125,8445.0634765625,8813.11328125,131.76927185058594,10343.06640625,11834.21484375,5895.68798828125,13871.6494140625,13464.4560546875,3318.583740234375
2020-08-18,7758.83349609375,42636.99609375,51261.84375,13200.564453125,58372.390625,14272.0126953125,24819.666015625,86930.4765625,12242.0126953125,14058.4599609375,3802.6025390625,22213.962890625,3924.42236328125,1353.6064453125,16786.482421875,3031.52392578125,3034.933837890625,38551.68359375,12669.0517578125,6640.8544921875,10461.130859375,60189.4609375,8137.74560546875,8908.1005859375,129.80258178710938,10650.9970703125,12072.8154296875,6106.99560546875,13178.517578125,13687.7490234375,3375.47314453125
2020-08-19,7856.478515625,42445.8671875,49199.18359375,13252.513671875,57824.52734375,14735.10546875,24506.060546875,86893.5234375,12190.0361328125,14129.8876953125,3837.489013671875,21497.3828125,3939.420166015625,1293.9327392578125,16684.765625,3004.45703125,3006.171142578125,37284.3984375,13103.0927734375,6734.7255859375,10484.041015625,59025.26953125,8170.2958984375,9132.3427734375,128.81922912597656,10932.0185546875,11944.0322265625,6013.30224609375,12883.88671875,13679.775390625,3393.4384765625
2020-08-20,7666.169921875,41561.9140625,49353.08203125,12730.0078125,57415.125,14392.775390625,24245.392578125,83516.6640625,11937.1376953125,14031.6748046875,3767.71630859375,21395.5859375,3859.431396484375,1303.87841796875,15487.0830078125,2941.92236328125,2947.717529296875,36507.921875,12338.779296875,6375.22021484375,10029.7734375,58989.67578125,8102.322265625,9008.958984375,129.80258178710938,10825.390625,11682.4697265625,5636.5361328125,14040.439453125,13351.8125,3290.63720703125
2020-08-21,8018.88916015625,40946.55078125,48477.65234375,13100.658203125,56380.14453125,14457.6494140625,24439.146484375,87892.296875,12264.00390625,14043.580078125,3889.320068359375,21294.7890625,3792.441650390625,1315.8133544921875,16001.6572265625,3023.1240234375,3013.59375,36166.8359375,12522.375,6560.96435546875,10318.6728515625,60631.3828125,8090.83447265625,9077.5068359375,128.81922912597656,11353.5556640625,11741.37109375,5750.16455078125,14382.01171875,13356.794921875,3307.6044921875
2020-08-24,8269.9775390625,41478.88671875,48167.84375,14474.36328125,57913.1796875,14863.8525390625,25138.265625,92885.1796875,12550.88671875,14617.98046875,3928.193359375,21133.103515625,3793.441650390625,1342.666259765625,16642.880859375,3069.79150390625,3023.799560546875,36093.34765625,12480.466796875,6763.6845703125,11016.0146484375,61366.0546875,8281.3515625,9251.810546875,127.83587646484375,11368.50390625,12071.8203125,5980.41064453125,14531.8251953125,13675.787109375,3432.36328125
2020-08-25,8443.34765625,40019.61328125,46727.77734375,14286.5400390625,56635.1640625,14523.5205078125,24800.69140625,95043.53125,12748.806640625,14282.666015625,3947.131591796875,20578.20703125,3752.447021484375,1336.698974609375,15771.294921875,3054.857666015625,3021.943603515625,36266.6328125,12613.1748046875,6540.99169921875,11169.4287109375,62259.8984375,8154.97900390625,9229.2880859375,131.76927185058594,11222.01171875,11785.296875,5948.51513671875,14785.5078125,13455.4833984375,3434.359619140625
2020-08-26,8265.9921875,40046.95703125,48578.58203125,14280.5458984375,56523.58984375,14208.1376953125,24583.96484375,93150.8515625,12772.7978515625,13987.03125,3940.154541015625,21475.42578125,3776.44384765625,1342.666259765625,15708.46875,3016.59033203125,3020.08837890625,36483.79296875,12392.66015625,6461.10205078125,10534.8486328125,63621.26171875,8042.00634765625,9106.8837890625,128.81922912597656,10984.8369140625,11573.65234375,5783.05712890625,14692.623046875,13246.14453125,3359.50439453125
2020-08-27,8170.34033203125,39767.61328125,47641.1875,14070.744140625,57306.54296875,14206.142578125,24437.150390625,89889.84375,13062.6787109375,13703.3046875,4050.79345703125,21018.3359375,3781.443603515625,1300.8946533203125,15641.6552734375,3117.392333984375,3093.386962890625,36785.38671875,12347.7607421875,6374.22119140625,10553.7763671875,64707.87109375,7884.99658203125,9148.0107421875,126.85253143310547,11101.431640625,11652.5185546875,5816.94580078125,14358.0419921875,13213.25,3398.42919921875
2020-08-28,8013.9072265625,39665.0546875,49810.78125,13637.15234375,55882.109375,14097.35546875,23456.388671875,88152.9765625,12494.91015625,13799.53125,3960.08935546875,21921.546875,3772.444580078125,1284.981201171875,15576.8349609375,3057.658447265625,3024.727294921875,35547.17578125,12024.4736328125,6281.34912109375,10138.359375,62783.41015625,7828.51123046875,8938.4560546875,124.88581848144531,10763.60546875,11329.060546875,5696.34130859375,14351.0517578125,13017.8671875,3272.671875
2020-09-01,8045.7919921875,40411.29296875,48663.51953125,13356.416015625,56026.52734375,13943.6591796875,22972.998046875,88889.0703125,12483.9150390625,13588.224609375,3816.556640625,21085.201171875,3851.432861328125,1243.20947265625,15073.2294921875,3026.857421875,3008.954345703125,35346.47265625,11783.005859375,6062.65087890625,9676.1220703125,63117.1484375,7544.16845703125,8840.53125,122.91911315917969,10712.7802734375,11313.0859375,5612.615234375,14182.2607421875,12762.673828125,3206.799560546875
2020-09-02,7844.5224609375,40730.69140625,47326.3984375,13387.3876953125,57252.75390625,13922.6982421875,23269.619140625,86256.296875,12289.994140625,13508.8603515625,3648.106201171875,20466.42578125,3949.41845703125,1241.2203369140625,15484.091796875,2965.256591796875,2918.954345703125,36130.63671875,11720.14453125,5855.93505859375,9230.818359375,63481.6875,7390.98779296875,8685.8134765625,121.93576049804688,10338.0830078125,11676.48046875,5428.21923828125,14382.01171875,12816.5048828125,3148.91162109375
2020-09-03,7666.169921875,38827.9765625,46971.6171875,13176.5859375,57125.25390625,13769.0,23090.84375,86886.5234375,12315.982421875,13086.2421875,3564.379150390625,20365.625,3749.447998046875,1216.356201171875,15225.80859375,2895.254638671875,2854.93408203125,35126.0390625,11660.2763671875,5897.87744140625,8942.9169921875,60989.32421875,7187.06494140625,8514.4453125,120.952392578125,9913.55859375,11778.3095703125,5268.7421875,13961.5380859375,12603.17578125,3082.04052734375
2020-09-04,8010.91943359375,39317.328125,46274.06640625,13381.392578125,55840.26171875,13356.8076171875,22820.193359375,86893.5234375,12118.064453125,13031.6796875,3602.255615234375,20075.203125,3775.444091796875,1227.2965087890625,15884.98046875,2901.7880859375,2869.779541015625,34800.30859375,11703.181640625,5772.05078125,9045.525390625,58658.125,7161.2158203125,8323.4931640625,120.952392578125,10043.1083984375,11626.560546875,5183.02197265625,14282.13671875,12412.779296875,3054.09521484375
2020-09-08,8214.1796875,39690.453125,47269.42578125,14119.697265625,55984.69921875,13964.6162109375,23423.431640625,89889.84375,12504.9072265625,13116.0048828125,3802.6025390625,20847.671875,3799.4404296875,1273.0465087890625,15639.6591796875,2908.32177734375,2854.93408203125,35314.67578125,12498.427734375,6021.70703125,9223.84375,57070.00390625,7151.642578125,8558.51171875,123.9024658203125,10478.595703125,12878.4697265625,5385.359375,14261.1630859375,12715.8212890625,3183.843994140625
2020-09-09,8885.744140625,39584.95703125,47490.27734375,13931.8759765625,57486.83984375,14983.6162109375,24035.65625,96042.296875,13213.6181640625,13328.306640625,4086.676025390625,21789.478515625,3804.43994140625,1262.1064453125,15607.748046875,3010.990234375,2958.851318359375,35248.86328125,13175.9345703125,6041.6796875,10044.7158203125,57639.7109375,7189.00341796875,9036.37890625,122.91911315917969,11424.3095703125,14170.3095703125,5637.533203125,13681.8876953125,12770.646484375,3406.41357421875
2020-09-10,9263.3720703125,39229.41796875,49303.109375,13141.619140625,56307.44140625,14794.986328125,23882.84375,99210.4140625,13613.455078125,13289.6142578125,4096.64404296875,22108.8671875,3775.444091796875,1223.318115234375,16635.90234375,2989.523193359375,2918.954345703125,35333.31640625,13493.2314453125,6022.7060546875,10633.4716796875,58790.09765625,7092.1513671875,9023.6484375,124.88581848144531,11729.25,14550.673828125,5622.58251953125,14245.1826171875,12621.12109375,3575.08740234375
2020-09-11,8996.34375,40388.83203125,48848.40625,12708.02734375,56362.22265625,14342.8740234375,23646.1484375,95514.953125,13409.537109375,13464.21875,3996.968994140625,22012.0546875,3878.428466796875,1223.318115234375,17309.03125,2930.721923828125,2880.91357421875,35369.5,13289.6826171875,5731.107421875,10412.314453125,58986.67578125,6991.30517578125,8885.5771484375,123.9024658203125,11596.7099609375,14902.0849609375,5550.8173828125,13721.8388671875,12568.2880859375,3610.019775390625
2020-09-14,8940.54296875,40779.52734375,49435.03125,12811.9296875,56628.1875,15194.205078125,23593.212890625,96993.15625,13340.56640625,13322.3515625,4011.919921875,23335.53125,3877.428466796875,1234.258544921875,17550.36328125,2860.72021484375,2804.831787109375,35501.1171875,13297.6630859375,5707.14013671875,10268.8623046875,59149.6484375,7014.27001953125,8682.873046875,120.952392578125,11559.8369140625,14962.9853515625,5432.20654296875,13353.2978515625,12464.615234375,3546.1435546875
2020-09-15,8814.0029296875,40776.6015625,48774.453125,12643.0888671875,57196.96484375,14840.8974609375,22814.1953125,97576.4296875,13488.505859375,13290.6064453125,3942.14794921875,23713.80859375,3943.41943359375,1243.20947265625,16978.94921875,2743.11865234375,2681.43017578125,35761.0390625,13146.99609375,5674.185546875,10076.59375,59331.81640625,7098.14111328125,8791.5703125,118.0023422241211,11274.828125,14875.1318359375,5434.19970703125,12908.853515625,12443.681640625,3457.315185546875
2020-09-16,8910.6533203125,40928.97265625,48008.94921875,12288.421875,56584.359375,14855.8671875,22812.19921875,99112.546875,12974.7158203125,13194.3779296875,3949.125,23455.30078125,3931.4208984375,1245.1988525390625,16709.6953125,2800.052490234375,2734.31640625,36570.4296875,12921.494140625,5813.9931640625,10097.515625,59089.6484375,7198.98779296875,8715.1904296875,120.952392578125,11301.7353515625,14411.90625,5380.3759765625,13560.0400390625,12458.6337890625,3371.481201171875
2020-09-17,8858.83984375,40493.3359375,45102.8203125,12257.4521484375,56696.921875,14539.4892578125,22935.04296875,97118.984375,13009.701171875,12896.759765625,3993.978515625,21959.154296875,3873.429931640625,1253.1552734375,15752.34765625,2788.85302734375,2693.49169921875,36237.0234375,13071.1630859375,5770.05322265625,10222.041015625,58161.6171875,7313.8115234375,8802.33984375,123.9024658203125,11136.310546875,14298.0966796875,5368.41455078125,13647.9296875,12547.3525390625,3593.052734375
2020-09-18,8527.0458984375,40696.50390625,44543.19140625,11940.751953125,55936.875,14381.7978515625,23238.662109375,95287.2421875,13091.66796875,12991.0048828125,3898.291015625,21779.49609375,3844.43408203125,1223.318115234375,15822.154296875,2790.719970703125,2709.264892578125,36915.8984375,12825.7060546875,5736.1005859375,9838.5029296875,57889.8671875,6912.42626953125,8704.4169921875,118.0023422241211,10751.6474609375,14294.1025390625,5269.73876953125,13781.763671875,12414.771484375,3513.206787109375
2020-09-23,8374.5986328125,39063.3671875,42834.296875,11668.0068359375,60364.6171875,13488.5517578125,22774.25,94384.3515625,12595.8681640625,12062.546875,3912.2451171875,19979.92578125,3746.44873046875,1133.807373046875,14332.025390625,2709.517578125,2635.038818359375,37297.5546875,12554.3056640625,5698.15283203125,9196.9482421875,60885.734375,6490.07177734375,8551.658203125,111.11886596679688,10239.42578125,14176.2998046875,5058.4306640625,13296.3701171875,12354.9599609375,3423.380615234375
2020-09-25,8150.41162109375,39032.109375,43771.6875,11511.15625,60854.71484375,13423.677734375,22218.94921875,92842.234375,12103.0703125,11811.4287109375,3911.24853515625,20015.857421875,3669.459716796875,1133.807373046875,14438.755859375,2664.717041015625,2579.369140625,37040.921875,12516.38671875,5357.62109375,9023.609375,59569.57421875,6195.52197265625,8490.9443359375,117.01899719238281,9999.2607421875,14021.5576171875,4802.27001953125,12828.9541015625,12200.4482421875,3418.390869140625
2020-09-28,8707.3916015625,39824.26171875,43791.6796875,11851.8359375,62196.48046875,13715.1044921875,22336.798828125,98604.15625,12668.83984375,12018.8740234375,4142.494140625,20161.578125,3659.4609375,1175.5791015625,14646.234375,2875.654296875,2807.615234375,38689.3125,12943.4453125,5617.263671875,9684.08984375,59908.90625,6488.0751953125,8910.060546875,115.05228424072266,10641.029296875,14110.41015625,5050.45654296875,13508.10546875,12283.1904296875,3503.22607421875
2020-09-29,8862.826171875,39490.20703125,44493.2265625,11789.892578125,60374.578125,13601.328125,21835.431640625,98234.6171875,12664.8408203125,12100.26171875,4150.46875,20901.16796875,3543.47802734375,1205.416015625,14754.9609375,2908.32177734375,2821.5322265625,39516.2421875,13101.09765625,5704.14453125,9859.4228515625,59199.03515625,6769.64404296875,9156.8251953125,118.0023422241211,10812.4345703125,13973.63671875,5073.38134765625,13064.6591796875,12409.7880859375,3567.10302734375
2020-09-30,8899.6923828125,39784.21875,43282.00390625,11916.7724609375,58935.96875,13783.970703125,22204.96484375,103611.0390625,12786.7919921875,12355.3515625,4109.6025390625,20289.3359375,3513.482666015625,1218.345458984375,14510.576171875,2944.721923828125,2878.13037109375,38988.7109375,13171.9404296875,5606.27880859375,10038.7392578125,59189.640625,6889.4609375,9206.765625,114.06893157958984,10766.5947265625,13644.40234375,5182.025390625,12940.8134765625,12288.171875,3518.19775390625
2020-10-02,9299.2412109375,38829.921875,43227.0390625,11717.9609375,57933.69140625,14521.5234375,22374.751953125,104871.484375,13267.5966796875,12368.2548828125,4164.4228515625,20348.224609375,3428.4951171875,1230.2803955078125,14130.5302734375,3037.1240234375,2948.645263671875,40028.41796875,13421.3916015625,5431.52001953125,10677.306640625,59989.49609375,6854.5146484375,9451.5732421875,114.06893157958984,11295.755859375,13612.4541015625,5358.447265625,12399.4912109375,12259.2626953125,3809.633544921875
2020-10-05,9160.7451171875,39347.6015625,43341.96484375,11702.974609375,59669.2421875,13972.6005859375,22348.78515625,103962.609375,13225.61328125,12521.1083984375,4076.708984375,20585.76953125,3522.4814453125,1223.318115234375,14315.06640625,3110.85888671875,3044.21240234375,39866.09765625,13419.39453125,5531.3828125,10559.75390625,59879.71875,6703.7451171875,9226.3505859375,121.93576049804688,10983.837890625,13596.4775390625,5262.7607421875,12287.6318359375,12360.94140625,3722.8017578125
2020-10-06,8967.4462890625,38972.53125,42953.21484375,11618.0546875,58867.22265625,13663.20703125,21972.259765625,103939.625,12874.7568359375,12446.6669921875,4014.91064453125,20367.1875,3540.478515625,1192.4866943359375,14264.1943359375,3164.0595703125,3117.510498046875,39024.90234375,12941.4501953125,5510.41162109375,10394.3837890625,60359.43359375,6637.84619140625,9007.9814453125,116.03562927246094,10712.7802734375,13270.9697265625,5282.69580078125,12397.4951171875,12291.1611328125,3625.989013671875
2020-10-07,9031.2138671875,39788.12109375,42400.578125,11680.9951171875,58661.98828125,13685.1640625,22232.931640625,109865.3671875,13103.662109375,12418.8740234375,4031.85546875,19821.2265625,3648.462890625,1172.595458984375,14713.068359375,3216.327392578125,3176.891845703125,39599.59375,13264.73828125,5355.62451171875,10514.9248046875,61307.265625,6364.2646484375,9036.37890625,109.15216064453125,10863.259765625,13405.7646484375,5271.7314453125,12379.5166015625,12191.4775390625,3707.830810546875
2020-10-08,8892.716796875,39709.984375,43539.84375,11686.9892578125,58421.8828125,14015.5166015625,22857.14453125,106046.046875,13083.669921875,12688.8486328125,3955.10546875,20171.55859375,3675.458740234375,1189.5028076171875,15182.8876953125,3135.126220703125,3093.386962890625,38535.7578125,13097.10546875,5454.48779296875,10238.9755859375,59738.14453125,6456.1240234375,9110.80078125,109.15216064453125,10761.611328125,13818.1416015625,5258.77392578125,12711.1015625,12301.1328125,3693.85791015625
2020-10-09,8860.8330078125,40842.04296875,45771.38671875,11738.9404296875,57717.5,13852.8359375,22304.83984375,105747.3984375,12856.7626953125,12723.58984375,3902.277587890625,21498.033203125,3709.4541015625,1164.6387939453125,15892.109375,3147.25927734375,3099.8818359375,38775.94921875,12855.6396484375,5443.50341796875,10203.11328125,61093.70703125,6390.2255859375,9068.69140625,105.21875762939453,10563.30078125,13865.072265625,5113.25146484375,12384.509765625,12294.15234375,3641.95849609375
2020-10-13,8763.1875,40544.125,45054.8515625,11365.2919921875,57875.90625,13528.47265625,22766.255859375,106939.9609375,12555.88671875,12385.1279296875,3834.498779296875,20605.734375,3584.47216796875,1136.791015625,16075.646484375,3029.656494140625,2995.036865234375,38925.10546875,12715.9482421875,5326.6640625,10140.3525390625,62434.0625,6331.31494140625,8962.9365234375,110.1355209350586,10413.8193359375,13845.1005859375,5046.4697265625,11689.3798828125,12381.875,3557.121826171875
2020-10-14,8706.3916015625,40992.45703125,46353.01953125,11464.19921875,57256.21484375,13286.9443359375,22453.65234375,107543.21875,12517.9013671875,12637.2392578125,3816.556640625,21396.224609375,3610.46826171875,1138.7799072265625,16249.2099609375,3086.591552734375,3040.50048828125,39190.515625,12761.8486328125,5528.38623046875,9774.7451171875,62848.39453125,6440.14892578125,8862.0751953125,113.08558654785156,10359.009765625,13601.470703125,5002.61279296875,11161.041015625,12426.7333984375,3561.1142578125
2020-10-15,8874.783203125,40347.8046875,45200.76171875,10943.689453125,56069.62109375,13323.8720703125,22638.419921875,107626.125,12452.927734375,12804.9794921875,3845.462890625,21188.62109375,3504.48388671875,1130.8233642578125,16285.1201171875,3126.725830078125,3080.3974609375,37712.12109375,13124.046875,5628.2490234375,9860.419921875,61884.1640625,6514.03564453125,8878.7216796875,111.11886596679688,10563.30078125,13799.1708984375,5079.3623046875,10752.5517578125,12429.724609375,3493.245361328125
2020-10-16,8708.38671875,40782.453125,44462.25,11029.6083984375,55943.09765625,13159.1962890625,22371.75390625,108011.6328125,12208.02734375,12793.0673828125,3737.813720703125,20504.923828125,3474.488525390625,1113.9156494140625,16876.63671875,3077.258056640625,3038.644775390625,37746.125,13126.04296875,5540.3701171875,9574.5087890625,62705.4140625,6547.984375,8744.5654296875,113.08558654785156,10441.724609375,13789.1875,5022.54833984375,10526.8330078125,12318.078125,3511.2109375
2020-10-19,9115.908203125,41375.35546875,44298.34765625,10934.6982421875,55593.390625,13245.0283203125,22033.18359375,109621.6640625,12250.009765625,12903.2421875,3939.1572265625,20278.35546875,3554.477294921875,1142.7581787109375,16957.431640625,3054.857666015625,3014.521728515625,37512.51953125,13070.1640625,5516.4033203125,9962.0322265625,62188.9140625,6653.8212890625,9060.859375,116.03562927246094,11003.76953125,13653.3916015625,4983.67529296875,10586.7587890625,12219.388671875,3523.187744140625
2020-10-20,9052.1396484375,41333.35546875,42897.25,10666.951171875,55861.3984375,13473.578125,23609.193359375,113111.390625,12226.0205078125,13084.880859375,3906.264404296875,20113.671875,3630.4658203125,1128.8343505859375,17392.345703125,3080.05810546875,3054.418212890625,37709.9296875,13071.1630859375,5511.40966796875,9881.3388671875,62489.0625,6709.73583984375,9119.6142578125,117.01899719238281,10943.978515625,13736.267578125,4932.841796875,9763.7880859375,12186.4931640625,3524.186279296875
2020-10-21,9456.669921875,41243.48046875,43922.59375,10366.2333984375,54225.46875,13321.876953125,23348.525390625,115672.25,12075.08203125,13079.91796875,4028.865234375,20575.791015625,3600.47021484375,1139.7742919921875,18054.677734375,3152.860107421875,3120.293701171875,37282.203125,13141.0107421875,5547.3603515625,10149.318359375,61564.82421875,6814.5751953125,9126.46875,116.03562927246094,11379.4658203125,13817.14453125,4960.75,9985.51171875,12194.466796875,3540.155029296875
2020-10-22,9791.455078125,40365.37890625,41247.328125,10634.98046875,54036.17578125,13769.0,22621.44140625,118055.328125,12038.0966796875,12403.9873046875,4183.361328125,18811.15625,3490.48583984375,1156.6822509765625,17388.349609375,3189.260009765625,3163.902099609375,36970.73046875,13438.353515625,5599.28857421875,10398.369140625,60749.359375,6779.6298828125,9277.2705078125,123.9024658203125,11759.1474609375,14422.2314453125,5057.43408203125,9773.775390625,12454.646484375,3737.77294921875
2020-10-23,10282.6728515625,41023.71875,40457.83203125,11156.4892578125,54198.5859375,14755.06640625,25494.814453125,119818.171875,12546.8896484375,12584.630859375,4331.87646484375,18354.0234375,3529.480224609375,1191.4920654296875,16441.728515625,3287.2626953125,3265.963623046875,36975.11328125,13981.15625,5745.087890625,11397.5595703125,60248.0546875,6866.49609375,9646.4423828125,122.91911315917969,12021.236328125,14394.2734375,5482.04296875,10304.11328125,12713.8271484375,4004.257568359375
2020-10-26,10091.3681640625,40574.421875,39974.15234375,10840.7861328125,54439.66796875,14604.3623046875,25443.87890625,120851.90625,12578.876953125,12517.13671875,4216.25341796875,18775.22265625,3555.47705078125,1181.54638671875,16502.576171875,3287.2626953125,3256.685302734375,36483.79296875,13875.3896484375,5698.15283203125,10961.2236328125,60349.43359375,6859.5068359375,9677.779296875,121.93576049804688,11781.0693359375,14178.6005859375,5407.28759765625,10258.169921875,12616.1357421875,3931.398681640625
2020-10-27,10070.4423828125,39034.06640625,38974.79296875,10660.95703125,52801.76953125,14521.5234375,24279.349609375,122591.78125,12066.0859375,11859.0712890625,4171.39990234375,18331.06640625,3375.5029296875,1140.7691650390625,16035.748046875,3122.9921875,3085.036376953125,35534.01171875,13713.7470703125,5735.1015625,10966.2041015625,61308.265625,6614.8818359375,9388.9052734375,112.10222625732422,11738.2177734375,13918.9912109375,5353.46435546875,9208.4833984375,12540.376953125,3890.477783203125
2020-10-28,9499.5146484375,37048.328125,38070.375,10839.787109375,51622.1484375,13643.24609375,23472.3671875,119459.625,11561.2900390625,11174.20703125,3995.972412109375,17557.541015625,3284.516357421875,1097.00830078125,14790.8720703125,2997.92333984375,2948.645263671875,34444.96875,12814.7294921875,5490.4384765625,10216.0634765625,60756.16015625,6141.6044921875,8944.330078125,113.08558654785156,11138.3037109375,13598.4736328125,4991.6494140625,8558.2958984375,12245.30859375,3680.882568359375
2020-10-29,9137.826171875,37138.18359375,37835.5234375,10729.892578125,52049.55859375,13249.01953125,23722.05078125,118266.0625,11217.4306640625,11010.4345703125,3865.3974609375,17625.416015625,3308.513427734375,1098.0029296875,14348.98046875,2902.721435546875,2861.42919921875,34118.140625,12572.2646484375,5543.365234375,9745.85546875,60798.5546875,5910.95849609375,8683.853515625,110.1355209350586,10775.5625,13260.984375,4815.22705078125,7542.56640625,12214.4072265625,3595.048828125
2020-10-30,8661.5576171875,36711.34375,36859.1640625,10545.06640625,51016.41015625,13299.919921875,23565.248046875,113860.484375,10695.6435546875,10821.8486328125,3747.78173828125,17232.16015625,3231.5244140625,1055.236328125,14241.251953125,2782.3193359375,2760.2958984375,33411.8515625,12259.9541015625,5771.0517578125,9561.55859375,63215.3359375,5748.20703125,8457.650390625,105.21875762939453,10570.275390625,12871.5712890625,4711.56689453125,8392.50390625,12214.4072265625,3486.25927734375
2020-11-04,9314.1865234375,37614.8359375,40408.86328125,12048.6494140625,53250.09765625,13810.9189453125,24322.29296875,125718.9453125,11361.373046875,12350.38671875,3967.067138671875,18333.0625,3345.5078125,1101.98095703125,15343.484375,2854.1875,2855.8623046875,35294.93359375,13121.0537109375,6076.630859375,10046.708984375,63364.30859375,6044.7529296875,8813.11328125,108.16881561279297,11011.7431640625,13504.6162109375,5028.52880859375,9794.75,12161.572265625,3680.882568359375
2020-11-05,9348.0654296875,37492.75,41673.046875,12087.6123046875,52125.28515625,14026.494140625,25274.095703125,126114.4609375,11523.306640625,12368.2548828125,3988.99462890625,19359.107421875,3391.5009765625,1133.807373046875,16480.6328125,2912.05517578125,2862.357177734375,36137.2265625,13816.521484375,6160.515625,10599.6015625,67307.421875,6286.38330078125,8911.0361328125,110.1355209350586,11201.0849609375,13309.908203125,5066.404296875,9665.9111328125,12211.4169921875,3782.685791015625
2020-11-06,9176.6875,38035.828125,43400.921875,12088.611328125,51373.0703125,13765.009765625,24783.712890625,123717.3984375,11739.21875,12115.15234375,3971.053466796875,19922.037109375,3463.489990234375,1130.8233642578125,17027.259765625,2971.78955078125,2944.00634765625,36206.31640625,14068.962890625,6141.54150390625,10709.18359375,68849.5625,6290.3779296875,8845.4267578125,112.10222625732422,11140.2958984375,13183.1025390625,5178.03857421875,9097.62109375,12312.0966796875,3726.7939453125
2020-11-09,9837.2880859375,40624.21875,37387.80859375,12638.09375,51916.05078125,14971.6416015625,25867.34375,130779.75,12553.88671875,12786.1201171875,4460.4580078125,16832.923828125,3676.45849609375,1245.1988525390625,16162.4296875,3208.86083984375,3172.2529296875,36922.4765625,14958.9990234375,6633.8642578125,11755.1962890625,67329.8203125,6899.4462890625,9471.1591796875,113.08558654785156,11958.453125,14239.5068359375,5485.033203125,11244.935546875,12900.23828125,3838.577880859375
2020-11-10,10091.3681640625,41802.1953125,38461.12109375,12891.8544921875,55058.37890625,15936.75,26034.1328125,137178.90625,12766.798828125,12897.287109375,4628.9091796875,17668.330078125,3867.4306640625,1260.1173095703125,16412.802734375,3267.66162109375,3266.891357421875,38490.80078125,16053.5859375,6856.55712890625,12708.564453125,63488.88671875,7288.85009765625,9775.7001953125,113.08558654785156,12506.55078125,14006.8583984375,5638.52978515625,11004.2373046875,12883.2939453125,3965.332763671875
2020-11-11,10630.41015625,42698.84765625,36545.35546875,13105.65234375,56568.76171875,17081.501953125,26141.0,142325.59375,13132.6513671875,12518.1298828125,4971.7900390625,16568.423828125,3886.427978515625,1366.5361328125,16073.65234375,3534.600341796875,3508.127197265625,38856.00390625,16697.1640625,7035.31103515625,13968.759765625,60480.41015625,7488.544921875,10282.494140625,117.01899719238281,13450.2705078125,14318.3876953125,5804.98486328125,10786.5087890625,13047.7724609375,4044.179931640625
2020-11-12,10561.658203125,41780.69921875,37174.94921875,12703.0322265625,56649.46484375,15969.6845703125,25667.59375,141826.203125,12756.8046875,12406.962890625,4861.1513671875,16460.634765625,3841.434326171875,1144.7474365234375,15022.2900390625,3583.134765625,3554.5185546875,37891.98828125,16258.1328125,6975.3935546875,13877.109375,62915.78515625,7210.96875,9843.7705078125,116.03562927246094,12959.9736328125,14389.2822265625,5700.328125,10396.99609375,13009.892578125,3908.44287109375
2020-11-13,10201.96484375,42113.78125,37226.9296875,12573.154296875,57150.60546875,15469.6640625,25325.02734375,139828.65625,12568.8818359375,12536.98828125,4691.70361328125,16600.365234375,3884.427978515625,1164.6387939453125,15403.3349609375,3628.86865234375,3618.538818359375,38371.2578125,16058.5732421875,7006.3505859375,13242.5283203125,63548.87109375,7210.96875,9694.9189453125,121.93576049804688,12584.279296875,14411.248046875,5674.41259765625,10486.8837890625,12752.705078125,3967.328857421875
2020-11-16,10232.853515625,42830.71484375,36293.52734375,12661.0712890625,56879.60546875,15411.77734375,25524.77734375,136772.40625,12502.908203125,12695.796875,4710.64208984375,15782.923828125,3974.414794921875,1192.4866943359375,17175.8828125,3624.2021484375,3640.806884765625,38539.0546875,16011.6767578125,6813.6162109375,13238.5419921875,62819.3984375,7127.09814453125,9676.3134765625,120.952392578125,12830.423828125,13202.0732421875,5722.25634765625,10856.421875,12269.232421875,3910.439208984375
2020-11-17,10429.1396484375,42420.48046875,35844.8125,12659.07421875,56926.4375,16251.1328125,25634.63671875,139825.65625,12860.76171875,12765.2763671875,4720.60986328125,15799.890625,3908.42431640625,1196.46484375,16533.49609375,3728.737548828125,3780.909423828125,38388.8046875,16200.2607421875,6581.935546875,13548.36328125,61550.02734375,7213.96533203125,9647.9150390625,118.98568725585938,12991.8623046875,13471.666015625,5707.3046875,11284.8857421875,12270.228515625,3946.369384765625
2020-11-18,10667.2763671875,43119.83203125,35046.3359375,12754.9833984375,58414.90625,16160.310546875,25521.78125,135737.65625,12846.767578125,12780.1650390625,4721.60693359375,15122.181640625,3966.416015625,1237.2421875,16446.71484375,3787.5380859375,3835.6513671875,38330.68359375,15964.7802734375,6741.71533203125,13611.125,61922.96484375,7318.8046875,9706.671875,122.91911315917969,13132.375,13485.64453125,5641.5205078125,11785.259765625,12486.544921875,4029.209228515625
2020-11-19,10688.2001953125,42625.6015625,34047.984375,12649.0830078125,57398.69140625,16198.234375,25169.2265625,137831.125,12619.859375,12205.474609375,4700.67529296875,14591.1923828125,3921.422607421875,1238.23681640625,16914.5390625,3557.933837890625,3588.8486328125,38215.51953125,15566.6591796875,6670.81298828125,13460.6982421875,60814.3515625,7008.279296875,9452.056640625,123.9024658203125,12846.369140625,13147.1572265625,5551.81396484375,11753.298828125,12572.2744140625,3869.5185546875
2020-11-24,11348.80078125,45790.2890625,31354.71875,12553.173828125,54468.5703125,16068.490234375,24332.28125,135494.953125,12732.8134765625,11712.1708984375,4779.41748046875,12935.34765625,4299.3671875,1230.2803955078125,14977.4033203125,3599.001708984375,3593.487060546875,37557.4765625,15266.3203125,6918.47216796875,13045.2802734375,63608.8671875,7982.78857421875,9548.025390625,129.80258178710938,12984.88671875,13054.296875,5655.474609375,13283.3857421875,12460.626953125,3742.762939453125
2020-11-25,11489.2919921875,45589.07421875,31650.529296875,12598.1318359375,54074.03125,16337.962890625,23983.72265625,133364.578125,12919.73828125,11812.4208984375,4752.5048828125,13070.0927734375,4318.36474609375,1258.1279296875,15481.1396484375,3780.071533203125,3734.5185546875,37397.359375,15565.662109375,7054.28515625,12849.0283203125,63138.09765625,8037.70556640625,9500.0419921875,129.80258178710938,12651.0478515625,13062.28515625,5694.3466796875,13183.51171875,12417.763671875,3699.84619140625
2020-11-27,11458.4033203125,45028.4140625,31929.3515625,12655.0771484375,54012.26171875,16966.728515625,23771.990234375,131031.4453125,12634.8525390625,12244.1826171875,4721.60693359375,12980.2646484375,4369.35595703125,1234.258544921875,16479.634765625,3639.135498046875,3663.07470703125,37673.74609375,16763.017578125,6903.4931640625,12919.7578125,63272.27734375,8041.69775390625,9407.98828125,129.80258178710938,12684.9296875,12789.697265625,5768.10595703125,13239.44140625,12430.7216796875,3624.99072265625
2020-11-30,10980.140625,45370.28125,32614.904296875,12336.3779296875,54254.37109375,16283.0693359375,23448.396484375,129393.4453125,12314.982421875,11840.2138671875,4532.22412109375,13128.98046875,4427.34716796875,1180.5517578125,16231.2568359375,3514.999755859375,3560.08544921875,37780.12109375,16237.1806640625,6614.89013671875,12203.4892578125,62569.18359375,7865.96728515625,9027.046875,125.8691635131836,12072.05859375,12757.7431640625,5526.89599609375,12063.9111328125,12284.18359375,3492.247314453125
2020-12-01,11001.0625,45852.7890625,34770.515625,12150.552734375,53949.49609375,17337.001953125,23243.65625,128842.1328125,12233.017578125,12179.66796875,4652.8310546875,14006.3076171875,4488.33935546875,1178.562744140625,16259.1875,3549.533447265625,3614.827392578125,38001.65625,16632.306640625,6611.89404296875,12113.8291015625,63209.890625,7870.95947265625,9161.20703125,124.88581848144531,12143.8095703125,12773.720703125,5565.76904296875,11710.3544921875,12344.994140625,3593.052734375
2020-12-02,11183.40234375,47399.98046875,34671.57421875,12374.341796875,54632.96484375,16678.294921875,23170.748046875,129281.5703125,12241.015625,12784.134765625,4634.8896484375,14169.9970703125,4529.33349609375,1195.8740234375,16978.380859375,3659.669189453125,3698.332275390625,37930.3671875,16613.3515625,6654.83544921875,12044.0966796875,62975.7265625,7947.84228515625,9186.6708984375,127.83587646484375,12233.5,12529.0888671875,5647.5009765625,12223.7119140625,12068.9228515625,3627.984619140625
2020-12-03,11477.3359375,49228.46484375,34102.9453125,12438.2822265625,54796.34375,16291.0546875,23798.955078125,128405.6640625,12376.958984375,13001.505859375,4707.6513671875,13573.134765625,4718.3056640625,1162.04736328125,17626.755859375,3669.93603515625,3728.0224609375,37643.0234375,16765.017578125,6919.47021484375,12202.4921875,64009.9609375,8129.564453125,9303.205078125,124.88581848144531,12279.337890625,12750.75390625,5637.533203125,12941.8134765625,12092.85546875,3616.008056640625
2020-12-04,11527.154296875,50400.56640625,33861.1015625,12844.8984375,55517.67578125,16495.650390625,24341.26953125,128842.1328125,12539.8916015625,13627.8076171875,4907.99853515625,13439.390625,4888.27978515625,1223.731201171875,16925.513671875,3735.270751953125,3801.32177734375,37839.34375,16745.0625,6990.37255859375,12362.880859375,63730.8046875,8479.0302734375,9432.4736328125,128.81922912597656,12455.7265625,13046.30859375,5755.1484375,13383.26171875,12141.7158203125,3637.9658203125
2020-12-07,11526.158203125,50190.56640625,34354.78125,12875.8681640625,56660.4296875,16479.685546875,24294.328125,128063.0703125,12600.8681640625,13627.8076171875,4834.23876953125,13462.3466796875,4848.2861328125,1238.65478515625,18735.970703125,3614.86865234375,3697.40478515625,37917.2109375,16683.197265625,7190.09814453125,12355.908203125,63530.03515625,8444.08203125,9527.462890625,124.88581848144531,12382.9775390625,13049.3037109375,5771.095703125,13331.3251953125,12268.3603515625,3593.052734375
2020-12-08,11582.9521484375,49480.4609375,33236.50390625,12678.056640625,57140.640625,16542.55859375,23860.876953125,128397.6640625,12898.7451171875,13371.7294921875,4933.91455078125,13796.7080078125,4763.298828125,1241.639404296875,18734.970703125,3516.866455078125,3579.56982421875,37799.859375,16771.0,7029.3193359375,12638.830078125,62701.5625,8401.1474609375,9508.85546875,127.83587646484375,12440.779296875,12980.4072265625,5816.94580078125,13448.1796875,12111.802734375,3555.1259765625
2020-12-09,11667.64453125,49314.421875,31678.513671875,12883.861328125,57650.7421875,16417.8046875,23666.12109375,130235.3984375,13306.5810546875,13806.4677734375,5013.65380859375,13124.9892578125,4798.29345703125,1248.6038818359375,18639.2109375,3561.8642578125,3614.098876953125,38494.08984375,17116.2421875,7012.34228515625,12841.05859375,62822.74609375,8552.9169921875,9639.1005859375,125.8691635131836,12635.1025390625,13072.26953125,5847.84423828125,13863.6611328125,12016.072265625,3613.013671875
2020-12-10,11294.0,49081.95703125,32773.7890625,13062.6943359375,58775.56640625,16258.1171875,24234.40625,129637.1484375,13272.59375,14406.9677734375,4813.30712890625,13671.9443359375,4806.2919921875,1274.471435546875,18462.654296875,3391.007080078125,3443.32470703125,38498.4765625,17180.099609375,6749.70458984375,12389.779296875,62226.84765625,8885.41015625,9259.1376953125,127.83587646484375,12268.3759765625,13074.267578125,5658.46484375,13949.5517578125,12265.3681640625,3564.1083984375
2020-12-11,11579.962890625,47712.54296875,32301.10546875,12732.0048828125,57486.3515625,16406.828125,24144.517578125,140160.265625,13934.32421875,14391.0859375,4962.81982421875,13328.6015625,4762.298828125,1282.4306640625,18360.912109375,3342.456787109375,3377.42822265625,37930.3671875,17750.841796875,6054.66162109375,12378.8212890625,63526.43359375,9042.1689453125,9205.275390625,127.83587646484375,12308.23828125,12732.7822265625,5850.83447265625,14061.4130859375,12165.6484375,3576.085205078125
2020-12-14,11680.59765625,47493.7421875,32404.04296875,13170.591796875,57671.66796875,16403.833984375,25336.015625,144887.453125,14486.1005859375,14421.8544921875,5012.6572265625,13292.66796875,4762.298828125,1291.3846435546875,18627.244140625,3373.267578125,3405.27197265625,39098.38671875,17809.70703125,6594.9169921875,12579.0576171875,61818.109375,9098.0810546875,9265.0126953125,127.83587646484375,12572.3203125,12831.630859375,5800.99853515625,13458.1669921875,12286.30859375,3581.076171875
2020-12-15,11883.859375,47393.140625,32829.7578125,12557.1689453125,55525.1484375,16688.271484375,24975.466796875,148218.375,14899.9306640625,14317.634765625,5068.4755859375,13563.15234375,4772.29736328125,1284.42041015625,18823.75,3391.007080078125,3446.109130859375,39687.328125,17618.208984375,6619.8828125,12867.9580078125,61151.60546875,9185.947265625,9352.1708984375,133.7359619140625,13014.7841796875,13120.1953125,5788.041015625,13406.232421875,12094.8486328125,3636.9677734375
2020-12-17,11934.673828125,48932.49609375,34519.67578125,12303.408203125,55394.63671875,16300.037109375,24518.044921875,144822.53125,15069.8623046875,14422.8466796875,5113.32861328125,14236.869140625,4866.28369140625,1312.277587890625,19695.5625,3564.66552734375,3644.7265625,39461.40625,16893.724609375,6135.5498046875,12872.9375,63131.5,9136.025390625,9503.958984375,138.6527557373047,13037.7041015625,13359.8349609375,5729.23291015625,14083.3857421875,12255.39453125,3607.025390625
2020-12-18,12156.8681640625,46593.17578125,34257.84375,12829.9130859375,54730.1015625,16370.896484375,24680.83984375,147818.84375,15461.7021484375,14082.3994140625,5315.67041015625,14216.9072265625,4828.28857421875,1355.05859375,20395.80078125,3541.323974609375,3665.145751953125,38603.75390625,17158.17578125,6299.32470703125,13266.4365234375,60166.16796875,9430.5751953125,9666.51953125,140.61944580078125,13274.87890625,13687.341796875,5840.8671875,13782.7607421875,12701.13671875,3732.782470703125
2020-12-21,11857.9541015625,46102.84375,34372.7734375,12421.296875,53028.41015625,15720.173828125,24458.125,140299.078125,14864.9453125,13856.09765625,4990.72998046875,14245.8515625,4601.32275390625,1289.394775390625,19051.17578125,3238.822265625,3325.45361328125,36184.375,16667.201171875,6135.5498046875,12277.208984375,61476.9609375,9185.947265625,9277.7451171875,132.75262451171875,12632.11328125,13030.3330078125,5667.435546875,13096.6201171875,12482.75390625,3657.927490234375
2020-12-22,12023.353515625,45960.234375,33758.1640625,12575.15234375,52948.69921875,15818.9814453125,24789.703125,141826.203125,15314.7626953125,13842.2001953125,5058.5078125,13703.884765625,4554.330078125,1290.389892578125,19069.134765625,3256.5615234375,3336.591064453125,36485.98046875,16933.640625,6249.3935546875,12452.5419921875,60790.46484375,9163.982421875,9129.87109375,137.66940307617188,12632.11328125,13302.921875,5706.30810546875,12560.2900390625,12411.953125,3840.573974609375
2020-12-23,12069.185546875,46871.5546875,33468.34765625,12462.2587890625,53043.34765625,15765.0849609375,25292.06640625,142567.28125,15279.7763671875,13841.208984375,5141.23828125,13699.8916015625,4643.31689453125,1290.389892578125,19211.775390625,3377.002197265625,3442.396728515625,37002.52734375,17094.306640625,6275.35791015625,13134.939453125,60935.24609375,9165.9794921875,9303.205078125,134.71932983398438,12797.5390625,13373.814453125,5773.08935546875,12626.2080078125,12430.8994140625,3784.682373046875
2020-12-29,12015.3818359375,47944.03125,33664.23046875,12361.353515625,55579.9453125,15594.421875,25498.806640625,142239.6875,15573.65625,13990.091796875,5108.345703125,13691.908203125,4674.31201171875,1260.542724609375,19600.798828125,3502.11083984375,3601.105224609375,37942.44140625,17079.33984375,6191.4736328125,13051.2578125,58590.8125,9274.8134765625,9372.736328125,135.70269775390625,12729.7744140625,13430.728515625,5830.900390625,13200.490234375,12315.2275390625,3868.52001953125
2020-12-30,12012.392578125,47635.375,34412.7421875,12388.328125,54798.84375,15739.1357421875,25937.25390625,144260.21875,15731.5927734375,13818.37890625,5170.14404296875,13824.6552734375,4699.30859375,1250.59375,19939.94921875,3482.50439453125,3564.907958984375,38271.46484375,17159.171875,6103.5947265625,13071.1806640625,60093.375,9195.9326171875,9388.4052734375,132.75262451171875,12800.5283203125,13541.560546875,5845.85107421875,13252.4248046875,12287.306640625,3903.45263671875
2021-01-04,11786.21484375,50179.8203125,36807.19921875,12508.216796875,54896.48046875,15495.6142578125,25336.015625,142455.4375,15408.72265625,14783.146484375,4933.91455078125,14961.490234375,4963.26904296875,1212.787353515625,21574.841796875,3389.1396484375,3457.24658203125,38533.57421875,16654.224609375,6103.5947265625,12682.6630859375,60729.47265625,9178.958984375,9312.99609375,131.76927185058594,12390.951171875,13073.267578125,5742.1904296875,13278.3916015625,12290.2978515625,3899.460205078125
2021-01-05,11489.2919921875,51139.0,37785.55859375,12617.11328125,56689.8359375,15051.4853515625,25595.685546875,138295.546875,15132.8369140625,14437.736328125,4795.3662109375,15441.576171875,5104.248046875,1193.88427734375,20237.19921875,3371.400146484375,3479.521484375,38805.55859375,16423.703125,6254.38720703125,12288.166015625,62323.625,9119.0498046875,9318.875,128.81922912597656,12177.6923828125,12733.78125,5681.3896484375,13183.51171875,12264.3720703125,3829.595458984375
2021-01-06,11636.7568359375,54668.984375,36921.12890625,13158.603515625,57620.38671875,15383.833984375,25510.791015625,136263.015625,14597.0546875,14631.2841796875,4862.14892578125,15021.3740234375,5611.1728515625,1179.955322265625,20384.828125,3452.627685546875,3549.13037109375,40665.609375,16122.3369140625,6514.02880859375,12318.052734375,62010.26953125,9000.2314453125,9401.1357421875,132.75262451171875,12357.0693359375,12980.4072265625,5641.5205078125,14364.0341796875,12236.44921875,3793.66455078125
2021-01-07,11832.048828125,57187.05859375,36537.3671875,13646.14453125,58188.26953125,15421.7578125,25363.98046875,141350.78125,14893.93359375,15383.6416015625,5021.6279296875,14840.7177734375,5776.14892578125,1187.914794921875,20348.919921875,3630.020263671875,3732.8984375,42803.13671875,15993.603515625,6873.53369140625,12711.5537109375,60265.546875,9173.9658203125,9616.576171875,134.71932983398438,12667.98828125,13300.9228515625,5733.22021484375,16079.8896484375,12565.51953125,3811.630126953125
2021-01-08,12153.87890625,56863.7578125,35436.078125,13846.955078125,57915.28125,15705.2021484375,26207.9140625,144036.515625,15159.8251953125,15643.6923828125,5214.0009765625,14412.533203125,5691.162109375,1198.85888671875,20592.30859375,3711.248046875,3831.27880859375,42567.3359375,16626.28125,6785.65478515625,12955.623046875,61395.76953125,9211.908203125,9834.95703125,131.76927185058594,13072.583984375,13813.1513671875,5931.5703125,16812.970703125,13150.8662109375,4008.25
2021-01-12,11777.24609375,55385.92578125,35656.94140625,13781.015625,56637.02734375,15434.7333984375,26316.775390625,141703.34375,14736.9970703125,15027.3134765625,5111.3359375,14324.7021484375,5697.16064453125,1180.9503173828125,20503.533203125,3796.2099609375,3902.744384765625,42453.2890625,16193.1875,6673.80908203125,12549.171875,63878.1796875,9477.5029296875,9688.0634765625,132.75262451171875,12954.9912109375,13249.0029296875,5880.73583984375,16813.970703125,12916.5302734375,4014.238525390625
2021-01-13,11757.3193359375,55574.4453125,36026.69921875,14418.416015625,57096.32421875,15600.4072265625,26336.751953125,137407.59375,14594.0556640625,15296.2978515625,4973.78466796875,14335.6806640625,5804.14599609375,1189.9044189453125,21325.466796875,3776.60302734375,3892.534423828125,42281.09375,16125.328125,6677.8037109375,12412.693359375,63965.56640625,9421.5888671875,9775.2216796875,133.7359619140625,12919.1171875,13426.734375,5778.07373046875,17012.720703125,12895.587890625,4086.09912109375
2021-01-14,11608.8583984375,56163.42578125,34689.56640625,14443.392578125,56910.015625,15836.9443359375,26700.291015625,138829.875,14047.2783203125,15180.16796875,4917.96630859375,13823.658203125,5849.138671875,1200.848388671875,21121.98046875,3777.536865234375,3877.684814453125,41753.5703125,16172.23046875,6491.06103515625,12352.9189453125,66642.9453125,9457.533203125,9890.775390625,132.75262451171875,12755.68359375,13275.9599609375,5736.2099609375,17078.640625,12552.556640625,3939.383544921875
2021-01-15,11657.681640625,54255.828125,34875.4453125,14435.400390625,57088.3515625,15713.185546875,27574.19140625,140312.078125,14070.26953125,15235.751953125,4923.9462890625,13973.373046875,5823.14208984375,1163.042236328125,21455.142578125,3753.262451171875,3841.488037109375,41107.59765625,16244.0810546875,6448.11962890625,12442.578125,67287.84375,9165.9794921875,9909.3828125,133.7359619140625,12772.6259765625,13475.6591796875,5768.10595703125,16968.77734375,12364.087890625,3867.521728515625
2021-01-19,11906.775390625,52275.93359375,33588.27734375,14545.2978515625,55493.26171875,16424.794921875,27595.1640625,142645.21875,14207.212890625,15401.5078125,4991.7255859375,13349.560546875,5596.17626953125,1144.138916015625,22130.451171875,3728.053466796875,3805.29150390625,40309.171875,17647.150390625,6340.26806640625,12850.0244140625,68989.1796875,9116.0546875,10135.59765625,139.6361083984375,12934.064453125,14072.7587890625,5732.22314453125,17179.51171875,12305.2548828125,4062.14599609375
2021-01-20,11856.95703125,53063.19921875,34204.87109375,14628.2177734375,55484.30859375,16273.08984375,26543.81640625,142227.703125,13691.423828125,15483.890625,4940.8916015625,13719.8544921875,5689.162109375,1188.90966796875,21108.013671875,3742.99169921875,3805.29150390625,40359.625,16526.48828125,6528.00927734375,12735.4619140625,69989.0234375,9185.947265625,9959.3271484375,137.66940307617188,12813.4833984375,13712.302734375,5818.939453125,16948.802734375,12226.4765625,3994.277099609375
2021-01-21,11788.20703125,53417.765625,34056.96875,14501.337890625,55980.46484375,16099.4287109375,26819.513671875,137795.15625,13312.576171875,16471.48828125,4918.962890625,14415.529296875,5679.16357421875,1202.8382568359375,21953.890625,3640.29052734375,3712.47998046875,40823.53515625,16638.2578125,6543.9873046875,12609.9375,69989.0234375,9181.9541015625,10094.4677734375,137.66940307617188,12843.380859375,13763.228515625,5796.01416015625,16473.396484375,12376.056640625,3982.299560546875
2021-01-22,11450.431640625,52664.6796875,34071.96484375,14494.34375,56216.578125,15648.314453125,26407.96875,134543.125,12942.7294921875,16409.947265625,4801.34765625,14253.8369140625,5588.177734375,1195.8740234375,21635.69140625,3569.33349609375,3619.667724609375,41291.84765625,16883.744140625,6424.15234375,12212.4541015625,71268.828125,9044.1650390625,9817.3310546875,139.6361083984375,12427.82421875,13642.41015625,5791.03076171875,16129.826171875,12367.0791015625,4024.218994140625
2021-01-27,11637.75390625,47720.3515625,35422.0859375,14236.5869140625,57975.06640625,16156.318359375,26117.287109375,139828.65625,13081.669921875,15292.326171875,4774.43408203125,14321.7080078125,4948.271484375,1218.7568359375,20285.080078125,3599.209716796875,3684.6357421875,39476.765625,17415.6328125,6463.09912109375,12412.693359375,70688.9140625,9440.5576171875,9845.73046875,137.66940307617188,12630.119140625,14493.123046875,5848.84130859375,14912.3486328125,12756.9794921875,4545.2109375
2021-01-28,11606.8642578125,49539.06640625,35538.015625,14473.3642578125,56839.27734375,16065.4970703125,25740.69921875,139828.65625,13045.685546875,15147.4140625,4836.2333984375,14787.8203125,5180.2373046875,1214.777099609375,20881.583984375,3596.40966796875,3687.420166015625,40001.0,17488.484375,6317.30029296875,12332.99609375,70228.9921875,9285.7958984375,9892.7353515625,140.61944580078125,12804.513671875,14019.83984375,5912.63330078125,15129.0771484375,12492.724609375,4520.2607421875
2021-01-29,11383.673828125,48886.59765625,36141.62109375,14294.5341796875,54907.4375,15655.3017578125,24822.708984375,138536.25,12856.7626953125,14987.61328125,4762.4736328125,14856.6884765625,5161.2392578125,1205.822998046875,20666.125,3589.87353515625,3685.563720703125,39217.92578125,17250.9765625,6251.390625,12192.5302734375,69549.0859375,9136.025390625,9841.8125,141.60279846191406,12546.412109375,13990.8837890625,5747.17431640625,16478.388671875,12342.150390625,4484.32958984375
2021-02-01,11239.1982421875,50400.56640625,35311.16015625,13861.939453125,54153.23046875,15540.5263671875,24822.708984375,139649.84375,12754.8046875,15078.927734375,4694.693359375,14296.755859375,5194.2353515625,1204.8282470703125,21166.869140625,3595.4755859375,3679.995361328125,39476.765625,17426.609375,6144.53857421875,11969.3798828125,70638.921875,9105.0712890625,9719.40234375,143.5695037841797,12432.8056640625,13724.2841796875,5686.3740234375,16374.51953125,12400.9853515625,4373.54345703125
2021-02-02,11607.8603515625,48408.95703125,34489.69140625,14125.6923828125,55526.140625,16029.56640625,24273.3125,139574.96875,12559.884765625,14784.13671875,4844.20654296875,13892.525390625,5019.2607421875,1220.7467041015625,20327.97265625,3613.215087890625,3712.47998046875,39846.359375,17604.240234375,6188.47802734375,12588.0244140625,71288.828125,9103.07421875,9792.849609375,141.60279846191406,12830.423828125,13769.2177734375,5753.1552734375,16796.990234375,12526.62890625,4424.4453125
2021-02-03,11757.3193359375,48500.77734375,34803.4921875,13956.8515625,55021.015625,15940.7412109375,23890.734375,134918.6875,12592.87109375,15114.66015625,4889.060546875,13763.7724609375,5049.25732421875,1238.65478515625,20450.6640625,3623.48486328125,3720.832275390625,40056.9296875,17322.828125,6321.29443359375,12441.5810546875,71828.734375,9189.943359375,9993.6025390625,139.6361083984375,12906.16015625,13449.69921875,5722.25634765625,18776.515625,12783.9033203125,4403.4853515625
2021-02-04,12009.40234375,48551.578125,33382.40234375,13797.001953125,54796.84375,16405.828125,24562.0,134570.09375,13404.5390625,15511.6806640625,5048.54052734375,13492.2890625,5083.2509765625,1291.3846435546875,21553.89453125,3711.248046875,3790.44189453125,40086.53515625,18233.923828125,6605.90234375,12996.466796875,71925.3359375,9245.857421875,10258.9873046875,139.6361083984375,13403.4345703125,13834.119140625,5990.3779296875,19648.421875,13127.931640625,4591.123046875
2021-02-05,12753.701171875,49341.765625,33228.51171875,14228.5947265625,54248.88671875,17267.142578125,24708.833984375,138646.09375,13907.3359375,15384.6328125,5188.0859375,13578.1259765625,5228.22998046875,1318.2470703125,21420.232421875,3813.015625,3864.691162109375,39349.5390625,18469.43359375,6978.3896484375,13837.26171875,71355.8125,9306.7646484375,10479.3271484375,139.6361083984375,13836.92578125,13730.2763671875,6169.7900390625,19501.607421875,12934.4775390625,4571.162109375
2021-02-08,12615.205078125,51657.65234375,34315.8046875,14149.669921875,54982.1640625,17073.51953125,24887.634765625,139219.40625,13885.34375,15997.0439453125,5082.42919921875,14131.0712890625,5454.1962890625,1338.145263671875,21705.515625,3698.1767578125,3774.663818359375,40586.64453125,18514.33984375,6856.55712890625,12609.9375,71788.734375,9260.833984375,10184.5615234375,139.6361083984375,13609.71484375,14149.642578125,6112.97607421875,19975.017578125,12863.6767578125,4574.15576171875
2021-02-09,12585.3134765625,51193.6875,34357.78125,14286.5400390625,55716.44140625,17247.1796875,25450.021484375,139604.9375,14552.0732421875,16347.4140625,5033.58935546875,13913.4853515625,5412.20263671875,1384.9056396484375,21695.537109375,3659.8974609375,3756.10107421875,39870.484375,19218.869140625,7122.19091796875,12754.390625,71828.3359375,9274.8134765625,10267.8017578125,140.61944580078125,13498.10546875,14752.734375,6213.64599609375,19812.22265625,12863.6767578125,4739.83544921875
2021-02-10,12642.1064453125,53884.65625,34927.41796875,14309.5185546875,55192.37109375,17128.41015625,25139.361328125,138829.875,14299.17578125,16739.478515625,5025.61572265625,14351.650390625,5629.17138671875,1400.823974609375,22861.611328125,3667.366455078125,3777.447998046875,40181.94921875,18846.642578125,7222.05322265625,12970.56640625,73234.71875,9185.947265625,10294.2421875,143.5695037841797,13552.9150390625,14527.0732421875,6164.806640625,20149.798828125,12858.6923828125,4680.94970703125
2021-02-12,13358.5068359375,52076.67578125,34631.59375,14446.390625,54497.9609375,17465.75390625,25503.9609375,140328.03125,14526.083984375,17163.30078125,5165.1611328125,13684.9208984375,5392.20556640625,1426.69140625,22463.61328125,3836.3564453125,3953.79052734375,40717.15625,18706.9375,7435.75927734375,13720.705078125,74208.359375,9105.0712890625,10659.515625,155.3697509765625,14078.08984375,14422.2314453125,6244.5458984375,19998.98828125,12935.4755859375,4683.94384765625
2021-02-17,12839.3916015625,56135.09765625,31424.67578125,14366.4658203125,53223.6796875,17359.958984375,25347.130859375,138376.453125,14008.2958984375,17567.271484375,5097.380859375,13025.1796875,5987.1181640625,1368.9869384765625,22923.45703125,3747.659912109375,3871.187744140625,41280.8828125,17996.419921875,7118.19775390625,13404.9111328125,76227.2421875,8986.2548828125,10313.830078125,157.33645629882812,13535.974609375,14422.2314453125,6136.8974609375,19975.017578125,12479.76171875,4498.30224609375
2021-02-18,12616.19921875,55502.15234375,30094.537109375,14463.373046875,52501.359375,17036.59375,24874.65234375,135962.390625,14050.27734375,17492.82421875,5091.40185546875,12555.0751953125,6009.11474609375,1366.9974365234375,23477.068359375,3729.9208984375,3840.56005859375,40032.80859375,17775.880859375,7090.2353515625,13309.2744140625,75603.140625,8818.5107421875,10282.494140625,153.40306091308594,13437.3173828125,14227.52734375,6095.03515625,19859.162109375,12464.8037109375,4496.3056640625
2021-02-19,12371.0908203125,57351.16015625,30620.1953125,14607.23828125,52684.671875,17434.814453125,24931.591796875,135441.046875,14250.1953125,17712.1796875,5077.44580078125,12531.1201171875,6159.09375,1363.017822265625,24064.59375,3707.51318359375,3828.494384765625,40792.8359375,17772.888671875,7260.001953125,13187.73828125,76685.171875,8836.484375,10341.248046875,150.45298767089844,13441.3017578125,14102.7138671875,6223.61376953125,20270.646484375,12576.48828125,4498.30224609375
2021-02-22,12292.3759765625,56880.36328125,30900.015625,14295.53125,52822.16015625,16986.689453125,24494.0703125,134975.578125,14585.05859375,17657.59375,5050.5341796875,12905.4072265625,6278.07568359375,1376.9462890625,24635.16015625,3760.731201171875,3860.978515625,40823.53515625,17762.912109375,7257.00537109375,13356.0947265625,74818.265625,9050.1552734375,10341.248046875,144.5528564453125,13477.1787109375,14109.7041015625,6201.68603515625,20113.84375,12571.5029296875,4640.0283203125
2021-02-24,12066.197265625,56762.17578125,29621.83984375,14076.7373046875,52731.50390625,17127.4140625,24485.080078125,132637.484375,14585.05859375,17525.578125,5050.5341796875,12311.5400390625,6166.0927734375,1379.9312744140625,23513.97265625,3778.47021484375,3888.822265625,40230.2109375,17631.1875,7137.17041015625,13475.6416015625,71295.421875,9041.171875,10341.248046875,146.5195770263672,13579.822265625,13973.9072265625,6179.7568359375,20073.892578125,12405.9697265625,4667.97412109375
2021-02-25,12345.1845703125,60910.45703125,30701.142578125,14330.4990234375,53247.59375,17066.529296875,24034.576171875,133007.015625,14094.2587890625,17467.021484375,5065.486328125,12669.8564453125,6418.05419921875,1365.007568359375,25197.748046875,3799.0107421875,3916.665771484375,41006.6953125,17383.701171875,7319.9189453125,13257.474609375,71226.4296875,9117.0537109375,10282.494140625,152.41969299316406,13561.884765625,13672.3623046875,6153.8427734375,20235.69140625,12337.1650390625,4703.904296875
2021-02-26,12090.1103515625,56734.8203125,30298.404296875,14231.5927734375,52091.87890625,16792.072265625,24449.119140625,133711.171875,14159.232421875,16982.65234375,5015.64697265625,12554.076171875,6153.09423828125,1360.0330810546875,24545.38671875,3700.04443359375,3833.13525390625,40062.40625,17405.65625,7259.00341796875,13013.4013671875,70348.5625,9263.8291015625,10146.3701171875,146.5195770263672,13253.953125,13286.9443359375,6058.15576171875,18819.4609375,12422.921875,4604.09716796875
2021-03-01,12301.34375,58954.0078125,29941.634765625,14599.24609375,52613.94140625,17278.12109375,24592.962890625,134949.640625,14882.9384765625,17142.451171875,5139.2451171875,12506.166015625,6210.0859375,1374.95654296875,25553.857421875,3846.626953125,3981.63427734375,40466.0078125,17440.58203125,7516.64892578125,13349.1220703125,72968.3515625,9330.7255859375,10249.1953125,145.53622436523438,13573.8408203125,13396.7783203125,6170.787109375,19475.640625,12489.732421875,4807.7041015625
2021-03-02,12604.2451171875,60080.203125,29780.736328125,14802.0546875,53094.16015625,17442.796875,25245.25,135475.96875,14562.0673828125,16891.3359375,5188.0859375,12661.87109375,6274.07568359375,1417.7374267578125,26984.263671875,3866.233642578125,4005.765380859375,41260.04296875,17608.232421875,7516.64892578125,13544.376953125,74268.953125,9546.396484375,10408.8193359375,147.5029296875,13713.357421875,13276.9599609375,6185.73779296875,19274.892578125,12564.5224609375,4948.43115234375
2021-03-03,12558.41015625,59508.81640625,29762.75,14866.9931640625,52868.99609375,17621.44140625,24605.9453125,134355.359375,14750.9921875,16922.1015625,5212.0078125,12615.9599609375,6265.07666015625,1417.7374267578125,26573.296875,3928.787841796875,4080.01513671875,41821.56640625,17539.373046875,7589.54736328125,13617.1005859375,75117.21875,9605.3056640625,10478.3486328125,150.45298767089844,13548.9287109375,13080.2568359375,6154.83935546875,19036.189453125,12486.7412109375,5030.2744140625
2021-03-04,12701.8896484375,59377.91796875,30341.37890625,15008.859375,54142.2734375,17874.947265625,25099.40234375,133836.0,14804.970703125,16774.21484375,5344.57470703125,13014.1982421875,6028.1123046875,1400.823974609375,26710.94921875,4010.014892578125,4163.54638671875,41119.6640625,17620.205078125,7564.58203125,13655.953125,72182.484375,9669.208984375,10437.2177734375,143.5695037841797,13677.4814453125,13571.513671875,6137.89404296875,19627.451171875,12564.5224609375,5059.2177734375
2021-03-05,12914.1171875,61131.203125,31612.556640625,14874.9853515625,55075.8125,17964.76953125,24872.658203125,133253.734375,14447.115234375,17482.900390625,5466.1787109375,13604.076171875,6161.09375,1406.793701171875,27191.7421875,4071.635986328125,4233.1552734375,41237.0078125,17333.802734375,7591.544921875,13773.505859375,71901.3359375,9681.1904296875,10424.4873046875,146.5195770263672,13877.78515625,13412.7548828125,6137.89404296875,22365.02734375,12504.69140625,5016.30029296875
2021-03-08,12843.376953125,61965.3515625,33528.3125,14790.06640625,55475.328125,18191.328125,25072.43359375,134037.734375,14332.162109375,17297.294921875,5437.2734375,14043.2392578125,6171.09130859375,1385.9005126953125,27810.19140625,4152.86328125,4354.73876953125,41358.75390625,17169.15234375,7639.47900390625,14044.47265625,70049.0078125,9685.1845703125,10372.5830078125,143.5695037841797,13901.701171875,13569.51953125,6180.75439453125,22626.69921875,12481.755859375,5008.31591796875
2021-03-09,13011.763671875,59643.60546875,34529.671875,14848.01171875,55625.78515625,18355.009765625,24791.7421875,137227.84375,13994.298828125,17427.31640625,5536.94775390625,15071.2802734375,5991.11767578125,1402.813720703125,28419.6640625,4149.12841796875,4338.9599609375,42287.68359375,17631.1875,7578.56298828125,14394.1396484375,71166.0390625,9805.0029296875,10527.3115234375,145.53622436523438,14020.2900390625,14085.7412109375,6137.89404296875,22938.310546875,12495.716796875,5063.20947265625
2021-03-10,13158.2333984375,59166.9453125,33664.1015625,14963.9013671875,54818.76953125,18246.22265625,24592.962890625,137807.15625,14394.13671875,17680.419921875,5565.8544921875,14018.263671875,6006.115234375,1400.823974609375,29065.041015625,4250.896484375,4415.994140625,41895.046875,17817.791015625,7426.77197265625,14346.3212890625,71188.828125,9784.0341796875,10709.4580078125,143.5695037841797,14265.4384765625,14003.8623046875,6214.64306640625,22917.3359375,12553.552734375,5060.21533203125
2021-03-11,13251.892578125,60019.6484375,34218.84765625,15085.787109375,54564.71484375,18054.595703125,24541.017578125,138444.328125,14167.2294921875,17923.599609375,5546.91552734375,14339.71875,6000.11669921875,1379.9312744140625,28385.748046875,4222.88671875,4394.6484375,42023.37109375,17635.173828125,8335.5205078125,14184.9375,72638.6015625,9789.025390625,10558.6494140625,140.61944580078125,14150.8349609375,13902.0166015625,6263.48291015625,22686.625,12510.6748046875,5050.234375
2021-03-12,13418.2890625,61457.4375,33634.109375,14980.88671875,55045.92578125,17805.083984375,24289.294921875,137831.125,14786.9765625,18160.81640625,5520.00390625,13839.564453125,6044.10986328125,1394.8548583984375,27530.892578125,4294.77734375,4514.37451171875,42056.26953125,18303.779296875,8676.0517578125,14482.8017578125,68987.78125,9794.0185546875,10611.5302734375,140.61944580078125,13886.7529296875,14326.376953125,6384.08837890625,22986.25,12506.6845703125,5193.95703125
2021-03-15,13251.892578125,60291.1875,34028.94140625,14739.115234375,55519.16796875,17880.9375,24054.5546875,135118.421875,14448.1142578125,17687.365234375,5467.17626953125,13988.3115234375,5909.1298828125,1392.864990234375,27605.703125,4255.56396484375,4447.55029296875,41742.59765625,19049.22265625,8874.7783203125,14181.947265625,67987.9453125,9812.9892578125,10546.900390625,136.68605041503906,13380.51171875,14502.1123046875,6311.32666015625,22748.548828125,13328.3662109375,5188.966796875
2021-03-16,12817.4697265625,59603.5546875,33813.03125,14794.0625,55040.9453125,17410.857421875,24181.416015625,134330.375,14116.25,17540.470703125,5367.5009765625,14229.9052734375,5864.13720703125,1378.93603515625,27820.169921875,4213.55078125,4408.56982421875,41375.19921875,18870.59765625,9108.4560546875,13749.595703125,68389.265625,9705.1533203125,10380.4189453125,136.68605041503906,12995.849609375,15141.146484375,6229.59375,22485.876953125,13564.6982421875,5006.3193359375
2021-03-17,12652.0703125,57414.390625,32591.576171875,14726.1259765625,56428.80078125,17331.015625,24173.423828125,132559.546875,13585.4658203125,17604.984375,5280.783203125,14050.2080078125,5849.138671875,1333.170654296875,26439.13671875,4225.6875,4401.14453125,41201.9140625,18613.134765625,8925.7080078125,13458.7041015625,67659.796875,9281.7724609375,10382.3798828125,131.76927185058594,12900.181640625,15734.2509765625,6093.04150390625,22526.826171875,13321.3857421875,5016.30029296875
2021-03-18,12649.0810546875,57986.875,32301.701171875,14922.9404296875,56581.2265625,17231.208984375,24168.42578125,133374.578125,13477.509765625,18253.125,5246.8935546875,14134.0654296875,5884.1337890625,1326.20654296875,26637.708984375,4203.28076171875,4381.65380859375,41673.5078125,18461.44921875,8706.009765625,13079.15234375,67912.1484375,9155.923828125,10280.533203125,137.66940307617188,12764.6533203125,15734.2509765625,6038.220703125,22502.85546875,13378.224609375,4947.4345703125
2021-03-19,12184.7666015625,56244.0,32385.666015625,14686.1630859375,56833.30078125,16742.169921875,23861.767578125,133678.21875,13661.435546875,17383.64453125,5171.1416015625,14413.5927734375,5807.1455078125,1317.252197265625,26063.9453125,3886.77392578125,4049.38720703125,41276.48828125,18717.916015625,8751.947265625,12691.62890625,69060.375,9076.0205078125,10233.5263671875,163.236572265625,12570.328125,15707.291015625,6031.24365234375,21637.9375,13172.8056640625,4870.5830078125
2021-03-23,12056.2333984375,54213.89453125,30862.33984375,14100.716796875,58470.234375,16252.1298828125,23957.66015625,134498.171875,13554.4794921875,16802.00390625,5021.6279296875,13851.5458984375,5559.18115234375,1288.4000244140625,25507.13671875,3839.15771484375,3989.98779296875,41121.859375,18168.060546875,8538.2421875,12500.359375,69945.0390625,9058.0419921875,10072.923828125,162.2532196044922,12166.73046875,15600.4521484375,5866.78271484375,20834.943359375,12809.8310546875,4795.7275390625
2021-03-24,12176.796875,55472.21875,29759.826171875,13946.8603515625,56775.3671875,15925.611328125,23481.181640625,135616.84375,13445.5224609375,16879.42578125,5008.669921875,13438.2451171875,5635.1708984375,1299.3438720703125,25847.40625,3888.640869140625,4027.1123046875,41708.60546875,18448.4765625,8496.298828125,12624.880859375,69417.7265625,9036.0703125,9968.140625,163.236572265625,12230.509765625,15282.9326171875,5864.78955078125,21188.498046875,12823.7900390625,4778.7607421875
2021-03-25,11965.5615234375,54227.578125,29486.94921875,13612.17578125,56870.0234375,15947.57421875,23956.66015625,134082.6875,13409.537109375,16932.029296875,4999.7001953125,13577.0087890625,5486.19189453125,1275.46630859375,26506.98828125,3843.826171875,4018.7587890625,41566.0234375,18441.490234375,8498.2958984375,12787.2626953125,68867.0,8935.193359375,9795.78515625,162.2532196044922,12168.724609375,15305.8984375,5760.1318359375,20725.076171875,12796.8671875,4740.83349609375
2021-03-26,12243.552734375,57682.0703125,30352.56640625,13862.939453125,57597.46484375,16106.2890625,24589.966796875,138592.15625,13694.421875,17378.6796875,5068.4755859375,13675.841796875,5850.138671875,1298.34912109375,27473.912109375,3996.01025390625,4151.48095703125,43179.3125,19384.525390625,8690.033203125,13198.6953125,70528.9453125,9107.9814453125,9935.8232421875,166.18663024902344,12534.451171875,16148.626953125,5940.54150390625,21837.6875,13016.248046875,4890.54296875
2021-03-29,12798.5390625,56703.16796875,32039.818359375,14153.666015625,57769.86328125,16842.974609375,24669.875,141896.109375,13744.4013671875,17419.380859375,5279.7861328125,14057.1962890625,5853.1376953125,1317.252197265625,26922.09765625,4012.816162109375,4157.9765625,43065.2578125,19769.71875,8817.8564453125,13881.095703125,70918.671875,9213.8544921875,10430.3623046875,166.18663024902344,12745.716796875,15888.01953125,5999.3486328125,21696.86328125,13076.0771484375,4975.37939453125
2021-03-30,13146.275390625,57063.6640625,32108.7890625,14412.421875,56717.56640625,17151.4296875,24540.017578125,144323.140625,13674.4306640625,17568.259765625,5234.02734375,13756.705078125,5858.1376953125,1343.1195068359375,26840.271484375,4046.427001953125,4201.5986328125,43038.9375,19384.525390625,8804.8740234375,14254.669921875,70798.90625,9414.611328125,10509.6826171875,164.21990966796875,12851.3505859375,16175.5849609375,6027.2568359375,21691.87109375,13011.2607421875,4990.35107421875
2021-03-31,12563.392578125,56736.390625,32169.759765625,14422.412109375,55962.21875,17008.681640625,24013.599609375,141810.203125,13252.6015625,17256.599609375,5146.2939453125,13727.755859375,5807.1455078125,1313.2724609375,27314.255859375,4039.89208984375,4194.17333984375,41600.0234375,19320.654296875,8673.0556640625,13946.8447265625,70623.125,9310.736328125,10184.5615234375,174.05345153808594,12499.5751953125,15688.3212890625,5933.56396484375,21143.556640625,12590.4482421875,4935.45654296875
2021-04-01,12372.0859375,56998.2109375,33367.23046875,15198.6806640625,54791.3359375,17139.451171875,23576.080078125,138829.875,13256.6015625,17416.3984375,5094.453125,14748.025390625,5762.15234375,1308.298095703125,27662.5078125,4080.038330078125,4212.73583984375,42024.46875,19756.74609375,8536.244140625,14069.376953125,74368.3515625,9402.6259765625,10184.5615234375,175.03680419921875,12378.9931640625,15595.458984375,5833.89111328125,22215.21484375,12514.6630859375,4910.50537109375
2021-04-06,12518.5546875,58607.2421875,33491.16796875,14918.943359375,55630.390625,17466.8671875,24219.375,137564.453125,13604.4580078125,17535.5078125,5103.4248046875,14954.67578125,5911.12939453125,1346.1043701171875,28363.998046875,4112.71630859375,4259.142578125,42338.125,20189.83984375,8867.7861328125,13987.6884765625,73379.09375,9467.5478515625,10281.513671875,177.00350952148438,12414.8662109375,15726.2626953125,5949.51171875,21954.541015625,12670.224609375,4917.4912109375
2021-04-07,12455.7822265625,58481.21875,31975.84765625,14956.9091796875,55208.8671875,17576.669921875,24405.171875,138161.6875,13678.427734375,17642.705078125,5048.591796875,14507.43359375,5864.13720703125,1348.0941162109375,28517.6640625,4168.7353515625,4312.04541015625,41559.671875,20001.236328125,8673.0556640625,14110.220703125,69689.078125,9478.5341796875,10380.4189453125,166.18663024902344,12360.05859375,15256.826171875,5615.43701171875,21842.681640625,12599.4248046875,4964.4013671875
2021-04-08,12165.8349609375,59496.26953125,32250.724609375,14794.0625,56303.03125,17281.197265625,23729.91015625,136101.203125,13544.482421875,17579.1796875,4956.87255859375,14625.2353515625,5810.14501953125,1348.0941162109375,28943.748046875,4070.701904296875,4207.1669921875,41409.39453125,19730.798828125,8851.810546875,13694.8046875,70056.2109375,9378.6552734375,10302.0751953125,166.18663024902344,12142.8134765625,15077.076171875,5566.5732421875,21723.830078125,12557.5419921875,4842.63623046875
2021-04-09,12325.2548828125,60240.70703125,32301.701171875,14931.93359375,55738.015625,17384.015625,23774.86328125,136514.71875,13555.478515625,17290.345703125,5013.69873046875,14408.6015625,5822.14208984375,1341.1300048828125,28201.34375,4136.99169921875,4297.19580078125,42113.62109375,19546.185546875,8784.9013671875,13722.69921875,69709.0625,9410.6162109375,10480.3056640625,178.97021484375,12287.3115234375,15044.119140625,5644.35693359375,21373.267578125,12603.412109375,4922.482421875
2021-04-12,12359.134765625,59215.88671875,31024.26953125,14785.0712890625,55807.76953125,17309.146484375,23874.751953125,138872.8125,13637.4462890625,17469.998046875,5013.69873046875,13836.5712890625,5712.15966796875,1341.1300048828125,27440.98046875,4159.39892578125,4320.3974609375,41680.34375,19370.552734375,8931.7001953125,13846.2265625,68256.3046875,9357.6806640625,10404.900390625,186.8370361328125,12242.46875,15273.80078125,5611.44873046875,21083.630859375,12684.1865234375,4935.45654296875
2021-04-13,12424.896484375,59406.390625,31184.19921875,14700.150390625,55536.72265625,17276.203125,23814.81640625,138330.5,13519.4921875,17738.982421875,5051.58251953125,13629.9208984375,5742.1533203125,1303.3233642578125,27735.349609375,4216.3505859375,4369.5888671875,41396.234375,19438.412109375,9347.126953125,13969.7578125,70077.40625,9203.8671875,10471.490234375,191.75381469726562,12164.736328125,15002.1796875,5623.41552734375,22485.876953125,12727.0634765625,5048.2392578125
2021-04-14,12255.5107421875,60940.203125,30512.49609375,14586.2587890625,54854.1171875,17586.650390625,23974.640625,137088.03125,13624.451171875,18214.4140625,5095.44873046875,13509.1259765625,5997.1171875,1350.68701171875,27306.271484375,4238.75927734375,4410.4248046875,40980.4921875,19325.64453125,9281.21875,14356.28515625,70911.875,9388.6435546875,10631.1162109375,192.73716735839844,11945.8544921875,14908.30859375,5640.36767578125,23413.712890625,12707.119140625,5126.087890625
2021-04-15,12709.861328125,59952.5078125,31142.212890625,14851.0087890625,54988.6484375,17531.75,24525.041015625,139828.65625,13525.4921875,17869.998046875,5214.08740234375,13686.82421875,5944.125,1343.7197265625,27416.033203125,4316.2509765625,4478.17822265625,41576.12890625,19513.25390625,9242.271484375,14669.091796875,70848.8828125,9415.6103515625,10875.9375,192.73716735839844,12240.8896484375,15008.1708984375,5637.376953125,23185.001953125,12689.169921875,5138.06591796875
2021-04-16,12736.7626953125,61817.50390625,32009.8359375,14765.08984375,56921.84765625,17678.490234375,24663.884765625,139950.5,14056.2744140625,17895.802734375,5230.03857421875,14279.8203125,5967.1220703125,1345.71044921875,28535.626953125,4433.890625,4604.40234375,42925.3671875,19706.8515625,9265.240234375,14773.6943359375,70988.8671875,9548.451171875,10911.1904296875,190.7704620361328,12267.80078125,14814.439453125,5683.2490234375,23321.830078125,12695.1552734375,5297.75732421875
2021-04-19,12553.4287109375,61675.84375,31307.140625,14950.9140625,57631.36328125,17361.0546875,24473.091796875,140319.046875,13949.3173828125,17636.74609375,5251.9716796875,13935.4013671875,6023.1142578125,1342.7242431640625,28339.048828125,4433.890625,4603.474609375,42871.609375,19430.42578125,9284.2138671875,14878.2939453125,69537.2890625,9455.5615234375,11022.830078125,190.7704620361328,12187.0634765625,14754.5234375,5624.41259765625,23419.708984375,12788.8876953125,5191.96044921875
2021-04-20,12024.3486328125,60086.3515625,31472.068359375,14611.2333984375,53212.890625,16943.798828125,24473.091796875,139811.6875,13752.3984375,17706.2265625,5124.361328125,14025.2509765625,5839.1396484375,1323.812744140625,27945.89453125,4460.03271484375,4617.396484375,42541.43359375,18895.54296875,9138.4150390625,14565.4873046875,68268.703125,9366.6689453125,10825.994140625,188.80374145507812,11849.1708984375,14505.8671875,5518.70556640625,22477.884765625,12627.345703125,5189.96533203125
2021-04-22,12305.3291015625,59412.25,31665.984375,14739.115234375,54079.83984375,17052.603515625,23763.873046875,137382.671875,13361.556640625,17406.4765625,5034.634765625,14434.556640625,5791.20703125,1378.556884765625,28438.833984375,4502.98046875,4688.86181640625,42755.3359375,18779.787109375,9109.4541015625,14544.56640625,67944.1484375,9499.5078125,10774.3896484375,188.80374145507812,11762.455078125,14731.5546875,5484.79931640625,23404.7265625,12539.5927734375,5116.107421875
2021-04-23,12305.3291015625,60428.27734375,30872.330078125,14757.0986328125,53696.19140625,16814.029296875,23950.666015625,139734.765625,13069.6767578125,17274.462890625,5034.634765625,14163.0166015625,5883.19482421875,1411.4034423828125,28494.71484375,4593.54443359375,4808.58837890625,43201.78515625,18594.173828125,9166.376953125,14498.740234375,68432.6640625,9822.1201171875,10760.6796875,185.8536834716797,11648.8291015625,14571.7763671875,5480.810546875,23900.109375,12461.8125,5115.1103515625
2021-04-26,12338.2080078125,61802.85546875,30552.4765625,16248.6923828125,53322.49609375,17114.4921875,25374.103515625,144555.859375,13159.6396484375,17543.447265625,5043.607421875,14158.025390625,6059.17041015625,1417.3753662109375,28099.564453125,4643.0283203125,4863.34765625,43366.33203125,18838.66015625,9084.48828125,14509.7001953125,67257.84375,9756.1982421875,10781.2431640625,187.8203887939453,11780.396484375,14842.400390625,5500.7548828125,23876.13671875,12649.283203125,5102.13525390625
2021-04-28,12539.4794921875,62132.078125,29730.83984375,16384.5625,53101.28515625,17188.365234375,24888.634765625,148856.578125,13149.6435546875,15603.876953125,5140.3125,13464.201171875,6082.1669921875,1481.0777587890625,28024.724609375,4915.65283203125,5151.06494140625,43087.71484375,18810.72265625,9221.3017578125,14873.314453125,67419.421875,9982.923828125,11005.5068359375,186.8370361328125,11942.865234375,14779.48828125,5561.5859375,25099.60546875,12561.5322265625,5053.2294921875
2021-04-30,12200.708984375,60415.578125,30006.720703125,16134.7998046875,53521.79296875,16719.201171875,24193.3984375,148458.109375,13194.625,15151.806640625,5088.470703125,13696.8076171875,5954.18505859375,1445.2451171875,27094.7265625,5162.13525390625,5410.01171875,43291.73046875,18148.103515625,9149.3984375,14729.859375,66197.8203125,9758.1962890625,10770.47265625,187.8203887939453,11762.455078125,14438.9599609375,5586.517578125,24369.51953125,12537.5986328125,4906.51318359375
2021-05-06,12252.5205078125,62951.7421875,31755.943359375,15989.935546875,54995.62109375,17245.2578125,24556.00390625,154031.75,14129.244140625,15852.265625,5228.0439453125,14312.765625,6116.162109375,1392.49169921875,26339.34765625,5152.7998046875,5289.35498046875,42335.2109375,19250.80078125,9753.5673828125,14903.19921875,65757.6953125,9579.412109375,10840.982421875,119.47085571289062,12001.6708984375,14821.4296875,5774.99462890625,24017.958984375,12615.3779296875,5006.3193359375
2021-05-07,12255.5107421875,65064.88671875,32419.6484375,16386.5625,55740.00390625,17307.146484375,24680.8671875,155222.421875,14436.1201171875,16214.9150390625,5308.79833984375,14651.1904296875,6357.12841796875,1427.328857421875,26928.080078125,5292.84619140625,5475.9072265625,42180.5390625,19332.630859375,9633.732421875,14736.8330078125,66742.5390625,9704.26171875,10802.791015625,122.43294525146484,12084.4013671875,14893.330078125,5873.7216796875,24038.935546875,12579.4814453125,5047.2412109375
2021-05-10,12443.826171875,65846.4453125,31914.873046875,16217.7216796875,55550.66796875,17225.294921875,25025.486328125,156063.46875,14333.162109375,16330.1689453125,5352.6640625,15021.5634765625,6542.1044921875,1463.161376953125,26690.595703125,5189.2119140625,5332.04833984375,42370.3125,19409.47265625,9556.837890625,14953.0087890625,64662.2578125,9691.2763671875,10679.3955078125,127.36975860595703,12103.33984375,14782.4833984375,5870.72998046875,24019.95703125,12557.5419921875,5040.2548828125
2021-05-11,12371.0908203125,64966.21875,31278.15625,16273.66796875,54456.51953125,17284.19140625,25413.060546875,156125.390625,14250.1953125,15924.7958984375,5369.61279296875,14673.154296875,6461.115234375,1444.2498779296875,26076.9140625,5044.49609375,5170.556640625,40761.10546875,19528.22265625,9516.8935546875,14792.62109375,63481.84375,9521.482421875,10527.6025390625,126.38239288330078,12020.611328125,14737.546875,5864.7470703125,23670.39453125,12506.6845703125,4978.37451171875
2021-05-12,12337.2138671875,66207.9140625,32422.6484375,16225.712890625,55704.12890625,17238.271484375,25934.48828125,156122.390625,14387.1396484375,16147.353515625,5368.61572265625,15143.3583984375,6665.08642578125,1428.32421875,25843.41796875,5058.5009765625,5193.7587890625,41402.8046875,19090.13671875,9789.517578125,14686.02734375,62467.8046875,9488.521484375,10380.7060546875,124.40767669677734,12010.642578125,14652.6640625,5903.638671875,23921.080078125,12473.7763671875,4990.35107421875
2021-05-13,12205.69140625,63463.66796875,32075.80078125,16214.7236328125,55570.59375,17362.052734375,25671.7734375,155489.109375,14103.25390625,15738.0078125,5267.9228515625,15011.580078125,6498.10986328125,1415.384765625,25503.1484375,4974.47265625,5121.36572265625,41537.734375,18879.580078125,9591.7900390625,14532.611328125,60401.52734375,9451.56640625,10310.1943359375,127.36975860595703,11955.822265625,14553.80078125,5829.84326171875,23664.40234375,12372.06640625,4914.49853515625
2021-05-14,12424.896484375,63201.84375,33185.3125,16431.521484375,56160.5234375,17468.861328125,25694.751953125,157823.5,14404.1337890625,16072.8369140625,5311.78857421875,15607.5712890625,6447.11767578125,1437.2823486328125,25716.69140625,5160.2685546875,5293.06787109375,42205.76953125,19610.05078125,9591.7900390625,14444.9462890625,60318.13671875,9628.353515625,10624.5546875,125.39503479003906,12166.1337890625,14560.7900390625,5867.73828125,23670.39453125,12553.552734375,5079.1796875
2021-05-17,12397.9931640625,64224.7109375,34972.51953125,16497.45703125,55950.26953125,17404.9765625,25691.75390625,160033.03125,14273.185546875,16092.708984375,5213.09033203125,16456.130859375,6482.111328125,1407.4219970703125,26185.677734375,5133.1923828125,5312.55810546875,42341.78515625,19759.740234375,9638.7255859375,14518.666015625,61320.3828125,9595.3935546875,10621.615234375,127.36975860595703,12075.4296875,14857.380859375,5822.8623046875,23420.708984375,12660.25,5186.970703125
2021-05-18,12584.31640625,64342.921875,35685.20703125,16689.275390625,55620.421875,17973.9609375,25641.80859375,160781.1875,14418.1279296875,15978.4501953125,5222.0634765625,16791.568359375,6474.11279296875,1404.4359130859375,26043.986328125,5088.37744140625,5269.865234375,42624.80078125,19907.4296875,9541.8583984375,14624.2626953125,60275.74609375,9588.40234375,11115.1904296875,125.39503479003906,12196.0341796875,15346.701171875,5797.931640625,23149.044921875,12432.892578125,5374.60791015625
2021-05-19,12510.5830078125,60655.91015625,37093.57421875,16329.6162109375,54803.30078125,18486.046875,25295.1875,162874.875,14537.0791015625,15447.8876953125,5176.20263671875,17096.05078125,6186.15185546875,1410.407958984375,23780.85546875,4987.5439453125,5176.1240234375,41389.64453125,20203.8125,9597.7822265625,14357.28125,59665.63671875,9620.361328125,11229.7685546875,125.39503479003906,12041.541015625,15372.6640625,5716.158203125,22362.03125,12694.1552734375,5331.6904296875
2021-05-20,12631.1455078125,60694.98828125,36227.96484375,16353.5927734375,54607.984375,18169.611328125,25248.240234375,162798.90625,14695.0146484375,15461.796875,5268.919921875,17269.755859375,6134.15966796875,1418.3707275390625,24011.357421875,5147.197265625,5336.689453125,41535.5390625,19833.58203125,9460.970703125,14545.5625,60820.859375,9631.349609375,11295.3828125,125.39503479003906,12083.404296875,15363.6767578125,5709.177734375,22036.439453125,12673.2158203125,5257.83349609375
2021-05-21,12876.2578125,60575.796875,35309.3671875,16160.775390625,55039.46484375,18278.41796875,25120.384765625,163581.0625,14943.9130859375,15305.80859375,5349.67333984375,16889.400390625,6122.1611328125,1406.4266357421875,24086.1953125,5107.05078125,5304.205078125,41573.9296875,19696.87109375,9486.935546875,14553.533203125,60318.53515625,9460.556640625,11510.830078125,124.40767669677734,12185.0712890625,15492.498046875,5737.1005859375,21986.5,12549.564453125,5211.92236328125
2021-05-24,12831.4189453125,60514.25390625,35134.44921875,16135.798828125,55109.21875,18335.314453125,25092.41015625,164338.203125,14838.95703125,15126.9658203125,5319.7646484375,16815.525390625,6111.16259765625,1421.3568115234375,23283.921875,4891.3779296875,5104.6591796875,41516.89453125,19649.97265625,9590.7900390625,14344.328125,60140.56640625,9585.404296875,11343.3701171875,123.4203109741211,12169.1240234375,15205.8955078125,5648.3466796875,22272.142578125,12677.2041015625,5184.974609375
2021-05-25,13303.7041015625,59252.0390625,35073.47265625,16214.7236328125,54209.390625,18521.982421875,25244.25,165006.453125,14909.9267578125,15082.2568359375,5474.29296875,16882.41015625,5992.17919921875,1398.4639892578125,23374.728515625,4882.97509765625,5151.994140625,41373.19140625,19276.748046875,9409.041015625,14611.310546875,61037.421875,9454.5634765625,11537.2744140625,122.43294525146484,12480.1044921875,15408.6142578125,5684.24658203125,22079.384765625,12920.5166015625,5127.08642578125
2021-05-26,13609.5947265625,58249.68359375,33685.09375,16584.375,54038.98828125,18580.876953125,25606.845703125,167364.84375,15061.8642578125,14903.416015625,5453.35791015625,16914.359375,5932.1865234375,1440.2684326171875,23102.3125,4952.06494140625,5241.09326171875,41176.84375,19692.87890625,9744.5810546875,14609.3193359375,60574.5,9588.40234375,11753.7021484375,126.38239288330078,12660.513671875,15396.6328125,5704.19189453125,22284.125,12953.423828125,5162.0185546875
2021-05-27,14005.158203125,60346.21875,33317.25390625,16294.6484375,53602.515625,19049.044921875,25446.0234375,163841.765625,14644.0341796875,14933.22265625,5566.013671875,16932.328125,6248.14404296875,1445.2451171875,24097.169921875,5378.74267578125,5596.5634765625,41198.7890625,22001.060546875,9783.5263671875,15073.55078125,59590.65625,9554.443359375,11751.7421875,129.34446716308594,12879.79296875,15529.4462890625,5724.13623046875,22471.89453125,13095.025390625,5253.8408203125
2021-05-28,14230.33984375,59830.390625,32985.3984375,16389.560546875,52864.1171875,19414.396484375,25915.505859375,165392.03125,14305.173828125,15102.12890625,5629.81884765625,16658.7890625,6297.13818359375,1455.1988525390625,23748.921875,5422.62353515625,5625.3349609375,41050.69921875,23131.69921875,10124.056640625,15963.16015625,60705.8828125,9577.4150390625,11849.673828125,135.26864624023438,13270.513671875,15249.8359375,5883.693359375,22429.947265625,13172.8056640625,5554.2607421875
2021-06-01,14147.6416015625,62125.25,32951.4140625,16469.484375,52814.28515625,19572.115234375,25557.904296875,167054.171875,14294.177734375,15598.9072265625,5658.73046875,16673.763671875,6472.1142578125,1460.17529296875,24661.95703125,5361.00341796875,5584.4970703125,41295.31640625,23253.447265625,10232.908203125,16189.296875,61534.953125,9595.3935546875,12071.9765625,133.29393005371094,13493.78125,15581.3759765625,6103.08642578125,23788.248046875,13301.4404296875,5559.25146484375
2021-06-02,14265.212890625,62103.7578125,32501.615234375,16302.6416015625,52549.21875,19727.837890625,26092.314453125,167970.140625,14349.1552734375,15993.3525390625,5695.6171875,16415.203125,6429.119140625,1446.240478515625,24736.796875,5335.79443359375,5546.443359375,41267.88671875,23650.615234375,10413.658203125,16541.955078125,61959.28515625,9480.5322265625,11947.6044921875,132.3065643310547,13635.318359375,15890.9453125,6232.72607421875,24162.779296875,13408.140625,5533.30078125
2021-06-04,14114.7607421875,60727.2265625,31020.271484375,16547.41015625,52017.1015625,19774.75,26273.1171875,165684.71875,14173.2275390625,15704.2255859375,5577.97607421875,15593.5947265625,6306.13720703125,1432.3057861328125,24846.55859375,5333.927734375,5539.0205078125,40016.2890625,23224.501953125,10372.71484375,16574.826171875,60581.5,9486.5234375,11837.9228515625,133.29393005371094,13334.3046875,15903.927734375,6232.72607421875,23245.923828125,13367.2548828125,5528.31103515625
2021-06-07,14254.2548828125,59478.546875,30383.552734375,16247.6923828125,52948.8203125,19455.3203125,26019.39453125,166191.15625,13957.314453125,15749.9306640625,5582.96142578125,15284.119140625,6206.1494140625,1447.2359619140625,24613.060546875,5284.4443359375,5526.9541015625,40175.34765625,22283.470703125,10602.3984375,16777.0546875,59845.4140625,9485.5263671875,11870.2392578125,131.31919860839844,13364.20703125,15746.1455078125,6171.89453125,23321.830078125,13496.890625,5425.5087890625
2021-06-08,14135.685546875,60279.9296875,29889.767578125,16215.7236328125,53362.359375,19571.115234375,25702.73828125,167823.3125,13817.3720703125,15582.0185546875,5622.84033203125,15004.5908203125,6244.14453125,1472.1195068359375,24447.41796875,5238.6943359375,5455.4892578125,40583.40234375,22372.283203125,10435.62890625,16973.30859375,59590.0546875,9614.3701171875,11855.548828125,127.36975860595703,13273.50390625,15692.2197265625,6126.02294921875,22879.384765625,13322.3828125,5443.474609375
2021-06-09,14749.45703125,58603.5859375,29699.853515625,16500.453125,53808.79296875,19926.4765625,25854.57421875,172806.734375,13994.298828125,15594.9345703125,5744.46826171875,14875.8076171875,6128.16015625,1483.068603515625,24624.037109375,5164.00390625,5383.095703125,40116.10546875,22370.287109375,10585.4208984375,17712.4921875,58780.78515625,9751.2060546875,12011.26171875,129.34446716308594,13887.4921875,15738.1572265625,6382.31201171875,23052.16796875,13398.16796875,5470.4228515625
2021-06-10,14695.6513671875,58605.546875,29785.814453125,16584.375,54208.39453125,20001.345703125,25954.462890625,172037.609375,13898.3388671875,15482.6630859375,5696.61474609375,14906.7587890625,6159.15673828125,1495.0128173828125,24177.001953125,5188.2783203125,5372.88525390625,40367.3046875,22802.3828125,10828.0869140625,17392.71484375,58627.609375,9783.166015625,12070.0185546875,127.36975860595703,13726.021484375,15662.26171875,6415.220703125,23670.39453125,13551.7353515625,5516.3330078125
2021-06-11,14590.0341796875,59834.60546875,29720.841796875,16482.47265625,54109.734375,19787.73046875,24969.548828125,167939.171875,13645.44140625,15628.7138671875,5610.87548828125,14990.6162109375,6345.13037109375,1493.02197265625,24223.8984375,5269.50537109375,5453.63232421875,40752.328125,21927.212890625,10800.126953125,17159.59765625,59298.3046875,9745.2119140625,11921.1650390625,128.35711669921875,13663.228515625,15407.615234375,6380.31787109375,23206.97265625,13393.18359375,5543.28173828125
2021-06-15,14238.3115234375,57040.03515625,28609.3359375,16328.6171875,55393.22265625,19648.974609375,24938.580078125,166345.9375,13684.4267578125,15499.5517578125,5605.89111328125,14168.0078125,6192.1513671875,1483.068603515625,23823.759765625,5321.78955078125,5519.5283203125,41202.07421875,21280.564453125,10712.2470703125,17137.68359375,59673.23828125,9724.2373046875,11809.5224609375,124.40767669677734,13536.6396484375,15545.4248046875,6482.03662109375,23379.7578125,13510.8505859375,5569.23193359375
2021-06-17,13616.5693359375,55330.3359375,27277.923828125,17019.966796875,55803.77734375,19359.4921875,24539.021484375,162499.265625,13194.625,15749.9306640625,5393.53955078125,13257.548828125,6016.17626953125,1481.0777587890625,22712.15234375,5264.837890625,5449.9208984375,41678.1484375,21590.91796875,10454.603515625,16986.259765625,61336.77734375,9723.2373046875,11714.5283203125,129.34446716308594,13066.18359375,15405.619140625,6289.5693359375,22428.947265625,13457.0029296875,5413.53271484375
2021-06-18,13219.01171875,53447.01171875,27477.8359375,16289.6533203125,54841.16015625,19082.986328125,24565.990234375,160919.015625,12825.7763671875,15981.4296875,5278.8896484375,13332.4228515625,5844.19921875,1482.072998046875,22855.83984375,5195.74658203125,5442.49560546875,39851.74609375,21755.57421875,10358.734375,16651.533203125,60993.8359375,9975.9326171875,11383.521484375,127.36975860595703,12658.5205078125,15530.4453125,6178.8759765625,21062.654296875,13283.4931640625,5512.34033203125
2021-06-21,13088.4853515625,53781.5,27048.03125,15932.9892578125,55405.17578125,18963.197265625,24223.3671875,163782.84375,12679.833984375,15553.2060546875,5200.13037109375,13212.626953125,5966.18310546875,1475.105712890625,22948.642578125,5123.85595703125,5368.24560546875,40728.19140625,21200.73046875,10533.4931640625,16545.939453125,60790.46484375,9914.0068359375,11152.404296875,128.35711669921875,12501.0341796875,15411.609375,6101.0908203125,20774.015625,13228.6474609375,5424.51171875
2021-06-22,12996.8193359375,54796.7265625,26355.33203125,15957.966796875,55704.12890625,18845.41015625,24185.412109375,162679.09375,12519.900390625,15875.1181640625,5178.1962890625,12943.0830078125,6155.15673828125,1475.105712890625,23154.203125,5205.083984375,5460.1298828125,41425.8515625,21205.720703125,10406.6669921875,16525.021484375,59190.71875,9886.041015625,11138.6943359375,131.31919860839844,12456.1826171875,15228.86328125,6095.10791015625,21448.17578125,13206.7099609375,5301.7490234375
2021-06-23,13251.892578125,55262.65625,26918.08203125,16096.8359375,55088.29296875,18901.310546875,24077.529296875,163937.65625,12478.9169921875,16436.48046875,5200.13037109375,13256.552734375,6192.1513671875,1476.10107421875,23943.501953125,5164.00390625,5413.72412109375,41072.63671875,20956.8125,10484.5615234375,16703.337890625,58888.765625,9853.0830078125,11239.5625,138.23074340820312,12550.8720703125,15206.8935546875,6088.12744140625,22022.45703125,12769.9072265625,5350.65478515625
2021-06-24,13351.5302734375,56306.32421875,27015.044921875,16111.8203125,54867.08203125,18953.216796875,24234.35546875,165197.25,12561.8818359375,16660.033203125,5253.96533203125,13133.759765625,6229.1474609375,1448.2310791015625,24466.37890625,5230.2919921875,5470.337890625,41104.44921875,21183.38671875,10430.634765625,16955.380859375,58793.57421875,9855.0791015625,11244.4580078125,142.18019104003906,12657.5234375,15340.708984375,6153.94482421875,22255.1640625,12864.6689453125,5425.5087890625
2021-06-25,13499.9921875,57424.54296875,26460.2890625,15885.03515625,54538.2265625,18826.4375,24331.25,166634.640625,12505.90625,16969.029296875,5318.7685546875,12844.251953125,6209.1494140625,1463.161376953125,24176.00390625,5252.69970703125,5507.46337890625,40926.7421875,20892.93359375,10385.697265625,16963.345703125,58307.45703125,9968.94140625,11275.796875,146.129638671875,12723.306640625,15378.6572265625,6180.87060546875,22619.708984375,12761.9267578125,5428.50341796875
2021-06-28,13117.380859375,56268.06640625,26505.267578125,15672.2353515625,55525.74609375,18465.08984375,24102.501953125,164416.125,12246.01171875,16838.875,5134.33154296875,12786.3486328125,6129.16015625,1447.2359619140625,24028.322265625,5111.71875,5403.513671875,40730.390625,20411.83203125,10088.1064453125,16494.13671875,59322.90234375,9953.958984375,11088.748046875,141.19284057617188,12365.4794921875,15255.826171875,6043.25146484375,21783.75390625,12630.2587890625,5268.8125
2021-06-29,13459.140625,56191.5625,26185.408203125,15954.96875,56020.02734375,18796.498046875,24972.54296875,167401.765625,12629.85546875,16636.1875,5280.88330078125,12687.515625,6227.1474609375,1469.1336669921875,23683.0625,5164.00390625,5412.79541015625,41372.09375,21456.876953125,10086.109375,17117.7578125,60716.875,10004.8984375,11406.044921875,139.21810913085938,12690.4150390625,15525.4521484375,6171.89453125,21844.67578125,12834.7431640625,5447.46728515625
2021-06-30,13522.9091796875,55854.1328125,26537.25390625,16193.7431640625,55225.8046875,19012.111328125,24543.416015625,168459.609375,12621.859375,16733.5546875,5342.6953125,12818.294921875,6117.162109375,1483.068603515625,23498.4609375,5090.2451171875,5300.4921875,41244.8515625,21012.708984375,10308.802734375,17022.123046875,59954.39453125,10109.7705078125,11222.9150390625,138.23074340820312,12719.3193359375,15522.4560546875,6120.0390625,21773.765625,12844.71875,5380.59619140625
2021-07-01,13423.26953125,56462.2890625,27098.00390625,16271.6708984375,55931.3359375,19085.978515625,24774.17578125,167385.8125,12373.9599609375,16779.26171875,5304.8095703125,13127.7705078125,6185.15185546875,1493.02197265625,24364.599609375,5101.4482421875,5331.12109375,41773.57421875,20894.9296875,10274.849609375,16860.736328125,59210.7109375,10202.658203125,11214.0986328125,137.24339294433594,12614.6630859375,15658.267578125,6097.10205078125,22437.9375,12817.787109375,5392.5732421875
2021-07-02,13230.9677734375,57274.46875,27062.02734375,16161.7734375,55750.95703125,18687.689453125,24795.15234375,166813.46875,12284.9970703125,16653.076171875,5287.86181640625,13214.623046875,6233.14697265625,1491.03125,24060.25390625,5084.642578125,5319.982421875,41750.54296875,20846.01953125,10434.6298828125,16769.087890625,59182.32421875,10185.6787109375,11279.712890625,139.21810913085938,12571.802734375,15534.4404296875,6077.15771484375,21859.658203125,12744.970703125,5389.57958984375
2021-07-06,13182.1455078125,56474.0546875,28176.529296875,16095.8359375,55388.234375,18781.521484375,24915.025390625,165461.9375,12328.9775390625,16501.064453125,5365.625,13444.2333984375,6142.1591796875,1540.798583984375,24471.3671875,5101.4482421875,5299.56396484375,42006.1328125,20439.779296875,10354.7392578125,16688.396484375,56200.18359375,10574.2080078125,11276.7763671875,142.18019104003906,12590.7431640625,15731.16796875,6114.0556640625,21804.7265625,12700.0810546875,5277.79541015625
2021-07-07,13273.8125,58051.33984375,28037.591796875,16548.41015625,54715.06640625,18930.2578125,25684.228515625,164471.09375,12519.900390625,16906.43359375,5491.2412109375,13308.4638671875,6284.1396484375,1536.8172607421875,25261.671875,5044.49609375,5243.87744140625,42493.16796875,20549.5703125,10169.994140625,16798.9765625,57262.6171875,10484.318359375,11372.75,144.15492248535156,12767.1630859375,15993.8017578125,6123.03076171875,21736.8125,12786.86328125,5375.60595703125
2021-07-08,13471.0966796875,54969.36328125,27719.728515625,16634.328125,54020.375,19208.76171875,25918.98046875,162361.4375,12359.9658203125,16859.73828125,5500.21435546875,12909.1416015625,6033.17431640625,1566.677734375,23425.6171875,4999.681640625,5168.69970703125,41715.44140625,20787.12890625,10296.8193359375,16812.919921875,54991.37890625,10494.3056640625,11323.7822265625,143.1675567626953,12768.16015625,16082.6787109375,6018.32080078125,21060.66015625,12766.916015625,5404.54931640625
2021-07-12,13668.380859375,58316.1796875,28410.421875,17255.744140625,55494.4765625,19159.84765625,25974.923828125,160836.140625,12492.912109375,17779.775390625,5602.900390625,13458.2109375,6362.12841796875,1563.691650390625,23904.587890625,5304.0498046875,5474.9794921875,43355.36328125,20989.751953125,10629.3623046875,17301.060546875,55590.8828125,10538.2529296875,11428.5703125,140.20547485351562,13131.9677734375,15941.873046875,6013.3349609375,22482.87890625,12968.4091796875,5413.53271484375
2021-07-13,12966.927734375,58503.53125,29179.087890625,17152.83984375,56150.28515625,18173.6015625,25647.267578125,156374.109375,12136.0556640625,17964.576171875,5302.81689453125,13714.775390625,6346.13037109375,1490.035888671875,24974.28515625,5276.04052734375,5453.63232421875,43740.38671875,19753.064453125,10255.875,16391.525390625,56378.55859375,10473.330078125,11023.134765625,139.21810913085938,12482.0986328125,15286.7841796875,5870.72998046875,22357.037109375,12885.615234375,5202.93994140625
2021-07-14,13157.2353515625,59441.26171875,29159.09375,17133.857421875,56368.55859375,18594.8515625,25833.07421875,155898.640625,12156.048828125,17978.48828125,5325.74658203125,13933.4072265625,6479.11181640625,1467.1429443359375,25644.83984375,5149.06494140625,5322.76806640625,43755.7421875,20633.41796875,10417.6533203125,16438.349609375,57700.34765625,10262.5849609375,11059.369140625,140.20547485351562,12749.22265625,15478.517578125,5883.693359375,23222.953125,12850.7041015625,5354.64697265625
2021-07-15,13162.2177734375,58712.4609375,29161.09375,17210.78515625,56310.76171875,18247.474609375,25947.951171875,155825.75,12095.0732421875,18155.34375,5328.73681640625,13910.443359375,6457.115234375,1449.2265625,25251.69140625,5125.7236328125,5310.70068359375,43394.84765625,20156.30859375,10469.58203125,16154.4306640625,58730.7890625,10283.5625,11005.5068359375,140.20547485351562,12390.3974609375,15548.4208984375,5889.67822265625,21423.205078125,12922.5234375,5317.71826171875
2021-07-16,13126.349609375,56110.14453125,28912.201171875,17069.919921875,56458.26953125,17971.966796875,25748.162109375,156025.5,12154.0498046875,17437.98828125,5305.8076171875,13837.568359375,6146.15771484375,1456.1939697265625,23979.427734375,5025.82275390625,5211.39306640625,42843.08984375,19917.755859375,10518.513671875,16143.4716796875,59019.9453125,10165.703125,10919.330078125,142.18019104003906,12167.12890625,15756.1328125,5919.5947265625,20955.7890625,12914.54296875,5306.7392578125
2021-07-19,12829.427734375,54081.6484375,28271.486328125,16802.173828125,54381.17578125,17988.93359375,25487.431640625,153080.8125,11755.2119140625,16958.099609375,5200.13037109375,13518.1103515625,5891.1923828125,1451.2174072265625,22858.833984375,4864.302734375,5034.1220703125,41573.9296875,19929.732421875,10277.845703125,15760.931640625,58251.6640625,9995.91015625,10631.4091796875,137.24339294433594,11750.4951171875,15669.25390625,5752.05859375,20463.40625,12804.8193359375,5278.79296875
2021-07-20,13121.3671875,54942.8828125,28897.208984375,16869.107421875,54618.390625,18701.666015625,25608.3046875,154006.765625,11829.181640625,17188.607421875,5224.0576171875,13742.7294921875,6050.1708984375,1444.2498779296875,23204.095703125,4860.5673828125,5036.90771484375,42580.92578125,20225.181640625,10438.6240234375,15989.05859375,58090.88671875,9966.9443359375,10576.5673828125,140.20547485351562,12049.515625,15528.447265625,5729.12255859375,21487.126953125,12823.771484375,5289.77197265625
2021-07-21,13066.56640625,56814.4296875,28397.4296875,16700.267578125,55011.08203125,18966.197265625,25839.064453125,156133.390625,11923.14453125,17218.412109375,5214.08740234375,13514.1162109375,6274.14013671875,1448.2310791015625,23285.919921875,4967.59765625,5134.02734375,42998.859375,20236.162109375,10388.6923828125,16075.732421875,59106.7265625,10041.8525390625,10605.947265625,138.23074340820312,12039.546875,15501.4853515625,5768.0146484375,21692.8671875,12882.6240234375,5284.78125
2021-07-26,13164.212890625,61594.328125,28927.1953125,17045.94140625,56582.84765625,19047.048828125,26020.876953125,159259.90625,11926.1416015625,17701.283203125,5303.8134765625,13759.7001953125,6697.0830078125,1453.2080078125,25016.197265625,5074.06591796875,5251.93359375,44769.3125,20610.45703125,10525.50390625,16079.71484375,54951.578125,9920.998046875,10650.017578125,148.1043701171875,12042.5380859375,15478.517578125,5761.033203125,22210.220703125,12867.66015625,5376.60400390625
2021-07-27,13245.9140625,62163.25,29062.134765625,17316.685546875,56681.51953125,19470.294921875,26414.46484375,161567.3125,11868.166015625,17745.001953125,5352.6640625,13801.6279296875,6661.0869140625,1471.1241455078125,24775.712890625,5032.9736328125,5199.01513671875,45160.91796875,21060.619140625,10573.4384765625,16343.7099609375,50924.4140625,10021.87890625,10849.796875,145.1422882080078,12110.314453125,15616.326171875,5774.99462890625,21552.044921875,12973.39453125,5439.48291015625
2021-07-28,13301.7109375,63144.14453125,29347.01171875,17433.57421875,56151.28515625,19591.078125,26542.333984375,162218.59375,11892.15625,17908.9375,5327.74072265625,14096.1337890625,6739.076171875,1472.1195068359375,25443.27734375,5064.7265625,5244.505859375,45265.1328125,21493.80859375,10484.5615234375,16417.427734375,54940.18359375,9969.939453125,10986.900390625,146.129638671875,12167.12890625,15697.212890625,5773.00048828125,21833.69140625,12915.541015625,5533.30078125
2021-07-29,13391.38671875,65905.3671875,29900.765625,18049.994140625,55176.52734375,19655.96484375,26511.365234375,161114.8125,11860.169921875,18152.359375,5331.728515625,14505.4384765625,6734.07763671875,1466.1474609375,26541.9140625,5162.79052734375,5329.9189453125,44973.34375,21514.767578125,10391.6884765625,16630.615234375,57181.63671875,9830.107421875,10978.0859375,146.129638671875,12238.8935546875,15792.0810546875,5783.970703125,22252.169921875,12938.4833984375,5507.3515625
2021-07-30,13593.65234375,64110.33203125,29309.0234375,18040.00390625,54566.5546875,19956.42578125,26480.3984375,162493.28125,11755.2119140625,18014.255859375,5419.46044921875,14309.7666015625,6599.09619140625,1468.13818359375,26344.33984375,5105.8203125,5240.79296875,44755.0546875,21759.3125,10526.50390625,16865.71875,56431.1484375,9898.0283203125,10911.4921875,146.129638671875,12314.646484375,16017.76953125,5772.0029296875,21890.62109375,13031.25,5570.22900390625
2021-08-02,13530.8798828125,64993.13671875,28802.251953125,17751.27734375,53860.90625,19962.416015625,26477.400390625,163113.578125,11895.154296875,17857.275390625,5443.3876953125,14177.9921875,6565.1005859375,1466.1474609375,26075.916015625,5027.369140625,5178.5908203125,43859.953125,21408.96875,11114.6923828125,16740.201171875,55931.2265625,9831.1064453125,10867.423828125,144.15492248535156,12344.548828125,15916.91015625,5795.9365234375,21792.7421875,13204.8134765625,5513.33984375
2021-08-03,13790.9345703125,66422.3046875,29138.103515625,17887.1484375,53938.64453125,20298.818359375,27192.658203125,167731.421875,11902.1513671875,17946.693359375,5529.12548828125,14384.6435546875,6589.09716796875,1469.1336669921875,26219.607421875,5153.451171875,5307.63720703125,43997.0625,21828.18359375,11374.3359375,17100.82421875,52030.234375,9888.0380859375,11026.0732421875,145.1422882080078,12582.7685546875,16297.380859375,5869.73291015625,21898.611328125,13682.615234375,5655.06591796875
2021-08-04,13703.2548828125,67140.3125,29145.099609375,17706.318359375,53598.77734375,20248.904296875,27106.744140625,168316.75,11919.1455078125,17902.974609375,5483.265625,14613.2529296875,6576.09912109375,1490.035888671875,26288.458984375,5119.82958984375,5280.7138671875,43982.8046875,21715.392578125,11239.521484375,17166.576171875,53491.8125,9909.013671875,11056.431640625,144.15492248535156,12593.7333984375,16125.6201171875,5838.81884765625,22239.185546875,13300.5732421875,5569.23193359375
2021-08-05,14838.1337890625,64491.89453125,28087.568359375,17665.35546875,53143.2890625,20479.49609375,27449.390625,170115.75,11962.126953125,17532.376953125,5732.5048828125,14091.1376953125,6487.11083984375,1512.928955078125,25392.388671875,5264.58935546875,5402.33447265625,45284.87890625,22363.1796875,11414.2802734375,18768.462890625,52740.53125,9978.9287109375,11228.7890625,144.15492248535156,13122.0009765625,16705.81640625,5983.41748046875,21822.705078125,13434.236328125,5864.66064453125
2021-08-06,14928.8046875,65719.0,24707.06640625,17883.15234375,53597.77734375,20394.646484375,27450.38671875,170661.125,11995.1142578125,17985.44140625,5712.56591796875,13132.76171875,6636.09130859375,1518.9010009765625,24717.837890625,5238.43896484375,5384.6943359375,44804.41015625,22456.0078125,11374.3359375,18529.376953125,53495.0078125,9894.0322265625,11107.35546875,144.15492248535156,13267.5224609375,16523.068359375,6026.298828125,22073.392578125,13257.6806640625,5909.57421875
2021-08-10,14706.6123046875,66877.4296875,22716.943359375,17858.17578125,54235.65625,19782.736328125,27771.05078125,172884.65625,12103.0703125,17621.798828125,5696.61474609375,12509.8173828125,6797.0693359375,1528.8543701171875,24019.33984375,5276.73095703125,5398.6201171875,45835.5390625,22039.787109375,11338.384765625,18283.314453125,59190.71875,9918.0029296875,10936.9560546875,144.15492248535156,13244.599609375,16162.568359375,5945.5224609375,21585.001953125,13179.8779296875,5838.7109375
2021-08-11,14602.9873046875,68157.4921875,23956.396484375,18054.990234375,54518.71875,19949.439453125,27728.09765625,172307.296875,12364.962890625,17807.59375,5707.5810546875,13272.5244140625,6939.04931640625,1530.84521484375,24791.6796875,5337.4365234375,5467.32080078125,46046.1484375,22240.412109375,11509.150390625,18075.111328125,56921.0703125,9947.9677734375,10986.900390625,144.15492248535156,13263.53515625,16262.4287109375,5961.4775390625,21705.853515625,13318.5283203125,5788.806640625
2021-08-12,14699.63671875,67931.90625,22879.873046875,17907.12890625,54561.57421875,19752.79296875,27997.818359375,171397.328125,12261.005859375,17563.1796875,5674.681640625,12724.453125,6916.05224609375,1524.8731689453125,24125.11328125,5370.1240234375,5465.4638671875,46027.49609375,22571.79296875,11983.49609375,17285.119140625,56713.90625,9884.0419921875,10968.2919921875,142.18019104003906,13051.232421875,16359.2958984375,5959.484375,21841.681640625,13382.3681640625,5794.79443359375
2021-08-13,14606.974609375,67577.796875,23432.62890625,17964.07421875,54668.2265625,19447.333984375,28314.48828125,170922.84375,12297.9912109375,17475.744140625,5737.490234375,13157.720703125,6811.06689453125,1512.928955078125,24163.029296875,5398.1416015625,5471.03515625,46099.90625,23127.75390625,11963.5224609375,17363.8203125,56134.80078125,9863.0703125,10968.2919921875,142.18019104003906,13083.1279296875,16537.048828125,5973.4453125,21723.830078125,13355.435546875,5753.875
2021-08-16,14839.1318359375,66373.2578125,23755.482421875,18482.587890625,54568.55078125,20126.126953125,28868.904296875,176702.390625,12853.7626953125,17571.126953125,5938.87548828125,13298.4814453125,6699.08251953125,1510.938232421875,23977.431640625,5438.30078125,5477.533203125,46043.953125,23819.4609375,12981.1220703125,17602.908203125,51991.84375,9885.0419921875,11171.9912109375,142.18019104003906,13389.1259765625,16774.71875,6191.83984375,20638.185546875,13733.4853515625,5908.57470703125
2021-08-17,14935.78125,66749.9140625,24644.091796875,18586.48828125,55487.48828125,20409.619140625,29255.505859375,182046.40625,12922.7353515625,18284.501953125,5897.00244140625,13580.0048828125,6673.08544921875,1540.798583984375,24321.69140625,5424.2919921875,5450.60986328125,46210.6875,23716.650390625,13281.708984375,17464.435546875,47789.30859375,9870.0595703125,11360.017578125,146.129638671875,13574.517578125,16967.451171875,6282.58837890625,21158.537109375,14122.5068359375,6137.13330078125
2021-08-18,15382.16015625,61261.26171875,23499.595703125,18843.248046875,55184.4921875,20768.978515625,29434.31640625,186429.484375,12879.7529296875,17853.296875,5977.75634765625,12964.046875,6491.11083984375,1533.8310546875,23901.58984375,5451.37646484375,5484.9609375,46182.17578125,24063.00390625,13255.7451171875,17686.59375,49755.59375,9906.0185546875,11325.7412109375,146.129638671875,13751.9345703125,16776.716796875,6432.173828125,21304.353515625,13865.154296875,6147.11376953125
2021-08-19,14981.61328125,59276.625,24111.328125,18768.318359375,55054.9296875,20178.033203125,29530.21875,182467.953125,12782.7939453125,17153.830078125,5900.9912109375,13404.302734375,6341.13037109375,1530.84521484375,22132.3984375,5435.49853515625,5443.18212890625,46137.19140625,23416.212890625,13271.72265625,17162.591796875,47586.734375,10242.609375,11173.947265625,142.18019104003906,13579.5029296875,16675.853515625,6341.42529296875,19683.380859375,13856.177734375,5996.40576171875
2021-08-20,14897.9169921875,58819.2421875,24318.236328125,18536.53515625,56443.31640625,19924.48828125,29734.005859375,183065.265625,12629.85546875,16808.07421875,5882.04833984375,13747.7197265625,6422.1201171875,1521.8868408203125,20615.658203125,5513.015625,5501.671875,46750.3828125,21894.05859375,13013.078125,16990.244140625,48004.07421875,10459.3486328125,11133.796875,141.19284057617188,13562.5576171875,16946.478515625,6300.5390625,19585.50390625,13795.3291015625,5929.53466796875
2021-08-23,15210.78125,59891.06640625,24472.166015625,18655.42578125,56219.0625,20283.84375,29319.44140625,185652.375,12895.748046875,17180.66015625,5971.775390625,13815.6044921875,6639.09130859375,1524.8731689453125,22167.32421875,5624.154296875,5629.79052734375,46629.72265625,22318.267578125,13118.9326171875,17414.625,45810.21484375,10497.3017578125,11403.107421875,144.15492248535156,13974.2080078125,17698.435546875,6333.44775390625,20903.853515625,13963.90625,6008.3828125
2021-08-24,15328.35546875,60557.515625,24718.060546875,18798.2890625,54980.18359375,20321.77734375,29483.267578125,188756.9375,12913.740234375,17363.470703125,5941.86572265625,14126.080078125,6705.08154296875,1519.8963623046875,22289.060546875,5621.35302734375,5627.005859375,46468.4765625,22400.115234375,13250.7509765625,17719.466796875,47452.55859375,10582.2001953125,11507.89453125,146.129638671875,14404.798828125,18158.796875,6331.453125,22320.083984375,13968.8935546875,6008.3828125
2021-08-25,15600.3671875,60930.48046875,23707.34375,19057.046875,55144.63671875,20250.904296875,29432.318359375,186990.875,13024.6953125,17612.853515625,5963.79931640625,13436.2470703125,6725.07861328125,1512.928955078125,21853.0,5616.68310546875,5589.869140625,45833.734375,22494.9375,13294.6904296875,17665.66796875,48831.94140625,10387.4345703125,11486.349609375,146.129638671875,14510.4521484375,17911.140625,6372.33935546875,22171.271484375,13881.1142578125,5888.61376953125
2021-08-26,15521.6533203125,60286.61328125,24249.123046875,18972.126953125,54925.37109375,20284.83984375,29606.140625,186791.125,12894.748046875,17415.138671875,5970.77783203125,13677.837890625,6677.08544921875,1505.96142578125,21996.689453125,5657.77587890625,5622.36376953125,45323.61328125,22315.271484375,12997.1015625,17855.947265625,48122.0546875,10437.375,11673.3994140625,146.129638671875,14603.1474609375,17902.15234375,6382.31201171875,22073.392578125,13949.9423828125,5995.4072265625
2021-08-27,15731.890625,61688.22265625,24709.93359375,19213.900390625,54760.91015625,20064.234375,30028.697265625,188788.875,12644.8486328125,17944.708984375,6063.4951171875,13959.3603515625,6772.072265625,1497.99853515625,22551.494140625,5673.65283203125,5645.57373046875,45476.10546875,21849.142578125,13020.0693359375,17970.5078125,48038.07421875,10512.2841796875,11705.71484375,145.1422882080078,14554.3076171875,17800.294921875,6343.419921875,22476.884765625,13899.0703125,6366.6904296875
2021-08-31,15747.83203125,60186.4921875,24381.06640625,19592.541015625,54196.7734375,20463.5234375,30224.494140625,189558.0,12871.7587890625,18332.1953125,6170.169921875,13624.927734375,6546.103515625,1540.798583984375,22242.1640625,5767.04541015625,5675.28173828125,43920.52734375,21751.328125,13325.646484375,18429.76171875,49592.2265625,10476.326171875,11831.068359375,145.1422882080078,14822.427734375,18359.517578125,6426.1904296875,22372.01953125,14328.98828125,6352.716796875
2021-09-01,15250.63671875,59575.01953125,24538.00390625,19033.068359375,53488.14453125,20267.87109375,30293.421875,187775.015625,13139.6484375,18250.724609375,6176.15087890625,13522.1025390625,6395.1630859375,1542.789306640625,21883.93359375,5632.55908203125,5533.2373046875,43902.96875,21559.68359375,13235.7724609375,18000.392578125,51791.87890625,10473.330078125,11956.419921875,146.129638671875,14542.34765625,18163.79296875,6432.173828125,22132.3203125,14158.4169921875,6231.951171875
2021-09-02,15166.9423828125,60070.67578125,23939.24609375,19971.185546875,53917.7109375,19768.76171875,30218.501953125,185292.765625,12115.064453125,18095.7265625,6237.962890625,12990.001953125,6561.203125,1517.9056396484375,20382.162109375,5590.53271484375,5542.521484375,44326.41796875,21036.662109375,12823.3388671875,17981.466796875,51891.859375,10456.3515625,11679.26953125,145.1422882080078,14352.9677734375,18071.919921875,6366.3564453125,22013.46484375,13903.0595703125,6195.021484375
2021-09-03,15092.2119140625,60118.76953125,24598.978515625,19584.548828125,53378.5078125,19878.568359375,30134.58984375,183790.4375,12214.025390625,18486.1953125,6149.23291015625,13442.2373046875,6595.1982421875,1497.99853515625,20751.3671875,5446.70654296875,5374.48095703125,44497.55859375,20827.056640625,12976.1298828125,17931.65625,51391.94140625,10391.4296875,11604.8466796875,145.1422882080078,14413.767578125,18233.693359375,6330.45556640625,22090.373046875,13931.9873046875,6163.08349609375
2021-09-08,15113.1376953125,58695.57421875,22472.841796875,19968.1875,53192.12109375,19401.416015625,30070.654296875,189859.671875,11909.150390625,18165.279296875,6070.4736328125,12365.068359375,6529.20703125,1450.221923828125,19341.400390625,5355.18115234375,5244.505859375,43435.63671875,20651.3828125,12489.7998046875,18056.18359375,52701.53125,9955.892578125,11400.1689453125,144.15492248535156,14445.6630859375,18414.44140625,6229.73486328125,21398.236328125,13715.5322265625,6176.0576171875
2021-09-09,14903.8955078125,57809.265625,21875.087890625,21329.90625,52053.90625,19222.736328125,30190.53125,189690.890625,12162.0458984375,18056.9765625,5938.87548828125,12198.3271484375,6482.2119140625,1449.2265625,18190.875,5290.7392578125,5182.30419921875,43135.046875,20508.65234375,12247.134765625,17601.912109375,48579.58203125,9902.9423828125,11350.2236328125,142.18019104003906,14192.4931640625,18049.9453125,6164.91455078125,21837.6875,13644.7080078125,6141.125
2021-09-10,14918.8427734375,59007.69140625,21787.125,21836.427734375,51806.73046875,18666.724609375,30218.501953125,187632.15625,12055.0908203125,18123.544921875,5889.0263671875,12010.61328125,6593.19873046875,1443.2545166015625,17721.8828125,5208.55322265625,5131.2421875,43414.796875,20251.1328125,12424.888671875,17451.490234375,47803.1015625,9856.984375,11346.3056640625,143.1675567626953,14120.7275390625,17891.16796875,6051.2294921875,22147.298828125,13477.1298828125,6057.2880859375
2021-09-13,15046.3779296875,59239.33203125,22290.91796875,22587.71875,52047.93359375,18766.546875,30571.130859375,189340.234375,12115.064453125,18573.62890625,5950.8388671875,12241.259765625,6687.18798828125,1448.2310791015625,18312.61328125,5307.55078125,5224.08203125,42647.9765625,20398.85546875,12651.576171875,17591.953125,47356.57421875,9925.9189453125,11525.521484375,146.129638671875,14368.9140625,18078.90625,6106.078125,24019.95703125,13618.7734375,6090.224609375
2021-09-14,15132.068359375,58071.33203125,22525.818359375,23337.013671875,52445.609375,19354.5,30483.2265625,190786.65625,12819.7783203125,18803.142578125,6050.5341796875,12706.5478515625,6625.19482421875,1464.1568603515625,17617.109375,5333.7001953125,5233.36572265625,42509.74609375,20175.275390625,12569.689453125,17677.625,47595.93359375,10213.6572265625,11693.96484375,146.129638671875,14687.8701171875,18105.87109375,6225.74609375,23490.619140625,13638.7236328125,5987.4228515625
2021-09-15,15040.4814453125,58050.72265625,22461.849609375,22878.447265625,53282.83203125,19463.306640625,29900.83203125,190281.1875,13134.6494140625,19026.697265625,6143.251953125,12626.669921875,6845.16845703125,1446.240478515625,18218.818359375,5341.17138671875,5220.36767578125,42914.55078125,20276.083984375,12782.396484375,17443.7890625,46916.64453125,10313.564453125,11820.294921875,146.129638671875,14485.0830078125,18184.759765625,6320.4833984375,24625.19921875,13887.099609375,5944.16162109375
2021-09-16,14350.84375,55486.0234375,21516.232421875,23003.328125,53481.171875,19309.578125,29798.94140625,188364.328125,12704.8251953125,19032.65625,5963.79931640625,11831.8857421875,6699.18603515625,1427.328857421875,17388.6015625,5405.61328125,5289.99755859375,43374.203125,20007.587890625,12422.890625,16984.4296875,47214.796875,10240.6337890625,11685.150390625,146.129638671875,13924.783203125,18059.935546875,6204.80419921875,23617.458984375,13584.859375,5939.1708984375
2021-09-17,14312.9736328125,51602.16796875,21655.173828125,23599.765625,53430.3359375,19704.876953125,29778.958984375,186891.984375,13001.7041015625,17984.44921875,6059.50732421875,11708.0771484375,6576.201171875,1451.2174072265625,17671.9921875,5428.96142578125,5338.2744140625,42608.484375,20209.2109375,12837.3212890625,16758.234375,47992.47265625,10408.478515625,11709.6318359375,146.129638671875,13805.1455078125,18381.48828125,6275.60791015625,22621.70703125,14151.435546875,6102.8720703125
2021-09-21,13973.1376953125,49275.9765625,22771.7265625,24022.009765625,53752.2578125,19329.54296875,30694.001953125,186581.328125,12402.9482421875,17238.28125,5967.78759765625,12277.203125,6341.22900390625,1408.4171142578125,16772.4375,5323.42724609375,5245.43408203125,41211.96484375,20273.08984375,12952.162109375,16565.91796875,47972.4765625,10431.4580078125,12435.30078125,145.1422882080078,13692.48828125,18664.095703125,6121.0361328125,23061.15625,14149.4404296875,5962.12939453125
2021-09-22,14288.0595703125,50463.6171875,22976.634765625,24018.01171875,53654.5859375,19557.140625,30376.333984375,188182.546875,12794.7880859375,17437.0,6072.4677734375,12460.9228515625,6523.20703125,1454.2034912109375,17264.71875,5559.7138671875,5485.8896484375,41442.33984375,20904.91015625,13048.0302734375,16973.466796875,48539.38671875,10440.451171875,12807.4384765625,146.129638671875,13990.5830078125,18735.99609375,6242.69873046875,24667.1484375,14563.3994140625,6073.92529296875
2021-09-27,14079.771484375,51972.1953125,22888.669921875,25953.400390625,54605.41796875,19265.658203125,28784.994140625,188788.875,13002.7041015625,17699.296875,6103.373046875,12237.2666015625,6925.158203125,1469.1336669921875,17051.03125,6019.20849609375,5932.44677734375,41434.65625,20028.546875,13870.8974609375,16864.853515625,49712.20703125,10491.4033203125,12949.4423828125,152.05381774902344,13757.29296875,18202.73828125,6257.6572265625,26249.169921875,15056.16015625,5865.3056640625
2021-09-28,14654.8017578125,50744.32421875,22861.6875,27423.177734375,54873.54296875,19232.71875,28120.6875,188318.40625,13315.5751953125,17437.0,6276.84375,12056.5419921875,7070.14013671875,1437.2823486328125,16384.0078125,6000.529296875,6009.50390625,40961.84765625,19388.74609375,13590.2841796875,16960.513671875,50212.125,10490.404296875,12954.3359375,151.0664520263672,14083.302734375,18026.9765625,6234.72119140625,27656.408203125,14663.1494140625,5765.48779296875
2021-09-29,14991.6484375,51529.53515625,22761.728515625,26977.546875,54525.46875,19124.990234375,28240.5625,187390.421875,13393.544921875,15617.3916015625,6432.369140625,11960.689453125,7144.1318359375,1423.34765625,16450.91015625,6096.72509765625,6002.076171875,40562.53125,19237.029296875,14270.34765625,17338.16796875,51291.953125,10489.404296875,13286.32421875,151.0664520263672,14398.3466796875,17808.76953125,6302.533203125,27755.287109375,14561.40625,5805.4150390625
2021-09-30,15214.884765625,52303.94921875,23762.31640625,27070.470703125,52854.6875,19568.275390625,27741.080078125,181706.796875,13682.427734375,16018.2705078125,6431.37255859375,12309.15625,7115.1357421875,1423.34765625,17141.896484375,6112.60205078125,6003.005859375,40610.79296875,20084.443359375,14116.5595703125,17443.7890625,49844.18359375,10444.4462890625,13303.9521484375,150.07908630371094,14274.7216796875,17853.71875,6374.33447265625,28507.34375,14367.8916015625,5895.25146484375
2021-10-01,15271.6904296875,51946.6796875,23739.326171875,27026.5078125,51140.05078125,19447.46875,27171.677734375,178800.046875,13594.462890625,16164.498046875,6395.48193359375,12201.3203125,7083.1396484375,1403.440673828125,17048.033203125,6119.13916015625,5988.15185546875,40030.46875,19442.64453125,13757.0546875,17290.3359375,49351.66015625,10385.5009765625,13388.171875,153.04116821289062,14256.77734375,17667.939453125,6425.193359375,27556.533203125,14166.3974609375,5741.5322265625
2021-10-04,15077.35546875,52286.27734375,25083.779296875,25480.79296875,52451.94921875,18979.23046875,27246.6015625,175376.859375,13506.4990234375,16394.28125,6284.8193359375,12606.69921875,7310.11181640625,1374.575439453125,17583.251953125,6097.658203125,5993.720703125,40575.69140625,19563.41796875,13707.123046875,17188.697265625,49351.4609375,10289.587890625,13333.3310546875,153.04116821289062,14120.1923828125,17889.671875,6421.20458984375,29413.212890625,14121.509765625,5765.48779296875
2021-10-05,14958.76171875,52344.1953125,24810.888671875,25578.71484375,52277.49609375,19414.521484375,27492.341796875,175050.234375,13993.298828125,18153.97265625,6203.06884765625,12311.1513671875,7536.0849609375,1361.635986328125,17240.751953125,6186.3828125,6108.84228515625,41000.234375,20112.392578125,14063.6318359375,17188.697265625,50164.328125,10265.6083984375,13670.2158203125,151.0664520263672,14182.00390625,18391.07421875,6393.28173828125,29762.775390625,14154.4287109375,5859.31640625
2021-10-06,14887.0068359375,50719.7890625,25413.64453125,25443.826171875,51564.72265625,19168.921875,28040.771484375,172383.203125,13867.3515625,18575.740234375,6243.94384765625,12359.080078125,7379.103515625,1382.538330078125,16975.142578125,6070.57470703125,5955.65673828125,40266.33203125,20177.271484375,14278.3359375,17327.20703125,49432.44921875,10316.5625,13821.0283203125,153.04116821289062,14121.1865234375,18489.958984375,6321.48095703125,29267.39453125,14175.3740234375,5770.478515625
2021-10-07,14675.7314453125,53416.00390625,26064.3828125,24399.6953125,51459.05078125,19196.875,27603.2265625,170301.546875,13566.474609375,18603.595703125,6232.978515625,12896.2568359375,7332.109375,1373.5802001953125,18497.912109375,6048.16064453125,5910.1650390625,40468.1796875,20409.833984375,14066.62890625,17154.8203125,51991.84375,10212.658203125,13563.46875,157.97799682617188,14030.4638671875,18018.521484375,6310.5107421875,28347.544921875,14032.732421875,5716.5771484375
2021-10-08,14291.048828125,54160.00390625,26379.251953125,24016.013671875,51264.65625,18657.75,27022.830078125,167583.578125,13525.4921875,18182.8203125,6078.44921875,13025.0576171875,7249.11962890625,1415.384765625,20219.390625,5951.96484375,5841.46484375,39712.33203125,19942.70703125,14280.333984375,16761.224609375,51094.58984375,10295.5830078125,13318.642578125,164.8895263671875,13697.47265625,17841.73046875,6113.05859375,28685.12109375,13788.3466796875,5649.69873046875
2021-10-11,14251.185546875,56581.39453125,26717.115234375,24228.8359375,51823.90234375,18735.623046875,27323.515625,166913.359375,13788.3837890625,18191.771484375,6081.439453125,13359.5478515625,7517.0859375,1405.431396484375,20428.08203125,5892.19384765625,5752.33837890625,39631.15625,20024.5546875,14331.2626953125,16828.982421875,51366.34765625,10290.5869140625,13315.703125,155.0159149169922,13799.1640625,18003.541015625,6184.859375,29090.615234375,13845.2041015625,5725.560546875
2021-10-13,14460.46875,55593.0078125,27992.595703125,24356.73046875,52047.21875,18825.48046875,26802.064453125,166963.25,13555.478515625,17705.34765625,6032.09619140625,13991.5810546875,7524.08544921875,1391.496337890625,21179.984375,6052.830078125,5962.15625,39164.9140625,20173.27734375,14066.62890625,17464.712890625,50910.21484375,10232.640625,13297.09765625,143.1675567626953,13789.193359375,17878.68359375,6084.13818359375,27465.6484375,13765.4052734375,5743.52783203125
2021-10-14,14301.013671875,57545.234375,27915.626953125,23914.099609375,52520.734375,18820.482421875,27150.69921875,168909.109375,13488.505859375,17617.810546875,5983.23291015625,13995.5732421875,7814.05126953125,1378.556884765625,22116.61328125,6167.70361328125,6026.2158203125,40027.17578125,20080.447265625,13873.892578125,17351.123046875,51088.19140625,10210.6611328125,13255.96484375,142.18019104003906,13705.4482421875,18042.494140625,6046.2431640625,26861.404296875,13810.29296875,5647.7021484375
2021-10-15,14220.291015625,57870.1171875,27548.775390625,24781.375,52124.97265625,18869.40625,28070.7421875,167893.25,13521.4921875,17608.85546875,5914.42529296875,13703.0205078125,7822.0498046875,1381.5428466796875,22112.619140625,6271.3701171875,6208.18115234375,39468.79296875,20635.412109375,13972.755859375,17424.857421875,51391.54296875,10131.732421875,13528.21484375,143.1675567626953,13608.7421875,18242.255859375,6018.32080078125,27498.607421875,13853.185546875,5639.71630859375
2021-10-18,14475.4169921875,56031.75,27333.86328125,24280.79296875,51937.55859375,19050.11328125,27953.859375,169960.9375,13581.466796875,17199.0234375,5893.48388671875,13693.03515625,7912.03857421875,1387.5150146484375,22167.5390625,6364.76416015625,6309.37451171875,39323.98828125,20543.5859375,13980.7451171875,17828.416015625,51011.99609375,10215.654296875,13433.2216796875,146.129638671875,13758.287109375,18243.251953125,6145.96728515625,27850.166015625,13836.228515625,5651.6953125
2021-10-19,14272.11328125,55612.63671875,27044.982421875,24469.634765625,51834.875,18854.431640625,27970.84375,171807.875,13633.4462890625,16804.115234375,5827.6689453125,13695.033203125,7587.078125,1392.49169921875,22122.603515625,6349.8203125,6235.10400390625,39072.76953125,20494.67578125,13653.1962890625,17647.0625,52691.734375,10221.6484375,13279.46875,146.129638671875,13719.4072265625,18372.1015625,6185.85693359375,26766.5234375,13699.5703125,5652.69287109375
2021-10-20,14312.9736328125,55688.2109375,27681.72265625,24502.609375,51742.16015625,18677.71484375,27781.041015625,170799.921875,13588.4658203125,16906.57421875,5833.65234375,13944.6513671875,7536.0849609375,1329.359375,21740.1640625,6298.4541015625,6187.75537109375,39240.61328125,19954.6875,13841.9365234375,17758.666015625,53491.4140625,10260.61328125,13222.6689453125,144.15492248535156,13874.9345703125,18618.802734375,6182.8642578125,26776.509765625,13725.5048828125,5578.828125
2021-10-21,14081.765625,54375.92578125,27588.7578125,24475.6328125,52199.734375,18783.544921875,27021.830078125,169230.546875,13416.53515625,15987.431640625,5731.93798828125,13767.9228515625,7389.1025390625,1321.393310546875,20799.541015625,6228.40966796875,6123.6962890625,39056.3125,20208.212890625,13457.4677734375,17355.10546875,53286.640625,10240.6337890625,13045.4150390625,142.18019104003906,13568.861328125,18317.166015625,6078.1552734375,25517.0859375,13497.0810546875,5514.9443359375
2021-10-22,14089.7392578125,55158.19921875,29214.09765625,24887.2890625,52735.05859375,19001.189453125,27204.64453125,169925.828125,13555.478515625,16121.72265625,5747.892578125,14821.3095703125,7480.091796875,1316.4146728515625,21088.119140625,6248.9560546875,6118.126953125,40188.44140625,20459.740234375,13613.2529296875,17335.177734375,53291.640625,10240.6337890625,13023.8671875,144.15492248535156,13581.8232421875,18390.076171875,6135.9951171875,26257.16015625,13707.55078125,5489.98974609375
2021-10-25,14274.107421875,56284.0,28928.212890625,25111.103515625,52107.02734375,19013.171875,27665.166015625,171760.90625,13763.3935546875,16230.1513671875,5707.0068359375,14439.8916015625,7573.0791015625,1317.4105224609375,21195.9609375,6224.673828125,6106.98583984375,39830.80859375,20547.580078125,13515.3857421875,17341.154296875,51866.46484375,10243.630859375,13028.7646484375,143.1675567626953,13675.5390625,18478.97265625,6220.76025390625,26207.22265625,13656.6787109375,5468.0302734375
2021-10-26,14411.6357421875,56555.875,28628.333984375,25052.150390625,52720.1015625,18862.41796875,28119.6875,172923.671875,14010.2939453125,16451.974609375,5783.79248046875,14477.8359375,7556.08251953125,1340.31298828125,21074.138671875,6334.87744140625,6180.32861328125,40663.44921875,20262.111328125,13605.263671875,17179.732421875,53038.8828125,10199.669921875,13197.2060546875,142.18019104003906,13707.44140625,18477.974609375,6234.72119140625,26232.19140625,13715.5322265625,5489.98974609375
2021-10-27,14209.3271484375,55651.8984375,29008.181640625,24813.3515625,53605.3359375,18919.32421875,28249.55078125,172494.140625,13920.330078125,16377.3740234375,5836.6435546875,14648.5732421875,7362.10546875,1325.37646484375,20787.55859375,6336.74658203125,6223.962890625,40976.10546875,20181.26171875,13668.1767578125,17306.279296875,52370.1875,10284.59375,13220.7099609375,142.18019104003906,13738.3486328125,18303.18359375,6246.68798828125,26087.373046875,13595.8310546875,5435.0908203125
2021-10-28,13947.2265625,56226.08203125,29284.064453125,24595.53125,53831.6328125,19150.94921875,28324.4765625,171140.5625,13981.3046875,16319.6748046875,5804.7333984375,14683.5205078125,7461.09423828125,1320.397705078125,20695.693359375,6448.818359375,6307.51953125,41841.66015625,19899.787109375,13528.369140625,17248.486328125,52416.77734375,10260.61328125,13199.166015625,143.1675567626953,13411.33984375,18172.3359375,6263.640625,25528.0703125,13454.1865234375,5420.11767578125
2021-10-29,13952.208984375,56456.73828125,28516.380859375,24304.7734375,53223.53125,19108.01953125,27854.96484375,170499.21875,13987.3046875,16636.99609375,5784.78857421875,14309.0947265625,7540.0849609375,1290.5244140625,19770.048828125,6537.54248046875,6405.9287109375,41752.8046875,19958.6796875,13679.16015625,17329.1953125,51794.6796875,10230.642578125,13184.4765625,143.1675567626953,13502.0634765625,18127.390625,6257.6572265625,25628.9453125,13524.01171875,5381.18798828125
2021-11-04,14335.89453125,55411.42578125,28383.435546875,23503.439453125,51578.6796875,19674.1015625,28293.5078125,180421.828125,13873.349609375,16666.837890625,5906.44775390625,14271.15234375,7247.11962890625,1328.364013671875,20921.361328125,6672.96240234375,6452.34912109375,41294.2421875,21235.2890625,14738.7021484375,17731.76171875,52578.15234375,10434.4541015625,13306.8896484375,139.21810913085938,13767.2607421875,19177.138671875,6327.46337890625,26525.822265625,13481.119140625,5648.70068359375
2021-11-05,14061.8330078125,54002.953125,28088.556640625,23260.642578125,51879.7421875,19190.884765625,28115.69140625,182342.8125,14016.291015625,15999.369140625,5912.431640625,14008.5537109375,7178.1279296875,1330.3553466796875,19857.921875,6511.3916015625,6268.5263671875,40979.3984375,20914.888671875,16677.03125,17090.052734375,50909.21484375,10354.5283203125,13271.6357421875,138.23074340820312,13511.0361328125,19077.26171875,6293.5576171875,26117.33203125,13936.9736328125,5512.947265625
2021-11-08,14050.8720703125,54818.58984375,28491.392578125,22574.212890625,51392.25390625,19043.126953125,27551.279296875,183307.796875,13920.330078125,15969.5283203125,5822.68359375,14131.365234375,7243.11962890625,1325.37646484375,19771.048828125,6951.275390625,6745.72265625,40852.1484375,20372.904296875,16926.689453125,16964.498046875,50392.09765625,10294.5830078125,13104.1748046875,139.21810913085938,13459.1953125,18717.689453125,6182.8642578125,27338.8046875,13601.8173828125,5480.0087890625
2021-11-09,14005.0283203125,54647.80859375,28554.3671875,22319.423828125,51738.1796875,18945.283203125,27970.84375,183706.40625,14158.2333984375,15943.6640625,5870.54833984375,14269.1552734375,7263.1181640625,1329.359375,18971.220703125,6959.68017578125,6683.51904296875,40803.87109375,20242.1484375,16882.748046875,16732.326171875,51019.59765625,10280.5966796875,13197.2060546875,139.21810913085938,13434.2705078125,18803.5859375,6141.97802734375,27007.220703125,13658.6728515625,5675.65185546875
2021-11-10,13919.322265625,54980.54296875,31487.169921875,21577.044921875,52782.90625,18504.998046875,27970.84375,185071.953125,14013.291015625,15515.9267578125,5861.57373046875,15381.451171875,7292.11376953125,1340.31298828125,19740.095703125,6920.45458984375,6671.44970703125,41172.47265625,19940.712890625,16531.232421875,16352.681640625,50954.8125,10280.5966796875,13253.0283203125,139.21810913085938,13358.5,18477.974609375,6048.23828125,26248.171875,14050.6884765625,5680.64306640625
2021-11-11,13797.73828125,58173.40625,32929.5859375,22242.490234375,52628.39453125,18205.482421875,28579.208984375,184606.46875,14043.279296875,15964.5556640625,5818.69384765625,16136.2958984375,7502.08837890625,1321.393310546875,20814.5234375,6926.9931640625,6744.79248046875,41686.98046875,19881.822265625,16389.42578125,16543.0,50126.140625,10286.591796875,13353.8974609375,138.23074340820312,13459.1953125,18468.982421875,6002.365234375,26369.017578125,14272.1318359375,5696.61376953125
2021-11-12,13503.74609375,58409.95703125,32186.884765625,21634.994140625,53590.38671875,18112.634765625,27910.908203125,182936.1875,14144.23828125,15657.1826171875,5717.9765625,16158.2626953125,7524.08544921875,1337.325927734375,20299.2734375,6897.107421875,6681.6630859375,41991.94921875,19653.251953125,15977.99609375,16242.0751953125,52448.375,10200.6689453125,13301.013671875,136.2560272216797,13194.9951171875,18477.974609375,5950.5087890625,25651.91796875,13975.8759765625,5668.66357421875
2021-11-16,13735.94921875,57986.91796875,32756.65234375,21857.810546875,53823.65625,18311.310546875,27942.875,184618.4375,14229.203125,15345.826171875,5759.8583984375,17116.796875,7517.0859375,1329.359375,21357.72265625,6894.30517578125,6732.72412109375,41379.80859375,19932.7265625,15770.2802734375,16225.1357421875,55491.296875,10175.6923828125,13585.9951171875,138.23074340820312,13060.4033203125,20023.134765625,5990.3984375,25932.568359375,13687.599609375,5741.5322265625
2021-11-17,13862.515625,58822.19140625,32847.61328125,21291.283203125,53391.01171875,18220.458984375,27464.369140625,184477.578125,14498.0947265625,15405.5107421875,5888.49853515625,17306.50390625,7712.0634765625,1327.3682861328125,21635.3203125,7056.80908203125,6884.05322265625,42013.890625,19618.314453125,15704.3720703125,16364.6396484375,55035.96484375,10195.673828125,13350.568359375,138.23074340820312,13238.86328125,19584.654296875,5940.5361328125,25995.486328125,13676.62890625,5370.20849609375
2021-11-18,13986.09375,58109.609375,32806.62890625,21359.224609375,53998.1171875,18503.0,28026.78515625,184881.15625,14494.095703125,15120.021484375,5946.33642578125,17078.85546875,7754.0576171875,1324.3807373046875,21268.85546875,7193.16357421875,7121.72216796875,42442.828125,19172.1484375,15678.408203125,16341.7197265625,54318.28125,10300.5771484375,13417.1640625,137.24339294433594,13223.9072265625,19869.314453125,5917.60009765625,25218.458984375,13682.615234375,5415.126953125
2021-11-19,13478.830078125,58890.89453125,32766.642578125,21077.458984375,53731.9375,18182.521484375,28230.57421875,183214.921875,14337.1611328125,14913.115234375,5785.787109375,17159.73046875,7764.05712890625,1294.5074462890625,20769.583984375,7326.71728515625,7241.4853515625,42141.1484375,18926.609375,15566.5625,16008.90625,54311.48046875,10296.5810546875,13004.8564453125,140.20547485351562,12893.9072265625,19582.65625,5830.83984375,24670.14453125,13690.595703125,5220.48095703125
2021-11-22,13625.3291015625,59809.59375,32486.765625,22267.466796875,53910.38671875,18417.142578125,28262.541015625,184039.03125,14326.1640625,15165.779296875,5872.54296875,17038.91015625,7853.0458984375,1315.4188232421875,20531.9375,7637.71630859375,7547.85546875,42027.05859375,18942.580078125,15728.3388671875,16152.39453125,53050.8828125,10315.5625,13051.865234375,139.21810913085938,13116.2353515625,19679.537109375,5867.73828125,24835.9375,13645.7060546875,5295.3447265625
2021-11-24,13364.22265625,60317.03515625,32110.91796875,21621.005859375,54648.078125,17984.841796875,28140.6640625,179067.265625,13790.3828125,15318.96875,5730.939453125,17122.78515625,8016.0263671875,1311.4356689453125,19386.609375,7645.18798828125,7652.76318359375,41980.98046875,18820.8046875,16150.7578125,16048.765625,50532.07421875,10210.6611328125,12609.1962890625,142.18019104003906,13000.5849609375,19264.0390625,5716.158203125,26677.6328125,13591.8408203125,5182.55078125
2021-11-26,12452.3466796875,56305.58203125,32643.69921875,21218.341796875,54875.37890625,17480.66015625,27991.818359375,170438.3125,12842.7685546875,14354.07421875,5369.9521484375,17489.2265625,7513.0869140625,1224.8033447265625,18002.63671875,7216.5126953125,7160.71435546875,41366.6484375,18766.908203125,15681.4033203125,15209.755859375,50255.1171875,9813.0234375,12111.685546875,143.1675567626953,12256.83984375,18842.5390625,5255.435546875,24737.060546875,13363.416015625,4976.92578125
2021-11-29,13146.9677734375,57278.26953125,32232.865234375,22403.35546875,54787.640625,18409.15234375,28697.08984375,176247.1875,13330.5703125,15162.794921875,5509.5595703125,17269.560546875,7746.05908203125,1264.6341552734375,19096.03515625,7477.08056640625,7419.73681640625,41534.49609375,19855.873046875,15919.076171875,16148.41015625,49222.078125,9864.9765625,12398.6357421875,149.0917205810547,12860.01171875,19506.74609375,5516.71142578125,25845.673828125,13680.6181640625,5106.68896484375
2021-11-30,13354.2568359375,58377.56640625,34494.9453125,23806.1875,53979.1796875,18050.734375,28320.48046875,182109.078125,13322.57421875,15101.12109375,5567.3984375,18801.21484375,7701.064453125,1329.359375,20205.4140625,7541.52197265625,7477.2978515625,40470.375,19862.859375,16136.77734375,16459.298828125,49157.09375,9855.986328125,12292.8662109375,145.1422882080078,12924.8173828125,19692.5234375,5524.68896484375,26501.853515625,13317.5302734375,5150.609375
2021-12-01,13799.732421875,58840.8359375,35475.5390625,24271.798828125,53881.47265625,18258.396484375,28879.89453125,186531.453125,13889.3427734375,15231.4326171875,5731.93798828125,18474.716796875,7718.0615234375,1353.2581787109375,21050.173828125,7583.548828125,7533.0009765625,41319.46875,20661.365234375,16849.796875,16662.576171875,49381.1875,9992.8583984375,12480.9013671875,149.0917205810547,13130.19140625,19809.388671875,5673.27734375,27513.5859375,13158.08203125,5269.39208984375
2021-12-02,13907.361328125,58134.15234375,33585.3203125,23515.431640625,53610.328125,18808.50390625,29484.265625,185305.71875,13755.3974609375,15248.3427734375,5711.9931640625,17573.095703125,7427.09716796875,1394.0850830078125,21734.173828125,7480.81591796875,7365.890625,41586.05859375,20960.8046875,16577.169921875,16705.421875,49533.56640625,10191.6767578125,12627.8046875,147.11700439453125,13190.0107421875,20234.875,5671.28271484375,27972.013671875,13220.943359375,5373.2041015625
2021-12-03,14497.3408203125,56437.109375,33107.51171875,23475.462890625,54160.59375,18703.67578125,29453.298828125,185339.6875,13808.376953125,14996.673828125,5702.02099609375,17573.095703125,7473.0927734375,1409.021484375,21794.0859375,7696.55517578125,7620.2705078125,41776.9296875,21083.57421875,16657.060546875,16664.568359375,49134.015625,10290.5869140625,12486.7783203125,148.1043701171875,13219.919921875,20364.72265625,5733.11181640625,28288.619140625,13320.724609375,5429.10107421875
2021-12-06,14875.0498046875,58143.96875,33456.36328125,22257.4765625,55135.54296875,18716.65234375,29409.341796875,185805.171875,13658.4375,15471.166015625,5800.744140625,17541.146484375,7536.0849609375,1395.0806884765625,21939.87109375,7738.58251953125,7670.40478515625,42304.6015625,21029.673828125,16022.93359375,17214.609375,49233.60546875,10288.58984375,12452.4990234375,149.0917205810547,13459.1953125,20237.873046875,5664.30224609375,28488.369140625,13091.228515625,5376.197265625
2021-12-07,14963.7451171875,61939.484375,32714.669921875,21781.87109375,56187.265625,18695.6875,29555.193359375,187553.375,13644.44140625,15774.560546875,5861.57373046875,17138.759765625,7841.04736328125,1421.9666748046875,22389.21484375,7861.86181640625,7737.24853515625,43082.390625,20861.9921875,16127.7880859375,17152.826171875,50834.796875,10308.5712890625,12477.9638671875,148.1043701171875,13457.201171875,20834.16796875,5773.998046875,29762.775390625,13163.0703125,5315.30810546875
2021-12-08,15101.2724609375,60903.0,31454.185546875,21616.01171875,55665.89453125,18715.654296875,29630.1171875,190480.28125,14055.275390625,15804.4013671875,5864.56494140625,16429.84375,7689.06591796875,1428.93701171875,21487.533203125,7779.14208984375,7668.96337890625,42432.95703125,20880.955078125,16245.6259765625,17084.072265625,50522.8359375,10300.5771484375,12619.96875,148.1043701171875,13459.1953125,20487.578125,5817.87646484375,29070.640625,13116.173828125,5327.287109375
2021-12-09,15095.2939453125,60755.77734375,31429.1953125,21557.060546875,56813.3125,18820.482421875,30196.5234375,190763.984375,13908.3349609375,15276.1953125,5859.57958984375,16483.767578125,7706.064453125,1445.865234375,21411.646484375,7837.0625,7642.0322265625,42587.64453125,20993.7421875,15833.1953125,17138.87890625,49983.91015625,10371.5126953125,12685.5859375,148.1043701171875,13470.1630859375,20468.599609375,5973.4453125,28327.568359375,13272.8291015625,5309.31884765625
2021-12-10,14825.2197265625,60854.9140625,30869.419921875,21583.037109375,57943.7734375,18463.064453125,30434.27734375,189661.140625,13694.421875,15052.37890625,5733.93115234375,16016.478515625,7809.0517578125,1443.8736572265625,20645.767578125,7752.05029296875,7595.5986328125,42465.87109375,20331.982421875,15778.2705078125,16662.576171875,50384.2578125,10355.52734375,12530.8486328125,150.07908630371094,13301.6708984375,20136.9921875,5831.83740234375,28244.673828125,13205.9775390625,5155.60009765625
2021-12-13,14498.3388671875,60589.890625,30367.62890625,21444.15234375,57533.046875,18431.115234375,30609.09375,191085.65625,13595.4619140625,15022.5361328125,5655.15283203125,15902.6533203125,7771.05615234375,1424.9541015625,20379.158203125,7660.498046875,7565.8798828125,42145.53515625,20117.3828125,16027.9267578125,16584.853515625,50267.2734375,10196.671875,12479.9228515625,146.129638671875,13167.0810546875,20480.583984375,5778.98388671875,27642.42578125,13103.2041015625,5105.69091796875
2021-12-14,14562.1201171875,60908.88671875,30796.453125,22124.587890625,57335.671875,18204.484375,30134.58984375,192252.421875,13658.4375,15263.2646484375,5690.05419921875,16036.4501953125,7840.04736328125,1424.9541015625,21145.03515625,7652.08984375,7512.9462890625,41933.80859375,20106.224609375,16932.6796875,16673.53515625,50085.890625,10139.7236328125,12380.0263671875,147.11700439453125,13155.115234375,20800.20703125,5696.21337890625,25982.501953125,13304.7587890625,5163.58544921875
2021-12-15,14615.935546875,60399.48046875,30737.4765625,21356.2265625,57210.0625,18275.369140625,30249.466796875,197282.15625,13876.3466796875,14998.6630859375,5833.65234375,16230.15234375,7738.0595703125,1456.8187255859375,21118.076171875,7806.23388671875,7629.0302734375,41785.70703125,19986.435546875,17314.15625,16960.513671875,49393.5859375,10440.451171875,12553.373046875,147.11700439453125,13344.5419921875,20895.08984375,5736.10302734375,24956.787109375,13185.0205078125,5140.62744140625
2021-12-17,14836.1826171875,60850.98046875,32299.837890625,22497.27734375,57554.98046875,18543.935546875,30761.93359375,199730.59375,13743.4013671875,15398.548828125,5946.33642578125,17021.939453125,7758.05712890625,1473.7470703125,21949.857421875,7926.7470703125,7798.97705078125,42084.10546875,20027.361328125,17203.30859375,17036.244140625,47288.25390625,10566.333984375,12513.2197265625,143.1675567626953,13381.4306640625,20525.533203125,5740.091796875,25338.30859375,13264.845703125,5146.6162109375
2021-12-20,14404.6591796875,59443.4921875,31318.23828125,21759.890625,57639.71484375,18241.423828125,30872.8203125,197247.1875,13474.51171875,14927.04296875,5809.72021484375,16349.96875,7550.08349609375,1436.9033203125,20745.619140625,7766.99755859375,7641.103515625,40474.765625,19492.2890625,17020.55859375,16796.099609375,47493.83203125,10297.5810546875,12383.9443359375,146.129638671875,13026.5078125,20638.39453125,5629.3984375,24297.609375,13115.17578125,5060.7724609375
2021-12-21,14736.5234375,61150.33984375,32129.908203125,21997.693359375,58887.8203125,18419.134765625,30600.1015625,196509.96875,13775.388671875,15159.8115234375,5901.4619140625,16764.3359375,7757.05712890625,1459.80615234375,21658.28515625,7847.33935546875,7709.82470703125,41277.7890625,19541.203125,17025.552734375,17014.32421875,47194.87109375,10590.3134765625,12457.3974609375,147.11700439453125,13189.015625,20426.65234375,5721.14404296875,25172.515625,13229.9248046875,5031.82470703125
2021-12-22,14762.43359375,61148.3828125,31653.107421875,22772.048828125,57531.1640625,18546.92578125,30747.947265625,198791.5625,14073.2685546875,15418.44140625,5913.4287109375,16754.34765625,7828.048828125,1466.776611328125,21612.3515625,7823.984375,7809.1923828125,41518.03515625,19602.095703125,17101.44921875,17163.7890625,47673.203125,10569.3310546875,12525.9521484375,147.11700439453125,13391.3994140625,20522.537109375,5835.82666015625,25402.2265625,13275.822265625,5120.66259765625
2021-12-23,14949.7919921875,61769.67578125,31455.185546875,22182.5390625,57340.7265625,18551.919921875,30811.8828125,198701.640625,14140.2412109375,15427.39453125,5943.3447265625,16494.748046875,7888.0419921875,1468.7681884765625,21899.9296875,7923.9443359375,7837.052734375,41587.1484375,19508.263671875,17145.388671875,17248.486328125,48194.34375,10640.2685546875,12606.2568359375,146.129638671875,13574.84375,20575.4765625,5862.751953125,25218.458984375,13390.5703125,5144.62060546875
2021-12-29,15140.140625,63553.08984375,31424.1953125,22403.35546875,58567.12890625,18794.525390625,31467.19921875,201908.296875,14249.1953125,15502.998046875,5961.29443359375,16857.193359375,8127.01318359375,1509.5948486328125,22006.7734375,8207.0087890625,8037.6455078125,43313.8671875,19798.755859375,17201.3125,17384.998046875,49103.2265625,10543.3564453125,12763.9345703125,149.0917205810547,13801.1572265625,20857.138671875,5890.6748046875,26658.65625,13457.423828125,5222.47705078125
2021-12-30,15447.0888671875,64130.2265625,32353.81640625,22801.0234375,58922.08984375,19114.0078125,31941.703125,203218.953125,14435.12109375,15470.169921875,6081.95703125,17400.359375,8148.01123046875,1527.518798828125,21869.97265625,8221.021484375,8154.658203125,43437.828125,19907.5703125,17495.90234375,17498.595703125,48731.2734375,10742.173828125,12911.8173828125,148.1043701171875,14014.51171875,21123.8203125,5970.4541015625,26098.357421875,13518.2900390625,5213.494140625
