,AUDUSD,BRLUSD,Bitcoin,Oil,EURUSD,GBPUSD,Gold,JPYUSD,ZARUSD,ASX50,Ibovespa,FTSE100,SP500,NIKKEI225,EUROSTOXX50,VIX,US_10Y,DE_10Y,UK_10Y,JP_10Y,AU_10Y,ZA_10Y
2015-01-05,0.8067768812179565,0.37158143520355225,274.4739990234375,50.040000915527344,1.194643259048462,1.5284910202026367,1203.9000244140625,0.008303303271532059,0.08526820689439774,5429.5,47517.0,6417.2001953125,2020.5799560546875,17408.7109375,3023.139892578125,19.920000076293945,2.04,0.39,1.589,0.275,2.622,7.4647619048
2015-01-06,0.8099789619445801,0.36994561553001404,286.1889953613281,47.93000030517578,1.193901538848877,1.5258322954177856,1219.300048828125,0.008373456075787544,0.0855044350028038,5346.2001953125,48001.0,6366.5,2002.6099853515625,16883.189453125,3023.139892578125,21.1200008392334,1.97,0.39,1.589,0.275,2.622,7.4647619048
2015-01-07,0.8080155253410339,0.37083736062049866,294.3370056152344,48.650001525878906,1.1875356435775757,1.5137982368469238,1210.5999755859375,0.008426517248153687,0.085324227809906,5334.5,49463.0,6419.7998046875,2025.9000244140625,16885.330078125,3026.7900390625,19.309999465942383,1.96,0.39,1.589,0.275,2.622,7.4647619048
2015-01-08,0.8075587749481201,0.37302297353744507,283.3489990234375,48.790000915527344,1.1836000680923462,1.5107566118240356,1208.4000244140625,0.008383002132177353,0.08556149899959564,5359.39990234375,49943.0,6570.0,2062.139892578125,17167.099609375,3135.080078125,17.010000228881836,2.03,0.39,1.589,0.275,2.622,7.4647619048
2015-01-09,0.8114249110221863,0.37598225474357605,290.4079895019531,48.36000061035156,1.1796069145202637,1.5087963342666626,1216.0,0.008347802795469761,0.08638748526573181,5440.10009765625,48840.0,6501.10009765625,2044.81005859375,17197.73046875,3042.89990234375,17.549999237060547,1.98,0.39,1.589,0.275,2.622,7.4647619048
2015-01-13,0.8150623440742493,0.3745037615299225,225.86099243164062,45.88999938964844,1.1831519603729248,1.5170363187789917,1234.300048828125,0.008451084606349468,0.08680404722690582,5382.10009765625,48042.0,6542.2001953125,2023.030029296875,17087.7109375,3133.860107421875,20.559999465942383,1.91,0.39,1.589,0.275,2.622,7.4647619048
2015-01-14,0.8173941373825073,0.3788452744483948,178.10299682617188,48.47999954223633,1.1778285503387451,1.5170363187789917,1234.4000244140625,0.00848932471126318,0.0870034247636795,5332.2001953125,47646.0,6388.5,2011.27001953125,16795.9609375,3089.669921875,21.479999542236328,1.86,0.39,1.589,0.275,2.622,7.4647619048
2015-01-15,0.8144648671150208,0.3828337490558624,209.843994140625,46.25,1.1785920858383179,1.5234380960464478,1264.699951171875,0.008518612943589687,0.08741586655378342,5310.60009765625,48026.0,6498.7998046875,1992.6700439453125,17108.69921875,3157.360107421875,22.389999389648438,1.77,0.39,1.589,0.275,2.622,7.4647619048
2015-01-16,0.8223684430122375,0.3789744973182678,208.0970001220703,48.689998626708984,1.1637378931045532,1.5181187391281128,1276.9000244140625,0.008611039258539677,0.08664295077323914,5278.7998046875,49017.0,6550.2998046875,2019.4200439453125,16864.16015625,3202.239990234375,20.950000762939453,1.83,0.39,1.589,0.275,2.622,7.4647619048
2015-01-20,0.8195378184318542,0.37762925028800964,211.31500244140625,46.38999938964844,1.1597968339920044,1.5090012550354004,1294.199951171875,0.008495310321450233,0.08601787686347961,5286.7998046875,47877.0,6620.10009765625,2022.550048828125,17366.30078125,3244.919921875,19.889999389648438,1.82,0.39,1.589,0.275,2.622,7.4647619048
2015-01-21,0.8165265321731567,0.38299500942230225,226.89700317382812,47.779998779296875,1.1546944379806519,1.5147384405136108,1293.699951171875,0.008428220637142658,0.08631419390439987,5367.39990234375,49224.0,6728.0,2032.1199951171875,17280.48046875,3269.72998046875,18.850000381469727,1.87,0.39,1.589,0.275,2.622,7.4647619048
2015-01-22,0.8101101517677307,0.3850448429584503,233.406005859375,46.310001373291016,1.1615345478057861,1.5144860744476318,1300.699951171875,0.008484642952680588,0.08692401647567749,5390.5,49443.0,6796.60009765625,2063.14990234375,17329.01953125,3322.64990234375,16.399999618530273,1.9,0.39,1.589,0.275,2.622,7.4647619048
2015-01-23,0.801988959312439,0.3889991044998169,232.87899780273438,45.59000015258789,1.1346745491027832,1.5013211965560913,1292.5999755859375,0.008420981466770172,0.0877293050289154,5468.2001953125,48775.0,6832.7998046875,2051.820068359375,17511.75,3382.550048828125,16.65999984741211,1.81,0.39,1.589,0.275,2.622,7.4647619048
2015-01-27,0.7922046780586243,0.38761192560195923,263.4750061035156,46.22999954223633,1.1247708797454834,1.5085458755493164,1291.699951171875,0.008437395095825195,0.08731947094202042,5511.5,48591.0,6811.60009765625,2029.550048828125,17768.30078125,3372.580078125,17.219999313354492,1.83,0.39,1.589,0.275,2.622,7.4647619048
2015-01-28,0.7921419143676758,0.38921108841896057,233.9149932861328,44.45000076293945,1.1367381811141968,1.5188103914260864,1285.9000244140625,0.008490766398608685,0.08641399443149567,5516.60009765625,47695.0,6825.89990234375,2002.1600341796875,17795.73046875,3358.9599609375,20.440000534057617,1.73,0.39,1.589,0.275,2.622,7.4647619048
2015-01-29,0.7892659902572632,0.3886362612247467,233.51300048828125,44.529998779296875,1.1281461715698242,1.5142338275909424,1254.5999755859375,0.008503980003297329,0.08643117547035217,5532.2001953125,47762.0,6810.60009765625,2021.25,17606.220703125,3371.830078125,18.760000228881836,1.77,0.39,1.589,0.275,2.622,7.4647619048
2015-01-30,0.7782101631164551,0.38458579778671265,226.4250030517578,48.2400016784668,1.13355553150177,1.5079090595245361,1278.5,0.008456802926957607,0.08664685487747192,5551.60009765625,46908.0,6749.39990234375,1994.989990234375,17674.390625,3351.43994140625,20.969999313354492,1.68,0.39,1.589,0.275,2.622,7.4647619048
2015-02-02,0.7782101631164551,0.3733014762401581,238.22900390625,49.56999969482422,1.1309019327163696,1.5087052583694458,1276.199951171875,0.008533588610589504,0.08601943403482437,5586.5,47651.0,6782.60009765625,2020.8499755859375,17558.0390625,3370.110107421875,19.43000030517578,1.68,0.39,1.589,0.275,2.622,7.4647619048
2015-02-03,0.7801529169082642,0.3671611249446869,227.26800537109375,53.04999923706055,1.1341726779937744,1.5028102397918701,1259.699951171875,0.008505209349095821,0.086942158639431,5666.2001953125,48964.0,6871.7998046875,2050.030029296875,17335.849609375,3414.179931640625,17.329999923706055,1.79,0.39,1.589,0.275,2.622,7.4647619048
2015-02-04,0.7762769460678101,0.37159526348114014,226.85299682617188,48.45000076293945,1.145737886428833,1.5142109394073486,1263.800048828125,0.00850007589906454,0.08792135864496231,5733.7001953125,49301.0,6860.0,2041.510009765625,17678.740234375,3415.530029296875,18.329999923706055,1.81,0.39,1.589,0.275,2.622,7.4647619048
2015-02-05,0.7760962843894958,0.3651900589466095,217.11099243164062,50.47999954223633,1.131874680519104,1.5180034637451172,1262.0,0.008526021614670753,0.08713230490684509,5765.5,49234.0,6865.89990234375,2062.52001953125,17504.619140625,3408.9599609375,16.850000381469727,1.83,0.39,1.589,0.275,2.622,7.4647619048
2015-02-06,0.7799704074859619,0.3647505044937134,222.26600646972656,51.689998626708984,1.147196888923645,1.5325905084609985,1233.9000244140625,0.008508103899657726,0.08858870714902878,5774.7001953125,48792.0,6853.39990234375,2055.469970703125,17648.5,3398.159912109375,17.290000915527344,1.95,0.39,1.589,0.275,2.622,7.4647619048
2015-02-09,0.7760962843894958,0.3597640097141266,220.11000061035156,52.86000061035156,1.1314393281936646,1.523902416229248,1240.800048828125,0.008405480533838272,0.08696938306093216,5770.10009765625,49383.0,6837.2001953125,2046.739990234375,17711.9296875,3347.75,18.549999237060547,1.96,0.39,1.589,0.275,2.622,7.4647619048
2015-02-10,0.7799095511436462,0.36149370670318604,219.83900451660156,50.02000045776367,1.1326953172683716,1.5216069221496582,1231.5999755859375,0.008434333838522434,0.08639607578516006,5757.39990234375,48510.0,6829.10009765625,2068.590087890625,17652.6796875,3383.1298828125,17.229999542236328,2.01,0.39,1.589,0.275,2.622,7.4647619048
2015-02-12,0.7722604274749756,0.34897923469543457,221.76400756835938,51.209999084472656,1.131196141242981,1.5242739915847778,1220.0999755859375,0.008321544155478477,0.08476443588733673,5707.7001953125,49533.0,6828.10009765625,2088.47998046875,17979.720703125,3417.610107421875,15.34000015258789,1.99,0.39,1.589,0.275,2.622,7.4647619048
2015-02-13,0.7756748795509338,0.35498759150505066,235.427001953125,52.779998779296875,1.140393853187561,1.5391956567764282,1226.5,0.008409297093749046,0.08543919026851654,5835.5,50636.0,6873.5,2096.989990234375,17913.359375,3447.590087890625,14.6899995803833,2.02,0.39,1.589,0.275,2.622,7.4647619048
2015-02-18,0.78118896484375,0.35389459133148193,236.3260040283203,52.13999938964844,1.1404719352722168,1.5353436470031738,1199.699951171875,0.008388699032366276,0.0856785699725151,5877.89990234375,51280.0,6898.10009765625,2099.679931640625,18199.169921875,3465.800048828125,15.449999809265137,2.07,0.39,1.589,0.275,2.622,7.4647619048
2015-02-19,0.7808229923248291,0.35285812616348267,240.2830047607422,51.15999984741211,1.1400039196014404,1.543900728225708,1207.0999755859375,0.008425380103290081,0.08629095554351807,5869.7998046875,51294.0,6888.89990234375,2097.449951171875,18264.7890625,3488.080078125,15.289999961853027,2.11,0.39,1.589,0.275,2.622,7.4647619048
2015-02-20,0.7795447707176208,0.34924736618995667,243.7790069580078,50.34000015258789,1.1366735696792603,1.5419963598251343,1204.4000244140625,0.008404209278523922,0.08570889383554459,5845.60009765625,51238.0,6915.2001953125,2110.300048828125,18332.30078125,3490.530029296875,14.300000190734863,2.13,0.39,1.589,0.275,2.622,7.4647619048
2015-02-23,0.7846214175224304,0.34914982318878174,238.89199829101562,49.45000076293945,1.1381484270095825,1.5389113426208496,1200.300048828125,0.008397998288273811,0.08608889579772949,5872.39990234375,51281.0,6912.2001953125,2109.659912109375,18466.919921875,3519.580078125,14.5600004196167,2.06,0.39,1.589,0.275,2.622,7.4647619048
2015-02-24,0.7799704074859619,0.3478623628616333,238.73500061035156,49.279998779296875,1.1332985162734985,1.5452368259429932,1196.9000244140625,0.008410216309130192,0.08601484447717667,5890.0,51874.0,6949.60009765625,2115.47998046875,18603.48046875,3547.10009765625,13.6899995803833,1.99,0.39,1.589,0.275,2.622,7.4647619048
2015-02-25,0.7833307385444641,0.3500174880027771,237.47000122070312,50.9900016784668,1.1339025497436523,1.545905590057373,1201.0,0.00841099489480257,0.0870189517736435,5908.60009765625,51811.0,6935.39990234375,2113.860107421875,18585.19921875,3541.780029296875,13.84000015258789,1.96,0.39,1.589,0.275,2.622,7.4647619048
2015-02-26,0.7883948683738708,0.3485777974128723,236.42599487304688,48.16999816894531,1.1363636255264282,1.552891492843628,1209.5999755859375,0.0084159504622221,0.08736523985862732,5877.89990234375,51761.0,6949.7001953125,2110.739990234375,18785.7890625,3574.93994140625,13.90999984741211,2.03,0.39,1.589,0.275,2.622,7.4647619048
2015-02-27,0.780579149723053,0.34423407912254333,253.8280029296875,49.7599983215332,1.1205360889434814,1.5418059825897217,1212.5999755859375,0.00837682280689478,0.08673252165317535,5898.5,51583.0,6946.7001953125,2104.5,18797.939453125,3599.0,13.34000015258789,2.0,0.39,1.589,0.275,2.622,7.4647619048
2015-03-02,0.7785736322402954,0.35250985622406006,275.6700134277344,49.59000015258789,1.1161960363388062,1.5406184196472168,1207.699951171875,0.008345434442162514,0.08558932691812515,5926.2998046875,51021.0,6940.60009765625,2117.389892578125,18826.880859375,3591.090087890625,13.039999961853027,2.08,0.39,1.589,0.275,2.622,7.4647619048
2015-03-03,0.7756748795509338,0.3456977903842926,281.7019958496094,50.52000045776367,1.1179054975509644,1.5359095335006714,1204.0,0.008319190703332424,0.08496248722076416,5902.89990234375,51304.0,6889.10009765625,2107.780029296875,18815.16015625,3549.110107421875,13.859999656677246,2.12,0.39,1.589,0.275,2.622,7.4647619048
2015-03-04,0.7820442914962769,0.34154170751571655,273.0920104980469,51.529998779296875,1.118217945098877,1.5366648435592651,1200.5999755859375,0.00835861824452877,0.08515551686286926,5871.5,50468.0,6919.2001953125,2098.530029296875,18703.599609375,3583.43994140625,14.229999542236328,2.12,0.39,1.589,0.275,2.622,7.4647619048
2015-03-05,0.7823501825332642,0.33654168248176575,276.1780090332031,50.7599983215332,1.1082050800323486,1.52650785446167,1195.9000244140625,0.008357640355825424,0.08485859632492065,5873.7001953125,50365.0,6961.10009765625,2101.0400390625,18751.83984375,3618.2099609375,14.039999961853027,2.11,0.39,1.589,0.275,2.622,7.4647619048
2015-03-06,0.7785130143165588,0.3333222270011902,272.7229919433594,49.61000061035156,1.1032048463821411,1.5247621536254883,1164.0999755859375,0.0083302091807127,0.08450585603713989,5868.60009765625,49981.0,6911.7998046875,2071.260009765625,18971.0,3617.6201171875,15.199999809265137,2.24,0.39,1.589,0.275,2.622,7.4647619048
2015-03-09,0.7722604274749756,0.3271180987358093,289.60699462890625,50.0,1.0845986604690552,1.5057746171951294,1166.4000244140625,0.008282328024506569,0.08322929590940475,5793.0,49181.0,6876.5,2079.429931640625,18790.55078125,3610.280029296875,15.0600004196167,2.2,0.39,1.589,0.275,2.622,7.4647619048
2015-03-10,0.7685213685035706,0.3202356994152069,291.760009765625,48.290000915527344,1.0833414793014526,1.5104827880859375,1160.0999755859375,0.008236689493060112,0.08257433772087097,5794.2998046875,48293.0,6702.7998046875,2044.1600341796875,18665.109375,3567.25,16.690000534057617,2.14,0.39,1.589,0.275,2.622,7.4647619048
2015-03-11,0.7641754746437073,0.32241424918174744,296.3789978027344,48.16999816894531,1.0708701610565186,1.508204698562622,1150.699951171875,0.008261867798864841,0.08096444606781006,5763.2998046875,48906.0,6721.5,2040.239990234375,18723.51953125,3649.5400390625,16.8700008392334,2.11,0.39,1.589,0.275,2.622,7.4647619048
2015-03-12,0.7605719566345215,0.3198055624961853,294.35400390625,47.04999923706055,1.0548745393753052,1.4932951927185059,1152.0999755859375,0.008236485533416271,0.0816054716706276,5816.0,48880.0,6761.10009765625,2065.949951171875,18991.109375,3641.320068359375,15.420000076293945,2.1,0.39,1.589,0.275,2.622,7.4647619048
2015-03-13,0.770653486251831,0.31614553928375244,285.3370056152344,44.84000015258789,1.0626314878463745,1.4894028902053833,1152.5999755859375,0.008242799900472164,0.0815381333231926,5788.0,48596.0,6740.60009765625,2053.39990234375,19254.25,3656.2099609375,16.0,2.13,0.39,1.589,0.275,2.622,7.4647619048
2015-03-16,0.7616146206855774,0.30816641449928284,290.5929870605469,43.880001068115234,1.0481630563735962,1.4755791425704956,1153.300048828125,0.008241101168096066,0.08036840707063675,5769.7001953125,48848.0,6804.10009765625,2081.18994140625,19246.060546875,3706.75,15.609999656677246,2.1,0.39,1.589,0.275,2.622,7.4647619048
2015-03-17,0.7644091248512268,0.3083754777908325,285.5050048828125,43.459999084472656,1.0572947263717651,1.4825797080993652,1148.300048828125,0.008239472284913063,0.08062760531902313,5811.0,50285.0,6837.60009765625,2074.280029296875,19437.0,3672.159912109375,15.65999984741211,2.06,0.39,1.589,0.275,2.622,7.4647619048
2015-03-18,0.7623113393783569,0.3080524802207947,256.29901123046875,44.65999984741211,1.0598047971725464,1.47520911693573,1151.4000244140625,0.008245382457971573,0.08097146451473236,5808.0,51526.0,6945.2001953125,2099.5,19544.48046875,3668.52001953125,13.970000267028809,1.93,0.39,1.589,0.275,2.622,7.4647619048
2015-03-19,0.7778469324111938,0.3107423484325409,260.9280090332031,43.959999084472656,1.0849988460540771,1.496199607849121,1169.0999755859375,0.008328891359269619,0.0827251672744751,5912.5,50954.0,6962.2998046875,2089.27001953125,19476.560546875,3670.72998046875,14.069999694824219,1.98,0.39,1.589,0.275,2.622,7.4647619048
2015-03-20,0.7658140659332275,0.3039144277572632,261.7489929199219,45.720001220703125,1.066894292831421,1.4761673212051392,1184.800048828125,0.00828075036406517,0.0813588872551918,5936.2998046875,51967.0,7022.5,2108.10009765625,19560.220703125,3726.070068359375,13.020000457763672,1.93,0.39,1.589,0.275,2.622,7.4647619048
2015-03-23,0.7783918380737305,0.3101159632205963,266.739990234375,47.45000076293945,1.0826611518859863,1.494321584701538,1188.0,0.008331459015607834,0.08312483131885529,5921.0,51908.0,7037.7001953125,2104.419921875,19754.359375,3699.0400390625,13.40999984741211,1.92,0.39,1.589,0.275,2.622,7.4647619048
2015-03-24,0.7875256538391113,0.3196624517440796,245.59500122070312,47.5099983215332,1.094499111175537,1.4951928853988647,1191.699951171875,0.008350730873644352,0.08398844301700592,5934.5,51506.0,7019.7001953125,2091.5,19713.44921875,3731.35009765625,13.619999885559082,1.88,0.39,1.589,0.275,2.622,7.4647619048
2015-03-25,0.7862871289253235,0.31885722279548645,246.19700622558594,49.209999084472656,1.0902034044265747,1.4833933115005493,1197.300048828125,0.008347872644662857,0.08463674038648605,5937.10009765625,51858.0,6991.0,2061.050048828125,19746.19921875,3684.0400390625,15.4399995803833,1.93,0.39,1.589,0.275,2.622,7.4647619048
2015-03-26,0.7830240726470947,0.31276389956474304,248.53199768066406,51.43000030517578,1.0960465669631958,1.4877409934997559,1205.0999755859375,0.008366940543055534,0.08445233106613159,5849.7001953125,50580.0,6895.2998046875,2056.14990234375,19471.119140625,3669.7900390625,15.800000190734863,2.01,0.39,1.589,0.275,2.622,7.4647619048
2015-03-27,0.783392071723938,0.3145148456096649,247.0290069580078,48.869998931884766,1.0886367559432983,1.4858399629592896,1199.800048828125,0.008390458300709724,0.08350661396980286,5888.89990234375,50095.0,6855.0,2061.02001953125,19285.630859375,3679.030029296875,15.069999694824219,1.95,0.39,1.589,0.275,2.622,7.4647619048
2015-03-30,0.773455023765564,0.30852770805358887,247.5260009765625,48.68000030517578,1.0884946584701538,1.4885826110839844,1184.800048828125,0.008385743945837021,0.08305869251489639,5816.2998046875,51243.0,6891.39990234375,2086.239990234375,19411.400390625,3727.800048828125,14.510000228881836,1.96,0.39,1.589,0.275,2.622,7.4647619048
2015-03-31,0.7658140659332275,0.30998140573501587,244.2239990234375,47.599998474121094,1.0830246210098267,1.4809110164642334,1183.0999755859375,0.008332430385053158,0.082404226064682,5861.89990234375,51150.0,6773.0,2067.889892578125,19206.990234375,3697.3798828125,15.289999961853027,1.94,0.39,1.589,0.275,2.622,7.4647619048
2015-04-01,0.7613826394081116,0.31362709403038025,247.27200317382812,50.09000015258789,1.073814034461975,1.482953429222107,1208.0999755859375,0.00833180546760559,0.08242935687303543,5832.89990234375,52322.0,6809.5,2059.68994140625,19034.83984375,3714.889892578125,15.109999656677246,1.87,0.122,1.755,0.34,2.41,7.8231578947
2015-04-02,0.7606876492500305,0.31602567434310913,253.0050048828125,49.13999938964844,1.0769942998886108,1.4836794137954712,1200.9000244140625,0.008363022468984127,0.08342941105365753,5869.7001953125,53123.0,6833.5,2066.9599609375,19312.7890625,3715.27001953125,14.670000076293945,1.92,0.122,1.755,0.34,2.41,7.8231578947
2015-04-07,0.759013295173645,0.3203485608100891,253.17999267578125,53.97999954223633,1.0934817790985107,1.4890702962875366,1210.5999755859375,0.008369811810553074,0.08471345901489258,5893.2001953125,53729.0,6961.7998046875,2076.330078125,19640.5390625,3768.719970703125,14.779999732971191,1.89,0.122,1.755,0.34,2.41,7.8231578947
2015-04-08,0.7642922401428223,0.31998977065086365,245.02200317382812,50.41999816894531,1.0824151039123535,1.4823819398880005,1203.0999755859375,0.00831324327737093,0.08417366445064545,5928.2998046875,53661.0,6937.39990234375,2081.89990234375,19789.810546875,3742.6298828125,13.979999542236328,1.92,0.122,1.755,0.34,2.41,7.8231578947
2015-04-09,0.7684623003005981,0.32828864455223083,243.67599487304688,50.790000915527344,1.078527569770813,1.487851619720459,1193.5999755859375,0.008326810784637928,0.0846453383564949,5901.5,53803.0,7015.39990234375,2091.179931640625,19937.720703125,3781.7900390625,13.09000015258789,1.97,0.122,1.755,0.34,2.41,7.8231578947
2015-04-10,0.7704160213470459,0.327300101518631,236.07200622558594,51.63999938964844,1.0669056177139282,1.4714971780776978,1204.5999755859375,0.008295312523841858,0.08375433832406998,5935.39990234375,54214.0,7089.7998046875,2102.06005859375,19907.630859375,3816.760009765625,12.579999923706055,1.96,0.122,1.755,0.34,2.41,7.8231578947
2015-04-13,0.7669299840927124,0.32554203271865845,224.58700561523438,51.90999984741211,1.0609854459762573,1.4640644788742065,1199.300048828125,0.008318844251334667,0.08349692076444626,5928.10009765625,54240.0,7064.2998046875,2092.429931640625,19905.4609375,3828.780029296875,13.9399995803833,1.94,0.122,1.755,0.34,2.41,7.8231578947
2015-04-14,0.7587253451347351,0.32059502601623535,219.15899658203125,53.290000915527344,1.0572947263717651,1.4667917490005493,1192.800048828125,0.008329237811267376,0.08246946334838867,5916.2001953125,53982.0,7075.2998046875,2095.840087890625,19908.6796875,3784.530029296875,13.670000076293945,1.9,0.122,1.755,0.34,2.41,7.8231578947
2015-04-15,0.761440634727478,0.32630684971809387,223.83299255371094,56.38999938964844,1.0647132396697998,1.4771921634674072,1201.5,0.00837121345102787,0.08327808976173401,5877.2998046875,54919.0,7096.7998046875,2106.6298828125,19869.759765625,3803.550048828125,12.84000015258789,1.91,0.122,1.755,0.34,2.41,7.8231578947
2015-04-16,0.7678722143173218,0.3304801881313324,228.572998046875,56.709999084472656,1.0676802396774292,1.4828435182571411,1198.0,0.008393275551497936,0.08298411220312119,5917.60009765625,54674.0,7060.5,2104.989990234375,19885.76953125,3751.719970703125,12.600000381469727,1.9,0.122,1.755,0.34,2.41,7.8231578947
2015-04-17,0.7789375185966492,0.3312793970108032,222.8820037841797,55.7400016784668,1.0755579471588135,1.4921809434890747,1202.9000244140625,0.00840025581419468,0.08371283113956451,5851.5,53955.0,6994.60009765625,2081.179931640625,19652.880859375,3674.050048828125,13.890000343322754,1.87,0.122,1.755,0.34,2.41,7.8231578947
2015-04-20,0.7809448838233948,0.32930484414100647,224.62600708007812,56.380001068115234,1.0810226202011108,1.4968267679214478,1193.5,0.008416233584284782,0.0830109715461731,5806.7998046875,53761.0,7052.10009765625,2100.39990234375,19634.490234375,3718.0400390625,13.300000190734863,1.9,0.122,1.755,0.34,2.41,7.8231578947
2015-04-22,0.77154541015625,0.3304692506790161,234.17599487304688,56.15999984741211,1.074171543121338,1.4935628175735474,1186.9000244140625,0.008358897641301155,0.08254244178533554,5812.7998046875,54617.0,7028.2001953125,2107.9599609375,20133.900390625,3724.489990234375,12.710000038146973,1.99,0.122,1.755,0.34,2.41,7.8231578947
2015-04-23,0.7750135660171509,0.33275657892227173,236.46200561523438,57.7400016784668,1.0725815296173096,1.5037593841552734,1194.4000244140625,0.00833680760115385,0.08185717463493347,5820.2998046875,55685.0,7053.7001953125,2112.929931640625,20187.650390625,3697.8798828125,12.479999542236328,1.96,0.122,1.755,0.34,2.41,7.8231578947
2015-04-24,0.7777259349822998,0.3368704915046692,231.26800537109375,57.150001525878906,1.0815019607543945,1.5052080154418945,1175.199951171875,0.008363232016563416,0.08230655640363693,5906.7998046875,56594.0,7070.7001953125,2117.68994140625,20020.0390625,3713.9599609375,12.289999961853027,1.93,0.122,1.755,0.34,2.41,7.8231578947
2015-04-27,0.7833307385444641,0.33917853236198425,229.28599548339844,56.9900016784668,1.086897373199463,1.517657995223999,1203.300048828125,0.008408519439399242,0.08255981653928757,5954.7998046875,55535.0,7104.0,2108.919921875,19983.3203125,3771.449951171875,13.119999885559082,1.94,0.122,1.755,0.34,2.41,7.8231578947
2015-04-28,0.7867201566696167,0.3432769179344177,225.85499572753906,57.060001373291016,1.0877959728240967,1.5223711729049683,1214.0,0.008394473232328892,0.08339448273181915,5921.5,55812.0,7030.5,2114.760009765625,20058.94921875,3715.419921875,12.40999984741211,2.0,0.122,1.755,0.34,2.41,7.8231578947
2015-04-30,0.7994883060455322,0.33867308497428894,236.14500427246094,59.630001068115234,1.1114321947097778,1.542686104774475,1182.4000244140625,0.008405480533838272,0.08471488952636719,5773.7001953125,56229.0,6960.60009765625,2085.510009765625,19520.009765625,3615.590087890625,14.550000190734863,2.05,0.122,1.755,0.34,2.41,7.8231578947
2015-05-07,0.7956715226173401,0.33017465472221375,237.33399963378906,58.939998626708984,1.1341469287872314,1.5242043733596802,1182.4000244140625,0.008375419303774834,0.0832819789648056,5644.7998046875,56921.0,6887.0,2088.0,19291.990234375,3556.2099609375,15.130000114440918,2.18,0.5557894737,2.0243,0.39,2.882,8.0725
2015-05-08,0.7901390790939331,0.33098334074020386,243.86300659179688,59.38999938964844,1.1246949434280396,1.5407133102416992,1189.0999755859375,0.008353590965270996,0.08316146582365036,5635.39990234375,57149.0,7046.7998046875,2116.10009765625,19379.189453125,3649.47998046875,12.859999656677246,2.16,0.5557894737,2.0243,0.39,2.882,8.0725
2015-05-11,0.7925814390182495,0.3365643620491028,242.1580047607422,59.25,1.1194071769714355,1.5434004068374634,1183.199951171875,0.008348639123141766,0.08378451317548752,5627.60009765625,57197.0,7029.89990234375,2105.330078125,19620.91015625,3624.409912109375,13.850000381469727,2.28,0.5557894737,2.0243,0.39,2.882,8.0725
2015-05-12,0.7899518013000488,0.3271822929382324,241.11199951171875,60.75,1.114441990852356,1.557705283164978,1192.5999755859375,0.008324245922267437,0.08278405666351318,5673.10009765625,56792.0,6933.7998046875,2099.1201171875,19624.83984375,3573.10009765625,13.859999656677246,2.28,0.5557894737,2.0243,0.39,2.882,8.0725
2015-05-13,0.7990411520004272,0.33140018582344055,236.3769989013672,60.5,1.1221455335617065,1.567103385925293,1218.4000244140625,0.008344807662069798,0.08307649195194244,5710.7998046875,56372.0,6949.60009765625,2098.47998046875,19764.720703125,3553.419921875,13.760000228881836,2.27,0.5557894737,2.0243,0.39,2.882,8.0725
2015-05-14,0.8112932443618774,0.3293265402317047,236.9290008544922,59.880001068115234,1.1350480318069458,1.574009895324707,1225.4000244140625,0.00839207787066698,0.08413825929164886,5696.60009765625,56657.0,6973.0,2121.10009765625,19570.240234375,3553.419921875,12.739999771118164,2.23,0.5557894737,2.0243,0.39,2.882,8.0725
2015-05-15,0.8086689114570618,0.3344593346118927,237.60499572753906,59.689998626708984,1.1404979228973389,1.5772124528884888,1225.5,0.008389894850552082,0.08475661277770996,5730.0,57249.0,6960.5,2122.72998046875,19732.919921875,3573.070068359375,12.380000114440918,2.14,0.5557894737,2.0243,0.39,2.882,8.0725
2015-05-18,0.8046994805335999,0.33429163694381714,233.1280059814453,59.43000030517578,1.144505262374878,1.574604868888855,1227.800048828125,0.008380122482776642,0.08487667143344879,5660.0,56204.0,6968.89990234375,2129.199951171875,19890.26953125,3589.219970703125,12.729999542236328,2.23,0.5557894737,2.0243,0.39,2.882,8.0725
2015-05-19,0.7994883060455322,0.33269011974334717,231.94700622558594,57.2599983215332,1.1326183080673218,1.5663670301437378,1206.9000244140625,0.008340283297002316,0.08416658639907837,5619.39990234375,55499.0,6995.10009765625,2127.830078125,20026.380859375,3670.52001953125,12.850000381469727,2.27,0.5557894737,2.0243,0.39,2.882,8.0725
2015-05-20,0.7922046780586243,0.32985880970954895,234.01800537109375,58.97999954223633,1.1146656274795532,1.5516144037246704,1208.9000244140625,0.008288300596177578,0.08408024162054062,5614.0,54901.0,7007.2998046875,2125.85009765625,20196.560546875,3683.47998046875,12.880000114440918,2.26,0.5557894737,2.0243,0.39,2.882,8.0725
2015-05-21,0.7878358364105225,0.33314454555511475,235.343994140625,60.720001220703125,1.1100751161575317,1.5542914867401123,1204.4000244140625,0.008250008337199688,0.08439965546131134,5663.60009765625,55112.0,7013.5,2130.820068359375,20202.869140625,3688.719970703125,12.109999656677246,2.19,0.5557894737,2.0243,0.39,2.882,8.0725
2015-05-22,0.7902015447616577,0.32930484414100647,240.34800720214844,59.720001220703125,1.1111851930618286,1.5663915872573853,1204.300048828125,0.008261799812316895,0.08445261418819427,5668.2001953125,54377.0,7031.7001953125,2126.06005859375,20264.41015625,3679.139892578125,12.130000114440918,2.21,0.5557894737,2.0243,0.39,2.882,8.0725
2015-05-26,0.7827175855636597,0.32328981161117554,237.11599731445312,58.029998779296875,1.0971167087554932,1.5472211837768555,1187.199951171875,0.008223684504628181,0.08377651125192642,5770.39990234375,53630.0,6949.0,2104.199951171875,20437.48046875,3619.300048828125,14.0600004196167,2.14,0.5557894737,2.0243,0.39,2.882,8.0725
2015-05-27,0.7744733095169067,0.31766200065612793,237.2830047607422,57.5099983215332,1.08888578414917,1.5398591756820679,1185.9000244140625,0.008131006732583046,0.08286171406507492,5724.2001953125,54236.0,7033.2998046875,2123.47998046875,20472.580078125,3682.8701171875,13.270000457763672,2.14,0.5557894737,2.0243,0.39,2.882,8.0725
2015-05-28,0.7735148668289185,0.318684458732605,237.4080047607422,57.68000030517578,1.0900014638900757,1.5350136756896973,1188.0999755859375,0.008081461302936077,0.08316907286643982,5714.60009765625,53976.0,7040.89990234375,2120.7900390625,20551.4609375,3650.7099609375,13.3100004196167,2.13,0.5557894737,2.0243,0.39,2.882,8.0725
2015-05-29,0.7658140659332275,0.3166159987449646,237.0959930419922,60.29999923706055,1.0960345268249512,1.531909704208374,1189.4000244140625,0.008076239377260208,0.08245668560266495,5774.89990234375,52760.0,6984.39990234375,2107.389892578125,20563.150390625,3570.780029296875,13.84000015258789,2.12,0.5557894737,2.0243,0.39,2.882,8.0725
2015-06-01,0.7645260095596313,0.314881294965744,222.92599487304688,60.20000076293945,1.0957943201065063,1.5288883447647095,1188.300048828125,0.008051984012126923,0.08237706869840622,5734.0,53031.0,6953.60009765625,2111.72998046875,20569.869140625,3575.0400390625,13.970000267028809,2.19,0.7927272727,2.1696,0.455,2.985,8.3266666667
2015-06-02,0.7614986300468445,0.315507173538208,225.80299377441406,61.2599983215332,1.0922993421554565,1.519987940788269,1194.0999755859375,0.008009804412722588,0.08151566982269287,5639.89990234375,54236.0,6928.2998046875,2109.60009765625,20543.189453125,3561.889892578125,14.239999771118164,2.27,0.7927272727,2.1696,0.455,2.985,8.3266666667
2015-06-03,0.7763975262641907,0.31963178515434265,225.87399291992188,59.63999938964844,1.1150012016296387,1.5339776277542114,1184.699951171875,0.00806217547506094,0.08207431435585022,5588.2998046875,53523.0,6950.5,2114.070068359375,20473.509765625,3583.820068359375,13.65999984741211,2.38,0.7927272727,2.1696,0.455,2.985,8.3266666667
2015-06-05,0.7688168287277222,0.31845107674598694,224.95199584960938,59.130001068115234,1.120787262916565,1.5364996194839478,1167.800048828125,0.008039877749979496,0.08082447201013565,5506.5,52973.0,6804.60009765625,2092.830078125,20460.900390625,3510.010009765625,14.210000038146973,2.41,0.7927272727,2.1696,0.455,2.985,8.3266666667
2015-06-09,0.7688168287277222,0.3215537369251251,229.04800415039062,60.13999938964844,1.128095269203186,1.5345896482467651,1177.300048828125,0.008028065785765648,0.08015203475952148,5479.7001953125,52816.0,6753.7998046875,2080.14990234375,20096.30078125,3456.7900390625,14.470000267028809,2.42,0.7927272727,2.1696,0.455,2.985,8.3266666667
2015-06-10,0.7691124677658081,0.3230495750904083,228.80299377441406,61.43000030517578,1.1299052238464355,1.539408802986145,1186.0999755859375,0.008042529225349426,0.08050110191106796,5486.0,53876.0,6830.2998046875,2105.199951171875,20046.359375,3526.47998046875,13.220000267028809,2.5,0.7927272727,2.1696,0.455,2.985,8.3266666667
2015-06-11,0.7731559872627258,0.3211303651332855,229.7050018310547,60.77000045776367,1.131196141242981,1.549690842628479,1179.9000244140625,0.008138948120176792,0.08101502060890198,5562.60009765625,53689.0,6846.7001953125,2108.860107421875,20382.970703125,3551.909912109375,12.850000381469727,2.39,0.7927272727,2.1696,0.455,2.985,8.3266666667
2015-06-12,0.7748873829841614,0.3239285945892334,229.98199462890625,59.959999084472656,1.1240627765655518,1.5508925914764404,1178.800048828125,0.008091858588159084,0.08108530938625336,5552.10009765625,53348.0,6784.89990234375,2094.110107421875,20407.080078125,3502.77001953125,13.779999732971191,2.39,0.7927272727,2.1696,0.455,2.985,8.3266666667
2015-06-15,0.7730364799499512,0.32084187865257263,236.822998046875,59.52000045776367,1.1219944953918457,1.5561537742614746,1185.300048828125,0.008110958151519299,0.08047202229499817,5541.5,53138.0,6710.5,2084.429931640625,20387.7890625,3438.070068359375,15.390000343322754,2.36,0.7927272727,2.1696,0.455,2.985,8.3266666667
2015-06-16,0.7757951617240906,0.3201536536216736,250.89500427246094,59.970001220703125,1.1277008056640625,1.5596001148223877,1180.5,0.008102414198219776,0.08062519878149033,5535.2001953125,53702.0,6710.10009765625,2096.2900390625,20257.939453125,3454.090087890625,14.8100004196167,2.32,0.7927272727,2.1696,0.455,2.985,8.3266666667
2015-06-17,0.774713397026062,0.3239496052265167,249.28399658203125,59.91999816894531,1.124201774597168,1.563966155052185,1176.4000244140625,0.008101167157292366,0.08084303140640259,5590.2998046875,53249.0,6680.60009765625,2100.43994140625,20219.26953125,3428.760009765625,14.5,2.32,0.7927272727,2.1696,0.455,2.985,8.3266666667
2015-06-18,0.7725587487220764,0.3278258442878723,249.0070037841797,60.45000076293945,1.1369967460632324,1.5848110914230347,1201.5,0.00809519924223423,0.08141572028398514,5522.7001953125,54239.0,6707.89990234375,2121.239990234375,19990.8203125,3450.449951171875,13.1899995803833,2.35,0.7927272727,2.1696,0.455,2.985,8.3266666667
2015-06-19,0.7789981961250305,0.32703250646591187,244.6060028076172,59.61000061035156,1.1370742321014404,1.587881326675415,1201.5,0.008129948750138283,0.08166665583848953,5591.5,53749.0,6710.5,2109.989990234375,20174.240234375,3455.800048828125,13.960000038146973,2.26,0.7927272727,2.1696,0.455,2.985,8.3266666667
2015-06-22,0.7765783667564392,0.32328981161117554,246.99000549316406,59.68000030517578,1.1372941732406616,1.5885119438171387,1183.699951171875,0.008146572858095169,0.08232498914003372,5603.10009765625,53864.0,6825.7001953125,2122.85009765625,20428.189453125,3596.070068359375,12.739999771118164,2.37,0.7927272727,2.1696,0.455,2.985,8.3266666667
2015-06-23,0.7728572487831116,0.3242121636867523,244.29600524902344,61.0099983215332,1.13490629196167,1.5829297304153442,1176.199951171875,0.008105107583105564,0.08264195919036865,5671.39990234375,53772.0,6834.89990234375,2124.199951171875,20809.419921875,3625.969970703125,12.109999656677246,2.42,0.7927272727,2.1696,0.455,2.985,8.3266666667
2015-06-24,0.7742335200309753,0.3253301978111267,240.51499938964844,60.27000045776367,1.1172186136245728,1.5741090774536133,1172.5999755859375,0.008073631674051285,0.08226126432418823,5672.7001953125,53843.0,6844.7998046875,2108.580078125,20868.029296875,3610.949951171875,13.260000228881836,2.38,0.7927272727,2.1696,0.455,2.985,8.3266666667
2015-06-25,0.7709506154060364,0.32311221957206726,242.7989959716797,59.70000076293945,1.1206992864608765,1.570993185043335,1171.5,0.008074218407273293,0.08229375630617142,5619.89990234375,53176.0,6807.7998046875,2102.31005859375,20771.400390625,3610.909912109375,14.010000228881836,2.4,0.7927272727,2.1696,0.455,2.985,8.3266666667
2015-06-26,0.7733952403068542,0.32006147503852844,243.593994140625,59.630001068115234,1.1202975511550903,1.5745056867599487,1172.9000244140625,0.008090745657682419,0.08266245573759079,5536.10009765625,54017.0,6753.7001953125,2101.489990234375,20706.150390625,3621.3701171875,14.020000457763672,2.49,0.7927272727,2.1696,0.455,2.985,8.3266666667
2015-06-29,0.7626601457595825,0.3199283480644226,257.0639953613281,58.33000183105469,1.0975021123886108,1.5693166255950928,1178.5,0.00815580878406763,0.08118794113397598,5413.10009765625,53014.0,6620.5,2057.639892578125,20109.94921875,3468.89990234375,18.850000381469727,2.33,0.7927272727,2.1696,0.455,2.985,8.3266666667
2015-06-30,0.767283022403717,0.3210272789001465,263.0719909667969,59.470001220703125,1.122296690940857,1.573192834854126,1171.5,0.008151952177286148,0.08162272721529007,5451.2001953125,53081.0,6521.0,2063.110107421875,20235.73046875,3424.300048828125,18.229999542236328,2.35,0.7927272727,2.1696,0.455,2.985,8.3266666667
2015-07-01,0.7694082856178284,0.32175031304359436,258.6210021972656,56.959999084472656,1.1134989261627197,1.5687012672424316,1169.0,0.008170869201421738,0.08224942535161972,5506.0,52758.0,6608.60009765625,2077.419921875,20329.3203125,3496.280029296875,16.09000015258789,2.43,0.71,2.1353,0.41,2.922,8.182173913
2015-07-02,0.7641754746437073,0.3179144859313965,255.41200256347656,56.93000030517578,1.103363037109375,1.5605005025863647,1163.0,0.008108984678983688,0.08164598047733307,5587.89990234375,53106.0,6630.5,2076.780029296875,20522.5,3463.25,16.790000915527344,2.4,0.71,2.1353,0.41,2.922,8.182173913
2015-07-06,0.7484470009803772,0.31957051157951355,269.0299987792969,52.529998779296875,1.0995051860809326,1.555596947669983,1172.9000244140625,0.008169467560946941,0.08079776167869568,5463.2998046875,52149.0,6535.7001953125,2068.760009765625,20112.119140625,3365.199951171875,17.010000228881836,2.3,0.71,2.1353,0.41,2.922,8.182173913
2015-07-07,0.7478815913200378,0.31896910071372986,266.2070007324219,52.33000183105469,1.1048991680145264,1.5602084398269653,1152.4000244140625,0.008155874907970428,0.08072745054960251,5555.5,52344.0,6432.2001953125,2081.340087890625,20376.58984375,3294.18994140625,16.09000015258789,2.27,0.71,2.1353,0.41,2.922,8.182173913
2015-07-08,0.7458233833312988,0.314594030380249,270.7850036621094,51.650001525878906,1.1009942293167114,1.5462881326675415,1163.300048828125,0.008163931779563427,0.08041501045227051,5456.5,51782.0,6490.7001953125,2046.6800537109375,19737.640625,3327.5,19.65999984741211,2.22,0.71,2.1353,0.41,2.922,8.182173913
2015-07-10,0.7461016178131104,0.310452938079834,284.8940124511719,52.7400016784668,1.1063048839569092,1.5373972654342651,1157.699951171875,0.008216926828026772,0.0800708457827568,5478.10009765625,52591.0,6673.39990234375,2076.6201171875,19779.830078125,3528.81005859375,16.829999923706055,2.42,0.71,2.1353,0.41,2.922,8.182173913
2015-07-13,0.7425007820129395,0.3168969452381134,292.0539855957031,52.20000076293945,1.1129041910171509,1.5515903234481812,1155.199951171875,0.008163531310856342,0.08023035526275635,5460.39990234375,53119.0,6738.0,2099.60009765625,20089.76953125,3590.429931640625,13.899999618530273,2.44,0.71,2.1353,0.41,2.922,8.182173913
2015-07-14,0.7394808530807495,0.31936636567115784,287.4639892578125,53.040000915527344,1.099045991897583,1.548227310180664,1153.300048828125,0.008092579431831837,0.08028878271579742,5561.89990234375,53239.0,6753.7998046875,2108.949951171875,20385.330078125,3607.18994140625,13.369999885559082,2.41,0.71,2.1353,0.41,2.922,8.182173913
2015-07-15,0.7446016073226929,0.31882673501968384,285.8290100097656,51.40999984741211,1.1008002758026123,1.5636972188949585,1147.199951171875,0.008108984678983688,0.08110175281763077,5609.7001953125,52902.0,6753.7998046875,2107.39990234375,20463.330078125,3623.8701171875,13.229999542236328,2.36,0.71,2.1353,0.41,2.922,8.182173913
2015-07-16,0.7373543977737427,0.31891822814941406,278.0889892578125,50.90999984741211,1.0943553447723389,1.563403844833374,1143.800048828125,0.008072979748249054,0.08060699701309204,5649.7998046875,53070.0,6796.5,2124.2900390625,20600.119140625,3676.409912109375,12.109999656677246,2.36,0.71,2.1353,0.41,2.922,8.182173913
2015-07-17,0.7415096759796143,0.31739985942840576,279.47198486328125,50.88999938964844,1.0886012315750122,1.5613046884536743,1131.800048828125,0.008054837584495544,0.08071109652519226,5652.5,52342.0,6775.10009765625,2126.639892578125,20650.919921875,3670.340087890625,11.949999809265137,2.34,0.71,2.1353,0.41,2.922,8.182173913
2015-07-21,0.7375501990318298,0.31303805112838745,275.8330078125,50.36000061035156,1.0835410356521606,1.5573898553848267,1103.4000244140625,0.008045440539717674,0.08044598996639252,5688.5,51474.0,6769.10009765625,2119.2099609375,20841.970703125,3647.9599609375,12.220000267028809,2.35,0.71,2.1353,0.41,2.922,8.182173913
2015-07-22,0.7425007820129395,0.31526845693588257,277.22198486328125,49.189998626708984,1.0939961671829224,1.555596947669983,1091.4000244140625,0.008073631674051285,0.08114400506019592,5603.5,50916.0,6667.2998046875,2114.14990234375,20593.669921875,3635.580078125,12.119999885559082,2.33,0.71,2.1353,0.41,2.922,8.182173913
2015-07-23,0.7375174760818481,0.31057828664779663,276.04901123046875,48.45000076293945,1.0927051305770874,1.5614020824432373,1094.0,0.008060095831751823,0.08067592978477478,5581.2998046875,49807.0,6655.0,2102.14990234375,20683.94921875,3634.639892578125,12.640000343322754,2.28,0.71,2.1353,0.41,2.922,8.182173913
2015-07-24,0.7356186509132385,0.3044881522655487,288.27801513671875,48.13999938964844,1.0989010334014893,1.5519516468048096,1085.5999755859375,0.008072588592767715,0.08039748668670654,5556.7998046875,49246.0,6579.7998046875,2079.64990234375,20544.529296875,3600.0,13.739999771118164,2.27,0.71,2.1353,0.41,2.922,8.182173913
2015-07-27,0.7275902032852173,0.29797378182411194,293.6239929199219,47.38999938964844,1.0972371101379395,1.5522888898849487,1096.5,0.008079959079623222,0.07930528372526169,5579.2001953125,48736.0,6505.10009765625,2067.639892578125,20350.099609375,3513.10009765625,15.600000381469727,2.23,0.71,2.1353,0.41,2.922,8.182173913
2015-07-28,0.7275902032852173,0.29746854305267334,294.427001953125,47.97999954223633,1.109004020690918,1.5564203262329102,1096.300048828125,0.008114248514175415,0.07921751588582993,5571.0,49602.0,6555.2998046875,2093.25,20328.890625,3554.110107421875,13.4399995803833,2.26,0.71,2.1353,0.41,2.922,8.182173913
2015-07-29,0.7346999049186707,0.2981070280075073,289.5899963378906,48.790000915527344,1.1065986156463623,1.5611096620559692,1092.699951171875,0.008092186413705349,0.07965506613254547,5609.60009765625,50245.0,6631.0,2108.570068359375,20302.91015625,3575.530029296875,12.5,2.29,0.71,2.1353,0.41,2.922,8.182173913
2015-07-30,0.7298737168312073,0.30085140466690063,287.72198486328125,48.52000045776367,1.098406195640564,1.5602084398269653,1088.4000244140625,0.008068419992923737,0.07969409972429276,5653.10009765625,49897.0,6668.89990234375,2108.6298828125,20522.830078125,3583.7900390625,12.130000114440918,2.28,0.71,2.1353,0.41,2.922,8.182173913
2015-07-31,0.7294477820396423,0.2966654896736145,284.6499938964844,47.119998931884766,1.0939244031906128,1.5604275465011597,1094.9000244140625,0.008059901185333729,0.07878594100475311,5681.7001953125,50865.0,6696.2998046875,2103.840087890625,20585.240234375,3600.68994140625,12.119999885559082,2.2,0.71,2.1353,0.41,2.922,8.182173913
2015-08-03,0.7299802899360657,0.2924489676952362,281.22698974609375,45.16999816894531,1.0969001054763794,1.5626953840255737,1089.4000244140625,0.008061915636062622,0.07883196324110031,5664.2998046875,50138.0,6688.60009765625,2098.0400390625,20548.109375,3635.39990234375,12.5600004196167,2.16,0.71,2.1353,0.41,2.922,8.182173913
2015-08-04,0.7275902032852173,0.28995591402053833,285.2179870605469,45.7400016784668,1.09560227394104,1.559040904045105,1090.699951171875,0.008068094961345196,0.0788470059633255,5681.89990234375,50058.0,6686.60009765625,2093.320068359375,20520.359375,3619.31005859375,13.0,2.23,0.71,2.1353,0.41,2.922,8.182173913
2015-08-05,0.737626314163208,0.2884920537471771,281.8819885253906,45.150001525878906,1.0888975858688354,1.5569047927856445,1085.699951171875,0.00804673507809639,0.07852313667535782,5659.5,50287.0,6752.39990234375,2099.840087890625,20614.060546875,3676.75,12.510000228881836,2.28,0.71,2.1353,0.41,2.922,8.182173913
2015-08-06,0.7352941036224365,0.28704288601875305,278.5769958496094,44.65999984741211,1.0903104543685913,1.5605981349945068,1090.199951171875,0.00801731739193201,0.07828781008720398,5600.10009765625,50011.0,6747.10009765625,2083.56005859375,20664.439453125,3668.469970703125,13.770000457763672,2.23,0.71,2.1353,0.41,2.922,8.182173913
2015-08-07,0.7345379590988159,0.2831577658653259,279.5849914550781,43.869998931884766,1.0927051305770874,1.551421880722046,1094.0999755859375,0.008017060346901417,0.07869913429021835,5472.2998046875,48577.0,6718.5,2077.570068359375,20724.560546875,3637.800048828125,13.390000343322754,2.18,0.71,2.1353,0.41,2.922,8.182173913
2015-08-10,0.7401924729347229,0.2831577658653259,264.4700012207031,44.959999084472656,1.0965032577514648,1.5494027137756348,1104.199951171875,0.00804505217820406,0.079117052257061,5504.89990234375,49353.0,6736.2001953125,2104.179931640625,20808.689453125,3674.93994140625,12.229999542236328,2.24,0.71,2.1353,0.41,2.922,8.182173913
2015-08-11,0.7413997650146484,0.29106152057647705,270.385986328125,43.08000183105469,1.1016976833343506,1.5585306882858276,1107.5999755859375,0.008024845272302628,0.0790037289261818,5473.10009765625,49072.0,6664.5,2084.070068359375,20720.75,3605.280029296875,13.710000038146973,2.15,0.71,2.1353,0.41,2.922,8.182173913
2015-08-12,0.7310475707054138,0.2881014049053192,266.3760070800781,43.29999923706055,1.104203701019287,1.5584092140197754,1123.199951171875,0.00799552258104086,0.07826992124319077,5383.5,48388.0,6571.2001953125,2086.050048828125,20392.76953125,3484.409912109375,13.609999656677246,2.14,0.71,2.1353,0.41,2.922,8.182173913
2015-08-13,0.7381163239479065,0.28776150941848755,264.0799865722656,42.22999954223633,1.1160963773727417,1.561597228050232,1115.699951171875,0.008047966286540031,0.07843364775180817,5389.0,48010.0,6568.2998046875,2083.389892578125,20595.55078125,3516.14990234375,13.489999771118164,2.19,0.71,2.1353,0.41,2.922,8.182173913
2015-08-14,0.7375174760818481,0.2841474115848541,265.67999267578125,42.5,1.1160963773727417,1.561792254447937,1112.9000244140625,0.008040976710617542,0.07819317281246185,5360.0,47508.0,6550.7001953125,2091.5400390625,20519.44921875,3491.030029296875,12.829999923706055,2.2,0.71,2.1353,0.41,2.922,8.182173913
2015-08-17,0.7369197010993958,0.2875298261642456,257.97601318359375,41.869998931884766,1.1092993021011353,1.5651901960372925,1118.5999755859375,0.00804181769490242,0.07801632583141327,5368.60009765625,47217.0,6550.2998046875,2102.43994140625,20620.259765625,3497.89990234375,13.020000457763672,2.16,0.71,2.1353,0.41,2.922,8.182173913
2015-08-18,0.7370826601982117,0.2876373529434204,211.07899475097656,42.619998931884766,1.107800006866455,1.5585062503814697,1117.0999755859375,0.008036130107939243,0.07755779474973679,5309.39990234375,47451.0,6526.2998046875,2096.919921875,20554.470703125,3495.3798828125,13.789999961853027,2.2,0.71,2.1353,0.41,2.922,8.182173913
2015-08-19,0.7339987754821777,0.2886086106300354,226.6840057373047,40.79999923706055,1.1030831336975098,1.5664896965026855,1128.0999755859375,0.00804045982658863,0.07755003869533539,5379.7998046875,46588.0,6403.5,2079.610107421875,20222.630859375,3429.840087890625,15.25,2.12,0.71,2.1353,0.41,2.922,8.182173913
2015-08-20,0.7354563474655151,0.28667259216308594,235.35000610351562,41.13999938964844,1.1118029356002808,1.568307638168335,1153.0,0.008071220479905605,0.07767774164676666,5295.5,46649.0,6367.89990234375,2035.72998046875,20033.51953125,3353.47998046875,19.139999389648438,2.09,0.71,2.1353,0.41,2.922,8.182173913
2015-08-21,0.7337295413017273,0.2892012298107147,232.56900024414062,40.45000076293945,1.1236965656280518,1.5690950155258179,1159.5999755859375,0.008102414198219776,0.07732648402452469,5224.7998046875,45720.0,6187.7001953125,1970.8900146484375,19435.830078125,3247.260009765625,28.030000686645508,2.05,0.71,2.1353,0.41,2.922,8.182173913
2015-08-24,0.7258474230766296,0.28587764501571655,210.4949951171875,38.2400016784668,1.1376951932907104,1.5677913427352905,1153.4000244140625,0.008214767090976238,0.07451353967189789,5014.2001953125,44336.0,5898.89990234375,1893.2099609375,18540.6796875,3073.389892578125,40.7400016784668,2.01,0.71,2.1353,0.41,2.922,8.182173913
2015-08-25,0.7172057628631592,0.281840980052948,221.60899353027344,39.310001373291016,1.1583056449890137,1.5762925148010254,1138.199951171875,0.008411560207605362,0.07561264932155609,5143.7998046875,44545.0,6081.2998046875,1867.6099853515625,17806.69921875,3218.010009765625,36.02000045776367,2.12,0.71,2.1353,0.41,2.922,8.182173913
2015-08-26,0.7105300426483154,0.2768932580947876,225.83099365234375,38.599998474121094,1.1550945043563843,1.5695877075195312,1124.5999755859375,0.008435971103608608,0.0758708119392395,5178.89990234375,46038.0,5979.2001953125,1940.510009765625,18376.830078125,3170.72998046875,30.31999969482422,2.18,0.71,2.1353,0.41,2.922,8.182173913
2015-08-27,0.7124537229537964,0.27823376655578613,224.7689971923828,42.560001373291016,1.1340054273605347,1.5482032299041748,1122.4000244140625,0.008329307660460472,0.07645300775766373,5242.60009765625,47715.0,6192.0,1987.6600341796875,18574.439453125,3280.780029296875,26.100000381469727,2.18,0.71,2.1353,0.41,2.922,8.182173913
2015-08-28,0.7174115777015686,0.28167426586151123,231.39599609375,45.220001220703125,1.1247961521148682,1.541401982307434,1133.0999755859375,0.008264257572591305,0.07617712765932083,5274.7001953125,47154.0,6247.89990234375,1988.8699951171875,19136.3203125,3286.590087890625,26.049999237060547,2.19,0.71,2.1353,0.41,2.922,8.182173913
2015-09-01,0.7109341621398926,0.27630415558815,228.12100219726562,45.40999984741211,1.1225864887237549,1.5363106727600098,1138.699951171875,0.008258388377726078,0.07538027316331863,5117.10009765625,45477.0,6058.5,1913.8499755859375,18165.689453125,3188.72998046875,31.399999618530273,2.17,0.6540909091,1.8814,0.35,2.724,8.4604761905
2015-09-02,0.7009181976318359,0.27081921696662903,229.28399658203125,46.25,1.1293437480926514,1.5305262804031372,1132.5,0.008353172801434994,0.07454075664281845,5119.39990234375,46464.0,6083.2998046875,1948.8599853515625,18095.400390625,3198.860107421875,26.09000015258789,2.2,0.6540909091,1.8814,0.35,2.724,8.4604761905
2015-09-03,0.7047216296195984,0.2663896083831787,227.18299865722656,46.75,1.121604323387146,1.5308074951171875,1123.699951171875,0.00829324871301651,0.07455470412969589,5048.7001953125,47366.0,6194.10009765625,1951.1300048828125,18182.390625,3270.090087890625,25.610000610351562,2.18,0.6540909091,1.8814,0.35,2.724,8.4604761905
2015-09-04,0.7019021511077881,0.26773762702941895,230.29800415039062,46.04999923706055,1.1125946044921875,1.526205062866211,1120.5999755859375,0.00832944642752409,0.07367633283138275,5060.7998046875,46498.0,6042.89990234375,1921.219970703125,17792.16015625,3180.25,27.799999237060547,2.13,0.6540909091,1.8814,0.35,2.724,8.4604761905
2015-09-08,0.6946374177932739,0.2607561945915222,243.60699462890625,45.939998626708984,1.1163954734802246,1.5283042192459106,1120.4000244140625,0.008374999277293682,0.0717206820845604,5133.5,46762.0,6146.10009765625,1969.4100341796875,17427.080078125,3233.840087890625,24.899999618530273,2.2,0.6540909091,1.8814,0.35,2.724,8.4604761905
2015-09-09,0.7037792801856995,0.26206135749816895,238.16799926757812,44.150001525878906,1.1207369565963745,1.5401912927627563,1102.199951171875,0.008327157236635685,0.07305829226970673,5236.89990234375,46657.0,6229.0,1942.0400390625,18770.509765625,3269.97998046875,26.229999542236328,2.21,0.6540909091,1.8814,0.35,2.724,8.4604761905
2015-09-10,0.6965728402137756,0.26464128494262695,238.4770050048828,45.91999816894531,1.1220699548721313,1.5357915163040161,1109.5,0.008314072154462337,0.07199279218912125,5117.0,46504.0,6155.7998046875,1952.2900390625,18299.619140625,3221.139892578125,24.3700008392334,2.23,0.6540909091,1.8814,0.35,2.724,8.4604761905
2015-09-11,0.7071135640144348,0.2598685026168823,240.10699462890625,44.630001068115234,1.1290887594223022,1.54421067237854,1103.5,0.008290567435324192,0.07342952489852905,5096.2998046875,46401.0,6117.7998046875,1961.050048828125,18264.220703125,3187.93994140625,23.200000762939453,2.2,0.6540909091,1.8814,0.35,2.724,8.4604761905
2015-09-14,0.7099751830101013,0.25851815938949585,230.6439971923828,44.0,1.1344043016433716,1.5448071956634521,1107.699951171875,0.008278420194983482,0.07387826591730118,5120.5,47282.0,6084.60009765625,1953.030029296875,17965.69921875,3175.6201171875,24.25,2.18,0.6540909091,1.8814,0.35,2.724,8.4604761905
2015-09-15,0.7160758972167969,0.2624189853668213,230.3040008544922,44.59000015258789,1.1307612657546997,1.5427099466323853,1102.800048828125,0.008308407850563526,0.07417754083871841,5046.60009765625,47364.0,6137.60009765625,1978.0899658203125,18026.48046875,3207.60009765625,22.540000915527344,2.28,0.6540909091,1.8814,0.35,2.724,8.4604761905
2015-09-16,0.7128092050552368,0.2590875029563904,229.09100341796875,47.150001525878906,1.1271796226501465,1.53449547290802,1119.199951171875,0.008303303271532059,0.07430248707532883,5123.60009765625,48553.0,6229.2001953125,1995.31005859375,18171.599609375,3251.7900390625,21.350000381469727,2.3,0.6540909091,1.8814,0.35,2.724,8.4604761905
2015-09-17,0.7199942469596863,0.26119208335876465,229.80999755859375,46.900001525878906,1.12920343875885,1.5518070459365845,1117.300048828125,0.00829717144370079,0.07538749277591705,5171.2001953125,48551.0,6187.0,1990.199951171875,18432.26953125,3255.7900390625,21.139999389648438,2.21,0.6540909091,1.8814,0.35,2.724,8.4604761905
2015-09-18,0.7189072370529175,0.2569769024848938,232.97500610351562,44.68000030517578,1.1400948762893677,1.5569047927856445,1138.0999755859375,0.008330140262842178,0.07529961317777634,5194.2998046875,47264.0,6104.10009765625,1958.030029296875,18070.2109375,3157.300048828125,22.280000686645508,2.13,0.6540909091,1.8814,0.35,2.724,8.4604761905
2015-09-24,0.6998880505561829,0.23951523005962372,234.5290069580078,44.90999984741211,1.1189937591552734,1.5252039432525635,1153.800048828125,0.008319467306137085,0.07210907340049744,5102.2998046875,45292.0,5961.5,1932.239990234375,17571.830078125,3019.340087890625,23.469999313354492,2.13,0.6540909091,1.8814,0.35,2.724,8.4604761905
2015-09-25,0.7011638879776001,0.2542588412761688,235.1439971923828,45.70000076293945,1.1178929805755615,1.522695779800415,1146.0,0.008316700346767902,0.07209805399179459,5076.7001953125,44831.0,6109.0,1931.3399658203125,17880.509765625,3113.159912109375,23.6200008392334,2.17,0.6540909091,1.8814,0.35,2.724,8.4604761905
2015-09-28,0.7020993232727051,0.2520415186882019,239.14199829101562,44.43000030517578,1.1201720237731934,1.5201727151870728,1132.0,0.008307856507599354,0.07214028388261795,5145.10009765625,43957.0,5958.89990234375,1881.77001953125,17645.109375,3039.43994140625,27.6299991607666,2.1,0.6540909091,1.8814,0.35,2.724,8.4604761905
2015-09-29,0.6972042322158813,0.24368251860141754,236.68699645996094,45.22999954223633,1.123103380203247,1.5165071487426758,1127.0999755859375,0.008344459347426891,0.07113691419363022,4958.10009765625,44132.0,5909.2001953125,1884.0899658203125,16930.83984375,3029.860107421875,26.829999923706055,2.05,0.6540909091,1.8814,0.35,2.724,8.4604761905
2015-09-30,0.7003781795501709,0.24664561450481415,236.05999755859375,45.09000015258789,1.1255937814712524,1.5157945156097412,1115.5,0.008343067020177841,0.07159025967121124,5058.60009765625,45059.0,6061.60009765625,1920.030029296875,17388.150390625,3100.669921875,24.5,2.06,0.6540909091,1.8814,0.35,2.724,8.4604761905
2015-10-01,0.7010164856910706,0.2534404695034027,237.5489959716797,44.7400016784668,1.11720609664917,1.5124017000198364,1114.199951171875,0.008343136869370937,0.07232864946126938,5144.10009765625,45313.0,6072.5,1923.8199462890625,17722.419921875,3069.050048828125,22.549999237060547,2.05,0.5181818182,1.846,0.3,2.657,8.2736363636
2015-10-02,0.7036802172660828,0.25007501244544983,237.29299926757812,45.540000915527344,1.1193444728851318,1.5139129161834717,1137.0999755859375,0.008346549235284328,0.07184279710054398,5089.2001953125,47033.0,6130.0,1951.3599853515625,17725.130859375,3088.179931640625,20.940000534057617,1.99,0.5181818182,1.846,0.3,2.657,8.2736363636
2015-10-05,0.704820990562439,0.2546148896217346,240.38299560546875,46.2599983215332,1.1226998567581177,1.5194103717803955,1138.0999755859375,0.008333680219948292,0.07276230305433273,5184.10009765625,47598.0,6298.89990234375,1987.050048828125,18005.490234375,3190.389892578125,19.540000915527344,2.07,0.5181818182,1.846,0.3,2.657,8.2736363636
2015-10-06,0.708817720413208,0.2557610273361206,246.06300354003906,48.529998779296875,1.1195199489593506,1.5154958963394165,1146.800048828125,0.008301442489027977,0.073429636657238,5199.0,47735.0,6326.2001953125,1979.9200439453125,18186.099609375,3220.090087890625,19.399999618530273,2.05,0.5181818182,1.846,0.3,2.657,8.2736363636
2015-10-07,0.7159220576286316,0.2598077356815338,242.968994140625,47.810001373291016,1.1267986297607422,1.5226030349731445,1149.0,0.008316700346767902,0.07398184388875961,5228.39990234375,48914.0,6336.39990234375,1995.8299560546875,18322.98046875,3226.39990234375,18.399999618530273,2.08,0.5181818182,1.846,0.3,2.657,8.2736363636
2015-10-08,0.7194762229919434,0.2577120363712311,242.3040008544922,49.43000030517578,1.1239995956420898,1.5315576791763306,1144.699951171875,0.008339240215718746,0.07425597310066223,5241.39990234375,49107.0,6374.7998046875,2013.4300537109375,18141.169921875,3224.9599609375,17.420000076293945,2.12,0.5181818182,1.846,0.3,2.657,8.2736363636
2015-10-09,0.7267441749572754,0.2644173502922058,243.93099975585938,49.630001068115234,1.1286935806274414,1.535131573677063,1156.300048828125,0.008338266983628273,0.07519260793924332,5309.2001953125,49338.0,6416.2001953125,2014.8900146484375,18438.669921875,3250.31005859375,17.079999923706055,2.12,0.5181818182,1.846,0.3,2.657,8.2736363636
2015-10-13,0.7344300746917725,0.26592209935188293,249.50799560546875,46.65999984741211,1.135550618171692,1.5337893962860107,1165.800048828125,0.008332569152116776,0.07501999288797379,5234.60009765625,47363.0,6342.2998046875,2003.68994140625,18234.740234375,3221.280029296875,17.670000076293945,2.06,0.5181818182,1.846,0.3,2.657,8.2736363636
2015-10-14,0.7222824096679688,0.25714874267578125,251.98899841308594,46.63999938964844,1.138498306274414,1.5258090496063232,1180.0999755859375,0.008352823555469513,0.07389158755540848,5230.39990234375,46710.0,6269.60009765625,1994.239990234375,17891.0,3191.570068359375,18.030000686645508,1.99,0.5181818182,1.846,0.3,2.657,8.2736363636
2015-10-15,0.7320108413696289,0.26266711950302124,254.32000732421875,46.380001068115234,1.147552251815796,1.5480115413665771,1187.9000244140625,0.008415383286774158,0.0756969079375267,5265.60009765625,47161.0,6338.7001953125,2023.8599853515625,18096.900390625,3238.81005859375,16.049999237060547,2.04,0.5181818182,1.846,0.3,2.657,8.2736363636
2015-10-16,0.7329228520393372,0.26367831230163574,262.8689880371094,47.2599983215332,1.1368157863616943,1.5471972227096558,1183.5999755859375,0.00839983206242323,0.07667835801839828,5303.7001953125,47236.0,6378.0,2033.1099853515625,18291.80078125,3264.929931640625,15.050000190734863,2.04,0.5181818182,1.846,0.3,2.657,8.2736363636
2015-10-19,0.726005494594574,0.2550565004348755,263.43701171875,45.88999938964844,1.1361054182052612,1.543805480003357,1173.300048828125,0.008384338580071926,0.07643132656812668,5304.60009765625,47447.0,6352.2998046875,2033.6600341796875,18131.23046875,3272.0400390625,14.979999542236328,2.04,0.5181818182,1.846,0.3,2.657,8.2736363636
2015-10-20,0.7256367206573486,0.25721487402915955,269.4630126953125,45.54999923706055,1.132900595664978,1.5471972227096558,1178.0,0.0083679910749197,0.07526607066392899,5271.60009765625,47077.0,6345.10009765625,2030.77001953125,18207.150390625,3255.719970703125,15.75,2.08,0.5181818182,1.846,0.3,2.657,8.2736363636
2015-10-21,0.7267441749572754,0.25625914335250854,266.2720031738281,45.20000076293945,1.1353960037231445,1.5449025630950928,1167.5999755859375,0.008348639123141766,0.07529275864362717,5286.5,47026.0,6348.39990234375,2018.93994140625,18554.279296875,3272.22998046875,16.700000762939453,2.04,0.5181818182,1.846,0.3,2.657,8.2736363636
2015-10-22,0.7215527892112732,0.2540198564529419,274.02301025390625,45.380001068115234,1.134803295135498,1.5424481630325317,1166.5999755859375,0.008344319649040699,0.07399339228868484,5299.60009765625,47772.0,6376.2998046875,2052.510009765625,18435.869140625,3353.110107421875,14.449999809265137,2.04,0.5181818182,1.846,0.3,2.657,8.2736363636
2015-10-23,0.721188485622406,0.25625914335250854,276.4960021972656,44.599998474121094,1.108094573020935,1.5383669137954712,1163.300048828125,0.008274036459624767,0.0745120421051979,5388.10009765625,47597.0,6444.10009765625,2075.14990234375,18825.30078125,3425.81005859375,14.460000038146973,2.09,0.5181818182,1.846,0.3,2.657,8.2736363636
2015-10-26,0.7223867774009705,0.25802454352378845,285.29998779296875,43.97999954223633,1.1020376682281494,1.531745433807373,1167.0,0.008244294673204422,0.07347376644611359,5386.2998046875,47209.0,6417.0,2071.179931640625,18947.119140625,3414.60009765625,15.289999961853027,2.07,0.5181818182,1.846,0.3,2.657,8.2736363636
2015-10-27,0.7251105904579163,0.2561541199684143,293.7879943847656,43.20000076293945,1.1065986156463623,1.5357915163040161,1166.800048828125,0.008267947472631931,0.07338888943195343,5384.60009765625,47043.0,6365.2998046875,2065.889892578125,18777.0390625,3381.010009765625,15.430000305175781,2.05,0.5181818182,1.846,0.3,2.657,8.2736363636
2015-10-28,0.7192692160606384,0.2575063109397888,304.6180114746094,45.939998626708984,1.1037039756774902,1.5312998294830322,1177.0999755859375,0.008300339803099632,0.07304532080888748,5374.39990234375,46741.0,6437.7998046875,2090.35009765625,18903.01953125,3421.090087890625,14.329999923706055,2.1,0.5181818182,1.846,0.3,2.657,8.2736363636
2015-10-29,0.7100759744644165,0.2565944790840149,313.8550109863281,46.060001373291016,1.0928961038589478,1.5271838903427124,1147.199951171875,0.008274036459624767,0.07289586216211319,5310.2001953125,45628.0,6395.7998046875,2089.409912109375,18935.7109375,3413.389892578125,14.609999656677246,2.19,0.5181818182,1.846,0.3,2.657,8.2736363636
2015-10-30,0.7090187072753906,0.26009830832481384,328.0150146484375,46.59000015258789,1.0993843078613281,1.532379150390625,1141.5,0.00826446246355772,0.07201342284679413,5288.60009765625,45869.0,6361.10009765625,2079.360107421875,19083.099609375,3418.22998046875,15.069999694824219,2.16,0.5181818182,1.846,0.3,2.657,8.2736363636
2015-11-04,0.7191140651702881,0.2654561698436737,411.56298828125,46.31999969482422,1.0963950157165527,1.5419248342514038,1106.5,0.008257979527115822,0.07268138974905014,5294.7998046875,47710.0,6412.89990234375,2102.31005859375,18926.91015625,3439.159912109375,15.510000228881836,2.25,0.5181818182,1.846,0.3,2.657,8.2736363636
2015-11-05,0.71387779712677,0.26346296072006226,386.35400390625,45.20000076293945,1.0868029594421387,1.5390061140060425,1104.4000244140625,0.008231130428612232,0.07172674685716629,5247.89990234375,48047.0,6364.89990234375,2099.929931640625,19116.41015625,3447.489990234375,15.050000190734863,2.26,0.5181818182,1.846,0.3,2.657,8.2736363636
2015-11-06,0.714796245098114,0.2645432651042938,374.4700012207031,44.290000915527344,1.0883997678756714,1.5210051536560059,1087.5999755859375,0.008218953385949135,0.07204263657331467,5269.7001953125,46919.0,6353.7998046875,2099.199951171875,19265.599609375,3468.2099609375,14.329999923706055,2.34,0.5181818182,1.846,0.3,2.657,8.2736363636
2015-11-09,0.7038784027099609,0.2655125856399536,380.2569885253906,43.869998931884766,1.0733413696289062,1.5055025815963745,1087.9000244140625,0.008116883225739002,0.07071235775947571,5180.2998046875,46195.0,6295.2001953125,2078.580078125,19642.740234375,3418.360107421875,16.520000457763672,2.36,0.5181818182,1.846,0.3,2.657,8.2736363636
2015-11-10,0.7051191329956055,0.26322025060653687,336.8190002441406,44.209999084472656,1.0759514570236206,1.5121043920516968,1088.199951171875,0.008124995045363903,0.06996946036815643,5157.7001953125,46179.0,6275.2998046875,2081.719970703125,19671.259765625,3425.39990234375,15.289999961853027,2.32,0.5181818182,1.846,0.3,2.657,8.2736363636
2015-11-11,0.7046719789505005,0.2669941782951355,311.0840148925781,42.93000030517578,1.0737563371658325,1.5138899087905884,1084.699951171875,0.008124533109366894,0.07018563896417618,5181.10009765625,47065.0,6297.2001953125,2075.0,19691.390625,3448.419921875,16.059999465942383,2.32,0.5181818182,1.846,0.3,2.657,8.2736363636
2015-11-12,0.7071135640144348,0.2657524645328522,338.1520080566406,41.75,1.0762988328933716,1.522510290145874,1080.800048828125,0.008146174252033234,0.0706738755106926,5182.2001953125,46884.0,6178.7001953125,2045.969970703125,19697.76953125,3387.699951171875,18.3700008392334,2.32,0.5181818182,1.846,0.3,2.657,8.2736363636
2015-11-13,0.7137249112129211,0.2654702663421631,336.75299072265625,40.7400016784668,1.0815019607543945,1.5234612226486206,1080.800048828125,0.008159268647432327,0.06993799656629562,5111.7998046875,46517.0,6118.2998046875,2023.0400390625,19596.91015625,3360.64990234375,20.079999923706055,2.28,0.5181818182,1.846,0.3,2.657,8.2736363636
2015-11-16,0.7105805277824402,0.2603759765625,330.7510070800781,41.7400016784668,1.06999933719635,1.5217920541763306,1083.699951171875,0.008172338828444481,0.06953295320272446,5064.5,46847.0,6146.39990234375,2053.18994140625,19393.689453125,3362.22998046875,18.15999984741211,2.27,0.5181818182,1.846,0.3,2.657,8.2736363636
2015-11-17,0.7095217704772949,0.2613969147205353,335.093994140625,40.66999816894531,1.068798542022705,1.5204963684082031,1068.699951171875,0.008112536743283272,0.06978785991668701,5174.2998046875,47248.0,6268.7998046875,2050.43994140625,19630.630859375,3451.93994140625,18.84000015258789,2.25,0.5181818182,1.846,0.3,2.657,8.2736363636
2015-11-18,0.7113893628120422,0.2625843584537506,334.5899963378906,40.75,1.0643846988677979,1.5220005512237549,1068.800048828125,0.008100773207843304,0.07007914781570435,5189.10009765625,47436.0,6279.0,2083.580078125,19649.1796875,3431.919921875,16.850000381469727,2.27,0.5181818182,1.846,0.3,2.657,8.2736363636
2015-11-19,0.7117944359779358,0.2654561698436737,326.14898681640625,40.540000915527344,1.066996693611145,1.5239256620407104,1078.0,0.008095527067780495,0.07061199843883514,5293.2998046875,48139.0,6329.89990234375,2081.239990234375,19859.810546875,3448.929931640625,16.989999771118164,2.24,0.5181818182,1.846,0.3,2.657,8.2736363636
2015-11-24,0.7189072370529175,0.2681756019592285,320.0459899902344,42.869998931884766,1.0642033815383911,1.5129051208496094,1074.300048828125,0.008135703392326832,0.07102666050195694,5277.0,48284.0,6277.2001953125,2089.139892578125,19924.890625,3409.60009765625,15.930000305175781,2.24,0.5181818182,1.846,0.3,2.657,8.2736363636
2015-11-25,0.7257947325706482,0.27054813504219055,328.20599365234375,43.040000915527344,1.0643846988677979,1.5085914134979248,1070.5,0.008162932470440865,0.07137122005224228,5245.2001953125,46867.0,6337.60009765625,2088.8701171875,19847.580078125,3462.06005859375,15.1899995803833,2.23,0.5181818182,1.846,0.3,2.657,8.2736363636
2015-11-27,0.7219173908233643,0.2674941122531891,358.0419921875,41.709999084472656,1.0604453086853027,1.5099810361862183,1056.199951171875,0.00815434567630291,0.07002565264701843,5251.39990234375,45873.0,6375.2001953125,2090.110107421875,19883.939453125,3488.989990234375,15.119999885559082,2.22,0.5181818182,1.846,0.3,2.657,8.2736363636
2015-11-30,0.7183908224105835,0.2603217661380768,377.3210144042969,41.650001525878906,1.0583018064498901,1.5038950443267822,1065.800048828125,0.008141333237290382,0.06956424564123154,5218.2001953125,45120.0,6356.10009765625,2080.409912109375,19747.470703125,3506.449951171875,16.1299991607666,2.21,0.5181818182,1.846,0.3,2.657,8.2736363636
2015-12-01,0.7232750058174133,0.2586251497268677,362.4880065917969,41.849998474121094,1.0572947263717651,1.5057973861694336,1063.800048828125,0.008116224780678749,0.06934332102537155,5312.60009765625,45047.0,6395.7001953125,2102.6298828125,20012.400390625,3479.639892578125,14.670000076293945,2.15,0.5455,1.9234,0.27,2.852,9.2538095238
2015-12-02,0.7323324680328369,0.2596997916698456,359.18701171875,39.939998626708984,1.0625863075256348,1.5077953338623047,1054.199951171875,0.008135703392326832,0.06924018263816833,5304.7001953125,44915.0,6420.89990234375,2079.510009765625,19938.130859375,3468.659912109375,15.90999984741211,2.18,0.5455,1.9234,0.27,2.852,9.2538095238
2015-12-03,0.7303001284599304,0.26093989610671997,361.0459899902344,41.08000183105469,1.0613007545471191,1.4949023723602295,1061.699951171875,0.008115170523524284,0.06969418376684189,5276.7001953125,46393.0,6275.0,2049.6201171875,19939.900390625,3343.340087890625,18.110000610351562,2.33,0.5455,1.9234,0.27,2.852,9.2538095238
2015-12-04,0.7329766154289246,0.26624777913093567,363.1830139160156,39.970001220703125,1.0915957689285278,1.513500452041626,1084.5,0.008153081871569157,0.06969223916530609,5201.5,45361.0,6238.2998046875,2091.68994140625,19504.48046875,3330.75,14.8100004196167,2.28,0.5455,1.9234,0.27,2.852,9.2538095238
2015-12-07,0.7342144250869751,0.2665955722332001,395.5360107421875,37.650001525878906,1.0883997678756714,1.511258840560913,1076.4000244140625,0.008117541670799255,0.0698109045624733,5205.89990234375,45223.0,6223.5,2077.070068359375,19698.150390625,3360.2099609375,15.84000015258789,2.23,0.5455,1.9234,0.27,2.852,9.2538095238
2015-12-08,0.7259001135826111,0.26599282026290894,415.56298828125,37.5099983215332,1.0834001302719116,1.5050268173217773,1076.300048828125,0.008111615665256977,0.06892544776201248,5158.0,44443.0,6135.2001953125,2063.590087890625,19492.599609375,3297.4599609375,17.600000381469727,2.24,0.5455,1.9234,0.27,2.852,9.2538095238
2015-12-09,0.7225067615509033,0.2621575593948364,417.56298828125,37.15999984741211,1.0893957614898682,1.5010056495666504,1077.5999755859375,0.008135901764035225,0.0685109794139862,5129.89990234375,46108.0,6126.7001953125,2047.6199951171875,19301.0703125,3277.2099609375,19.610000610351562,2.22,0.5455,1.9234,0.27,2.852,9.2538095238
2015-12-10,0.7235366702079773,0.2671867907047272,415.47900390625,36.7599983215332,1.1017948389053345,1.5183953046798706,1073.0999755859375,0.008216926828026772,0.06720104813575745,5087.5,45631.0,6088.10009765625,2052.22998046875,19046.55078125,3269.969970703125,19.34000015258789,2.24,0.5455,1.9234,0.27,2.852,9.2538095238
2015-12-11,0.727219820022583,0.2626188397407532,451.93798828125,35.619998931884766,1.0948106050491333,1.516093373298645,1076.9000244140625,0.008216251619160175,0.06494518369436264,5078.60009765625,45263.0,5952.7998046875,2012.3699951171875,19230.48046875,3203.2099609375,24.389999389648438,2.13,0.5455,1.9234,0.27,2.852,9.2538095238
2015-12-14,0.7164863348007202,0.2622813284397125,444.1820068359375,36.310001373291016,1.0983941555023193,1.5198955535888672,1064.699951171875,0.008271778002381325,0.06516151875257492,4981.89990234375,44747.0,5874.10009765625,2021.93994140625,18883.419921875,3139.239990234375,22.729999542236328,2.23,0.5455,1.9234,0.27,2.852,9.2538095238
2015-12-15,0.7254788279533386,0.2574400305747986,465.3210144042969,37.349998474121094,1.0992997884750366,1.5160702466964722,1062.9000244140625,0.008258320391178131,0.06625992059707642,4963.89990234375,44872.0,6017.7998046875,2043.4100341796875,18565.900390625,3241.510009765625,20.950000762939453,2.28,0.5455,1.9234,0.27,2.852,9.2538095238
2015-12-16,0.7203054428100586,0.25602293014526367,454.9339904785156,35.52000045776367,1.0936251878738403,1.5043702125549316,1078.0,0.00821861531585455,0.06712950021028519,5078.7001953125,45016.0,6061.2001953125,2073.070068359375,19049.91015625,3246.780029296875,17.860000610351562,2.3,0.5455,1.9234,0.27,2.852,9.2538095238
2015-12-17,0.7208765745162964,0.2568778991699219,456.0780029296875,34.95000076293945,1.087453007698059,1.497790813446045,1050.800048828125,0.008165732026100159,0.06678420305252075,5150.60009765625,45261.0,6102.5,2041.8900146484375,19353.560546875,3306.469970703125,18.940000534057617,2.24,0.5455,1.9234,0.27,2.852,9.2538095238
2015-12-18,0.7128092050552368,0.2579779624938965,463.6159973144531,34.72999954223633,1.0844104290008545,1.4929606914520264,1066.199951171875,0.008166599087417126,0.06578263640403748,5156.5,43911.0,6052.39990234375,2005.550048828125,18986.80078125,3260.719970703125,20.700000762939453,2.19,0.5455,1.9234,0.27,2.852,9.2538095238
2015-12-21,0.7166917324066162,0.2513573169708252,438.6390075683594,34.7400016784668,1.0869920253753662,1.4908239841461182,1081.9000244140625,0.008244022727012634,0.06629329919815063,5157.7998046875,43200.0,6034.7998046875,2021.1500244140625,18916.01953125,3213.010009765625,18.700000762939453,2.2,0.5455,1.9234,0.27,2.852,9.2538095238
2015-12-22,0.7199942469596863,0.24928951263427734,436.5719909667969,36.13999938964844,1.09129798412323,1.4896912574768066,1074.800048828125,0.00825041625648737,0.0663042962551117,5167.7001953125,43470.0,6083.10009765625,2038.969970703125,18886.69921875,3214.320068359375,16.600000381469727,2.24,0.5455,1.9234,0.27,2.852,9.2538095238
2015-12-29,0.7257947325706482,0.25939664244651794,432.9830017089844,37.869998931884766,1.0975261926651,1.4894028902053833,1077.5,0.00830909889191389,0.06549029052257538,5315.60009765625,43654.0,6314.60009765625,2078.360107421875,18982.23046875,3314.280029296875,16.079999923706055,2.32,0.5455,1.9234,0.27,2.852,9.2538095238
2015-12-30,0.7290754914283752,0.2587924897670746,426.6199951171875,36.599998474121094,1.0928006172180176,1.4822280406951904,1060.0999755859375,0.008296758867800236,0.06543633341789246,5366.39990234375,43350.0,6274.10009765625,2063.360107421875,19033.7109375,3287.97998046875,17.290000915527344,2.31,0.5455,1.9234,0.27,2.852,9.2538095238
2016-01-04,0.7287036180496216,0.25322225689888,433.09100341796875,36.7599983215332,1.0853991508483887,1.473708987236023,1075.0999755859375,0.008311792276799679,0.06468037515878677,5322.7998046875,42141.0,6093.39990234375,2012.6600341796875,18450.98046875,3164.760009765625,20.700000762939453,2.24,0.4305,1.7833,0.095,2.708,9.6315
2016-01-05,0.7185972929000854,0.24769027531147003,431.9599914550781,35.970001220703125,1.0827549695968628,1.4714103937149048,1078.4000244140625,0.008370512165129185,0.06442053616046906,5239.2001953125,42419.0,6137.2001953125,2016.7099609375,18374.0,3178.010009765625,19.34000015258789,2.25,0.4305,1.7833,0.095,2.708,9.6315
2016-01-06,0.7162810564041138,0.2483299970626831,429.1050109863281,33.970001220703125,1.0751993656158447,1.467394471168518,1091.9000244140625,0.008396164514124393,0.06394822895526886,5178.0,41773.0,6073.39990234375,1990.260009765625,18191.3203125,3139.320068359375,20.59000015258789,2.18,0.4305,1.7833,0.095,2.708,9.6315
2016-01-07,0.708014726638794,0.24876241385936737,458.0480041503906,33.27000045776367,1.0778998136520386,1.4629936218261719,1107.699951171875,0.008430992253124714,0.06306013464927673,5068.7998046875,40695.0,5954.10009765625,1943.0899658203125,17767.33984375,3084.679931640625,24.989999771118164,2.16,0.4305,1.7833,0.095,2.708,9.6315
2016-01-08,0.7018036246299744,0.2474328726530075,453.2300109863281,33.15999984741211,1.0925976037979126,1.4626940488815308,1097.800048828125,0.0085077416151762,0.06227162107825279,5049.39990234375,40612.0,5912.39990234375,1922.030029296875,17697.9609375,3033.469970703125,27.010000228881836,2.13,0.4305,1.7833,0.095,2.708,9.6315
2016-01-12,0.6987143754959106,0.24688920378684998,435.69000244140625,30.440000534057617,1.0857999324798584,1.454397439956665,1085.5999755859375,0.00849978718906641,0.05934986099600792,4982.2001953125,39514.0,5929.2001953125,1938.6800537109375,17218.9609375,3064.659912109375,22.469999313354492,2.12,0.4305,1.7833,0.095,2.708,9.6315
2016-01-13,0.6987143754959106,0.2484348714351654,432.3710021972656,30.479999542236328,1.0843987464904785,1.4436262845993042,1087.5,0.008486802689731121,0.06014856696128845,5041.60009765625,38944.0,5961.0,1890.280029296875,17715.630859375,3073.02001953125,25.219999313354492,2.08,0.4305,1.7833,0.095,2.708,9.6315
2016-01-14,0.6935774683952332,0.24912184476852417,430.3059997558594,31.200000762939453,1.0886012315750122,1.4407975673675537,1073.9000244140625,0.008516074158251286,0.060346391052007675,4964.10009765625,39500.0,5918.2001953125,1921.8399658203125,17240.94921875,3024.0,23.950000762939453,2.1,0.4305,1.7833,0.095,2.708,9.6315
2016-01-15,0.6996921300888062,0.24963179230690002,364.33099365234375,29.420000076293945,1.085894227027893,1.442710041999817,1091.5,0.008460021577775478,0.06089882180094719,4948.5,38569.0,5804.10009765625,1880.3299560546875,17147.109375,2952.47998046875,27.020000457763672,2.03,0.4305,1.7833,0.095,2.708,9.6315
2016-01-19,0.6878998875617981,0.24677343666553497,380.14898681640625,28.459999084472656,1.0895025730133057,1.4253135919570923,1089.9000244140625,0.008519048802554607,0.05938563123345375,4955.10009765625,38057.0,5876.7998046875,1881.3299560546875,17048.369140625,2980.489990234375,26.049999237060547,2.06,0.4305,1.7833,0.095,2.708,9.6315
2016-01-20,0.6917064189910889,0.24640251696109772,420.2300109863281,26.549999237060547,1.09129798412323,1.4182385206222534,1107.0999755859375,0.008505932986736298,0.05975761264562607,4896.89990234375,37645.0,5673.60009765625,1859.3299560546875,16416.189453125,2882.590087890625,27.59000015258789,2.01,0.4305,1.7833,0.095,2.708,9.6315
2016-01-21,0.6937218308448792,0.2438191920518875,410.2619934082031,29.530000686645508,1.0877013206481934,1.4198495149612427,1099.0999755859375,0.008537231013178825,0.05984440818428993,4917.60009765625,37717.0,5773.7998046875,1868.989990234375,16017.259765625,2943.919921875,26.690000534057617,2.02,0.4305,1.7833,0.095,2.708,9.6315
2016-01-22,0.7016066908836365,0.24076080322265625,382.49200439453125,32.189998626708984,1.0862009525299072,1.4226775169372559,1097.199951171875,0.008480037562549114,0.060529351234436035,4969.60009765625,38031.0,5900.0,1906.9000244140625,16958.529296875,3023.2099609375,22.34000015258789,2.07,0.4305,1.7833,0.095,2.708,9.6315
2016-01-27,0.700721800327301,0.24588754773139954,394.97198486328125,32.29999923706055,1.0864958763122559,1.434308648109436,1116.0999755859375,0.008447373285889626,0.06114128604531288,5000.7998046875,38376.0,5990.39990234375,1882.949951171875,17163.919921875,3043.469970703125,23.110000610351562,2.02,0.4305,1.7833,0.095,2.708,9.6315
2016-01-28,0.7016066908836365,0.24361130595207214,380.28900146484375,33.220001220703125,1.090798020362854,1.4249074459075928,1115.5999755859375,0.008441168814897537,0.06083250790834427,5028.10009765625,38630.0,5931.7998046875,1893.3599853515625,17041.44921875,2979.419921875,22.420000076293945,2.0,0.4305,1.7833,0.095,2.708,9.6315
2016-01-29,0.7086167335510254,0.24588149785995483,379.4739990234375,33.619998931884766,1.0936970710754395,1.4362038373947144,1116.4000244140625,0.00840830709785223,0.061854396015405655,5056.60009765625,40406.0,6083.7998046875,1940.239990234375,17518.30078125,3045.090087890625,20.200000762939453,1.94,0.4305,1.7833,0.095,2.708,9.6315
2016-02-01,0.7068636417388916,0.2501813769340515,373.0559997558594,31.6200008392334,1.0825908184051514,1.4246028661727905,1127.9000244140625,0.008241306059062481,0.06304661184549332,5094.2998046875,40570.0,6060.10009765625,1939.3800048828125,17865.23046875,3021.010009765625,19.979999542236328,1.97,0.1728571429,1.5032,-0.065,2.465,9.2219047619
2016-02-02,0.711085855960846,0.2525443732738495,374.447998046875,29.8799991607666,1.0897282361984253,1.4427932500839233,1127.300048828125,0.008275405503809452,0.06281375139951706,5044.0,38596.0,5922.0,1903.030029296875,17750.6796875,2951.85009765625,21.979999542236328,1.87,0.1728571429,1.5032,-0.065,2.465,9.2219047619
2016-02-03,0.7029876708984375,0.25092214345932007,369.9490051269531,32.279998779296875,1.0922038555145264,1.4409221410751343,1141.300048828125,0.008343345485627651,0.061403561383485794,4930.7998046875,39589.0,5837.10009765625,1912.530029296875,17191.25,2896.6298828125,21.649999618530273,1.88,0.1728571429,1.5032,-0.065,2.465,9.2219047619
2016-02-04,0.7154611349105835,0.2569175064563751,389.593994140625,31.719999313354492,1.1091023683547974,1.4585764408111572,1157.5999755859375,0.008465966209769249,0.06276561319828033,5029.2998046875,40822.0,5898.7998046875,1915.449951171875,17044.990234375,2905.300048828125,21.84000015258789,1.87,0.1728571429,1.5032,-0.065,2.465,9.2219047619
2016-02-05,0.7199423909187317,0.2573207914829254,386.54901123046875,30.889999389648438,1.119996428489685,1.4581085443496704,1157.800048828125,0.008556809276342392,0.06311995536088943,5025.60009765625,40592.0,5848.10009765625,1880.050048828125,16819.58984375,2879.389892578125,23.3799991607666,1.86,0.1728571429,1.5032,-0.065,2.465,9.2219047619
2016-02-10,0.7067137956619263,0.2576323449611664,381.64898681640625,27.450000762939453,1.1289994716644287,1.446591854095459,1194.699951171875,0.00868123397231102,0.06232346594333649,4826.5,40377.0,5672.2998046875,1851.8599853515625,15713.3896484375,2789.050048828125,26.290000915527344,1.71,0.1728571429,1.5032,-0.065,2.465,9.2219047619
2016-02-12,0.7124029397964478,0.2507837116718292,384.26300048828125,29.440000534057617,1.1317979097366333,1.4482258558273315,1239.0999755859375,0.008889125660061836,0.06319394707679749,4816.60009765625,39808.0,5707.60009765625,1864.780029296875,14952.6103515625,2756.159912109375,25.399999618530273,1.74,0.1728571429,1.5032,-0.065,2.465,9.2219047619
2016-02-16,0.714796245098114,0.2503128945827484,407.4880065917969,29.040000915527344,1.1174057722091675,1.4459224939346313,1207.9000244140625,0.0087472228333354,0.06363679468631744,4961.60009765625,40948.0,5862.2001953125,1895.5799560546875,16054.4296875,2821.260009765625,24.110000610351562,1.78,0.1728571429,1.5032,-0.065,2.465,9.2219047619
2016-02-17,0.7119971513748169,0.2461538463830948,416.3219909667969,30.65999984741211,1.1147029399871826,1.4303901195526123,1211.0999755859375,0.008765778504312038,0.0634002834558487,4938.39990234375,41631.0,6030.2998046875,1926.8199462890625,15836.3603515625,2897.719970703125,22.309999465942383,1.81,0.1728571429,1.5032,-0.065,2.465,9.2219047619
2016-02-18,0.7176175117492676,0.25119948387145996,422.37298583984375,30.770000457763672,1.112297534942627,1.4281632900238037,1226.0999755859375,0.008750437758862972,0.06468389183282852,5047.10009765625,41478.0,5972.0,1917.8299560546875,16196.7998046875,2895.14990234375,21.639999389648438,1.75,0.1728571429,1.5032,-0.065,2.465,9.2219047619
2016-02-19,0.7150007486343384,0.24847190082073212,420.7850036621094,29.639999389648438,1.1110987663269043,1.4333218336105347,1230.4000244140625,0.008830022066831589,0.06501950323581696,5008.2998046875,41543.0,5950.2001953125,1917.780029296875,15967.169921875,2871.050048828125,20.530000686645508,1.76,0.1728571429,1.5032,-0.065,2.465,9.2219047619
2016-02-22,0.7142857313156128,0.24897919595241547,437.74798583984375,31.479999542236328,1.1123965978622437,1.426594614982605,1209.5,0.00888975802809,0.06502965837717056,5056.60009765625,43235.0,6037.7001953125,1945.5,16111.0498046875,2933.909912109375,19.3799991607666,1.77,0.1728571429,1.5032,-0.065,2.465,9.2219047619
2016-02-23,0.7234842777252197,0.25362685322761536,420.7359924316406,31.8700008392334,1.102803349494934,1.4148073196411133,1222.300048828125,0.00885182898491621,0.06586157530546188,5039.10009765625,42521.0,5962.2998046875,1921.27001953125,16052.0498046875,2887.3798828125,20.979999542236328,1.74,0.1728571429,1.5032,-0.065,2.465,9.2219047619
2016-02-24,0.7195797562599182,0.25294041633605957,424.9549865722656,32.150001525878906,1.1027060747146606,1.4013453722000122,1238.699951171875,0.008938148617744446,0.06566376239061356,4943.2998046875,42085.0,5867.2001953125,1929.800048828125,15915.7900390625,2820.239990234375,20.719999313354492,1.75,0.1728571429,1.5032,-0.065,2.465,9.2219047619
2016-02-25,0.7194762229919434,0.25288286805152893,424.54400634765625,33.06999969482422,1.1013944149017334,1.3929517269134521,1238.199951171875,0.008920527063310146,0.06411497294902802,4944.7001953125,41888.0,6012.7998046875,1951.699951171875,16140.33984375,2877.419921875,19.110000610351562,1.71,0.1728571429,1.5032,-0.065,2.465,9.2219047619
2016-02-26,0.7235890030860901,0.2530428469181061,432.1520080566406,32.779998779296875,1.1024993658065796,1.3966480493545532,1219.800048828125,0.008840326219797134,0.06416352093219757,4945.10009765625,41593.0,6096.0,1948.050048828125,16188.41015625,2929.159912109375,19.809999465942383,1.76,0.1728571429,1.5032,-0.065,2.465,9.2219047619
2016-02-29,0.7128092050552368,0.2522259056568146,437.6969909667969,33.75,1.0923947095870972,1.3861935138702393,1233.9000244140625,0.008798169903457165,0.061881035566329956,4947.89990234375,42794.0,6097.10009765625,1932.22998046875,16026.759765625,2945.75,20.549999237060547,1.74,0.1728571429,1.5032,-0.065,2.465,9.2219047619
2016-03-01,0.7142857313156128,0.2491963505744934,435.12298583984375,34.400001525878906,1.0888975858688354,1.3927963972091675,1230.300048828125,0.008894423022866249,0.0631301999092102,4989.60009765625,44122.0,6152.89990234375,1978.3499755859375,16085.509765625,2996.389892578125,17.700000762939453,1.83,0.1714285714,1.5434,-0.05,2.561,9.266
2016-03-02,0.7181844115257263,0.2549719512462616,423.989013671875,34.65999984741211,1.0875948667526245,1.3963944911956787,1241.0999755859375,0.008777319453656673,0.0642266497015953,5083.5,44893.0,6147.10009765625,1986.449951171875,16746.55078125,3022.139892578125,17.09000015258789,1.84,0.1714285714,1.5434,-0.05,2.561,9.266
2016-03-03,0.7288098335266113,0.2571156620979309,421.6510009765625,34.56999969482422,1.086897373199463,1.408093810081482,1257.4000244140625,0.008813212625682354,0.06430979818105698,5142.2001953125,47193.0,6130.5,1993.4000244140625,16960.16015625,3012.8701171875,16.700000762939453,1.83,0.1714285714,1.5434,-0.05,2.561,9.266
2016-03-04,0.7357810139656067,0.263428270816803,410.9389953613281,35.91999816894531,1.094894528388977,1.4174946546554565,1269.9000244140625,0.00879739597439766,0.06415149569511414,5151.10009765625,49085.0,6199.39990234375,1999.989990234375,17014.779296875,3037.35009765625,16.860000610351562,1.88,0.1714285714,1.5434,-0.05,2.561,9.266
2016-03-07,0.7411414980888367,0.26533645391464233,414.3210144042969,37.900001525878906,1.0993964672088623,1.4215044975280762,1263.199951171875,0.008787114173173904,0.06534602493047714,5204.7001953125,49246.0,6182.39990234375,2001.760009765625,16911.3203125,3021.090087890625,17.350000381469727,1.91,0.1714285714,1.5434,-0.05,2.561,9.266
2016-03-08,0.7458233833312988,0.2644732892513275,413.97198486328125,36.5,1.1016006469726562,1.4261265993118286,1262.0999755859375,0.008814300410449505,0.06560999900102615,5169.5,49102.0,6125.39990234375,1979.260009765625,16783.150390625,3002.010009765625,18.670000076293945,1.83,0.1714285714,1.5434,-0.05,2.561,9.266
2016-03-09,0.7433839440345764,0.26647481322288513,414.8599853515625,38.290000915527344,1.1004005670547485,1.4208581447601318,1256.5999755859375,0.008876265026628971,0.06484925001859665,5215.7001953125,48665.0,6146.2998046875,1989.260009765625,16642.19921875,3016.179931640625,18.34000015258789,1.9,0.1714285714,1.5434,-0.05,2.561,9.266
2016-03-10,0.7471049427986145,0.2719682455062866,417.1310119628906,37.84000015258789,1.0989010334014893,1.42069673538208,1272.0,0.00882978830486536,0.06574492156505585,5210.89990234375,49571.0,6036.7001953125,1989.5699462890625,16852.349609375,2970.780029296875,18.049999237060547,1.93,0.1714285714,1.5434,-0.05,2.561,9.266
2016-03-11,0.7462129592895508,0.2767017185688019,421.69000244140625,38.5,1.1178430318832397,1.4287755489349365,1258.699951171875,0.008860534988343716,0.06508967280387878,5224.7998046875,49639.0,6139.7998046875,2022.18994140625,16938.869140625,3073.800048828125,16.5,1.98,0.1714285714,1.5434,-0.05,2.561,9.266
2016-03-14,0.756315290927887,0.2799787223339081,416.43798828125,37.18000030517578,1.1167943477630615,1.4380005598068237,1244.4000244140625,0.008789045736193657,0.06567635387182236,5242.39990234375,48867.0,6174.60009765625,2019.6400146484375,17233.75,3091.97998046875,16.920000076293945,1.97,0.1714285714,1.5434,-0.05,2.561,9.266
2016-03-15,0.7521058917045593,0.2735978066921234,416.8299865722656,36.34000015258789,1.1101982593536377,1.4282041788101196,1230.4000244140625,0.008785029873251915,0.06442289799451828,5168.60009765625,47130.0,6140.0,2015.9300537109375,17117.0703125,3067.2099609375,16.84000015258789,1.97,0.1714285714,1.5434,-0.05,2.561,9.266
2016-03-16,0.746324360370636,0.26579487323760986,417.010986328125,38.459999084472656,1.1109012365341187,1.4156285524368286,1229.300048828125,0.00884134229272604,0.06266528367996216,5175.7001953125,47763.0,6175.5,2027.219970703125,16974.44921875,3062.050048828125,14.989999771118164,1.94,0.1714285714,1.5434,-0.05,2.561,9.266
2016-03-17,0.7547169327735901,0.2676229774951935,420.6210021972656,40.20000076293945,1.1218937635421753,1.4255167245864868,1264.5,0.008869022130966187,0.06378576159477234,5226.39990234375,50914.0,6201.10009765625,2040.5899658203125,16936.380859375,3043.10009765625,14.4399995803833,1.91,0.1714285714,1.5434,-0.05,2.561,9.266
2016-03-18,0.7649939060211182,0.27619731426239014,409.5480041503906,39.439998626708984,1.1317979097366333,1.4478065967559814,1253.800048828125,0.00898069143295288,0.0659240111708641,5239.2998046875,50815.0,6189.60009765625,2049.580078125,16724.810546875,3059.77001953125,14.020000457763672,1.88,0.1714285714,1.5434,-0.05,2.561,9.266
2016-03-22,0.7571741938591003,0.2768089473247528,418.0889892578125,41.45000076293945,1.1235954761505127,1.4370087385177612,1248.199951171875,0.008917503990232944,0.06568847596645355,5230.7998046875,51010.0,6192.7001953125,2049.800048828125,17048.55078125,3051.22998046875,14.170000076293945,1.94,0.1714285714,1.5434,-0.05,2.561,9.266
2016-03-23,0.7620208859443665,0.27950137853622437,418.0409851074219,39.790000915527344,1.122296690940857,1.4224953651428223,1223.699951171875,0.008908526971936226,0.06581510603427887,5204.2998046875,49690.0,6199.10009765625,2036.7099609375,17000.98046875,3042.419921875,14.9399995803833,1.88,0.1714285714,1.5434,-0.05,2.561,9.266
2016-03-24,0.7533524632453918,0.27173173427581787,416.3940124511719,39.459999084472656,1.118105411529541,1.411691665649414,1221.4000244140625,0.008896796964108944,0.06519287079572678,5151.60009765625,49657.0,6106.5,2035.93994140625,16892.330078125,2986.72998046875,14.739999771118164,1.91,0.1714285714,1.5434,-0.05,2.561,9.266
2016-03-29,0.7556865215301514,0.2719460427761078,416.5159912109375,38.279998779296875,1.1202723979949951,1.4263300895690918,1235.5999755859375,0.008821142837405205,0.06477712094783783,5076.2001953125,51155.0,6105.89990234375,2055.010009765625,17103.529296875,3004.8701171875,13.819999694824219,1.81,0.1714285714,1.5434,-0.05,2.561,9.266
2016-03-30,0.7640002965927124,0.27511072158813477,414.8160095214844,38.31999969482422,1.12920343875885,1.438641905784607,1226.9000244140625,0.008874689228832722,0.06578696519136429,5081.5,51249.0,6203.2001953125,2063.949951171875,16878.9609375,3044.10009765625,13.5600004196167,1.83,0.1714285714,1.5434,-0.05,2.561,9.266
2016-03-31,0.7661073803901672,0.2780790328979492,416.72900390625,38.34000015258789,1.1334655284881592,1.4374011754989624,1234.199951171875,0.008899489417672157,0.067071333527565,5151.7998046875,50055.0,6174.89990234375,2059.739990234375,16758.669921875,3004.929931640625,13.949999809265137,1.78,0.1714285714,1.5434,-0.05,2.561,9.266
2016-04-01,0.7669888138771057,0.2788233757019043,417.9599914550781,36.790000915527344,1.1379671096801758,1.4366991519927979,1222.199951171875,0.008890469558537006,0.06833313405513763,5073.7998046875,50562.0,6146.10009765625,2072.780029296875,16164.16015625,2953.280029296875,13.100000381469727,1.79,0.1342857143,1.5688,-0.085,2.512,9.067
2016-04-04,0.7668711543083191,0.2818012833595276,421.4440002441406,35.70000076293945,1.1390039920806885,1.422454833984375,1218.0,0.008950788527727127,0.06806610524654388,5070.10009765625,48780.0,6164.7001953125,2066.1298828125,16123.26953125,2962.280029296875,14.119999885559082,1.78,0.1342857143,1.5688,-0.085,2.512,9.067
2016-04-05,0.7599939703941345,0.27645692229270935,424.0299987792969,35.88999938964844,1.1389002799987793,1.4264928102493286,1228.4000244140625,0.008988764137029648,0.06770022213459015,5000.39990234375,49054.0,6091.2001953125,2045.1700439453125,15732.8203125,2890.35009765625,15.420000076293945,1.73,0.1342857143,1.5688,-0.085,2.512,9.067
2016-04-06,0.7546030879020691,0.272205114364624,423.4129943847656,37.75,1.138200283050537,1.4156285524368286,1222.5,0.009059776552021503,0.06629782915115356,5024.60009765625,48096.0,6161.60009765625,2066.659912109375,15715.3603515625,2909.360107421875,14.09000015258789,1.76,0.1342857143,1.5688,-0.085,2.512,9.067
2016-04-07,0.7612088322639465,0.2749972641468048,422.7449951171875,37.2599983215332,1.1404979228973389,1.4138071537017822,1236.199951171875,0.00911585334688425,0.0663166493177414,5042.2998046875,48513.0,6136.89990234375,2041.9100341796875,15749.83984375,2871.570068359375,16.15999984741211,1.7,0.1342857143,1.5688,-0.085,2.512,9.067
2016-04-08,0.7513712644577026,0.2715472877025604,420.3489990234375,39.720001220703125,1.1373976469039917,1.4057974815368652,1242.5,0.009222795255482197,0.0655953660607338,5018.0,50293.0,6204.39990234375,2047.5999755859375,15821.51953125,2911.97998046875,15.359999656677246,1.72,0.1342857143,1.5688,-0.085,2.512,9.067
2016-04-11,0.7564868927001953,0.2788466811180115,422.4830017089844,40.36000061035156,1.1403028964996338,1.4130080938339233,1256.699951171875,0.009232672862708569,0.06701546162366867,5013.2001953125,50165.0,6200.10009765625,2041.989990234375,15751.1298828125,2924.22998046875,16.260000228881836,1.73,0.1342857143,1.5688,-0.085,2.512,9.067
2016-04-12,0.7594744563102722,0.28665614128112793,425.19000244140625,42.16999816894531,1.141291856765747,1.4234064817428589,1259.4000244140625,0.009265264496207237,0.06777515262365341,5053.7001953125,52002.0,6242.39990234375,2061.719970703125,15928.7900390625,2942.090087890625,14.850000381469727,1.79,0.1342857143,1.5688,-0.085,2.512,9.067
2016-04-13,0.7685213685035706,0.2871500253677368,423.7340087890625,41.7599983215332,1.138498306274414,1.4268999099731445,1246.800048828125,0.009204712696373463,0.0680200383067131,5127.2001953125,53150.0,6362.89990234375,2082.419921875,16381.2197265625,3039.18994140625,13.84000015258789,1.77,0.1342857143,1.5688,-0.085,2.512,9.067
2016-04-14,0.7662248611450195,0.2862458825111389,424.2820129394531,41.5,1.1279042959213257,1.4192047119140625,1225.0,0.009139097295701504,0.06885060667991638,5187.7001953125,52411.0,6365.10009765625,2082.780029296875,16911.05078125,3060.860107421875,13.720000267028809,1.8,0.1342857143,1.5688,-0.085,2.512,9.067
2016-04-15,0.7695859670639038,0.2879769504070282,429.7130126953125,40.36000061035156,1.1270017623901367,1.4146071672439575,1233.0999755859375,0.00914779119193554,0.0687682256102562,5224.10009765625,53228.0,6343.7998046875,2080.72998046875,16848.029296875,3054.340087890625,13.619999885559082,1.76,0.1342857143,1.5688,-0.085,2.512,9.067
2016-04-18,0.7640002965927124,0.28320589661598206,428.59100341796875,39.779998779296875,1.1299946308135986,1.4174344539642334,1233.5999755859375,0.009257801808416843,0.06810787320137024,5204.89990234375,52894.0,6353.5,2094.340087890625,16275.9501953125,3064.030029296875,13.350000381469727,1.78,0.1342857143,1.5688,-0.085,2.512,9.067
2016-04-19,0.7771215438842773,0.2770159840583801,435.5090026855469,41.08000183105469,1.1309019327163696,1.4289796352386475,1253.0,0.009168172255158424,0.06916896998882294,5254.7001953125,53710.0,6405.39990234375,2100.800048828125,16874.439453125,3112.989990234375,13.239999771118164,1.79,0.1342857143,1.5688,-0.085,2.512,9.067
2016-04-20,0.7796663045883179,0.283663809299469,441.3890075683594,42.630001068115234,1.1359634399414062,1.4389524459838867,1253.199951171875,0.009154155850410461,0.06999281793832779,5281.2001953125,53631.0,6410.2998046875,2102.39990234375,16906.5390625,3142.52001953125,13.279999732971191,1.85,0.1342857143,1.5688,-0.085,2.512,9.067
2016-04-22,0.7742934823036194,0.2837362289428711,445.73699951171875,43.72999954223633,1.12920343875885,1.432295322418213,1228.699951171875,0.00913767796009779,0.06986802071332932,5299.2001953125,52908.0,6310.39990234375,2091.580078125,17572.490234375,3141.1201171875,13.220000267028809,1.89,0.1342857143,1.5688,-0.085,2.512,9.067
2016-04-26,0.7717240452766418,0.281658411026001,466.0889892578125,44.040000915527344,1.1269001960754395,1.4490653276443481,1242.199951171875,0.008997984230518341,0.0692814439535141,5283.60009765625,53083.0,6284.5,2091.699951171875,17353.279296875,3121.2900390625,13.960000038146973,1.94,0.1342857143,1.5688,-0.085,2.512,9.067
2016-04-27,0.7747734189033508,0.2840747535228729,444.68701171875,45.33000183105469,1.1299052238464355,1.457726001739502,1249.199951171875,0.008990379981696606,0.06954552233219147,5250.89990234375,54478.0,6319.89990234375,2095.14990234375,17290.490234375,3130.429931640625,13.770000457763672,1.87,0.1342857143,1.5688,-0.085,2.512,9.067
2016-04-28,0.7603984475135803,0.2839698791503906,449.010986328125,46.029998779296875,1.132900595664978,1.4542070627212524,1265.5,0.008967001922428608,0.06966698914766312,5289.39990234375,54312.0,6322.39990234375,2075.81005859375,16666.05078125,3125.429931640625,15.220000267028809,1.84,0.1342857143,1.5688,-0.085,2.512,9.067
2016-05-06,0.7476076483726501,0.28303757309913635,459.6029968261719,44.65999984741211,1.1406019926071167,1.4492753744125366,1292.9000244140625,0.009321835823357105,0.06690005958080292,5358.60009765625,51718.0,6125.7001953125,2057.139892578125,16106.7197265625,2936.840087890625,14.720000267028809,1.79,0.1342857143,1.5688,-0.085,2.512,9.067
2016-05-09,0.737626314163208,0.2857959270477295,460.4830017089844,43.439998626708984,1.1387965679168701,1.443084716796875,1265.5999755859375,0.009314456023275852,0.06748093664646149,5387.7998046875,50990.0,6114.7998046875,2058.68994140625,16216.0302734375,2955.830078125,14.569999694824219,1.77,0.1342857143,1.5688,-0.085,2.512,9.067
2016-05-10,0.731689453125,0.28465700149536133,450.8949890136719,44.65999984741211,1.1387965679168701,1.4415452480316162,1263.9000244140625,0.009230967611074448,0.06605809181928635,5403.89990234375,53071.0,6156.7001953125,2084.389892578125,16565.189453125,2978.969970703125,13.630000114440918,1.77,0.1342857143,1.5688,-0.085,2.512,9.067
2016-05-11,0.7373000383377075,0.28815120458602905,452.7279968261719,46.22999954223633,1.1374363899230957,1.4451494216918945,1274.5999755859375,0.009158012457191944,0.06625544279813766,5434.7998046875,52764.0,6162.5,2064.4599609375,16579.009765625,2956.7099609375,14.6899995803833,1.73,0.1342857143,1.5688,-0.085,2.512,9.067
2016-05-12,0.7357810139656067,0.2901073396205902,454.7659912109375,46.70000076293945,1.142700433731079,1.4438347816467285,1270.300048828125,0.009223815985023975,0.0666159987449646,5423.39990234375,53241.0,6104.2001953125,2064.110107421875,16646.33984375,2935.4599609375,14.40999984741211,1.75,0.1342857143,1.5688,-0.085,2.512,9.067
2016-05-13,0.7317965626716614,0.2875959873199463,455.6700134277344,46.209999084472656,1.1376951932907104,1.4445230960845947,1271.9000244140625,0.009165902622044086,0.06649895757436752,5396.2998046875,51804.0,6138.5,2046.6099853515625,16412.2109375,2956.6298828125,15.039999961853027,1.71,0.1342857143,1.5688,-0.085,2.512,9.067
2016-05-16,0.7274843454360962,0.28327006101608276,454.1629943847656,47.720001220703125,1.1316953897476196,1.4349260330200195,1273.4000244140625,0.009202933870255947,0.064691461622715,5420.2998046875,51803.0,6151.39990234375,2066.659912109375,16466.400390625,2956.6298828125,14.680000305175781,1.75,0.1342857143,1.5688,-0.085,2.512,9.067
2016-05-17,0.7288098335266113,0.28616398572921753,453.7829895019531,48.310001373291016,1.1316057443618774,1.4446901082992554,1276.199951171875,0.009167583659291267,0.06394074857234955,5458.5,50839.0,6167.7998046875,2047.2099609375,16652.80078125,2938.090087890625,15.569999694824219,1.76,0.1342857143,1.5688,-0.085,2.512,9.067
2016-05-18,0.731368362903595,0.28685352206230164,454.6189880371094,48.189998626708984,1.1316057443618774,1.4455254077911377,1273.699951171875,0.0091785229742527,0.06404516845941544,5420.5,50562.0,6165.7998046875,2047.6300048828125,16644.689453125,2956.429931640625,15.949999809265137,1.87,0.1342857143,1.5688,-0.085,2.512,9.067
2016-05-19,0.7226999998092651,0.2810172736644745,438.7149963378906,48.15999984741211,1.122296690940857,1.4596196413040161,1254.199951171875,0.009079353883862495,0.06303906440734863,5385.60009765625,50133.0,6053.39990234375,2040.0400390625,16646.66015625,2919.219970703125,16.329999923706055,1.85,0.1342857143,1.5688,-0.085,2.512,9.067
2016-05-20,0.7232226729393005,0.2808278799057007,442.6759948730469,47.75,1.1205987930297852,1.4601097106933594,1252.4000244140625,0.009100754745304585,0.06333322823047638,5415.2001953125,49723.0,6156.2998046875,2052.320068359375,16736.349609375,2962.159912109375,15.199999809265137,1.85,0.1342857143,1.5688,-0.085,2.512,9.067
2016-05-23,0.7228044867515564,0.28111207485198975,444.1549987792969,48.08000183105469,1.1221708059310913,1.4490653276443481,1251.0999755859375,0.00908677838742733,0.06402253359556198,5384.89990234375,49330.0,6136.39990234375,2048.0400390625,16654.599609375,2932.929931640625,15.819999694824219,1.84,0.1342857143,1.5688,-0.085,2.512,9.067
2016-05-24,0.7223867774009705,0.28038692474365234,445.9809875488281,48.619998931884766,1.121604323387146,1.4481840133666992,1228.9000244140625,0.009142940863966942,0.06361222267150879,5361.89990234375,49345.0,6219.2998046875,2076.06005859375,16498.759765625,3010.1201171875,14.420000076293945,1.86,0.1342857143,1.5688,-0.085,2.512,9.067
2016-05-25,0.719062328338623,0.2803240418434143,449.5989990234375,49.560001373291016,1.113796591758728,1.4612619876861572,1223.5,0.009076881222426891,0.06389743834733963,5436.7998046875,49483.0,6262.89990234375,2090.5400390625,16757.349609375,3061.60009765625,13.899999618530273,1.87,0.1342857143,1.5688,-0.085,2.512,9.067
2016-05-27,0.7225955128669739,0.2791191041469574,473.4639892578125,49.33000183105469,1.1192066669464111,1.466490626335144,1213.800048828125,0.009114690124988556,0.06444261968135834,5469.7001953125,49051.0,6270.7998046875,2099.06005859375,16834.83984375,3078.47998046875,13.119999885559082,1.85,0.1342857143,1.5688,-0.085,2.512,9.067
2016-05-31,0.7195797562599182,0.28031620383262634,531.385986328125,49.099998474121094,1.1148396730422974,1.4635074138641357,1214.800048828125,0.009021932259202003,0.06327623873949051,5447.7998046875,48472.0,6230.7998046875,2096.949951171875,17234.98046875,3063.47998046875,14.1899995803833,1.84,0.1342857143,1.5688,-0.085,2.512,9.067
2016-06-01,0.7236937284469604,0.2790801525115967,536.9199829101562,49.0099983215332,1.113598108291626,1.4482468366622925,1211.9000244140625,0.009035872295498848,0.06364699453115463,5395.2001953125,49013.0,6191.89990234375,2099.330078125,16955.73046875,3038.77001953125,14.199999809265137,1.85,-0.0168181818,1.3105,-0.23,2.125,9.0628571429
2016-06-02,0.7250054478645325,0.27847394347190857,537.9719848632812,49.16999816894531,1.1189061403274536,1.4419403076171875,1209.800048828125,0.009134339168667793,0.06417937576770782,5354.2001953125,49887.0,6185.60009765625,2105.260009765625,16562.55078125,3033.860107421875,13.630000114440918,1.81,-0.0168181818,1.3105,-0.23,2.125,9.0628571429
2016-06-03,0.7231180667877197,0.2793217897415161,569.1939697265625,48.619998931884766,1.115200161933899,1.4405485391616821,1240.0999755859375,0.009186110459268093,0.06428387761116028,5392.5,50619.0,6209.60009765625,2099.1298828125,16642.23046875,2997.550048828125,13.470000267028809,1.71,-0.0168181818,1.3105,-0.23,2.125,9.0628571429
2016-06-06,0.7346999049186707,0.2837281823158264,585.5369873046875,49.689998626708984,1.1350995302200317,1.4383935928344727,1244.5999755859375,0.009370227344334126,0.06615948677062988,5431.0,50432.0,6273.39990234375,2109.409912109375,16580.029296875,3001.89990234375,13.649999618530273,1.73,-0.0168181818,1.3105,-0.23,2.125,9.0628571429
2016-06-07,0.7373543977737427,0.28698521852493286,576.5969848632812,50.36000061035156,1.1364023685455322,1.4459224939346313,1244.4000244140625,0.00930769369006157,0.06716367602348328,5441.0,50488.0,6284.5,2112.1298828125,16675.44921875,3040.68994140625,14.050000190734863,1.72,-0.0168181818,1.3105,-0.23,2.125,9.0628571429
2016-06-08,0.7446016073226929,0.29112929105758667,581.64501953125,51.22999954223633,1.1357828378677368,1.454355001449585,1259.800048828125,0.009323662146925926,0.06703293323516846,5441.10009765625,51629.0,6301.5,2119.1201171875,16830.919921875,3019.760009765625,14.079999923706055,1.71,-0.0168181818,1.3105,-0.23,2.125,9.0628571429
2016-06-09,0.7496814131736755,0.2978406548500061,574.6300048828125,50.560001373291016,1.140706181526184,1.4518423080444336,1270.199951171875,0.009365050122141838,0.0678810104727745,5437.39990234375,51118.0,6231.89990234375,2115.47998046875,16668.41015625,2989.030029296875,14.640000343322754,1.68,-0.0168181818,1.3105,-0.23,2.125,9.0628571429
2016-06-10,0.7416747212409973,0.29447275400161743,577.469970703125,49.06999969482422,1.1315033435821533,1.4463825225830078,1273.4000244140625,0.009337940253317356,0.06752859801054001,5391.60009765625,49422.0,6115.7998046875,2096.070068359375,16601.359375,2911.110107421875,17.030000686645508,1.64,-0.0168181818,1.3105,-0.23,2.125,9.0628571429
2016-06-14,0.7381163239479065,0.2875794470310211,685.5590209960938,48.4900016784668,1.1291015148162842,1.4206764698028564,1285.5999755859375,0.009413891471922398,0.06611797213554382,5282.5,48648.0,5923.5,2075.320068359375,15859.0,2797.179931640625,20.5,1.62,-0.0168181818,1.3105,-0.23,2.125,9.0628571429
2016-06-15,0.7356186509132385,0.28776150941848755,694.468994140625,48.0099983215332,1.1213024854660034,1.4123696088790894,1285.800048828125,0.009426225908100605,0.06521540880203247,5230.39990234375,48915.0,5966.7998046875,2071.5,15919.580078125,2830.300048828125,20.139999389648438,1.6,-0.0168181818,1.3105,-0.23,2.125,9.0628571429
2016-06-16,0.7416197061538696,0.2882425785064697,766.3079833984375,46.209999084472656,1.1262656450271606,1.41958749294281,1296.0999755859375,0.009447331540286541,0.06591575592756271,5231.7001953125,49412.0,5950.5,2077.989990234375,15434.1396484375,2819.300048828125,19.3700008392334,1.57,-0.0168181818,1.3105,-0.23,2.125,9.0628571429
2016-06-17,0.7387160658836365,0.2889171242713928,748.9089965820312,47.97999954223633,1.1252011060714722,1.4295722246170044,1292.5,0.009547177702188492,0.06527376919984818,5248.2998046875,49534.0,6021.10009765625,2071.219970703125,15599.66015625,2849.169921875,19.40999984741211,1.62,-0.0168181818,1.3105,-0.23,2.125,9.0628571429
2016-06-20,0.7431076765060425,0.2930145263671875,737.2260131835938,49.369998931884766,1.13490629196167,1.4585976600646973,1290.0,0.009555843658745289,0.06650757789611816,5335.60009765625,50329.0,6204.0,2083.25,15965.2998046875,2942.8798828125,18.3700008392334,1.67,-0.0168181818,1.3105,-0.23,2.125,9.0628571429
2016-06-21,0.7461016178131104,0.2948373854160309,666.6519775390625,48.849998474121094,1.1322976350784302,1.467502236366272,1270.5,0.009631684981286526,0.06745963543653488,5353.2998046875,50838.0,6226.60009765625,2088.89990234375,16169.1103515625,2967.340087890625,18.479999542236328,1.71,-0.0168181818,1.3105,-0.23,2.125,9.0628571429
2016-06-22,0.7453786730766296,0.2930746376514435,596.1160278320312,49.130001068115234,1.1250618696212769,1.4670286178588867,1268.0,0.009553835727274418,0.0677962452173233,5349.5,50156.0,6261.2001953125,2085.449951171875,16065.7197265625,2978.31005859375,21.170000076293945,1.69,-0.0168181818,1.3105,-0.23,2.125,9.0628571429
2016-06-23,0.7514277100563049,0.29635775089263916,623.9769897460938,50.11000061035156,1.1328235864639282,1.4789398908615112,1261.199951171875,0.009555662050843239,0.06865312159061432,5358.60009765625,51560.0,6338.10009765625,2113.320068359375,16238.349609375,3037.860107421875,17.25,1.74,-0.0168181818,1.3105,-0.23,2.125,9.0628571429
2016-06-24,0.7535226941108704,0.29967036843299866,665.2990112304688,47.63999938964844,1.1324002742767334,1.4557948112487793,1320.0,0.009533251635730267,0.06873144954442978,5192.7998046875,50105.0,6138.7001953125,2037.4100341796875,14952.01953125,2776.090087890625,25.760000228881836,1.57,-0.0168181818,1.3105,-0.23,2.125,9.0628571429
2016-06-27,0.7431076765060425,0.29693856835365295,655.2750244140625,46.33000183105469,1.103594422340393,1.3450984954833984,1322.5,0.009791729971766472,0.06578116863965988,5216.2001953125,49246.0,5982.2001953125,2000.5400390625,15309.2099609375,2697.43994140625,23.850000381469727,1.46,-0.0168181818,1.3105,-0.23,2.125,9.0628571429
2016-06-28,0.7357268929481506,0.2950461506843567,647.0009765625,47.849998474121094,1.1015034914016724,1.323504090309143,1315.300048828125,0.009822024963796139,0.06496353447437286,5179.7001953125,50007.0,6140.39990234375,2036.0899658203125,15323.1396484375,2758.669921875,18.75,1.46,-0.0168181818,1.3105,-0.23,2.125,9.0628571429
2016-06-29,0.7405213713645935,0.30280089378356934,639.8900146484375,49.880001068115234,1.1073951721191406,1.3350956439971924,1323.9000244140625,0.009737003594636917,0.066033273935318,5221.0,51002.0,6360.10009765625,2070.77001953125,15566.830078125,2832.179931640625,16.639999389648438,1.5,-0.0168181818,1.3105,-0.23,2.125,9.0628571429
2016-06-30,0.7469933032989502,0.30887076258659363,673.3369750976562,48.33000183105469,1.1128050088882446,1.3465837240219116,1318.4000244140625,0.009729708544909954,0.06769908219575882,5310.39990234375,51527.0,6504.2998046875,2098.860107421875,15575.919921875,2864.739990234375,15.630000114440918,1.49,-0.0168181818,1.3105,-0.23,2.125,9.0628571429
2016-07-01,0.7448789477348328,0.31192490458488464,676.2960205078125,48.9900016784668,1.1106051206588745,1.3328713178634644,1336.699951171875,0.009701861999928951,0.06786332279443741,5327.0,52233.0,6577.7998046875,2102.949951171875,15682.48046875,2883.06005859375,14.770000457763672,1.46,-0.1542857143,0.9569,-0.195,1.936,8.729047619
2016-07-05,0.7530120611190796,0.3040899932384491,670.6270141601562,46.599998474121094,1.1146035194396973,1.3279860019683838,1356.4000244140625,0.009754384867846966,0.06861180812120438,5312.7998046875,51842.0,6545.39990234375,2088.550048828125,15669.330078125,2812.8798828125,15.579999923706055,1.37,-0.1542857143,0.9569,-0.195,1.936,8.729047619
2016-07-06,0.7443799376487732,0.3031129837036133,677.3309936523438,47.43000030517578,1.1065007448196411,1.2957899570465088,1364.9000244140625,0.009887187741696835,0.0677301213145256,5284.7001953125,51902.0,6463.60009765625,2099.72998046875,15378.990234375,2761.3701171875,14.960000038146973,1.38,-0.1542857143,0.9569,-0.195,1.936,8.729047619
2016-07-07,0.7518796920776367,0.300571084022522,640.56201171875,45.13999938964844,1.1099025011062622,1.292590856552124,1360.0999755859375,0.009886307641863823,0.0679347813129425,5311.0,52015.0,6533.7998046875,2097.89990234375,15276.240234375,2780.10009765625,14.760000228881836,1.4,-0.1542857143,0.9569,-0.195,1.936,8.729047619
2016-07-08,0.7494004368782043,0.2975216507911682,666.5230102539062,45.40999984741211,1.1065741777420044,1.2915725708007812,1356.5999755859375,0.009921618737280369,0.06770989298820496,5315.60009765625,53141.0,6590.60009765625,2129.89990234375,15106.98046875,2838.010009765625,13.199999809265137,1.37,-0.1542857143,0.9569,-0.195,1.936,8.729047619
2016-07-11,0.7559149861335754,0.30324167013168335,647.6589965820312,44.7599983215332,1.1043988466262817,1.2946157455444336,1355.0,0.009931275621056557,0.06873489916324615,5417.5,53960.0,6682.89990234375,2137.159912109375,15708.8203125,2885.320068359375,13.539999961853027,1.43,-0.1542857143,0.9569,-0.195,1.936,8.729047619
2016-07-12,0.7538067698478699,0.3023705780506134,664.551025390625,46.79999923706055,1.1058032512664795,1.2981113195419312,1334.0999755859375,0.009753813967108727,0.06922197341918945,5433.2001953125,54256.0,6680.7001953125,2152.139892578125,16095.650390625,2933.43994140625,13.550000190734863,1.53,-0.1542857143,0.9569,-0.195,1.936,8.729047619
2016-07-13,0.7605719566345215,0.3036283552646637,654.468017578125,44.75,1.1062926054000854,1.3278273344039917,1342.4000244140625,0.009545993059873581,0.06972892582416534,5470.2998046875,54598.0,6670.39990234375,2152.429931640625,16231.4296875,2926.139892578125,13.039999961853027,1.48,-0.1542857143,0.9569,-0.195,1.936,8.729047619
2016-07-14,0.7596474885940552,0.3065979778766632,658.0780029296875,45.68000030517578,1.1094961166381836,1.3119744062423706,1331.300048828125,0.00960836373269558,0.06907728314399719,5491.7998046875,55481.0,6654.5,2163.75,16385.890625,2963.070068359375,12.819999694824219,1.53,-0.1542857143,0.9569,-0.195,1.936,8.729047619
2016-07-15,0.7614986300468445,0.3078438639640808,663.2550048828125,45.95000076293945,1.1106051206588745,1.3357912302017212,1326.5,0.00950651615858078,0.07014059275388718,5510.10009765625,55578.0,6669.2001953125,2161.739990234375,16497.849609375,2958.64990234375,12.670000076293945,1.6,-0.1542857143,0.9569,-0.195,1.936,8.729047619
2016-07-19,0.7575184106826782,0.3077491223812103,672.864013671875,44.650001525878906,1.1071866750717163,1.3268934488296509,1331.5,0.009420986287295818,0.07023976743221283,5533.89990234375,56698.0,6697.39990234375,2163.780029296875,16723.310546875,2931.10009765625,11.970000267028809,1.56,-0.1542857143,0.9569,-0.195,1.936,8.729047619
2016-07-20,0.750750720500946,0.30789124965667725,665.6849975585938,44.939998626708984,1.1013579368591309,1.310839295387268,1318.800048828125,0.009421785362064838,0.06977660953998566,5565.89990234375,56578.0,6729.0,2173.02001953125,16681.890625,2966.949951171875,11.770000457763672,1.59,-0.1542857143,0.9569,-0.195,1.936,8.729047619
2016-07-21,0.747160792350769,0.30743688344955444,665.0120239257812,44.75,1.1019526720046997,1.326453447341919,1330.5,0.009328009560704231,0.06997900456190109,5588.7001953125,56641.0,6699.89990234375,2165.169921875,16810.220703125,2968.489990234375,12.739999771118164,1.57,-0.1542857143,0.9569,-0.195,1.936,8.729047619
2016-07-22,0.7506943941116333,0.3059413731098175,650.6190185546875,44.189998626708984,1.1032899618148804,1.3246086835861206,1323.0999755859375,0.009450813755393028,0.0703197792172432,5574.2998046875,57002.0,6730.5,2175.030029296875,16627.25,2972.22998046875,12.020000457763672,1.57,-0.1542857143,0.9569,-0.195,1.936,8.729047619
2016-07-25,0.7476076483726501,0.3075503706932068,654.0969848632812,43.130001068115234,1.097044587135315,1.3129734992980957,1319.300048828125,0.009405037388205528,0.069986991584301,5607.5,56873.0,6710.10009765625,2168.47998046875,16620.2890625,2973.219970703125,12.869999885559082,1.58,-0.1542857143,0.9569,-0.195,1.936,8.729047619
2016-07-26,0.7476076483726501,0.30468297004699707,651.7839965820312,42.91999816894531,1.0991184711456299,1.3107877969741821,1320.699951171875,0.009471669793128967,0.06964530050754547,5612.60009765625,56783.0,6724.0,2169.179931640625,16383.0400390625,2978.89990234375,13.050000190734863,1.57,-0.1542857143,0.9569,-0.195,1.936,8.729047619
2016-07-27,0.7516536712646484,0.3058103919029236,654.3519897460938,41.91999816894531,1.0987803936004639,1.3152875900268555,1326.5999755859375,0.009537525475025177,0.06977514922618866,5615.0,56853.0,6750.39990234375,2166.580078125,16664.8203125,2999.47998046875,12.829999923706055,1.52,-0.1542857143,0.9569,-0.195,1.936,8.729047619
2016-07-28,0.7517440319061279,0.30688026547431946,655.0349731445312,41.13999938964844,1.1073460578918457,1.323784351348877,1332.300048828125,0.00952825602144003,0.07038447260856628,5636.7001953125,56667.0,6721.10009765625,2170.06005859375,16476.83984375,2966.10009765625,12.720000267028809,1.52,-0.1542857143,0.9569,-0.195,1.936,8.729047619
2016-07-29,0.751258373260498,0.3047015368938446,656.9920043945312,41.599998474121094,1.108438491821289,1.316187858581543,1349.0,0.009546995162963867,0.07075188308954239,5644.0,57308.0,6724.39990234375,2173.60009765625,16569.26953125,2990.760009765625,11.869999885559082,1.46,-0.1542857143,0.9569,-0.195,1.936,8.729047619
2016-08-01,0.7587829232215881,0.3080524802207947,606.27197265625,40.060001373291016,1.1168068647384644,1.3216325044631958,1351.4000244140625,0.00977211445569992,0.07197532802820206,5670.10009765625,56756.0,6694.0,2170.840087890625,16635.76953125,2990.760009765625,12.4399995803833,1.51,-0.1317391304,0.7421,-0.07,1.892,8.6333333333
2016-08-02,0.7528419494628906,0.3068991005420685,547.4650268554688,39.5099983215332,1.1168068647384644,1.3185480833053589,1364.4000244140625,0.009769536554813385,0.0718274712562561,5622.10009765625,56162.0,6645.39990234375,2157.030029296875,16391.44921875,2906.97998046875,13.369999885559082,1.55,-0.1317391304,0.7421,-0.07,1.892,8.6333333333
2016-08-03,0.7599939703941345,0.30742743611335754,566.35498046875,40.83000183105469,1.1219062805175781,1.333777904510498,1356.0999755859375,0.009894328191876411,0.07139241695404053,5551.39990234375,57077.0,6634.39990234375,2163.7900390625,16083.1103515625,2911.06005859375,12.859999656677246,1.55,-0.1317391304,0.7421,-0.07,1.892,8.6333333333
2016-08-04,0.759013295173645,0.30915722250938416,578.2890014648438,41.93000030517578,1.1151504516601562,1.332800269126892,1358.800048828125,0.00986806396394968,0.07191398739814758,5563.39990234375,57594.0,6740.2001953125,2164.25,16254.8896484375,2932.340087890625,12.420000076293945,1.51,-0.1317391304,0.7421,-0.07,1.892,8.6333333333
2016-08-05,0.7640002965927124,0.31378456950187683,575.0430297851562,41.79999923706055,1.1134741306304932,1.3129217624664307,1336.4000244140625,0.0098815206438303,0.07303758710622787,5585.60009765625,57661.0,6793.5,2182.8701171875,16254.4501953125,2973.7099609375,11.390000343322754,1.59,-0.1317391304,0.7421,-0.07,1.892,8.6333333333
2016-08-08,0.7611798048019409,0.3163855969905853,591.0540161132812,43.02000045776367,1.1089547872543335,1.3085750341415405,1333.4000244140625,0.009790005162358284,0.07271727919578552,5625.7001953125,57635.0,6809.10009765625,2180.889892578125,16650.5703125,2982.919921875,11.5,1.59,-0.1317391304,0.7421,-0.07,1.892,8.6333333333
2016-08-09,0.7660487294197083,0.3155967891216278,587.801025390625,42.77000045776367,1.1083648204803467,1.3032373189926147,1339.0,0.00977631751447916,0.07359705865383148,5636.7001953125,57689.0,6851.2998046875,2181.739990234375,16764.970703125,3029.179931640625,11.65999984741211,1.55,-0.1317391304,0.7421,-0.07,1.892,8.6333333333
2016-08-10,0.7664597034454346,0.3181774914264679,592.10302734375,41.709999084472656,1.111580491065979,1.3007115125656128,1344.300048828125,0.009812097996473312,0.07447779923677444,5628.2001953125,56920.0,6866.39990234375,2175.489990234375,16735.119140625,3018.4599609375,12.050000190734863,1.5,-0.1317391304,0.7421,-0.07,1.892,8.6333333333
2016-08-12,0.7695859670639038,0.3185727894306183,587.5590209960938,44.4900016784668,1.113908290863037,1.2954877614974976,1335.800048828125,0.00982241053134203,0.0746619701385498,5626.2998046875,58298.0,6916.0,2184.050048828125,16919.919921875,3044.93994140625,11.550000190734863,1.51,-0.1317391304,0.7421,-0.07,1.892,8.6333333333
2016-08-15,0.7656381726264954,0.3134304881095886,567.239990234375,45.7400016784668,1.1166945695877075,1.290988802909851,1340.300048828125,0.009873325936496258,0.07436603307723999,5633.7998046875,59146.0,6941.2001953125,2190.14990234375,16869.560546875,3046.64990234375,11.8100004196167,1.55,-0.1317391304,0.7421,-0.07,1.892,8.6333333333
2016-08-16,0.7676364183425903,0.3139914572238922,577.4390258789062,46.58000183105469,1.1184055805206299,1.2883111238479614,1350.5,0.009877518750727177,0.0752558708190918,5625.7001953125,58855.0,6893.89990234375,2178.14990234375,16596.509765625,3016.18994140625,12.640000343322754,1.57,-0.1317391304,0.7421,-0.07,1.892,8.6333333333
2016-08-17,0.7700778245925903,0.31238284707069397,573.2160034179688,46.790000915527344,1.1275991201400757,1.303373098373413,1342.699951171875,0.009980040602385998,0.07457733154296875,5628.10009765625,59324.0,6859.2001953125,2182.219970703125,16745.640625,2980.5400390625,12.1899995803833,1.56,-0.1317391304,0.7421,-0.07,1.892,8.6333333333
2016-08-18,0.766400933265686,0.31203195452690125,574.3179931640625,48.220001220703125,1.1298924684524536,1.3044612407684326,1351.199951171875,0.010009408928453922,0.0748368576169014,5607.2998046875,59166.0,6869.0,2187.02001953125,16486.009765625,2995.300048828125,11.430000305175781,1.53,-0.1317391304,0.7421,-0.07,1.892,8.6333333333
2016-08-19,0.7678722143173218,0.30884215235710144,575.6300048828125,48.52000045776367,1.1349449157714844,1.3166556358337402,1340.4000244140625,0.009988812729716301,0.0748867318034172,5625.39990234375,59099.0,6859.0,2183.8701171875,16545.8203125,2968.199951171875,11.34000015258789,1.58,-0.1317391304,0.7421,-0.07,1.892,8.6333333333
2016-08-22,0.7608034610748291,0.3120611608028412,586.7529907226562,47.04999923706055,1.1298158168792725,1.3056023120880127,1337.699951171875,0.009944905526936054,0.07416362315416336,5612.2998046875,57781.0,6828.5,2182.639892578125,16598.189453125,2960.3701171875,12.270000457763672,1.55,-0.1317391304,0.7421,-0.07,1.892,8.6333333333
2016-08-23,0.7630093097686768,0.31262701749801636,583.4149780273438,48.099998474121094,1.1319260597229004,1.3137152194976807,1340.5999755859375,0.009974963031709194,0.07374196499586105,5647.10009765625,58020.0,6868.5,2186.89990234375,16497.359375,2993.72998046875,12.380000114440918,1.55,-0.1317391304,0.7421,-0.07,1.892,8.6333333333
2016-08-24,0.7613826394081116,0.30907124280929565,580.1820068359375,46.77000045776367,1.1300839185714722,1.3196094036102295,1324.4000244140625,0.009968996979296207,0.07201109081506729,5653.60009765625,57718.0,6835.7998046875,2175.43994140625,16597.30078125,3008.590087890625,13.449999809265137,1.56,-0.1317391304,0.7421,-0.07,1.892,8.6333333333
2016-08-25,0.7610350251197815,0.31024107336997986,577.760986328125,47.33000183105469,1.1263798475265503,1.3234516382217407,1320.0999755859375,0.009945102967321873,0.07064591348171234,5631.39990234375,57722.0,6816.89990234375,2172.469970703125,16555.94921875,2987.68994140625,13.630000114440918,1.58,-0.1317391304,0.7421,-0.07,1.892,8.6333333333
2016-08-26,0.7624857425689697,0.30976054072380066,579.6510009765625,47.63999938964844,1.1290504932403564,1.3194352388381958,1321.5,0.00994480587542057,0.07046322524547577,5607.39990234375,57716.0,6838.10009765625,2169.0400390625,16360.7099609375,3010.360107421875,13.649999618530273,1.62,-0.1317391304,0.7421,-0.07,1.892,8.6333333333
2016-08-30,0.7577479481697083,0.3098277151584625,577.5029907226562,46.349998474121094,1.1192818880081177,1.3107877969741821,1311.699951171875,0.009822314605116844,0.06946422159671783,5573.5,58575.0,6820.7998046875,2176.1201171875,16725.359375,3030.75,13.119999885559082,1.57,-0.1317391304,0.7421,-0.07,1.892,8.6333333333
2016-08-31,0.7524454593658447,0.3089471161365509,575.4719848632812,44.70000076293945,1.1153244972229004,1.3090718984603882,1306.9000244140625,0.009721196256577969,0.06911089271306992,5529.39990234375,57901.0,6781.5,2170.949951171875,16887.400390625,3023.1298828125,13.420000076293945,1.58,-0.1317391304,0.7421,-0.07,1.892,8.6333333333
2016-09-01,0.7519927620887756,0.30998140573501587,572.302978515625,43.15999984741211,1.116071343421936,1.3133701086044312,1312.199951171875,0.009680354967713356,0.06812313944101334,5511.2001953125,58236.0,6746.0,2170.860107421875,16926.83984375,3017.489990234375,13.479999542236328,1.57,-0.0840909091,0.8243,-0.085,2.004,8.675
2016-09-02,0.7552869915962219,0.30738964676856995,575.5369873046875,44.439998626708984,1.1200717687606812,1.327492356300354,1322.0999755859375,0.009684479795396328,0.06860499083995819,5470.60009765625,59616.0,6894.60009765625,2179.97998046875,16925.6796875,3079.739990234375,11.979999542236328,1.6,-0.0840909091,0.8243,-0.085,2.004,8.675
2016-09-06,0.7593014240264893,0.306072473526001,610.4359741210938,44.83000183105469,1.1153244972229004,1.3313806056976318,1349.4000244140625,0.009660902433097363,0.06954441219568253,5510.39990234375,60129.0,6826.10009765625,2186.47998046875,17081.98046875,3070.159912109375,12.020000457763672,1.55,-0.0840909091,0.8243,-0.085,2.004,8.675
2016-09-08,0.7669299840927124,0.31341084837913513,626.3159790039062,47.619998931884766,1.1241008043289185,1.333866834640503,1336.800048828125,0.009820384904742241,0.07144694775342941,5484.60009765625,60232.0,6858.7001953125,2181.300048828125,16958.76953125,3083.5400390625,12.510000228881836,1.61,-0.0840909091,0.8243,-0.085,2.004,8.675
2016-09-09,0.7650523781776428,0.3110516667366028,622.8610229492188,45.880001068115234,1.1271415948867798,1.331026315689087,1330.0999755859375,0.009774597361683846,0.07083632797002792,5440.5,58000.0,6777.0,2127.81005859375,16965.759765625,3053.199951171875,17.5,1.67,-0.0840909091,0.8243,-0.085,2.004,8.675
2016-09-12,0.7544892430305481,0.3056515157222748,608.2429809570312,46.290000915527344,1.1241133213043213,1.327316164970398,1321.0,0.009762002155184746,0.06954596191644669,5319.10009765625,58586.0,6700.89990234375,2159.0400390625,16672.919921875,3012.8798828125,15.15999984741211,1.68,-0.0840909091,0.8243,-0.085,2.004,8.675
2016-09-13,0.7567158937454224,0.3079860806465149,609.2410278320312,44.900001525878906,1.1243535280227661,1.333866834640503,1319.0,0.009827913716435432,0.07020164281129837,5310.0,56821.0,6665.60009765625,2127.02001953125,16729.0390625,2974.800048828125,17.850000381469727,1.73,-0.0840909091,0.8243,-0.085,2.004,8.675
2016-09-14,0.7469375729560852,0.3017410337924957,610.6840209960938,43.58000183105469,1.12186861038208,1.3194352388381958,1321.5,0.009755716659128666,0.06929594278335571,5326.60009765625,57059.0,6673.2998046875,2125.77001953125,16614.240234375,2964.89990234375,18.139999389648438,1.7,-0.0840909091,0.8243,-0.085,2.004,8.675
2016-09-15,0.7482229471206665,0.299087792634964,607.155029296875,43.90999984741211,1.1247328519821167,1.326435923576355,1313.5,0.009751531295478344,0.06989624351263046,5337.10009765625,57909.0,6730.2998046875,2147.260009765625,16405.009765625,2973.77001953125,16.299999237060547,1.71,-0.0840909091,0.8243,-0.085,2.004,8.675
2016-09-16,0.7513148188591003,0.30304867029190063,606.9730224609375,43.029998779296875,1.124593734741211,1.3247665166854858,1305.800048828125,0.00980315264314413,0.07046272605657578,5396.7001953125,57080.0,6710.2998046875,2139.159912109375,16519.2890625,2935.25,15.369999885559082,1.7,-0.0840909091,0.8243,-0.085,2.004,8.675
2016-09-20,0.7537499070167542,0.3056982159614563,608.31201171875,43.439998626708984,1.118067979812622,1.3044612407684326,1313.699951171875,0.009818745777010918,0.07144235074520111,5397.2998046875,57736.0,6830.7998046875,2139.760009765625,16492.150390625,2964.860107421875,15.920000076293945,1.69,-0.0840909091,0.8243,-0.085,2.004,8.675
2016-09-21,0.7558007836341858,0.3071158826351166,597.1489868164062,45.34000015258789,1.1153992414474487,1.2985326051712036,1326.9000244140625,0.009847656823694706,0.07197247445583344,5429.39990234375,58394.0,6834.7998046875,2163.1201171875,16807.619140625,2982.179931640625,13.300000190734863,1.66,-0.0840909091,0.8243,-0.085,2.004,8.675
2016-09-23,0.7649353742599487,0.3108486235141754,602.8419799804688,44.47999954223633,1.1210134029388428,1.3087291717529297,1337.199951171875,0.00991758517920971,0.0734567642211914,5518.60009765625,58697.0,6909.39990234375,2164.68994140625,16754.01953125,3032.31005859375,12.289999961853027,1.62,-0.0840909091,0.8243,-0.085,2.004,8.675
2016-09-26,0.7616146206855774,0.3083374500274658,608.0430297851562,45.93000030517578,1.123923897743225,1.297858476638794,1339.699951171875,0.009911883622407913,0.07273218780755997,5519.10009765625,58054.0,6818.0,2146.10009765625,16544.560546875,2975.8798828125,14.5,1.59,-0.0840909091,0.8243,-0.085,2.004,8.675
2016-09-27,0.763382077217102,0.3085848093032837,606.166015625,44.66999816894531,1.124985933303833,1.2969495058059692,1325.9000244140625,0.009964228607714176,0.07301253080368042,5493.7001953125,58382.0,6807.7001953125,2159.929931640625,16683.9296875,2970.840087890625,13.100000381469727,1.56,-0.0840909091,0.8243,-0.085,2.004,8.675
2016-09-28,0.7669888138771057,0.30934852361679077,604.72802734375,47.04999923706055,1.121956706047058,1.3012362718582153,1319.4000244140625,0.00995341781526804,0.07440309971570969,5500.2001953125,59356.0,6849.39990234375,2171.3701171875,16465.400390625,2991.110107421875,12.390000343322754,1.57,-0.0840909091,0.8243,-0.085,2.004,8.675
2016-09-29,0.7694082856178284,0.3107713460922241,605.6929931640625,47.83000183105469,1.1224982738494873,1.3039510250091553,1321.699951171875,0.009907366707921028,0.07340419292449951,5558.2001953125,58351.0,6919.39990234375,2151.1298828125,16693.7109375,2991.580078125,14.020000457763672,1.56,-0.0840909091,0.8243,-0.085,2.004,8.675
2016-09-30,0.7628347277641296,0.3068143427371979,609.7349853515625,48.2400016784668,1.121956706047058,1.2963443994522095,1313.300048828125,0.0098815206438303,0.07184888422489166,5525.2001953125,58367.0,6899.2998046875,2168.27001953125,16449.83984375,3002.239990234375,13.289999961853027,1.6,-0.0840909091,0.8243,-0.085,2.004,8.675
2016-10-03,0.7644091248512268,0.3067672848701477,612.1329956054688,48.810001373291016,1.1234692335128784,1.2931592464447021,1309.0,0.009846105240285397,0.07279715687036514,5564.7998046875,59461.0,6983.5,2161.199951171875,16598.669921875,2998.5,13.569999694824219,1.63,-0.0840909091,0.8243,-0.085,2.004,8.675
2016-10-04,0.7686395049095154,0.31165269017219543,610.2039794921875,48.689998626708984,1.121038556098938,1.2848516702651978,1266.300048828125,0.009821542538702488,0.07354725897312164,5569.89990234375,59339.0,7074.2998046875,2150.489990234375,16735.650390625,3029.5,13.630000114440918,1.69,-0.0840909091,0.8243,-0.085,2.004,8.675
2016-10-05,0.7610929608345032,0.30726686120033264,612.510986328125,49.83000183105469,1.121076226234436,1.273236632347107,1265.199951171875,0.009720062837004662,0.07235732674598694,5537.0,60254.0,7033.2998046875,2159.72998046875,16819.240234375,3026.280029296875,12.989999771118164,1.72,-0.0840909091,0.8243,-0.085,2.004,8.675
2016-10-06,0.7623694539070129,0.31070375442504883,613.02099609375,50.439998626708984,1.120824933052063,1.2755101919174194,1249.800048828125,0.00966557115316391,0.07287950068712234,5564.7998046875,60644.0,7000.0,2160.77001953125,16899.099609375,3021.580078125,12.84000015258789,1.75,-0.0840909091,0.8243,-0.085,2.004,8.675
2016-10-07,0.7578054070472717,0.30986613035202026,617.1209716796875,49.810001373291016,1.1144545078277588,1.2402331829071045,1248.9000244140625,0.009637161158025265,0.07202856987714767,5548.5,61109.0,7044.39990234375,2153.739990234375,16860.08984375,3000.570068359375,13.479999542236328,1.73,-0.0840909091,0.8243,-0.085,2.004,8.675
2016-10-11,0.7599939703941345,0.3122365474700928,641.072021484375,50.790000915527344,1.1140819787979126,1.2341108322143555,1253.0,0.009643481113016605,0.07258632034063339,5562.2001953125,61022.0,7070.89990234375,2136.72998046875,17024.759765625,3020.68994140625,15.359999656677246,1.77,-0.0840909091,0.8243,-0.085,2.004,8.675
2016-10-13,0.7558007836341858,0.312431663274765,636.7860107421875,50.439998626708984,1.1011881828308105,1.2187690734863281,1255.0,0.009587359614670277,0.0702819675207138,5518.2998046875,61119.0,6977.7001953125,2132.550048828125,16774.240234375,2975.0400390625,16.690000534057617,1.75,-0.0840909091,0.8243,-0.085,2.004,8.675
2016-10-14,0.7563723921775818,0.3147326409816742,640.3779907226562,50.349998474121094,1.1049723625183105,1.222195029258728,1253.0999755859375,0.009641156531870365,0.07017642259597778,5518.5,61767.0,7013.60009765625,2132.97998046875,16856.369140625,3025.18994140625,16.1200008392334,1.8,-0.0840909091,0.8243,-0.085,2.004,8.675
2016-10-17,0.7596474885940552,0.312304824590683,639.1929931640625,49.939998626708984,1.0967799425125122,1.2183235883712769,1254.4000244140625,0.009611779823899269,0.0699545294046402,5470.89990234375,62696.0,6947.60009765625,2126.5,16900.119140625,3008.719970703125,16.209999084472656,1.77,-0.0840909091,0.8243,-0.085,2.004,8.675
2016-10-18,0.7640587091445923,0.31209036707878113,637.9600219726562,50.290000915527344,1.1015641689300537,1.2218962907791138,1260.800048828125,0.009629180654883385,0.07078142464160919,5492.0,63782.0,7000.10009765625,2139.60009765625,16963.609375,3046.989990234375,15.279999732971191,1.75,-0.0840909091,0.8243,-0.085,2.004,8.675
2016-10-19,0.7674597501754761,0.3142973780632019,630.52001953125,51.599998474121094,1.0976948738098145,1.230466365814209,1267.9000244140625,0.00962788239121437,0.07211573421955109,5518.39990234375,63506.0,7021.89990234375,2144.2900390625,16998.91015625,3055.93994140625,14.40999984741211,1.76,-0.0840909091,0.8243,-0.085,2.004,8.675
2016-10-20,0.7726184129714966,0.3158459961414337,630.8569946289062,50.43000030517578,1.0975141525268555,1.2289540767669678,1265.5999755859375,0.009672021493315697,0.07236727327108383,5526.2001953125,63838.0,7026.89990234375,2141.340087890625,17235.5,3076.6298828125,13.75,1.76,-0.0840909091,0.8243,-0.085,2.004,8.675
2016-10-21,0.7633005380630493,0.3185626268386841,632.8280029296875,50.849998474121094,1.0930395126342773,1.2256402969360352,1265.9000244140625,0.009605317376554012,0.07177308201789856,5513.89990234375,64108.0,7020.5,2141.159912109375,17184.58984375,3077.64990234375,13.34000015258789,1.74,-0.0840909091,0.8243,-0.085,2.004,8.675
2016-10-24,0.7602249979972839,0.317571222782135,653.760986328125,50.52000045776367,1.0882576704025269,1.2219113111495972,1262.0,0.009623064659535885,0.07178400456905365,5489.10009765625,64060.0,6986.39990234375,2151.330078125,17234.419921875,3093.860107421875,13.020000457763672,1.77,-0.0840909091,0.8243,-0.085,2.004,8.675
2016-10-25,0.7594167590141296,0.3200511932373047,657.5880126953125,49.959999084472656,1.0875475406646729,1.2217471599578857,1271.9000244140625,0.009585797786712646,0.07190845906734467,5523.2998046875,63866.0,7017.60009765625,2143.159912109375,17365.25,3087.409912109375,13.460000038146973,1.77,-0.0840909091,0.8243,-0.085,2.004,8.675
2016-10-26,0.7650523781776428,0.32150205969810486,678.3040161132812,49.18000030517578,1.0887316465377808,1.217581868171692,1264.800048828125,0.009601167403161526,0.07274949550628662,5442.10009765625,63826.0,6958.10009765625,2139.429931640625,17391.83984375,3080.97998046875,14.239999771118164,1.79,-0.0840909091,0.8243,-0.085,2.004,8.675
2016-10-27,0.7649939060211182,0.3185931146144867,688.31298828125,49.720001220703125,1.091202735900879,1.2235409021377563,1267.9000244140625,0.009563611820340157,0.07208558171987534,5378.39990234375,64250.0,6986.60009765625,2133.0400390625,17336.419921875,3085.169921875,15.359999656677246,1.85,-0.0840909091,0.8243,-0.085,2.004,8.675
2016-10-28,0.759013295173645,0.31592583656311035,689.6510009765625,48.70000076293945,1.0900371074676514,1.2171372175216675,1275.5,0.009504890069365501,0.07222981005907059,5370.89990234375,64308.0,6996.2998046875,2126.409912109375,17446.41015625,3079.239990234375,16.190000534057617,1.86,-0.0840909091,0.8243,-0.085,2.004,8.675
2016-10-31,0.7598206996917725,0.31219756603240967,700.9719848632812,46.86000061035156,1.0984665155410767,1.2215979099273682,1271.5,0.009563429281115532,0.07258684933185577,5402.39990234375,64925.0,6954.2001953125,2126.14990234375,17425.01953125,3055.25,17.059999465942383,1.84,-0.0840909091,0.8243,-0.085,2.004,8.675
2016-11-01,0.7607455253601074,0.3126758933067322,729.7930297851562,46.66999816894531,1.0973334312438965,1.2236906290054321,1286.4000244140625,0.009540163911879063,0.074283167719841,5375.2001953125,63326.0,6917.10009765625,2111.719970703125,17442.400390625,3023.14990234375,18.559999465942383,1.83,0.1890909091,1.3818,0.02,2.535,8.9040909091
2016-11-04,0.768580436706543,0.3068991005420685,703.2349853515625,44.06999969482422,1.1102476119995117,1.2468827962875366,1303.300048828125,0.009703838266432285,0.07445240020751953,5263.10009765625,61598.0,6693.2998046875,2085.179931640625,16905.359375,2954.530029296875,22.510000228881836,1.79,0.1890909091,1.3818,0.02,2.535,8.9040909091
2016-11-07,0.7678722143173218,0.3093772232532501,703.1309814453125,44.88999938964844,1.1101243495941162,1.248907208442688,1278.300048828125,0.009597389958798885,0.07391911745071411,5330.89990234375,64052.0,6806.89990234375,2131.52001953125,17177.2109375,3009.280029296875,18.709999084472656,1.83,0.1890909091,1.3818,0.02,2.535,8.9040909091
2016-11-08,0.7720219492912292,0.3124121129512787,709.8480224609375,44.97999954223633,1.1052166223526,1.2399256229400635,1273.4000244140625,0.009575058706104755,0.07476523518562317,5342.2001953125,64158.0,6843.10009765625,2139.56005859375,17171.380859375,3023.429931640625,18.739999771118164,1.88,0.1890909091,1.3818,0.02,2.535,8.9040909091
2016-11-09,0.7745933532714844,0.31564658880233765,723.2730102539062,45.27000045776367,1.1019041538238525,1.2388503551483154,1272.5999755859375,0.009521089494228363,0.07557887583971024,5238.2998046875,63258.0,6911.7998046875,2163.260009765625,16251.5400390625,3056.2900390625,14.380000114440918,2.07,0.1890909091,1.3818,0.02,2.535,8.9040909091
2016-11-10,0.7649353742599487,0.3093102276325226,715.5339965820312,44.65999984741211,1.0920606851577759,1.242081642150879,1265.5,0.009447063319385052,0.07419223338365555,5408.89990234375,61201.0,6828.0,2167.47998046875,17344.419921875,3046.590087890625,14.739999771118164,2.15,0.1890909091,1.3818,0.02,2.535,8.9040909091
2016-11-11,0.760861337184906,0.2944987416267395,716.4110107421875,44.65999984741211,1.0889687538146973,1.2553352117538452,1265.5,0.009358388371765614,0.07107573002576828,5446.60009765625,59184.0,6730.39990234375,2164.449951171875,17374.7890625,3030.02001953125,14.170000076293945,2.15,0.1890909091,1.3818,0.02,2.535,8.9040909091
2016-11-14,0.754944920539856,0.29498523473739624,705.02099609375,43.31999969482422,1.0824854373931885,1.2573871612548828,1221.199951171875,0.009357075206935406,0.07022817432880402,5420.2998046875,59657.0,6753.2001953125,2164.199951171875,17672.619140625,3039.800048828125,14.479999542236328,2.23,0.1890909091,1.3818,0.02,2.535,8.9040909091
2016-11-16,0.7553440928459167,0.29055407643318176,744.197998046875,45.56999969482422,1.0727311372756958,1.2456402778625488,1223.4000244140625,0.009171114303171635,0.07061398774385452,5399.60009765625,60759.0,6749.7001953125,2176.93994140625,17862.2109375,3026.360107421875,13.720000267028809,2.22,0.1890909091,1.3818,0.02,2.535,8.9040909091
2016-11-17,0.7494566440582275,0.28979626297950745,740.9769897460938,45.41999816894531,1.0706638097763062,1.2442454099655151,1216.5,0.009192443452775478,0.07002555578947067,5408.89990234375,59770.0,6794.7001953125,2187.1201171875,17862.630859375,3041.7900390625,13.350000381469727,2.29,0.1890909091,1.3818,0.02,2.535,8.9040909091
2016-11-18,0.7398091554641724,0.2913413345813751,751.5850219726562,45.689998626708984,1.062304139137268,1.2410026788711548,1208.5,0.009069801308214664,0.0693267360329628,5427.5,59962.0,6775.7998046875,2181.89990234375,17967.41015625,3020.830078125,12.850000381469727,2.34,0.1890909091,1.3818,0.02,2.535,8.9040909091
2016-11-21,0.7323324680328369,0.29565680027008057,739.2479858398438,47.4900016784668,1.0584250688552856,1.2324377298355103,1209.5999755859375,0.00901120062917471,0.06933178007602692,5419.2998046875,61070.0,6778.0,2198.179931640625,18106.01953125,3032.969970703125,12.420000076293945,2.33,0.1890909091,1.3818,0.02,2.535,8.9040909091
2016-11-22,0.7376807332038879,0.29521167278289795,751.3469848632812,48.029998779296875,1.0638864040374756,1.2493752241134644,1211.0,0.009037505835294724,0.07037842273712158,5480.60009765625,61954.0,6819.7001953125,2202.93994140625,18162.939453125,3044.330078125,12.40999984741211,2.31,0.1890909091,1.3818,0.02,2.535,8.9040909091
2016-11-25,0.7416747212409973,0.2949243485927582,741.6489868164062,46.060001373291016,1.0561892986297607,1.2452834844589233,1178.199951171875,0.008826748467981815,0.07073136419057846,5570.5,61559.0,6840.7998046875,2213.35009765625,18381.220703125,3048.3798828125,12.34000015258789,2.36,0.1890909091,1.3818,0.02,2.535,8.9040909091
2016-11-28,0.7445462346076965,0.2923121750354767,735.81298828125,47.08000183105469,1.0612331628799438,1.248127818107605,1190.5999755859375,0.008876895532011986,0.07131151854991913,5532.60009765625,62855.0,6799.5,2201.719970703125,18356.890625,3016.800048828125,13.149999618530273,2.32,0.1890909091,1.3818,0.02,2.535,8.9040909091
2016-11-29,0.7494566440582275,0.29349613189697266,735.60400390625,45.22999954223633,1.062134861946106,1.2411566972732544,1187.9000244140625,0.008953352458775043,0.0728641003370285,5520.5,60987.0,6772.0,2204.659912109375,18307.0390625,3038.419921875,12.899999618530273,2.3,0.1890909091,1.3818,0.02,2.535,8.9040909091
2016-11-30,0.7484470009803772,0.28953617811203003,745.6909790039062,49.439998626708984,1.0648492574691772,1.249219298362732,1170.800048828125,0.008891260251402855,0.07208454608917236,5502.39990234375,61906.0,6783.7998046875,2198.81005859375,18308.48046875,3051.610107421875,13.329999923706055,2.37,0.1890909091,1.3818,0.02,2.535,8.9040909091
2016-12-01,0.7388798594474792,0.29357367753982544,756.7739868164062,51.060001373291016,1.0592098236083984,1.2517211437225342,1166.9000244140625,0.008718851953744888,0.07097544521093369,5560.39990234375,59507.0,6752.89990234375,2191.080078125,18513.119140625,3030.97998046875,14.069999694824219,2.45,0.2519047619,1.4336,0.04,2.799,8.9542105263
2016-12-02,0.7421150207519531,0.27987685799598694,777.9439697265625,51.68000030517578,1.0663141012191772,1.2589701414108276,1175.0999755859375,0.008778938092291355,0.07096325606107712,5502.60009765625,60316.0,6730.7001953125,2191.949951171875,18426.080078125,3015.1298828125,14.119999885559082,2.4,0.2519047619,1.4336,0.04,2.799,8.9542105263
2016-12-05,0.7443799376487732,0.2877946197986603,758.7000122070312,51.790000915527344,1.0582010746002197,1.266784906387329,1174.0,0.008810184895992279,0.07190220057964325,5458.0,59832.0,6746.7998046875,2204.7099609375,18274.990234375,3052.75,12.140000343322754,2.39,0.2519047619,1.4336,0.04,2.799,8.9542105263
2016-12-06,0.747439980506897,0.2923976480960846,764.2239990234375,50.93000030517578,1.0757315158843994,1.2728476524353027,1167.5999755859375,0.008782484568655491,0.07294419407844543,5486.60009765625,61088.0,6779.7998046875,2212.22998046875,18360.5390625,3100.760009765625,11.789999961853027,2.39,0.2519047619,1.4336,0.04,2.799,8.9542105263
2016-12-07,0.7472166419029236,0.29357367753982544,768.1320190429688,49.77000045776367,1.0720411539077759,1.2671059370040894,1175.0,0.0087679298594594,0.07334335893392563,5535.39990234375,61414.0,6902.2001953125,2241.35009765625,18496.689453125,3142.239990234375,12.220000267028809,2.34,0.2519047619,1.4336,0.04,2.799,8.9542105263
2016-12-08,0.748615026473999,0.2957180142402649,770.8099975585938,50.84000015258789,1.0761945247650146,1.262785792350769,1169.800048828125,0.008794069290161133,0.07430044561624527,5599.0,60677.0,6931.60009765625,2246.18994140625,18765.470703125,3185.7900390625,12.640000343322754,2.4,0.2519047619,1.4336,0.04,2.799,8.9542105263
2016-12-09,0.7459513545036316,0.296410471200943,772.7940063476562,51.5,1.062134861946106,1.2584948539733887,1159.4000244140625,0.008766163140535355,0.07330852001905441,5615.7998046875,60501.0,6954.2001953125,2259.530029296875,18996.369140625,3197.5400390625,11.75,2.47,0.2519047619,1.4336,0.04,2.799,8.9542105263
2016-12-12,0.7448234558105469,0.296120822429657,780.0869750976562,52.83000183105469,1.0547411441802979,1.2597631216049194,1163.5,0.008664609864354134,0.07242755591869354,5619.10009765625,59179.0,6890.39990234375,2256.9599609375,19155.029296875,3199.110107421875,12.640000343322754,2.49,0.2519047619,1.4336,0.04,2.799,8.9542105263
2016-12-13,0.7497376203536987,0.2996434271335602,780.5560302734375,52.97999954223633,1.0641694068908691,1.2675877809524536,1156.699951171875,0.008695500902831554,0.07352887094020844,5600.7001953125,59281.0,6968.60009765625,2271.719970703125,19250.51953125,3236.7099609375,12.720000267028809,2.48,0.2519047619,1.4336,0.04,2.799,8.9542105263
2016-12-14,0.7494566440582275,0.29992201924324036,781.4810180664062,51.040000915527344,1.062925100326538,1.2663036584854126,1161.300048828125,0.008678747341036797,0.07363282144069672,5639.7001953125,58212.0,6949.2001953125,2253.280029296875,19253.609375,3211.7099609375,13.1899995803833,2.54,0.2519047619,1.4336,0.04,2.799,8.9542105263
2016-12-15,0.7410700917243958,0.29682397842407227,778.0880126953125,50.900001525878906,1.051414132118225,1.253824234008789,1127.800048828125,0.008531622588634491,0.07167179882526398,5595.0,58396.0,6999.0,2262.030029296875,19273.7890625,3249.739990234375,12.789999961853027,2.6,0.2519047619,1.4336,0.04,2.799,8.9542105263
2016-12-16,0.7368110418319702,0.2971149981021881,784.906982421875,51.900001525878906,1.0418837070465088,1.2423903942108154,1135.300048828125,0.008457303047180176,0.0716460645198822,5589.7001953125,58389.0,7011.60009765625,2258.070068359375,19401.150390625,3259.239990234375,12.199999809265137,2.6,0.2519047619,1.4336,0.04,2.799,8.9542105263
2016-12-19,0.7291286587715149,0.2949504554271698,792.7139892578125,52.119998931884766,1.0449975728988647,1.248907208442688,1140.5,0.008489612489938736,0.07140307128429413,5612.7998046875,57111.0,7017.2001953125,2262.530029296875,19391.599609375,3257.85009765625,11.710000038146973,2.54,0.2519047619,1.4336,0.04,2.799,8.9542105263
2016-12-20,0.7251105904579163,0.29727399349212646,800.8759765625,52.22999954223633,1.0405826568603516,1.2390038967132568,1131.5,0.00854430627077818,0.07076749950647354,5640.0,57583.0,7044.0,2270.760009765625,19494.529296875,3279.409912109375,11.449999809265137,2.57,0.2519047619,1.4336,0.04,2.799,8.9542105263
2016-12-21,0.7269555330276489,0.29823148250579834,834.281005859375,52.4900016784668,1.039047360420227,1.2365524768829346,1131.0999755859375,0.008483563549816608,0.07184744626283646,5662.0,57647.0,7041.39990234375,2265.179931640625,19444.490234375,3270.75,11.270000457763672,2.55,0.2519047619,1.4336,0.04,2.799,8.9542105263
2016-12-22,0.7235366702079773,0.30071568489074707,864.5399780273438,52.95000076293945,1.0428615808486938,1.2354830503463745,1128.800048828125,0.008503112010657787,0.07159887999296188,5691.7998046875,57255.0,7063.7001953125,2260.9599609375,19427.669921875,3269.510009765625,11.430000305175781,2.55,0.2519047619,1.4336,0.04,2.799,8.9542105263
2016-12-28,0.7191140651702881,0.305866539478302,975.9210205078125,54.060001373291016,1.046233057975769,1.227596402168274,1139.4000244140625,0.008512087166309357,0.07185766100883484,5732.39990234375,59782.0,7106.10009765625,2249.919921875,19401.720703125,3278.719970703125,12.949999809265137,2.51,0.2519047619,1.4336,0.04,2.799,8.9542105263
2016-12-29,0.7184939980506897,0.304645836353302,973.4970092773438,53.77000045776367,1.0416991710662842,1.2224938869476318,1156.4000244140625,0.00854065828025341,0.0721781924366951,5746.7001953125,60227.0,7120.2998046875,2249.260009765625,19145.140625,3271.760009765625,13.369999885559082,2.49,0.2519047619,1.4336,0.04,2.799,8.9542105263
2017-01-04,0.7229925990104675,0.3064194917678833,1154.72998046875,53.2599983215332,1.0419923067092896,1.2245597839355469,1163.800048828125,0.008499137125909328,0.0724816769361496,5788.2001953125,61589.0,7189.7001953125,2270.75,19594.16015625,3317.52001953125,11.850000381469727,2.46,0.2519047619,1.4336,0.04,2.799,8.9542105263
2017-01-05,0.7287036180496216,0.311129093170166,1013.3800048828125,53.7599983215332,1.0500892400741577,1.2326807975769043,1179.699951171875,0.008538762107491493,0.0735434740781784,5805.10009765625,62071.0,7195.2998046875,2269.0,19520.689453125,3316.469970703125,11.670000076293945,2.37,0.2519047619,1.4336,0.04,2.799,8.9542105263
2017-01-06,0.7338372468948364,0.312724769115448,902.2009887695312,53.9900016784668,1.0605915784835815,1.2425447702407837,1171.9000244140625,0.008675660938024521,0.07368382066488266,5809.0,61665.0,7210.10009765625,2276.97998046875,19454.330078125,3321.169921875,11.319999694824219,2.42,0.2519047619,1.4336,0.04,2.799,8.9542105263
2017-01-10,0.7359976172447205,0.3129400908946991,907.6790161132812,50.81999969482422,1.0588620901107788,1.2173447608947754,1184.199951171875,0.008621804416179657,0.07328960299491882,5813.0,62132.0,7275.5,2268.89990234375,19301.439453125,3306.2099609375,11.489999771118164,2.38,0.2519047619,1.4336,0.04,2.799,8.9542105263
2017-01-11,0.7361602187156677,0.31303805112838745,777.7570190429688,52.25,1.0552419424057007,1.2174336910247803,1195.5999755859375,0.008630212396383286,0.07284966111183167,5823.7001953125,62446.0,7290.5,2275.320068359375,19364.669921875,3307.93994140625,11.260000228881836,2.38,0.2519047619,1.4336,0.04,2.799,8.9542105263
2017-01-12,0.7447125315666199,0.31286174058914185,804.833984375,53.0099983215332,1.0597710609436035,1.2214486598968506,1198.9000244140625,0.008688248693943024,0.07289586216211319,5821.60009765625,63954.0,7292.39990234375,2270.43994140625,19134.69921875,3286.699951171875,11.539999961853027,2.36,0.2519047619,1.4336,0.04,2.799,8.9542105263
2017-01-13,0.7488393187522888,0.31379440426826477,823.9840087890625,52.369998931884766,1.0616837739944458,1.2165449857711792,1195.300048828125,0.008721132762730122,0.07394809275865555,5776.7998046875,63652.0,7337.7998046875,2274.639892578125,19287.279296875,3324.340087890625,11.229999542236328,2.4,0.2519047619,1.4336,0.04,2.799,8.9542105263
2017-01-17,0.7473283410072327,0.30859434604644775,907.93798828125,52.47999954223633,1.0602991580963135,1.2040214538574219,1212.0,0.008760249242186546,0.07319047302007675,5754.7001953125,64354.0,7220.39990234375,2267.889892578125,18813.529296875,3285.0400390625,11.869999885559082,2.33,0.2519047619,1.4336,0.04,2.799,8.9542105263
2017-01-18,0.7550702691078186,0.31154587864875793,886.6179809570312,51.08000183105469,1.0696789026260376,1.2388043403625488,1211.300048828125,0.008859122171998024,0.07432534545660019,5733.7001953125,64150.0,7247.60009765625,2271.889892578125,18894.369140625,3294.0,12.479999542236328,2.42,0.2519047619,1.4336,0.04,2.799,8.9542105263
2017-01-19,0.7509198784828186,0.30963587760925293,899.072998046875,51.369998931884766,1.062778353691101,1.225970983505249,1200.9000244140625,0.008713685907423496,0.07343491911888123,5745.39990234375,63951.0,7208.39990234375,2263.68994140625,19072.25,3290.330078125,12.779999732971191,2.47,0.2519047619,1.4336,0.04,2.799,8.9542105263
2017-01-20,0.7566586136817932,0.31299883127212524,895.0260009765625,52.41999816894531,1.0659730434417725,1.2338367700576782,1204.300048828125,0.008697164244949818,0.07384433597326279,5709.7001953125,64521.0,7198.39990234375,2271.31005859375,19137.91015625,3299.43994140625,11.539999961853027,2.48,0.2519047619,1.4336,0.04,2.799,8.9542105263
2017-01-23,0.7573462724685669,0.3182382583618164,921.0120239257812,52.75,1.0713750123977661,1.2386969327926636,1215.0,0.008786574006080627,0.07349218428134918,5668.0,65749.0,7151.2001953125,2265.199951171875,18891.029296875,3273.0400390625,11.770000457763672,2.41,0.2519047619,1.4336,0.04,2.799,8.9542105263
2017-01-24,0.7582650780677795,0.31628555059432983,892.68701171875,53.18000030517578,1.0760787725448608,1.2517211437225342,1210.300048828125,0.008866820484399796,0.07432788610458374,5706.2998046875,65840.0,7150.2998046875,2280.070068359375,18787.990234375,3281.530029296875,11.069999694824219,2.47,0.2519047619,1.4336,0.04,2.799,8.9542105263
2017-01-27,0.7533524632453918,0.3148515522480011,919.75,53.16999816894531,1.068296194076538,1.2595410346984863,1188.0999755859375,0.008737058378756046,0.07496549934148788,5765.60009765625,66034.0,7184.5,2294.68994140625,19467.400390625,3303.330078125,10.579999923706055,2.49,0.2519047619,1.4336,0.04,2.799,8.9542105263
2017-01-30,0.7553611993789673,0.3215847611427307,920.3820190429688,52.630001068115234,1.0713980197906494,1.2591921091079712,1193.199951171875,0.008720829151570797,0.07424913346767426,5714.2998046875,64302.0,7118.5,2280.89990234375,19368.849609375,3262.719970703125,11.880000114440918,2.49,0.2519047619,1.4336,0.04,2.799,8.9542105263
2017-01-31,0.7565441131591797,0.31994882225990295,970.4030151367188,52.810001373291016,1.0708587169647217,1.25,1208.5999755859375,0.00879894383251667,0.07402976602315903,5675.0,64671.0,7099.2001953125,2278.8701171875,19041.33984375,3230.679931640625,11.989999771118164,2.45,0.2519047619,1.4336,0.04,2.799,8.9542105263
2017-02-01,0.7580351233482361,0.31745025515556335,989.0230102539062,53.880001068115234,1.0803803205490112,1.2589701414108276,1205.5999755859375,0.008869730867445469,0.07425360381603241,5704.0,64836.0,7107.7001953125,2279.550048828125,19148.080078125,3258.919921875,11.8100004196167,2.48,0.258,1.3058,0.05,2.738,8.7525
2017-02-02,0.7583800554275513,0.31969308853149414,1011.7999877929688,53.540000915527344,1.0767391920089722,1.2661433219909668,1216.699951171875,0.008825268596410751,0.07431352883577347,5696.39990234375,64578.0,7140.7998046875,2280.85009765625,18914.580078125,3253.610107421875,11.930000305175781,2.48,0.258,1.3058,0.05,2.738,8.7525
2017-02-03,0.7654623985290527,0.32025620341300964,1029.9100341796875,53.83000183105469,1.0761713981628418,1.2520031929016113,1218.5,0.008866112679243088,0.07477530092000961,5672.5,64954.0,7188.2998046875,2297.419921875,18918.19921875,3273.110107421875,10.970000267028809,2.49,0.258,1.3058,0.05,2.738,8.7525
2017-02-06,0.7676010727882385,0.3205642104148865,1038.1500244140625,53.0099983215332,1.0782949924468994,1.2484238147735596,1230.0,0.008877919986844063,0.07544948905706406,5665.39990234375,63993.0,7172.2001953125,2292.56005859375,18976.7109375,3238.31005859375,11.369999885559082,2.42,0.258,1.3058,0.05,2.738,8.7525
2017-02-07,0.764584481716156,0.32116132974624634,1061.3499755859375,52.16999816894531,1.0743216276168823,1.2468360662460327,1234.199951171875,0.008942384272813797,0.07528635114431381,5672.60009765625,64199.0,7186.2001953125,2293.080078125,18910.779296875,3235.7099609375,11.289999961853027,2.4,0.258,1.3058,0.05,2.738,8.7525
2017-02-08,0.7622532248497009,0.3208521902561188,1063.0699462890625,52.34000015258789,1.0678056478500366,1.2496250867843628,1237.5999755859375,0.008897826075553894,0.0744779109954834,5703.39990234375,64835.0,7188.7998046875,2294.669921875,19007.599609375,3238.0400390625,11.449999809265137,2.34,0.258,1.3058,0.05,2.738,8.7525
2017-02-09,0.7631723284721375,0.32093456387519836,994.3829956054688,53.0,1.0692213773727417,1.252803087234497,1235.0999755859375,0.008932399563491344,0.07458845525979996,5717.7001953125,64965.0,7229.5,2307.8701171875,18907.669921875,3277.7900390625,10.880000114440918,2.4,0.258,1.3058,0.05,2.738,8.7525
2017-02-10,0.7625904083251953,0.3196113705635071,988.6740112304688,53.86000061035156,1.0658594369888306,1.2498124837875366,1234.4000244140625,0.008815699256956577,0.07452569901943207,5771.60009765625,66125.0,7258.7998046875,2316.10009765625,19378.9296875,3270.830078125,10.850000381469727,2.41,0.258,1.3058,0.05,2.738,8.7525
2017-02-13,0.7670122981071472,0.3218435049057007,990.6420288085938,52.93000030517578,1.061954379081726,1.2484550476074219,1224.4000244140625,0.008778552524745464,0.07480058073997498,5812.89990234375,66968.0,7278.89990234375,2328.25,19459.150390625,3305.22998046875,11.069999694824219,2.43,0.258,1.3058,0.05,2.738,8.7525
2017-02-14,0.7642396688461304,0.32153305411338806,1004.5499877929688,53.20000076293945,1.059849739074707,1.2523010969161987,1223.9000244140625,0.008794687688350677,0.07510214298963547,5810.89990234375,66713.0,7268.60009765625,2337.580078125,19238.98046875,3308.889892578125,10.739999771118164,2.47,0.258,1.3058,0.05,2.738,8.7525
2017-02-15,0.7669299840927124,0.3245489001274109,1007.47998046875,53.11000061035156,1.0578316450119019,1.2470382452011108,1231.699951171875,0.008748829364776611,0.07647247612476349,5859.10009765625,67976.0,7302.39990234375,2349.25,19437.98046875,3323.7099609375,11.970000267028809,2.51,0.258,1.3058,0.05,2.738,8.7525
2017-02-16,0.7721471190452576,0.32721444964408875,1027.43994140625,53.36000061035156,1.0607378482818604,1.2469760179519653,1240.0,0.008763320744037628,0.07751517742872238,5863.0,67814.0,7277.89990234375,2347.219970703125,19347.529296875,3311.0400390625,11.760000228881836,2.45,0.258,1.3058,0.05,2.738,8.7525
2017-02-17,0.7698229551315308,0.3238866329193115,1046.2099609375,53.400001525878906,1.0672245025634766,1.2489228248596191,1237.5999755859375,0.008825736120343208,0.07687104493379593,5851.0,67748.0,7300.0,2351.159912109375,19234.619140625,3308.81005859375,11.489999771118164,2.42,0.258,1.3058,0.05,2.738,8.7525
2017-02-21,0.7688758969306946,0.32409659028053284,1115.300048828125,54.060001373291016,1.0609403848648071,1.2473337650299072,1237.5,0.00882768351584673,0.07661379128694534,5835.39990234375,69052.0,7274.7998046875,2365.3798828125,19381.439453125,3339.330078125,11.569999694824219,2.43,0.258,1.3058,0.05,2.738,8.7525
2017-02-22,0.7676364183425903,0.32321664690971375,1117.43994140625,53.59000015258789,1.0542073249816895,1.248704433441162,1232.0,0.008797473274171352,0.0760779082775116,5850.10009765625,68590.0,7302.2998046875,2362.820068359375,19379.869140625,3339.27001953125,11.739999771118164,2.42,0.258,1.3058,0.05,2.738,8.7525
2017-02-23,0.7697044014930725,0.3265519440174103,1166.719970703125,54.45000076293945,1.0554089546203613,1.2453765869140625,1250.199951171875,0.008817020803689957,0.07693485915660858,5832.5,67461.0,7271.39990234375,2363.81005859375,19371.4609375,3333.9599609375,11.710000038146973,2.38,0.258,1.3058,0.05,2.738,8.7525
2017-02-24,0.7713074088096619,0.3267653286457062,1173.6800537109375,53.9900016784668,1.0584474802017212,1.255618929862976,1256.9000244140625,0.008874531835317612,0.07779981940984726,5786.89990234375,66662.0,7243.7001953125,2367.340087890625,19283.5390625,3304.090087890625,11.470000267028809,2.31,0.258,1.3058,0.05,2.738,8.7525
2017-03-01,0.7642280459403992,0.32175031304359436,1222.5,53.83000183105469,1.0569148063659668,1.2378076314926147,1248.9000244140625,0.008843530900776386,0.07620266824960709,5750.89990234375,66989.0,7382.89990234375,2395.9599609375,19393.5390625,3390.199951171875,12.539999961853027,2.46,0.3482608696,1.194,0.065,2.804,8.6159090909
2017-03-02,0.7657554149627686,0.32381319999694824,1251.010009765625,52.61000061035156,1.0535852909088135,1.227219820022583,1231.9000244140625,0.008762628771364689,0.07687104493379593,5820.7001953125,65855.0,7382.39990234375,2381.919921875,19564.80078125,3384.7099609375,11.8100004196167,2.49,0.3482608696,1.194,0.065,2.804,8.6159090909
2017-03-03,0.7572315335273743,0.3169974088668823,1274.989990234375,53.33000183105469,1.0509721040725708,1.227475881576538,1225.5,0.008745692670345306,0.07608497142791748,5775.39990234375,66786.0,7374.2998046875,2383.1201171875,19469.169921875,3403.389892578125,10.960000038146973,2.49,0.3482608696,1.194,0.065,2.804,8.6159090909
2017-03-06,0.7594744563102722,0.3205128312110901,1272.8299560546875,53.20000076293945,1.062044620513916,1.23001229763031,1224.5,0.008783718571066856,0.07692958414554596,5788.5,66341.0,7350.10009765625,2375.31005859375,19379.140625,3387.4599609375,11.239999771118164,2.49,0.3482608696,1.194,0.065,2.804,8.6159090909
2017-03-07,0.7589211463928223,0.318755567073822,1223.5400390625,53.13999938964844,1.0579211711883545,1.224289894104004,1215.0999755859375,0.008778320625424385,0.07690059393644333,5801.89990234375,65742.0,7339.0,2368.389892578125,19344.150390625,3385.1201171875,11.449999809265137,2.52,0.3482608696,1.194,0.065,2.804,8.6159090909
2017-03-08,0.7594974637031555,0.32093456387519836,1150.0,50.279998779296875,1.0570154190063477,1.2204499244689941,1208.5,0.008777627721428871,0.07717776298522949,5799.5,64718.0,7334.60009765625,2362.97998046875,19254.029296875,3389.6201171875,11.859999656677246,2.57,0.3482608696,1.194,0.065,2.804,8.6159090909
2017-03-09,0.7528986930847168,0.31652581691741943,1188.489990234375,49.279998779296875,1.0547411441802979,1.217730164527893,1202.4000244140625,0.008740417659282684,0.07610130310058594,5780.5,64585.0,7315.0,2364.8701171875,19318.580078125,3409.889892578125,12.300000190734863,2.6,0.3482608696,1.194,0.065,2.804,8.6159090909
2017-03-10,0.750750720500946,0.31335192918777466,1116.719970703125,48.4900016784668,1.0578428506851196,1.2157316207885742,1200.699951171875,0.008684400469064713,0.07510947436094284,5811.2001953125,64675.0,7343.10009765625,2372.60009765625,19604.609375,3416.27001953125,11.65999984741211,2.58,0.3482608696,1.194,0.065,2.804,8.6159090909
2017-03-13,0.7543753385543823,0.3177124559879303,1231.9200439453125,48.400001525878906,1.0690041780471802,1.2171372175216675,1202.4000244140625,0.008715963922441006,0.07578375190496445,5794.60009765625,65534.0,7367.10009765625,2373.469970703125,19633.75,3415.489990234375,11.350000381469727,2.62,0.3482608696,1.194,0.065,2.804,8.6159090909
2017-03-14,0.7566586136817932,0.3172186315059662,1240.0,47.720001220703125,1.0651443004608154,1.220598816871643,1201.9000244140625,0.008702084422111511,0.07620278745889664,5798.10009765625,64699.0,7357.89990234375,2365.449951171875,19609.5,3399.429931640625,12.300000190734863,2.6,0.3482608696,1.194,0.065,2.804,8.6159090909
2017-03-15,0.7565498352050781,0.3160855770111084,1249.6099853515625,48.86000061035156,1.0612443685531616,1.2157464027404785,1200.0999755859375,0.00872151367366314,0.07610523700714111,5813.7001953125,66235.0,7368.60009765625,2385.260009765625,19577.380859375,3409.320068359375,11.630000114440918,2.51,0.3482608696,1.194,0.065,2.804,8.6159090909
2017-03-16,0.7705941200256348,0.32259103655815125,1187.81005859375,48.75,1.0737909078598022,1.2284257411956787,1226.5,0.008818186819553375,0.07806766778230667,5827.5,65783.0,7416.0,2381.3798828125,19590.140625,3439.9599609375,11.210000038146973,2.53,0.3482608696,1.194,0.065,2.804,8.6159090909
2017-03-17,0.7669888138771057,0.3205847442150116,1100.22998046875,48.779998779296875,1.077470064163208,1.2351168394088745,1229.800048828125,0.008823011070489883,0.07838588207960129,5840.7998046875,64210.0,7425.0,2378.25,19521.58984375,3448.409912109375,11.279999732971191,2.5,0.3482608696,1.194,0.065,2.804,8.6159090909
2017-03-22,0.7674126029014587,0.3239600658416748,1049.1400146484375,48.040000915527344,1.081244707107544,1.2482056617736816,1249.300048828125,0.008966037072241306,0.07891476899385452,5732.0,63521.0,7324.7001953125,2348.449951171875,19041.380859375,3420.699951171875,12.8100004196167,2.4,0.3482608696,1.194,0.065,2.804,8.6159090909
2017-03-23,0.7669417858123779,0.3241701126098633,1038.5899658203125,47.70000076293945,1.0790164470672607,1.2475050687789917,1246.9000244140625,0.008979159407317638,0.0796218290925026,5754.0,63531.0,7340.7001953125,2345.9599609375,19085.310546875,3452.179931640625,13.119999885559082,2.41,0.3482608696,1.194,0.065,2.804,8.6159090909
2017-03-24,0.7634170055389404,0.31866416335105896,937.52001953125,47.970001220703125,1.0783880949020386,1.251877784729004,1248.199951171875,0.009008684195578098,0.08028517663478851,5796.10009765625,63854.0,7336.7998046875,2343.97998046875,19262.529296875,3444.14990234375,12.960000038146973,2.4,0.3482608696,1.194,0.065,2.804,8.6159090909
2017-03-27,0.7633005380630493,0.3215744197368622,1045.77001953125,47.72999954223633,1.0849517583847046,1.2514548301696777,1255.4000244140625,0.009045517072081566,0.08065192401409149,5789.2001953125,64308.0,7293.5,2341.590087890625,18985.58984375,3437.139892578125,12.5,2.38,0.3482608696,1.194,0.065,2.804,8.6159090909
2017-03-28,0.7628929018974304,0.3199795186519623,1047.1500244140625,48.369998931884766,1.0860947370529175,1.2557923793792725,1255.300048828125,0.009027632884681225,0.07849971204996109,5860.39990234375,64640.0,7343.39990234375,2358.570068359375,19202.869140625,3465.070068359375,11.529999732971191,2.42,0.3482608696,1.194,0.065,2.804,8.6159090909
2017-03-29,0.7652397751808167,0.31863370537757874,1039.969970703125,49.5099983215332,1.0817711353302002,1.2421433925628662,1253.4000244140625,0.008990704081952572,0.07706190645694733,5910.7001953125,65528.0,7373.7001953125,2361.1298828125,19217.48046875,3475.27001953125,11.420000076293945,2.39,0.3482608696,1.194,0.065,2.804,8.6159090909
2017-03-30,0.767047643661499,0.3202972114086151,1026.4300537109375,50.349998474121094,1.0759629011154175,1.2440440654754639,1245.0,0.008996527642011642,0.07668241113424301,5931.7998046875,65266.0,7369.5,2368.06005859375,19063.220703125,3481.580078125,11.539999961853027,2.42,0.3482608696,1.194,0.065,2.804,8.6159090909
2017-03-31,0.7655209302902222,0.31769227981567383,1071.7900390625,50.599998474121094,1.0687072277069092,1.2478474378585815,1247.300048828125,0.008946464397013187,0.07444575428962708,5903.7998046875,64984.0,7322.89990234375,2362.719970703125,18909.259765625,3500.929931640625,12.369999885559082,2.4,0.3482608696,1.194,0.065,2.804,8.6159090909
2017-04-03,0.7629918456077576,0.320328027009964,1143.81005859375,50.2400016784668,1.0668829679489136,1.2540757656097412,1250.800048828125,0.008987552486360073,0.07487445324659348,5909.7001953125,65211.0,7282.7001953125,2358.840087890625,18983.23046875,3472.93994140625,12.380000114440918,2.35,0.3482608696,1.194,0.065,2.804,8.6159090909
2017-04-04,0.7605140805244446,0.3212335407733917,1133.25,51.029998779296875,1.067008137702942,1.249219298362732,1255.0,0.009032689034938812,0.07304228842258453,5895.7998046875,65769.0,7321.7998046875,2360.159912109375,18810.25,3481.659912109375,11.789999961853027,2.36,0.3482608696,1.194,0.065,2.804,8.6159090909
2017-04-05,0.756887674331665,0.323039174079895,1124.780029296875,51.150001525878906,1.0680338144302368,1.2439976930618286,1245.4000244140625,0.00902087427675724,0.07352238148450851,5915.89990234375,64775.0,7331.7001953125,2352.949951171875,18861.26953125,3472.580078125,12.890000343322754,2.34,0.3482608696,1.194,0.065,2.804,8.6159090909
2017-04-06,0.7567788362503052,0.32055389881134033,1182.6800537109375,51.70000076293945,1.0672472715377808,1.248907208442688,1250.300048828125,0.009059530682861805,0.07256852090358734,5897.2998046875,64223.0,7303.2001953125,2357.489990234375,18597.060546875,3489.570068359375,12.390000343322754,2.34,0.3482608696,1.194,0.065,2.804,8.6159090909
2017-04-07,0.7541478276252747,0.31831926107406616,1176.9000244140625,52.2400016784668,1.0644639730453491,1.246867299079895,1254.300048828125,0.009017376229166985,0.07261162251234055,5902.60009765625,64593.0,7349.39990234375,2355.5400390625,18664.630859375,3495.800048828125,12.869999885559082,2.38,0.3482608696,1.194,0.065,2.804,8.6159090909
2017-04-10,0.7507225871086121,0.3179953396320343,1187.1300048828125,53.08000183105469,1.0582010746002197,1.2375165224075317,1251.0999755859375,0.008990784175693989,0.072686567902565,5948.89990234375,64650.0,7348.89990234375,2357.159912109375,18797.880859375,3480.43994140625,14.050000190734863,2.37,0.3482608696,1.194,0.065,2.804,8.6159090909
2017-04-11,0.7506943941116333,0.3193052113056183,1205.010009765625,53.400001525878906,1.0597598552703857,1.2425447702407837,1271.199951171875,0.009032036177814007,0.07187160849571228,5964.60009765625,64360.0,7365.5,2353.780029296875,18747.869140625,3470.0400390625,15.069999694824219,2.32,0.3482608696,1.194,0.065,2.804,8.6159090909
2017-04-12,0.7503620386123657,0.31879621744155884,1200.3699951171875,53.11000061035156,1.0611318349838257,1.2492347955703735,1275.300048828125,0.009125170297920704,0.07243673503398895,5968.89990234375,63892.0,7349.0,2344.929931640625,18552.609375,3468.510009765625,15.770000457763672,2.28,0.3482608696,1.194,0.065,2.804,8.6159090909
2017-04-13,0.7539090514183044,0.3201536536216736,1169.280029296875,53.18000030517578,1.0670650005340576,1.2549885511398315,1285.9000244140625,0.009182567708194256,0.07428427040576935,5925.89990234375,62826.0,7327.60009765625,2328.949951171875,18426.83984375,3448.260009765625,15.960000038146973,2.24,0.3482608696,1.194,0.065,2.804,8.6159090909
2017-04-18,0.7591862082481384,0.3194581866264343,1211.6700439453125,52.40999984741211,1.0644525289535522,1.2557765245437622,1291.699951171875,0.009164894931018353,0.07523322105407715,5868.7001953125,64159.0,7147.5,2342.18994140625,18418.58984375,3409.780029296875,14.420000076293945,2.18,0.3482608696,1.194,0.065,2.804,8.6159090909
2017-04-19,0.7559149861335754,0.3219057023525238,1210.2900390625,50.439998626708984,1.0728693008422852,1.2844555377960205,1281.4000244140625,0.009213617071509361,0.07539613544940948,5839.89990234375,63407.0,7114.39990234375,2338.169921875,18432.19921875,3420.989990234375,14.930000305175781,2.21,0.3482608696,1.194,0.065,2.804,8.6159090909
2017-04-20,0.7496252059936523,0.3176317512989044,1229.0799560546875,50.27000045776367,1.0715012550354004,1.2782330513000488,1281.9000244140625,0.009188305586576462,0.07538578659296036,5854.39990234375,63761.0,7118.5,2355.840087890625,18430.490234375,3440.030029296875,14.149999618530273,2.24,0.3482608696,1.194,0.065,2.804,8.6159090909
2017-04-24,0.7555723190307617,0.3177831470966339,1250.1500244140625,49.22999954223633,1.087393879890442,1.2826268672943115,1275.800048828125,0.009092727676033974,0.07703626155853271,5900.7001953125,64389.0,7264.7001953125,2374.14990234375,18875.880859375,3577.3798828125,10.84000015258789,2.28,0.3482608696,1.194,0.065,2.804,8.6159090909
2017-04-26,0.7536931037902832,0.3177427351474762,1281.0799560546875,49.619998931884766,1.0928245782852173,1.283235788345337,1262.0999755859375,0.009005277417600155,0.07650711387395859,5936.7998046875,64862.0,7288.7001953125,2387.449951171875,19289.4296875,3578.7099609375,10.850000381469727,2.32,0.3482608696,1.194,0.065,2.804,8.6159090909
2017-04-28,0.746720016002655,0.3143566846847534,1316.47998046875,49.33000183105469,1.0864251852035522,1.2893576622009277,1266.0999755859375,0.008990704081952572,0.0749681368470192,5947.60009765625,65403.0,7203.89990234375,2384.199951171875,19196.740234375,3559.590087890625,10.819999694824219,2.29,0.3482608696,1.194,0.065,2.804,8.6159090909
2017-05-02,0.753409206867218,0.31495070457458496,1452.8199462890625,47.65999984741211,1.090893268585205,1.2897402048110962,1255.0999755859375,0.008943583816289902,0.07470603287220001,5971.39990234375,66722.0,7250.10009765625,2391.169921875,19445.69921875,3578.2099609375,10.59000015258789,2.29,0.3363636364,1.1175,0.04,2.548,8.6509090909
2017-05-08,0.7415812015533447,0.31469300389289856,1723.3499755859375,46.43000030517578,1.0965152978897095,1.296562910079956,1225.300048828125,0.008874374441802502,0.0743434727191925,5897.7998046875,65526.0,7300.89990234375,2399.3798828125,19895.69921875,3642.110107421875,9.770000457763672,2.39,0.3363636364,1.1175,0.04,2.548,8.6509090909
2017-05-09,0.7388798594474792,0.3128519654273987,1755.3599853515625,45.880001068115234,1.0927767753601074,1.2943308353424072,1214.300048828125,0.008831581100821495,0.07349147647619247,5874.5,66278.0,7342.2001953125,2396.919921875,19843.0,3649.080078125,9.960000038146973,2.42,0.3363636364,1.1175,0.04,2.548,8.6509090909
2017-05-10,0.7342413067817688,0.31379440426826477,1787.1300048828125,47.33000183105469,1.0886842012405396,1.2948503494262695,1217.300048828125,0.008795229718089104,0.07341335713863373,5911.10009765625,67350.0,7385.2001953125,2399.6298828125,19900.08984375,3645.739990234375,10.210000038146973,2.41,0.3363636364,1.1175,0.04,2.548,8.6509090909
2017-05-11,0.7361059784889221,0.31588590145111084,1848.5699462890625,47.83000183105469,1.087074637413025,1.2930588722229004,1222.699951171875,0.008746763691306114,0.0741383284330368,5912.0,67538.0,7386.60009765625,2394.43994140625,19961.55078125,3623.550048828125,10.600000381469727,2.39,0.3363636364,1.1175,0.04,2.548,8.6509090909
2017-05-12,0.7378984093666077,0.3185727894306183,1724.239990234375,47.84000015258789,1.0864958763122559,1.2891582250595093,1226.199951171875,0.00878665130585432,0.07487384229898453,5870.89990234375,68222.0,7435.39990234375,2390.89990234375,19883.900390625,3637.52001953125,10.399999618530273,2.33,0.3363636364,1.1175,0.04,2.548,8.6509090909
2017-05-15,0.7392895221710205,0.31469300389289856,1738.4300537109375,48.849998474121094,1.0927289724349976,1.2886598110198975,1228.5999755859375,0.008828384801745415,0.07481221854686737,5868.39990234375,68474.0,7454.39990234375,2402.320068359375,19869.849609375,3641.8798828125,10.420000076293945,2.34,0.3363636364,1.1175,0.04,2.548,8.6509090909
2017-05-16,0.7420544624328613,0.3217296004295349,1734.449951171875,48.65999984741211,1.0981770753860474,1.2903059720993042,1235.0,0.008799564093351364,0.07594167441129684,5882.2001953125,68684.0,7522.0,2400.669921875,19919.8203125,3641.889892578125,10.649999618530273,2.33,0.3363636364,1.1175,0.04,2.548,8.6509090909
2017-05-17,0.7421150207519531,0.32301828265190125,1839.0899658203125,49.06999969482422,1.1093976497650146,1.2916892766952515,1257.5,0.008877367712557316,0.07650699466466904,5821.2001953125,67540.0,7503.5,2357.030029296875,19814.880859375,3584.830078125,15.59000015258789,2.22,0.3363636364,1.1175,0.04,2.548,8.6509090909
2017-05-18,0.7431076765060425,0.3191421627998352,1888.6500244140625,49.349998474121094,1.115635633468628,1.2970168590545654,1251.699951171875,0.008998794481158257,0.07543070614337921,5775.5,61597.0,7436.39990234375,2365.719970703125,19553.859375,3562.219970703125,14.65999984741211,2.23,0.3363636364,1.1175,0.04,2.548,8.6509090909
2017-05-19,0.742225170135498,0.29682397842407227,1987.7099609375,50.33000183105469,1.1113580465316772,1.2958402633666992,1252.699951171875,0.008976579643785954,0.07457538694143295,5768.89990234375,62639.0,7470.7001953125,2381.72998046875,19590.759765625,3587.010009765625,12.039999961853027,2.23,0.3363636364,1.1175,0.04,2.548,8.6509090909
2017-05-22,0.7452120184898376,0.30738019943237305,2173.39990234375,50.72999954223633,1.120485782623291,1.3012192249298096,1260.699951171875,0.008986017666757107,0.07575125992298126,5811.2001953125,61673.0,7496.2998046875,2394.02001953125,19678.279296875,3576.530029296875,10.930000305175781,2.25,0.3363636364,1.1175,0.04,2.548,8.6509090909
2017-05-23,0.7471049427986145,0.3062412142753601,2320.419921875,51.470001220703125,1.123885989189148,1.2995283603668213,1254.800048828125,0.009017864242196083,0.0755646601319313,5802.7998046875,62662.0,7485.2998046875,2398.419921875,19613.279296875,3595.030029296875,10.720000267028809,2.29,0.3363636364,1.1175,0.04,2.548,8.6509090909
2017-05-24,0.747160792350769,0.3059413731098175,2443.639892578125,51.36000061035156,1.11793053150177,1.2956557273864746,1252.4000244140625,0.008932000957429409,0.07638252526521683,5811.60009765625,63257.0,7514.89990234375,2404.389892578125,19742.98046875,3586.6201171875,10.020000457763672,2.26,0.3363636364,1.1175,0.04,2.548,8.6509090909
2017-05-25,0.7497488260269165,0.30541813373565674,2304.97998046875,48.900001525878906,1.1230907440185547,1.2980270385742188,1255.800048828125,0.008966679684817791,0.07758132368326187,5828.7998046875,63227.0,7517.7001953125,2415.070068359375,19813.130859375,3586.6201171875,9.989999771118164,2.25,0.3363636364,1.1175,0.04,2.548,8.6509090909
2017-05-26,0.7456009387969971,0.3054834306240082,2202.419921875,49.79999923706055,1.121076226234436,1.293326497077942,1267.5999755859375,0.008950147777795792,0.07742275297641754,5792.10009765625,64085.0,7547.60009765625,2415.820068359375,19686.83984375,3579.02001953125,9.8100004196167,2.25,0.3363636364,1.1175,0.04,2.548,8.6509090909
2017-05-30,0.7438815832138062,0.3071819245815277,2175.469970703125,49.65999984741211,1.1129041910171509,1.281410574913025,1262.0999755859375,0.00899490900337696,0.07697375863790512,5756.0,63962.0,7526.5,2412.909912109375,19677.849609375,3561.219970703125,10.380000114440918,2.21,0.3363636364,1.1175,0.04,2.548,8.6509090909
2017-05-31,0.7459346652030945,0.3071064352989197,2286.409912109375,48.31999969482422,1.117168664932251,1.2809016704559326,1272.0,0.009022095240652561,0.07627660036087036,5761.2998046875,62711.0,7520.0,2411.800048828125,19650.5703125,3554.590087890625,10.40999984741211,2.21,0.3363636364,1.1175,0.04,2.548,8.6509090909
2017-06-01,0.7426661252975464,0.31006789207458496,2407.8798828125,48.36000061035156,1.1243535280227661,1.2875481843948364,1267.0,0.009025597013533115,0.07647891342639923,5772.5,62289.0,7543.7998046875,2430.06005859375,19860.029296875,3567.02001953125,9.890000343322754,2.21,0.2504761905,1.0846,0.075,2.421,9.020952381
2017-06-02,0.7379528880119324,0.3077870011329651,2488.550048828125,47.65999984741211,1.1215791702270508,1.2888258695602417,1276.800048828125,0.008973680436611176,0.07759522646665573,5821.10009765625,62511.0,7547.60009765625,2439.070068359375,20177.279296875,3591.820068359375,9.75,2.15,0.2504761905,1.0846,0.075,2.421,9.020952381
2017-06-05,0.7428702712059021,0.3077680468559265,2686.81005859375,47.400001525878906,1.128082513809204,1.2870012521743774,1279.300048828125,0.009052805602550507,0.07803964614868164,5792.10009765625,62450.0,7525.7998046875,2436.10009765625,20170.8203125,3591.820068359375,10.069999694824219,2.18,0.2504761905,1.0846,0.075,2.421,9.020952381
2017-06-06,0.7487271428108215,0.3033888638019562,2863.199951171875,48.189998626708984,1.1256824731826782,1.2907389402389526,1294.4000244140625,0.009059530682861805,0.07879891991615295,5708.10009765625,62955.0,7525.0,2429.330078125,19979.900390625,3554.179931640625,10.449999809265137,2.14,0.2504761905,1.0846,0.075,2.421,9.020952381
2017-06-07,0.7509763240814209,0.3052503168582916,2732.159912109375,45.720001220703125,1.1271415948867798,1.2906723022460938,1290.0999755859375,0.00913166906684637,0.07807010412216187,5707.7998046875,63171.0,7478.60009765625,2433.139892578125,19984.619140625,3548.840087890625,10.390000343322754,2.18,0.2504761905,1.0846,0.075,2.421,9.020952381
2017-06-08,0.7542046904563904,0.30606311559677124,2805.6201171875,45.63999938964844,1.125517725944519,1.2962098121643066,1276.300048828125,0.009099180810153484,0.07802929729223251,5714.7998046875,62756.0,7450.0,2433.7900390625,19909.259765625,3563.8798828125,10.15999984741211,2.19,0.2504761905,1.0846,0.075,2.421,9.020952381
2017-06-09,0.7528306245803833,0.30678611993789673,2823.81005859375,45.83000183105469,1.1184805631637573,1.2722970247268677,1268.5,0.009102576412260532,0.07741633802652359,5715.5,62211.0,7527.2998046875,2431.77001953125,20013.259765625,3586.070068359375,10.699999809265137,2.21,0.2504761905,1.0846,0.075,2.421,9.020952381
2017-06-13,0.7547739148139954,0.301504522562027,2717.02001953125,46.459999084472656,1.1196202039718628,1.2669775485992432,1265.800048828125,0.009097442962229252,0.07800397276878357,5801.7998046875,61829.0,7500.39990234375,2440.35009765625,19898.75,3557.8701171875,10.420000076293945,2.21,0.2504761905,1.0846,0.075,2.421,9.020952381
2017-06-14,0.7538067698478699,0.3017137348651886,2506.3701171875,44.72999954223633,1.1208877563476562,1.2750548124313354,1272.800048828125,0.009086365811526775,0.07828989624977112,5862.2001953125,61923.0,7474.39990234375,2437.919921875,19883.51953125,3547.14990234375,10.640000343322754,2.15,0.2504761905,1.0846,0.075,2.421,9.020952381
2017-06-15,0.7588980793952942,0.3055674433708191,2464.580078125,44.459999084472656,1.1215791702270508,1.2754452228546143,1252.199951171875,0.009136926382780075,0.07919155061244965,5796.7001953125,61923.0,7419.39990234375,2432.4599609375,19831.8203125,3525.4599609375,10.899999618530273,2.16,0.2504761905,1.0846,0.075,2.421,9.020952381
2017-06-16,0.7585526704788208,0.30547407269477844,2518.56005859375,44.7400016784668,1.1146905422210693,1.275835633277893,1254.0,0.00901290588080883,0.07770853489637375,5808.0,61626.0,7463.5,2433.14990234375,19943.259765625,3543.8798828125,10.380000114440918,2.16,0.2504761905,1.0846,0.075,2.421,9.020952381
2017-06-19,0.7621369957923889,0.3040807545185089,2589.60009765625,44.20000076293945,1.120824933052063,1.277955174446106,1244.199951171875,0.009012743830680847,0.07816769182682037,5835.5,62014.0,7523.7998046875,2453.4599609375,20067.75,3579.580078125,10.369999885559082,2.19,0.2504761905,1.0846,0.075,2.421,9.020952381
2017-06-20,0.7591918706893921,0.30477583408355713,2721.7900390625,43.22999954223633,1.1144545078277588,1.273236632347107,1241.0,0.00895471591502428,0.07705602794885635,5792.2998046875,60766.0,7472.7001953125,2437.030029296875,20230.41015625,3560.659912109375,10.859999656677246,2.16,0.2504761905,1.0846,0.075,2.421,9.020952381
2017-06-21,0.7576102018356323,0.3007066547870636,2689.10009765625,42.529998779296875,1.1136974096298218,1.263248324394226,1243.4000244140625,0.008981982246041298,0.07657847553491592,5703.2001953125,60762.0,7447.7998046875,2435.610107421875,20138.7890625,3554.35009765625,10.75,2.16,0.2504761905,1.0846,0.075,2.421,9.020952381
2017-06-22,0.7550873756408691,0.29999399185180664,2705.409912109375,42.7400016784668,1.1167196035385132,1.2675718069076538,1247.5999755859375,0.008983919396996498,0.07657730579376221,5742.2998046875,61272.0,7439.2998046875,2434.5,20110.509765625,3555.760009765625,10.479999542236328,2.15,0.2504761905,1.0846,0.075,2.421,9.020952381
2017-06-23,0.7541478276252747,0.2994281053543091,2744.909912109375,43.0099983215332,1.1149640083312988,1.267812728881836,1256.199951171875,0.008985533379018307,0.07714679837226868,5754.60009765625,61087.0,7424.10009765625,2438.300048828125,20132.669921875,3543.679931640625,10.020000457763672,2.15,0.2504761905,1.0846,0.075,2.421,9.020952381
2017-06-26,0.7567674517631531,0.2992667853832245,2478.449951171875,43.380001068115234,1.1198835372924805,1.2743399143218994,1246.300048828125,0.008989652618765831,0.0774485319852829,5758.39990234375,62188.0,7446.7998046875,2439.070068359375,20153.349609375,3561.760009765625,9.899999618530273,2.14,0.2504761905,1.0846,0.075,2.421,9.020952381
2017-06-27,0.7584375739097595,0.30350854992866516,2552.449951171875,44.2400016784668,1.118355631828308,1.2724589109420776,1246.4000244140625,0.008939906023442745,0.07772846519947052,5752.5,61675.0,7434.39990234375,2419.3798828125,20225.08984375,3538.320068359375,11.0600004196167,2.21,0.2504761905,1.0846,0.075,2.421,9.020952381
2017-06-28,0.7586677670478821,0.30193236470222473,2574.7900390625,44.7400016784668,1.1339154243469238,1.281295657157898,1248.0,0.008913609199225903,0.07686920464038849,5796.10009765625,62018.0,7387.7998046875,2440.68994140625,20130.41015625,3535.699951171875,10.029999732971191,2.22,0.2504761905,1.0846,0.075,2.421,9.020952381
2017-06-29,0.7635919451713562,0.30492451786994934,2539.320068359375,44.93000030517578,1.1382650136947632,1.2941465377807617,1244.199951171875,0.00890044029802084,0.07736584544181824,5855.89990234375,62239.0,7350.2998046875,2419.699951171875,20220.30078125,3471.330078125,11.4399995803833,2.27,0.2504761905,1.0846,0.075,2.421,9.020952381
2017-06-30,0.7685213685035706,0.3027825653553009,2480.840087890625,46.040000915527344,1.144164800643921,1.3011176586151123,1240.699951171875,0.008927853778004646,0.07700303941965103,5764.0,62900.0,7312.7001953125,2423.409912109375,20033.4296875,3441.8798828125,11.180000305175781,2.31,0.2504761905,1.0846,0.075,2.421,9.020952381
2017-07-03,0.7688285708427429,0.31469300389289856,2564.06005859375,47.06999969482422,1.1423088312149048,1.301642656326294,1217.9000244140625,0.008907733485102654,0.07663128525018692,5727.5,63280.0,7377.10009765625,2429.010009765625,20055.80078125,3491.81005859375,11.220000267028809,2.35,0.2504761905,1.0846,0.075,2.421,9.020952381
2017-07-05,0.7612088322639465,0.30218783020973206,2601.989990234375,45.130001068115234,1.1360150575637817,1.2934937477111816,1220.4000244140625,0.008852534927427769,0.0758541151881218,5801.0,63154.0,7367.60009765625,2432.5400390625,20081.630859375,3478.409912109375,11.069999694824219,2.33,0.2504761905,1.0846,0.075,2.421,9.020952381
2017-07-06,0.7600921392440796,0.3042287826538086,2608.56005859375,45.52000045776367,1.1346874237060547,1.2931759357452393,1222.199951171875,0.00883493758738041,0.07470715045928955,5797.5,62470.0,7337.2998046875,2409.75,19994.060546875,3462.06005859375,12.539999961853027,2.37,0.2504761905,1.0846,0.075,2.421,9.020952381
2017-07-07,0.7579776644706726,0.3032784163951874,2518.659912109375,44.22999954223633,1.1424784660339355,1.2973533868789673,1208.5999755859375,0.00883790384978056,0.07457399368286133,5743.89990234375,62322.0,7350.89990234375,2425.179931640625,19929.08984375,3463.840087890625,11.1899995803833,2.39,0.2504761905,1.0846,0.075,2.421,9.020952381
2017-07-10,0.7605140805244446,0.31469300389289856,2372.56005859375,44.400001525878906,1.140380859375,1.2891249656677246,1212.0999755859375,0.008773083798587322,0.07475573569536209,5762.89990234375,63025.0,7370.0,2427.429931640625,20080.98046875,3478.06005859375,11.109999656677246,2.38,0.2504761905,1.0846,0.075,2.421,9.020952381
2017-07-11,0.7605140805244446,0.31469300389289856,2337.7900390625,45.040000915527344,1.140380859375,1.2891249656677246,1213.5999755859375,0.008773083798587322,0.07475573569536209,5768.5,63832.0,7329.7998046875,2425.530029296875,20195.48046875,3464.47998046875,10.890000343322754,2.37,0.2504761905,1.0846,0.075,2.421,9.020952381
2017-07-12,0.7639011144638062,0.30739909410476685,2398.840087890625,45.4900016784668,1.1473942995071411,1.2859586477279663,1218.0999755859375,0.0087913628667593,0.07389017194509506,5717.7001953125,64836.0,7416.89990234375,2443.25,20098.380859375,3515.22998046875,10.300000190734863,2.33,0.2504761905,1.0846,0.075,2.421,9.020952381
2017-07-13,0.7679194211959839,0.3118373453617096,2357.89990234375,46.08000183105469,1.1418914794921875,1.2893743515014648,1216.300048828125,0.008823399432003498,0.07551102340221405,5779.10009765625,65178.0,7413.39990234375,2447.830078125,20099.810546875,3527.830078125,9.899999618530273,2.35,0.2504761905,1.0846,0.075,2.421,9.020952381
2017-07-14,0.774053692817688,0.31152647733688354,2233.340087890625,46.540000915527344,1.140393853187561,1.294716238975525,1226.5999755859375,0.008816942572593689,0.07575757801532745,5808.7001953125,65436.0,7378.39990234375,2459.27001953125,20118.859375,3525.93994140625,9.510000228881836,2.33,0.2504761905,1.0846,0.075,2.421,9.020952381
2017-07-17,0.7825216054916382,0.31469300389289856,2228.409912109375,46.02000045776367,1.1475391387939453,1.311131477355957,1232.800048828125,0.008897034451365471,0.0768013745546341,5800.7998046875,65212.0,7404.10009765625,2459.139892578125,20118.859375,3516.35009765625,9.819999694824219,2.31,0.2504761905,1.0846,0.075,2.421,9.020952381
2017-07-18,0.7791013717651367,0.3143467903137207,2318.8798828125,46.400001525878906,1.1474337577819824,1.3053126335144043,1241.0999755859375,0.008882493712008,0.07727020233869553,5738.2001953125,65338.0,7390.2001953125,2460.610107421875,19999.91015625,3478.679931640625,9.890000343322754,2.27,0.2504761905,1.0846,0.075,2.421,9.020952381
2017-07-19,0.7918283343315125,0.31718844175338745,2273.429931640625,47.119998931884766,1.1549744606018066,1.303865909576416,1241.199951171875,0.008928969502449036,0.07750201225280762,5779.39990234375,65180.0,7430.89990234375,2473.830078125,20020.859375,3500.280029296875,9.789999961853027,2.27,0.2504761905,1.0846,0.075,2.421,9.020952381
2017-07-20,0.7960199117660522,0.31769227981567383,2817.60009765625,46.790000915527344,1.1528440713882446,1.3032711744308472,1244.800048828125,0.008938387967646122,0.07734981179237366,5805.7001953125,64938.0,7487.89990234375,2473.449951171875,20144.58984375,3499.489990234375,9.579999923706055,2.27,0.2504761905,1.0846,0.075,2.421,9.020952381
2017-07-21,0.7947861552238464,0.320677250623703,2667.760009765625,45.77000045776367,1.1628718376159668,1.2965459823608398,1254.300048828125,0.008937748149037361,0.07680373638868332,5771.2001953125,64684.0,7452.89990234375,2472.5400390625,20099.75,3451.7099609375,9.359999656677246,2.24,0.2504761905,1.0846,0.075,2.421,9.020952381
2017-07-24,0.7925311923027039,0.31469300389289856,2754.860107421875,46.34000015258789,1.1681697368621826,1.3004746437072754,1253.9000244140625,0.00901347491890192,0.07744553685188293,5738.0,65100.0,7377.7001953125,2469.909912109375,19975.669921875,3453.169921875,9.430000305175781,2.26,0.2504761905,1.0846,0.075,2.421,9.020952381
2017-07-25,0.7927699685096741,0.31802570819854736,2576.47998046875,47.88999938964844,1.1638869047164917,1.3031013011932373,1251.699951171875,0.008990218862891197,0.0772087499499321,5775.2998046875,65668.0,7434.7998046875,2477.1298828125,19955.19921875,3473.5400390625,9.430000305175781,2.33,0.2504761905,1.0846,0.075,2.421,9.020952381
2017-07-26,0.7932730913162231,0.31533804535865784,2529.449951171875,48.75,1.1644561290740967,1.3027619123458862,1249.0,0.008928332477807999,0.07654096186161041,5823.2998046875,65011.0,7452.2998046875,2477.830078125,20050.16015625,3491.18994140625,9.600000381469727,2.29,0.2504761905,1.0846,0.075,2.421,9.020952381
2017-07-27,0.8000128269195557,0.3187251091003418,2671.780029296875,49.040000915527344,1.1728004217147827,1.311475396156311,1259.5999755859375,0.008998632431030273,0.07756086438894272,5832.2001953125,65277.0,7443.0,2475.419921875,20079.640625,3493.139892578125,10.109999656677246,2.32,0.2504761905,1.0846,0.075,2.421,9.020952381
2017-07-28,0.7973591089248657,0.3171984851360321,2809.010009765625,49.709999084472656,1.1688660383224487,1.3076680898666382,1268.4000244140625,0.009001143276691437,0.07692135870456696,5755.2001953125,65497.0,7368.39990234375,2472.10009765625,19959.83984375,3467.72998046875,10.289999961853027,2.3,0.2504761905,1.0846,0.075,2.421,9.020952381
2017-07-31,0.7985944747924805,0.31469300389289856,2875.340087890625,50.16999816894531,1.1747292280197144,1.3144922256469727,1266.5999755859375,0.009048954583704472,0.07698822021484375,5773.89990234375,65920.0,7372.0,2470.300048828125,19925.1796875,3449.360107421875,10.260000228881836,2.3,0.2504761905,1.0846,0.075,2.421,9.020952381
2017-08-01,0.7998719811439514,0.31991812586784363,2718.260009765625,49.15999984741211,1.182410478591919,1.3195397853851318,1272.5999755859375,0.009061336517333984,0.07597976177930832,5820.60009765625,66516.0,7423.7001953125,2476.35009765625,19985.7890625,3449.360107421875,10.09000015258789,2.26,0.3460869565,1.1241,0.01,2.626,9.1172727273
2017-08-02,0.7956082820892334,0.32022541761398315,2710.669921875,49.59000015258789,1.1811256408691406,1.3207945823669434,1271.800048828125,0.009055346250534058,0.0754799023270607,5794.5,67136.0,7411.39990234375,2477.570068359375,20080.0390625,3459.320068359375,10.279999732971191,2.27,0.3460869565,1.1241,0.01,2.626,9.1172727273
2017-08-03,0.7955195903778076,0.321316123008728,2804.72998046875,49.029998779296875,1.1851149797439575,1.3228389024734497,1267.800048828125,0.009028774686157703,0.07567960023880005,5786.7998046875,66777.0,7474.7998046875,2472.159912109375,20029.259765625,3466.3701171875,10.4399995803833,2.24,0.3460869565,1.1241,0.01,2.626,9.1172727273
2017-08-04,0.7959882616996765,0.3213883936405182,2895.889892578125,49.58000183105469,1.1884952783584595,1.314405918121338,1258.300048828125,0.009099180810153484,0.07480718940496445,5773.2998046875,66898.0,7511.7001953125,2476.830078125,19952.330078125,3507.409912109375,10.029999732971191,2.27,0.3460869565,1.1241,0.01,2.626,9.1172727273
2017-08-07,0.7930842638015747,0.3195602595806122,3378.93994140625,49.38999938964844,1.1778424978256226,1.3046995401382446,1258.199951171875,0.00902641098946333,0.07462073862552643,5824.5,67940.0,7531.89990234375,2480.909912109375,20055.890625,3505.800048828125,9.930000305175781,2.26,0.3460869565,1.1241,0.01,2.626,9.1172727273
2017-08-08,0.791671633720398,0.3200819194316864,3419.93994140625,49.16999816894531,1.1800941228866577,1.3037809133529663,1256.4000244140625,0.009029345586895943,0.07565801590681076,5795.7001953125,67899.0,7542.7001953125,2474.919921875,19996.009765625,3515.6298828125,10.960000038146973,2.29,0.3460869565,1.1241,0.01,2.626,9.1172727273
2017-08-09,0.7898269891738892,0.31990787386894226,3342.469970703125,49.560001373291016,1.1754610538482666,1.2986170053482056,1273.0,0.009082487784326077,0.07487215846776962,5816.39990234375,67671.0,7498.10009765625,2474.02001953125,19738.7109375,3468.449951171875,11.109999656677246,2.24,0.3460869565,1.1241,0.01,2.626,9.1172727273
2017-08-10,0.7891601324081421,0.3172287046909332,3381.280029296875,48.59000015258789,1.1761523485183716,1.3014055490493774,1283.699951171875,0.00908686127513647,0.07448290288448334,5810.60009765625,66992.0,7389.89990234375,2438.2099609375,19729.740234375,3433.5400390625,16.040000915527344,2.2,0.3460869565,1.1241,0.01,2.626,9.1172727273
2017-08-11,0.7866582870483398,0.3150995671749115,3650.6201171875,48.81999969482422,1.177024483680725,1.2976733446121216,1287.699951171875,0.00916539877653122,0.07436060905456543,5743.5,67359.0,7310.0,2441.320068359375,19729.740234375,3406.340087890625,15.510000228881836,2.19,0.3460869565,1.1241,0.01,2.626,9.1172727273
2017-08-14,0.7904075980186462,0.31469300389289856,4325.1298828125,47.59000015258789,1.182550311088562,1.3005930185317993,1284.199951171875,0.009154994040727615,0.07445240020751953,5778.60009765625,68285.0,7353.89990234375,2465.840087890625,19537.099609375,3450.659912109375,12.329999923706055,2.22,0.3460869565,1.1241,0.01,2.626,9.1172727273
2017-08-15,0.7853608131408691,0.31375500559806824,4181.93017578125,47.54999923706055,1.1775789260864258,1.2965123653411865,1273.699951171875,0.009096532128751278,0.07522813230752945,5804.0,68355.0,7383.89990234375,2464.610107421875,19753.310546875,3461.909912109375,12.039999961853027,2.27,0.3460869565,1.1241,0.01,2.626,9.1172727273
2017-08-16,0.7825950980186462,0.31569644808769226,4376.6298828125,46.779998779296875,1.1741223335266113,1.2867032289505005,1276.9000244140625,0.009041918441653252,0.0751461610198021,5830.7998046875,68594.0,7433.0,2468.110107421875,19729.279296875,3484.570068359375,11.739999771118164,2.23,0.3460869565,1.1241,0.01,2.626,9.1172727273
2017-08-17,0.7932101488113403,0.31731927394866943,4331.68994140625,47.09000015258789,1.1774264574050903,1.2891582250595093,1286.4000244140625,0.00909099169075489,0.07593648880720139,5827.2001953125,67977.0,7387.89990234375,2430.010009765625,19702.630859375,3461.969970703125,15.550000190734863,2.19,0.3460869565,1.1241,0.01,2.626,9.1172727273
2017-08-18,0.7875256538391113,0.3151293694972992,4160.6201171875,48.5099983215332,1.1715501546859741,1.2865046262741089,1285.699951171875,0.009146787226200104,0.07527405023574829,5798.5,68715.0,7324.0,2425.550048828125,19470.41015625,3446.030029296875,14.260000228881836,2.19,0.3460869565,1.1241,0.01,2.626,9.1172727273
2017-08-21,0.7927510738372803,0.31469300389289856,4001.739990234375,47.369998931884766,1.1756268739700317,1.2873657941818237,1290.800048828125,0.009147456847131252,0.07599131017923355,5780.0,68635.0,7318.89990234375,2428.3701171875,19393.130859375,3423.530029296875,13.1899995803833,2.18,0.3460869565,1.1241,0.01,2.626,9.1172727273
2017-08-22,0.79377681016922,0.3161555230617523,4100.52001953125,47.63999938964844,1.1811953783035278,1.289823293685913,1285.0999755859375,0.009179027751088142,0.07604909688234329,5804.7998046875,70011.0,7381.7001953125,2452.510009765625,19383.83984375,3455.590087890625,11.350000381469727,2.22,0.3460869565,1.1241,0.01,2.626,9.1172727273
2017-08-23,0.7913270592689514,0.31640562415122986,4151.52001953125,48.40999984741211,1.176221489906311,1.2823965549468994,1288.9000244140625,0.009113194420933723,0.07573118060827255,5792.7001953125,70478.0,7382.7001953125,2444.0400390625,19434.640625,3438.6298828125,12.25,2.17,0.3460869565,1.1241,0.01,2.626,9.1172727273
2017-08-24,0.79107666015625,0.31854233145713806,4334.68017578125,47.43000030517578,1.1816558837890625,1.28037691116333,1286.5,0.009181893430650234,0.07605835050344467,5801.7001953125,71133.0,7407.10009765625,2438.969970703125,19353.76953125,3444.72998046875,12.229999542236328,2.19,0.3460869565,1.1241,0.01,2.626,9.1172727273
2017-08-25,0.7900142073631287,0.3178134262561798,4371.60009765625,47.869998931884766,1.1802195310592651,1.280393362045288,1292.5,0.009131252765655518,0.07577904313802719,5803.39990234375,71074.0,7401.5,2443.050048828125,19452.609375,3438.550048828125,11.279999732971191,2.17,0.3460869565,1.1241,0.01,2.626,9.1172727273
2017-08-29,0.7924558520317078,0.31587591767311096,4579.02001953125,46.439998626708984,1.1963869333267212,1.2927078008651733,1313.0999755859375,0.009196502156555653,0.07648681104183197,5733.60009765625,71330.0,7337.39990234375,2446.300048828125,19362.55078125,3388.219970703125,11.699999809265137,2.13,0.3460869565,1.1241,0.01,2.626,9.1172727273
2017-08-30,0.7956715226173401,0.3160356283187866,4565.2998046875,45.959999084472656,1.1970456838607788,1.292657732963562,1308.0999755859375,0.009108297526836395,0.076987624168396,5733.7998046875,70886.0,7365.2998046875,2457.590087890625,19506.5390625,3403.7099609375,11.220000267028809,2.15,0.3460869565,1.1241,0.01,2.626,9.1172727273
2017-08-31,0.7907013297080994,0.31657591462135315,4703.39013671875,47.22999954223633,1.1893434524536133,1.2920564413070679,1316.199951171875,0.00905305054038763,0.07688463479280472,5776.2998046875,70835.0,7430.60009765625,2471.64990234375,19646.240234375,3421.469970703125,10.59000015258789,2.12,0.3460869565,1.1241,0.01,2.626,9.1172727273
2017-09-01,0.7939658164978027,0.31786397099494934,4892.009765625,47.290000915527344,1.1910432577133179,1.2941633462905884,1324.5,0.009080260992050171,0.07700660079717636,5786.10009765625,71923.0,7438.5,2476.550048828125,19691.470703125,3443.8798828125,10.130000114440918,2.16,0.3471428571,1.2436,0.06,2.71,9.025
2017-09-05,0.7945336103439331,0.31853219866752625,4376.52978515625,48.65999984741211,1.1893434524536133,1.2924071550369263,1339.199951171875,0.009106638841331005,0.07730723172426224,5767.7998046875,72151.0,7372.89990234375,2457.85009765625,19385.810546875,3420.860107421875,12.229999542236328,2.07,0.3471428571,1.2436,0.06,2.71,9.025
2017-09-06,0.8006982207298279,0.3209448754787445,4597.1201171875,49.15999984741211,1.1924067735671997,1.3041210174560547,1333.9000244140625,0.009207934141159058,0.07751277089118958,5752.89990234375,73412.0,7354.10009765625,2465.5400390625,19357.970703125,3433.800048828125,11.630000114440918,2.1,0.3471428571,1.2436,0.06,2.71,9.025
2017-09-07,0.8010895252227783,0.32279932498931885,4599.8798828125,49.09000015258789,1.1927765607833862,1.3049719333648682,1345.0999755859375,0.009163047187030315,0.07819708436727524,5753.7998046875,73412.0,7397.0,2465.10009765625,19396.51953125,3447.659912109375,11.550000190734863,2.05,0.3471428571,1.2436,0.06,2.71,9.025
2017-09-08,0.8058017492294312,0.32283058762550354,4228.75,47.47999954223633,1.2029062509536743,1.3104785680770874,1346.0,0.009236169047653675,0.07813464850187302,5739.39990234375,73079.0,7377.60009765625,2461.429931640625,19274.8203125,3447.68994140625,12.119999885559082,2.06,0.3471428571,1.2436,0.06,2.71,9.025
2017-09-11,0.8051530122756958,0.31469300389289856,4161.27001953125,48.06999969482422,1.2017642259597778,1.3197661638259888,1331.0,0.009239496663212776,0.07750135660171509,5779.0,74319.0,7413.60009765625,2488.110107421875,19545.76953125,3495.18994140625,10.729999542236328,2.14,0.3471428571,1.2436,0.06,2.71,9.025
2017-09-12,0.8023750185966492,0.32261186838150024,4130.81005859375,48.22999954223633,1.1959433555603027,1.3169677257537842,1328.0,0.009141186252236366,0.07713525742292404,5806.39990234375,74539.0,7400.7001953125,2496.47998046875,19776.619140625,3512.56005859375,10.579999923706055,2.17,0.3471428571,1.2436,0.06,2.71,9.025
2017-09-13,0.8020082116127014,0.32031774520874023,3882.590087890625,49.29999923706055,1.1974613666534424,1.3289213180541992,1323.4000244140625,0.00907227024435997,0.07705716043710709,5804.0,74788.0,7379.7001953125,2498.3701171875,19865.8203125,3523.139892578125,10.5,2.2,0.3471428571,1.2436,0.06,2.71,9.025
2017-09-14,0.797957181930542,0.31932559609413147,3154.949951171875,49.88999938964844,1.1890605688095093,1.3206027746200562,1324.699951171875,0.009048545733094215,0.07609829306602478,5798.39990234375,74657.0,7295.39990234375,2495.6201171875,19807.439453125,3526.47998046875,10.4399995803833,2.2,0.3471428571,1.2436,0.06,2.71,9.025
2017-09-15,0.8001792430877686,0.32070812582969666,3637.52001953125,49.88999938964844,1.1921650171279907,1.3399077653884888,1320.4000244140625,0.009097608737647533,0.07623985409736633,5755.7998046875,75757.0,7215.5,2500.22998046875,19909.5,3515.550048828125,10.170000076293945,2.2,0.3471428571,1.2436,0.06,2.71,9.025
2017-09-18,0.7996801733970642,0.3215744197368622,4065.199951171875,49.90999984741211,1.193716287612915,1.3575152158737183,1306.300048828125,0.008993048220872879,0.07603984326124191,5779.0,75990.0,7253.2998046875,2503.8701171875,19909.5,3526.739990234375,10.149999618530273,2.23,0.3471428571,1.2436,0.06,2.71,9.025
2017-09-19,0.7971112728118896,0.31898942589759827,3924.969970703125,49.47999954223633,1.1959290504455566,1.3516618013381958,1306.199951171875,0.008968931622803211,0.07527513056993484,5772.39990234375,75974.0,7275.2998046875,2506.64990234375,20299.380859375,3531.179931640625,10.180000305175781,2.24,0.3471428571,1.2436,0.06,2.71,9.025
2017-09-20,0.8005764484405518,0.31920325756073,3905.949951171875,50.40999984741211,1.199256420135498,1.3515340089797974,1312.0,0.008962339721620083,0.07504983246326447,5769.7001953125,76004.0,7272.0,2508.239990234375,20310.4609375,3525.550048828125,9.779999732971191,2.28,0.3471428571,1.2436,0.06,2.71,9.025
2017-09-21,0.8016674518585205,0.31942757964134216,3631.0400390625,50.54999923706055,1.1872113943099976,1.3489633798599243,1290.5999755859375,0.008885256014764309,0.07507789134979248,5716.7001953125,75604.0,7263.89990234375,2500.60009765625,20347.48046875,3539.590087890625,9.670000076293945,2.27,0.3471428571,1.2436,0.06,2.71,9.025
2017-09-22,0.7930591702461243,0.31903013586997986,3630.699951171875,50.65999984741211,1.194557547569275,1.3579760789871216,1293.300048828125,0.008892682380974293,0.075278639793396,5740.60009765625,75390.0,7310.60009765625,2502.219970703125,20296.44921875,3541.419921875,9.59000015258789,2.26,0.3471428571,1.2436,0.06,2.71,9.025
2017-09-25,0.7964954376220703,0.3201536536216736,3926.070068359375,52.220001220703125,1.1927196979522705,1.3507307767868042,1306.800048828125,0.008893315680325031,0.07556065917015076,5741.7001953125,74443.0,7301.2998046875,2496.659912109375,20397.580078125,3537.81005859375,10.210000038146973,2.22,0.3471428571,1.2436,0.06,2.71,9.025
2017-09-26,0.7936822772026062,0.31672632694244385,3892.35009765625,51.880001068115234,1.185564637184143,1.3477815389633179,1297.0,0.008947664871811867,0.07504633814096451,5729.60009765625,74319.0,7285.7001953125,2496.840087890625,20330.189453125,3536.3798828125,10.170000076293945,2.24,0.3471428571,1.2436,0.06,2.71,9.025
2017-09-27,0.7877613306045532,0.31606563925743103,4200.669921875,52.13999938964844,1.1786059141159058,1.3448090553283691,1283.4000244140625,0.008898617699742317,0.07485534250736237,5725.5,73797.0,7313.5,2507.0400390625,20267.05078125,3555.169921875,9.869999885559082,2.31,0.3471428571,1.2436,0.06,2.71,9.025
2017-09-28,0.785071074962616,0.3132930099964142,4174.72998046875,51.560001373291016,1.1749638319015503,1.3398897647857666,1285.5,0.008860534988343716,0.07367079704999924,5731.5,73567.0,7322.7998046875,2510.06005859375,20363.109375,3563.639892578125,9.550000190734863,2.31,0.3471428571,1.2436,0.06,2.71,9.025
2017-09-29,0.7846275568008423,0.3143764138221741,4163.06982421875,51.66999816894531,1.178175449371338,1.343021035194397,1281.5,0.008891496807336807,0.074018694460392,5744.89990234375,74294.0,7372.7998046875,2519.360107421875,20356.279296875,3594.85009765625,9.510000228881836,2.33,0.3471428571,1.2436,0.06,2.71,9.025
2017-10-02,0.7845598459243774,0.3161155879497528,4409.31982421875,50.58000183105469,1.1807351112365723,1.3394052982330322,1272.699951171875,0.00887799821794033,0.07381544262170792,5791.2998046875,74360.0,7438.7998046875,2529.1201171875,20400.779296875,3602.68994140625,9.449999809265137,2.34,0.3471428571,1.2436,0.06,2.71,9.025
2017-10-03,0.7827175855636597,0.31716832518577576,4317.47998046875,50.41999816894531,1.173378348350525,1.3275628089904785,1271.5,0.008867606520652771,0.0736263170838356,5764.2001953125,76763.0,7468.10009765625,2534.580078125,20614.0703125,3605.72998046875,9.510000228881836,2.33,0.3471428571,1.2436,0.06,2.71,9.025
2017-10-04,0.783631443977356,0.31839022040367126,4229.35986328125,49.97999954223633,1.1747568845748901,1.3241175413131714,1273.699951171875,0.008861477486789227,0.0733024924993515,5719.60009765625,76591.0,7467.60009765625,2537.739990234375,20626.66015625,3594.909912109375,9.630000114440918,2.33,0.3471428571,1.2436,0.06,2.71,9.025
2017-10-05,0.7861697673797607,0.319162517786026,4328.41015625,50.790000915527344,1.175723671913147,1.323276400566101,1269.9000244140625,0.008863440714776516,0.07371586561203003,5720.2998046875,76618.0,7508.0,2552.070068359375,20628.560546875,3613.5400390625,9.1899995803833,2.35,0.3471428571,1.2436,0.06,2.71,9.025
2017-10-06,0.7790589332580566,0.3172186315059662,4370.81005859375,49.290000915527344,1.1712344884872437,1.3112690448760986,1271.5999755859375,0.008867291733622551,0.07318426668643951,5777.39990234375,76055.0,7522.89990234375,2549.330078125,20690.7109375,3603.320068359375,9.649999618530273,2.37,0.3471428571,1.2436,0.06,2.71,9.025
2017-10-09,0.7779377102851868,0.31690698862075806,4772.02001953125,49.58000183105469,1.1742464303970337,1.3084039688110352,1281.800048828125,0.008884861133992672,0.07269449532032013,5805.10009765625,75727.0,7507.89990234375,2544.72998046875,20690.7109375,3610.5,10.329999923706055,2.37,0.3471428571,1.2436,0.06,2.71,9.025
2017-10-10,0.7759155631065369,0.31379440426826477,4781.990234375,50.91999816894531,1.1741636991500854,1.314405918121338,1290.5999755859375,0.008876422420144081,0.07251369208097458,5807.10009765625,76897.0,7538.2998046875,2550.639892578125,20823.509765625,3598.7900390625,10.079999923706055,2.35,0.3471428571,1.2436,0.06,2.71,9.025
2017-10-11,0.7786524295806885,0.31468310952186584,4826.47998046875,51.29999923706055,1.1814883947372437,1.3211086988449097,1285.800048828125,0.00890115275979042,0.07307858020067215,5840.7998046875,76660.0,7533.7998046875,2555.239990234375,20881.26953125,3607.389892578125,9.850000381469727,2.35,0.3471428571,1.2436,0.06,2.71,9.025
2017-10-12,0.7804573774337769,0.315487265586853,5446.91015625,50.599998474121094,1.1865493059158325,1.3239772319793701,1293.300048828125,0.008894107304513454,0.07400664687156677,5864.10009765625,76660.0,7556.2001953125,2550.929931640625,20954.720703125,3605.5400390625,9.90999984741211,2.33,0.3471428571,1.2436,0.06,2.71,9.025
2017-10-13,0.7827788591384888,0.31555697321891785,5647.2099609375,51.45000076293945,1.1831799745559692,1.326435923576355,1301.5,0.0089095588773489,0.0742732360959053,5884.7001953125,76990.0,7535.39990234375,2553.169921875,21155.1796875,3604.550048828125,9.609999656677246,2.28,0.3471428571,1.2436,0.06,2.71,9.025
2017-10-16,0.7885688543319702,0.3178437650203705,5725.58984375,51.869998931884766,1.181404709815979,1.3288860321044922,1299.9000244140625,0.008937987498939037,0.07539431005716324,5917.2001953125,76892.0,7527.0,2557.639892578125,21255.560546875,3606.27001953125,9.90999984741211,2.3,0.3471428571,1.2436,0.06,2.71,9.025
2017-10-17,0.7844183444976807,0.3154275715351105,5605.509765625,51.880001068115234,1.1794538497924805,1.3252933025360107,1283.0,0.008913053199648857,0.07503068447113037,5958.10009765625,76201.0,7516.2001953125,2559.360107421875,21336.119140625,3607.77001953125,10.3100004196167,2.3,0.3471428571,1.2436,0.06,2.71,9.025
2017-10-18,0.7851697206497192,0.31684672832489014,5590.68994140625,52.040000915527344,1.1771907806396484,1.319487452507019,1279.9000244140625,0.008911623619496822,0.07473338395357132,5954.7998046875,76591.0,7542.89990234375,2561.260009765625,21363.05078125,3619.64990234375,10.069999694824219,2.34,0.3471428571,1.2436,0.06,2.71,9.025
2017-10-19,0.7842522263526917,0.31544747948646545,5708.52001953125,51.290000915527344,1.1795234680175781,1.321300745010376,1286.9000244140625,0.008848539553582668,0.07377895712852478,5959.7998046875,76283.0,7523.0,2562.10009765625,21448.51953125,3602.080078125,10.050000190734863,2.33,0.3471428571,1.2436,0.06,2.71,9.025
2017-10-20,0.7875069975852966,0.3159657418727875,6011.4501953125,51.470001220703125,1.184805989265442,1.3150626420974731,1277.4000244140625,0.008874689228832722,0.07405213266611099,5968.60009765625,76391.0,7523.2001953125,2575.2099609375,21457.640625,3605.090087890625,9.970000267028809,2.39,0.3471428571,1.2436,0.06,2.71,9.025
2017-10-23,0.7807010412216187,0.31339120864868164,5930.31982421875,51.900001525878906,1.175364375114441,1.3189828395843506,1277.699951171875,0.008768238127231598,0.07303588092327118,5957.2001953125,75413.0,7524.5,2564.97998046875,21696.650390625,3608.8701171875,11.069999694824219,2.38,0.3471428571,1.2436,0.06,2.71,9.025
2017-10-24,0.78125,0.30917635560035706,5526.64013671875,52.470001220703125,1.1759172677993774,1.3206549882888794,1275.0,0.008823011070489883,0.07306202501058578,5962.5,76350.0,7526.5,2569.1298828125,21805.169921875,3610.68994140625,11.15999984741211,2.42,0.3471428571,1.2436,0.06,2.71,9.025
2017-10-25,0.7775444984436035,0.30839449167251587,5750.7998046875,52.18000030517578,1.1759034395217896,1.3131976127624512,1275.4000244140625,0.008776087313890457,0.07278814911842346,5972.7001953125,76671.0,7447.2001953125,2557.14990234375,21707.619140625,3591.4599609375,11.229999542236328,2.44,0.3471428571,1.2436,0.06,2.71,9.025
2017-10-26,0.770790159702301,0.30948254466056824,5904.830078125,52.63999938964844,1.182075023651123,1.327351450920105,1266.300048828125,0.008806073106825352,0.07106006890535355,5982.5,75896.0,7486.5,2560.39990234375,21739.779296875,3637.199951171875,11.300000190734863,2.46,0.3471428571,1.2436,0.06,2.71,9.025
2017-10-27,0.7659724950790405,0.3042750656604767,5780.89990234375,53.900001525878906,1.163724422454834,1.3130252361297607,1268.5,0.008762398734688759,0.0702381357550621,5969.2998046875,75976.0,7505.0,2581.070068359375,22008.44921875,3652.22998046875,9.800000190734863,2.42,0.3471428571,1.2436,0.06,2.71,9.025
2017-10-30,0.7668123245239258,0.30913811922073364,6130.52978515625,54.150001525878906,1.1604562997817993,1.3134045600891113,1274.0999755859375,0.008792059496045113,0.07092440128326416,5983.7001953125,74800.0,7487.7998046875,2572.830078125,22011.669921875,3662.179931640625,10.5,2.37,0.3471428571,1.2436,0.06,2.71,9.025
2017-10-31,0.7697636485099792,0.30420100688934326,6468.39990234375,54.380001068115234,1.1652703285217285,1.3212482929229736,1267.0,0.008849870413541794,0.07119414210319519,5976.39990234375,74308.0,7493.10009765625,2575.260009765625,22011.609375,3673.949951171875,10.180000305175781,2.38,0.3471428571,1.2436,0.06,2.71,9.025
2017-11-01,0.7659900188446045,0.30584782361984253,6767.31005859375,54.29999923706055,1.165175199508667,1.3292216062545776,1274.0999755859375,0.00879894383251667,0.07082504034042358,6005.5,73824.0,7488.0,2579.360107421875,22420.080078125,3697.39990234375,10.199999809265137,2.37,0.3081818182,1.3299,0.035,2.565,9.7709090909
2017-11-02,0.7676953673362732,0.3061661720275879,7078.5,54.540000915527344,1.1628718376159668,1.3255391120910645,1274.9000244140625,0.008760249242186546,0.07116272300481796,6002.2001953125,73824.0,7555.2998046875,2579.85009765625,22539.119140625,3688.800048828125,9.930000305175781,2.35,0.3081818182,1.3299,0.035,2.565,9.7709090909
2017-11-03,0.7713906764984131,0.30631622672080994,7207.759765625,55.63999938964844,1.1661807298660278,1.30532968044281,1266.5,0.008770698681473732,0.0715717151761055,6030.2998046875,73915.0,7560.39990234375,2587.840087890625,22539.119140625,3689.9599609375,9.140000343322754,2.34,0.3081818182,1.3299,0.035,2.565,9.7709090909
2017-11-06,0.7651694416999817,0.3037113547325134,7022.759765625,57.349998474121094,1.1614941358566284,1.30804443359375,1279.4000244140625,0.00875825434923172,0.07045875489711761,6027.2001953125,74311.0,7562.2998046875,2591.1298828125,22548.349609375,3682.360107421875,9.399999618530273,2.32,0.3081818182,1.3299,0.035,2.565,9.7709090909
2017-11-07,0.768994152545929,0.30789124965667725,7144.3798828125,57.20000076293945,1.1612648963928223,1.3175057172775269,1273.699951171875,0.008789585903286934,0.07090896368026733,6087.39990234375,72415.0,7513.10009765625,2590.639892578125,22937.599609375,3658.77001953125,9.890000343322754,2.32,0.3081818182,1.3299,0.035,2.565,9.7709090909
2017-11-08,0.7655092477798462,0.30580103397369385,7459.68994140625,56.810001373291016,1.1601063013076782,1.3172106742858887,1281.5999755859375,0.008790358901023865,0.07037991285324097,6089.10009765625,74363.0,7529.7001953125,2594.3798828125,22913.8203125,3655.0400390625,9.779999732971191,2.32,0.3081818182,1.3299,0.035,2.565,9.7709090909
2017-11-09,0.7678722143173218,0.3075692653656006,7143.580078125,57.16999816894531,1.15968918800354,1.3113033771514893,1285.5999755859375,0.008777550421655178,0.07068166881799698,6122.39990234375,72931.0,7484.10009765625,2584.6201171875,22868.7109375,3612.5,10.5,2.33,0.3081818182,1.3299,0.035,2.565,9.7709090909
2017-11-10,0.7682615518569946,0.30781543254852295,6618.14013671875,56.7400016784668,1.164686679840088,1.3144404888153076,1272.4000244140625,0.008820286951959133,0.07018455117940903,6104.2998046875,72166.0,7433.0,2582.300048828125,22681.419921875,3593.760009765625,11.289999961853027,2.4,0.3081818182,1.3299,0.035,2.565,9.7709090909
2017-11-13,0.7647013664245605,0.3052130341529846,6559.490234375,56.7599983215332,1.1661127805709839,1.312026023864746,1277.300048828125,0.008796158246695995,0.06953135877847672,6097.2001953125,72475.0,7415.2001953125,2584.840087890625,22380.990234375,3574.52001953125,11.5,2.4,0.3081818182,1.3299,0.035,2.565,9.7709090909
2017-11-14,0.7614986300468445,0.305259644985199,6635.75,55.70000076293945,1.1664936542510986,1.3123359680175781,1281.5,0.008803979493677616,0.06916633993387222,6048.7001953125,70827.0,7414.39990234375,2578.8701171875,22380.009765625,3556.3798828125,11.59000015258789,2.38,0.3081818182,1.3299,0.035,2.565,9.7709090909
2017-11-15,0.7631257772445679,0.30194148421287537,7315.5400390625,55.33000183105469,1.1792869567871094,1.3157894611358643,1276.5,0.008818186819553375,0.06963691115379333,6012.2998046875,70827.0,7372.60009765625,2564.6201171875,22028.3203125,3545.719970703125,13.130000114440918,2.33,0.3081818182,1.3299,0.035,2.565,9.7709090909
2017-11-16,0.7631257772445679,0.30194148421287537,7871.68994140625,55.13999938964844,1.1792869567871094,1.3157894611358643,1277.4000244140625,0.008818186819553375,0.06963691115379333,6023.5,72512.0,7386.89990234375,2585.639892578125,22351.119140625,3564.800048828125,11.760000228881836,2.37,0.3081818182,1.3299,0.035,2.565,9.7709090909
2017-11-17,0.7587311267852783,0.30575427412986755,7708.990234375,56.54999923706055,1.1777453422546387,1.3200448751449585,1295.800048828125,0.008847365155816078,0.07072985917329788,6038.2998046875,73437.0,7380.7001953125,2578.85009765625,22396.80078125,3547.4599609375,11.430000305175781,2.35,0.3081818182,1.3299,0.035,2.565,9.7709090909
2017-11-20,0.7554011344909668,0.30726686120033264,8200.6396484375,56.09000015258789,1.1731857061386108,1.3202714920043945,1274.5999755859375,0.008925543166697025,0.07146327942609787,6028.0,73437.0,7389.5,2582.139892578125,22261.759765625,3561.409912109375,10.649999618530273,2.37,0.3081818182,1.3299,0.035,2.565,9.7709090909
2017-11-21,0.7555723190307617,0.30731406807899475,8071.259765625,56.83000183105469,1.1741223335266113,1.3245033025741577,1281.0999755859375,0.008884861133992672,0.07124993950128555,6044.2001953125,74595.0,7411.2998046875,2599.030029296875,22416.48046875,3579.320068359375,9.729999542236328,2.36,0.3081818182,1.3299,0.035,2.565,9.7709090909
2017-11-22,0.7584893703460693,0.3070027530193329,8253.5498046875,58.02000045776367,1.173722743988037,1.3245558738708496,1291.5999755859375,0.00890146940946579,0.07161322981119156,6067.60009765625,74519.0,7419.0,2597.080078125,22523.150390625,3562.64990234375,9.880000114440918,2.32,0.3081818182,1.3299,0.035,2.565,9.7709090909
2017-11-24,0.7625671029090881,0.31053006649017334,8253.6904296875,58.95000076293945,1.1853959560394287,1.330672025680542,1286.699951171875,0.008988440968096256,0.07208713889122009,6063.10009765625,74157.0,7409.60009765625,2602.419921875,22550.849609375,3581.22998046875,9.670000076293945,2.34,0.3081818182,1.3299,0.035,2.565,9.7709090909
2017-11-27,0.7611972093582153,0.3093198239803314,9818.349609375,58.11000061035156,1.1926485300064087,1.3324450254440308,1293.800048828125,0.008954877033829689,0.07117630541324615,6070.39990234375,74059.0,7383.89990234375,2601.419921875,22495.990234375,3564.02001953125,9.869999885559082,2.32,0.3081818182,1.3299,0.035,2.565,9.7709090909
2017-11-28,0.7607165575027466,0.30994299054145813,10058.7998046875,57.9900016784668,1.1904903650283813,1.3322319984436035,1294.699951171875,0.008995233103632927,0.07273208349943161,6066.7001953125,74140.0,7460.7001953125,2627.0400390625,22486.240234375,3583.489990234375,10.029999732971191,2.34,0.3081818182,1.3299,0.035,2.565,9.7709090909
2017-11-29,0.7605488300323486,0.3115555942058563,9888.6103515625,57.29999923706055,1.184805989265442,1.3365410566329956,1282.0999755859375,0.008956721052527428,0.07318597286939621,6096.10009765625,72700.0,7393.60009765625,2626.070068359375,22597.19921875,3589.909912109375,10.699999809265137,2.37,0.3081818182,1.3299,0.035,2.565,9.7709090909
2017-11-30,0.7566586136817932,0.3081853985786438,10233.599609375,57.400001525878906,1.18519926071167,1.3417235612869263,1273.199951171875,0.008928411640226841,0.07326634973287582,6057.2001953125,71971.0,7326.7001953125,2647.580078125,22724.9609375,3569.929931640625,11.279999732971191,2.42,0.3081818182,1.3299,0.035,2.565,9.7709090909
2017-12-01,0.7563438415527344,0.3056982159614563,10975.599609375,58.36000061035156,1.1898245811462402,1.3529969453811646,1278.800048828125,0.008884466253221035,0.07292616367340088,6075.5,72264.0,7300.5,2642.219970703125,22819.029296875,3527.550048828125,11.430000305175781,2.37,0.2968421053,1.2781,0.045,2.583,9.4994736842
2017-12-04,0.759013295173645,0.306993305683136,11657.2001953125,57.470001220703125,1.1859863996505737,1.349400281906128,1274.300048828125,0.00886022113263607,0.07272938638925552,6070.60009765625,73090.0,7339.0,2639.43994140625,22707.16015625,3576.219970703125,11.680000305175781,2.37,0.2968421053,1.2781,0.045,2.583,9.4994736842
2017-12-05,0.7604100108146667,0.30839449167251587,11916.7001953125,57.619998931884766,1.1867746114730835,1.347527265548706,1261.5999755859375,0.008888968266546726,0.07397817820310593,6057.2998046875,72546.0,7327.5,2629.570068359375,22622.380859375,3570.570068359375,11.329999923706055,2.36,0.2968421053,1.2781,0.045,2.583,9.4994736842
2017-12-06,0.7604620456695557,0.3086134195327759,14291.5,55.959999084472656,1.1832919120788574,1.341525673866272,1262.800048828125,0.008891734294593334,0.0743611678481102,6029.89990234375,73268.0,7348.0,2629.27001953125,22177.0390625,3561.570068359375,11.020000457763672,2.33,0.2968421053,1.2781,0.045,2.583,9.4994736842
2017-12-07,0.7566872239112854,0.3091859221458435,17899.69921875,56.689998626708984,1.1804285049438477,1.3392258882522583,1249.800048828125,0.008905433118343353,0.07395574450492859,6060.7998046875,72487.0,7320.7998046875,2636.97998046875,22498.029296875,3573.1298828125,10.15999984741211,2.37,0.2968421053,1.2781,0.045,2.583,9.4994736842
2017-12-08,0.7512019276618958,0.30421027541160583,16569.400390625,57.36000061035156,1.1772184371948242,1.348435878753662,1245.199951171875,0.008836030028760433,0.07288895547389984,6077.39990234375,72732.0,7394.0,2651.5,22811.080078125,3591.449951171875,9.579999923706055,2.38,0.2968421053,1.2781,0.045,2.583,9.4994736842
2017-12-11,0.7508071064949036,0.30415475368499756,16936.80078125,57.9900016784668,1.1769968271255493,1.3392080068588257,1243.699951171875,0.008807236328721046,0.07318340241909027,6081.89990234375,72800.0,7453.5,2659.989990234375,22938.73046875,3582.2099609375,9.34000015258789,2.39,0.2968421053,1.2781,0.045,2.583,9.4994736842
2017-12-12,0.7529497146606445,0.3027275800704956,17415.400390625,57.13999938964844,1.1777591705322266,1.334935188293457,1238.5,0.008807468228042126,0.07353157550096512,6093.10009765625,73814.0,7500.39990234375,2664.110107421875,22866.169921875,3600.35009765625,9.920000076293945,2.4,0.2968421053,1.2781,0.045,2.583,9.4994736842
2017-12-13,0.7556580305099487,0.30274590849876404,16408.19921875,56.599998474121094,1.1742602586746216,1.331948161125183,1245.4000244140625,0.008807080797851086,0.07321448624134064,6103.10009765625,72914.0,7496.5,2662.85009765625,22758.0703125,3581.75,10.180000305175781,2.36,0.2968421053,1.2781,0.045,2.583,9.4994736842
2017-12-14,0.7633005380630493,0.302242636680603,16564.0,57.040000915527344,1.1835860013961792,1.3409678936004639,1253.800048828125,0.008866663090884686,0.07428758591413498,6096.39990234375,72429.0,7448.10009765625,2652.010009765625,22694.44921875,3556.219970703125,10.489999771118164,2.35,0.2968421053,1.2781,0.045,2.583,9.4994736842
2017-12-15,0.7665008306503296,0.2993653416633606,17706.900390625,57.29999923706055,1.1774957180023193,1.3432915210723877,1254.300048828125,0.008897113613784313,0.07414217293262482,6087.10009765625,72608.0,7490.60009765625,2675.81005859375,22553.220703125,3560.530029296875,9.420000076293945,2.35,0.2968421053,1.2781,0.045,2.583,9.4994736842
2017-12-18,0.7651109099388123,0.3037666976451874,19114.19921875,57.15999984741211,1.1743566989898682,1.3317352533340454,1262.199951171875,0.008871854282915592,0.07642105221748352,6130.0,73115.0,7537.0,2690.159912109375,22901.76953125,3609.419921875,9.529999732971191,2.39,0.2968421053,1.2781,0.045,2.583,9.4994736842
2017-12-19,0.7665772438049316,0.303905189037323,17776.69921875,57.459999084472656,1.1784253120422363,1.3380789756774902,1260.699951171875,0.008883519098162651,0.07856496423482895,6163.2001953125,72680.0,7544.10009765625,2681.469970703125,22868.0,3582.219970703125,10.029999732971191,2.46,0.2968421053,1.2781,0.045,2.583,9.4994736842
2017-12-20,0.7653451561927795,0.3040899932384491,16624.599609375,58.09000015258789,1.1841325759887695,1.3386881351470947,1266.0999755859375,0.008850889280438423,0.07859120517969131,6167.89990234375,73367.0,7525.2001953125,2679.25,22891.720703125,3552.64990234375,9.720000267028809,2.49,0.2968421053,1.2781,0.045,2.583,9.4994736842
2017-12-21,0.767224133014679,0.303352028131485,15802.900390625,58.36000061035156,1.1878176927566528,1.3372023105621338,1267.300048828125,0.008830724284052849,0.07855299115180969,6156.2998046875,75133.0,7604.0,2684.570068359375,22866.099609375,3570.780029296875,9.619999885559082,2.48,0.2968421053,1.2781,0.045,2.583,9.4994736842
2017-12-22,0.7707723379135132,0.3024071753025055,13831.7998046875,58.470001220703125,1.1857331991195679,1.338043212890625,1275.4000244140625,0.008824334479868412,0.07845598459243774,6167.2998046875,75187.0,7592.7001953125,2683.340087890625,22902.759765625,3553.389892578125,9.899999618530273,2.48,0.2968421053,1.2781,0.045,2.583,9.4994736842
2017-12-27,0.7730425000190735,0.3021421730518341,15838.5,59.63999938964844,1.1857894659042358,1.337470531463623,1287.0,0.008833687752485275,0.0800800770521164,6169.7001953125,76073.0,7620.7001953125,2682.6201171875,22911.2109375,3550.169921875,10.470000267028809,2.42,0.2968421053,1.2781,0.045,2.583,9.4994736842
2017-12-28,0.7774840593338013,0.30181390047073364,14606.5,59.84000015258789,1.1900794506072998,1.3403927087783813,1294.0999755859375,0.008832595311105251,0.08161666244268417,6189.39990234375,76402.0,7622.89990234375,2687.5400390625,22783.98046875,3524.31005859375,10.180000305175781,2.43,0.2968421053,1.2781,0.045,2.583,9.4994736842
2017-12-29,0.7794293165206909,0.30201444029808044,14656.2001953125,60.41999816894531,1.1941723823547363,1.344085931777954,1306.300048828125,0.008859357796609402,0.0806744396686554,6167.2998046875,76402.0,7687.7998046875,2673.610107421875,22764.939453125,3503.9599609375,11.039999961853027,2.4,0.2968421053,1.2781,0.045,2.583,9.4994736842
2018-01-02,0.7801042199134827,0.3020235598087311,14982.099609375,60.369998931884766,1.2011579275131226,1.3511322736740112,1313.699951171875,0.008867606520652771,0.08072979748249054,6166.0,77891.0,7648.10009765625,2695.81005859375,22764.939453125,3503.9599609375,9.770000457763672,2.46,0.4745454545,1.3931,0.08,2.747,9.076
2018-01-03,0.783392071723938,0.30695560574531555,15201.0,61.630001068115234,1.2063454389572144,1.359619379043579,1316.199951171875,0.008909162133932114,0.08041416108608246,6175.2998046875,77995.0,7671.10009765625,2713.06005859375,22764.939453125,3509.8798828125,9.149999618530273,2.44,0.4745454545,1.3931,0.08,2.747,9.076
2018-01-04,0.7828401327133179,0.30907124280929565,15599.2001953125,62.0099983215332,1.2010425329208374,1.3511322736740112,1319.4000244140625,0.008880442008376122,0.08089960366487503,6185.39990234375,78647.0,7695.89990234375,2723.989990234375,23506.330078125,3568.8798828125,9.220000267028809,2.46,0.4745454545,1.3931,0.08,2.747,9.076
2018-01-05,0.7863799333572388,0.3093006908893585,17429.5,61.439998626708984,1.2068840265274048,1.3552889823913574,1320.300048828125,0.008866584859788418,0.08138550817966461,6229.7001953125,79071.0,7724.2001953125,2743.14990234375,23714.529296875,3607.6298828125,9.220000267028809,2.47,0.4745454545,1.3931,0.08,2.747,9.076
2018-01-08,0.786101758480072,0.30992376804351807,15170.099609375,61.72999954223633,1.2037460803985596,1.3575890064239502,1318.5999755859375,0.008837513625621796,0.081330306828022,6236.5,79379.0,7696.5,2747.7099609375,23714.529296875,3616.449951171875,9.520000457763672,2.49,0.4745454545,1.3931,0.08,2.747,9.076
2018-01-09,0.7848061919212341,0.30873724818229675,14595.400390625,62.959999084472656,1.1970456838607788,1.3571282625198364,1311.699951171875,0.008838528767228127,0.08082506060600281,6241.5,78864.0,7731.0,2751.2900390625,23849.990234375,3622.8701171875,10.079999923706055,2.55,0.4745454545,1.3931,0.08,2.747,9.076
2018-01-10,0.7810669541358948,0.3079955577850342,14973.2998046875,63.56999969482422,1.1929330825805664,1.353234887123108,1317.4000244140625,0.008868786506354809,0.08109313249588013,6205.89990234375,78201.0,7748.5,2748.22998046875,23788.19921875,3609.830078125,9.819999694824219,2.55,0.4745454545,1.3931,0.08,2.747,9.076
2018-01-11,0.7847322225570679,0.30994299054145813,13405.7998046875,63.79999923706055,1.1956144571304321,1.351278305053711,1320.5999755859375,0.008973116986453533,0.08052178472280502,6176.2001953125,79365.0,7762.89990234375,2767.56005859375,23710.4296875,3595.239990234375,9.880000114440918,2.54,0.4745454545,1.3931,0.08,2.747,9.076
2018-01-12,0.7885813117027283,0.31111940741539,13980.599609375,64.30000305175781,1.2042099237442017,1.3541878461837769,1333.4000244140625,0.008985210210084915,0.08078594505786896,6176.7998046875,79349.0,7778.60009765625,2786.239990234375,23653.8203125,3612.610107421875,10.15999984741211,2.55,0.4745454545,1.3931,0.08,2.747,9.076
2018-01-16,0.7962924242019653,0.31121623516082764,11490.5,63.72999954223633,1.2268433570861816,1.379824161529541,1335.4000244140625,0.00904314499348402,0.08138484507799149,6165.89990234375,79832.0,7755.89990234375,2776.419921875,23951.810546875,3622.010009765625,11.65999984741211,2.54,0.4745454545,1.3931,0.08,2.747,9.076
2018-01-17,0.797130286693573,0.3102988004684448,11188.599609375,63.970001220703125,1.227129340171814,1.3798813819885254,1338.0,0.009058956056833267,0.08160374313592911,6134.2998046875,81189.0,7725.39990234375,2802.56005859375,23868.33984375,3612.780029296875,11.90999984741211,2.57,0.4745454545,1.3931,0.08,2.747,9.076
2018-01-18,0.7972510457038879,0.31034696102142334,11474.900390625,63.95000076293945,1.218397855758667,1.382800817489624,1326.0,0.008978595025837421,0.08126262575387955,6130.39990234375,80963.0,7701.0,2798.030029296875,23763.369140625,3620.909912109375,12.220000267028809,2.62,0.4745454545,1.3931,0.08,2.747,9.076
2018-01-19,0.8005764484405518,0.3120027482509613,11607.400390625,63.369998931884766,1.2236607074737549,1.3894678354263306,1331.9000244140625,0.00900689885020256,0.08254911750555038,6119.2998046875,81220.0,7730.7998046875,2810.300048828125,23808.060546875,3649.070068359375,11.270000457763672,2.64,0.4745454545,1.3931,0.08,2.747,9.076
2018-01-22,0.8002112507820129,0.31301844120025635,10931.400390625,63.4900016784668,1.2255502939224243,1.3891589641571045,1330.9000244140625,0.009034729562699795,0.08281230926513672,6106.2001953125,81675.0,7715.39990234375,2832.969970703125,23816.330078125,3665.280029296875,11.029999732971191,2.66,0.4745454545,1.3931,0.08,2.747,9.076
2018-01-23,0.8008328676223755,0.312431663274765,10868.400390625,64.47000122070312,1.2256253957748413,1.3984841108322144,1335.699951171875,0.009011768735945225,0.08304199576377869,6150.7001953125,80678.0,7731.7998046875,2839.1298828125,24124.150390625,3672.2900390625,11.100000381469727,2.63,0.4745454545,1.3931,0.08,2.747,9.076
2018-01-24,0.8004482388496399,0.30907124280929565,11359.400390625,65.61000061035156,1.2310267686843872,1.401738166809082,1355.9000244140625,0.009082074277102947,0.08315939456224442,6168.7998046875,83680.0,7643.39990234375,2837.5400390625,23940.779296875,3643.219970703125,11.470000267028809,2.65,0.4745454545,1.3931,0.08,2.747,9.076
2018-01-25,0.8048937320709229,0.3179548978805542,11259.400390625,65.51000213623047,1.239111304283142,1.4220906496047974,1362.4000244140625,0.009146954864263535,0.08422045409679413,6164.7001953125,83680.0,7615.7998046875,2839.25,23669.490234375,3630.14990234375,11.579999923706055,2.63,0.4745454545,1.3931,0.08,2.747,9.076
2018-01-29,0.8116883039474487,0.3173595666885376,11296.400390625,65.55999755859375,1.2428072690963745,1.4149274826049805,1351.5999755859375,0.009204797446727753,0.08437465876340866,6187.60009765625,84698.0,7671.5,2853.530029296875,23629.33984375,3643.0400390625,13.84000015258789,2.7,0.4745454545,1.3931,0.08,2.747,9.076
2018-01-30,0.8095985651016235,0.317097932100296,10106.2998046875,64.5,1.2381141185760498,1.4076577425003052,1335.4000244140625,0.009180543944239616,0.08377665281295776,6135.2998046875,84482.0,7588.0,2822.429931640625,23291.970703125,3606.75,14.789999961853027,2.73,0.4745454545,1.3931,0.08,2.747,9.076
2018-01-31,0.8101101517677307,0.3145148456096649,10221.099609375,64.7300033569336,1.2409565448760986,1.4155884981155396,1339.0,0.009196924045681953,0.0836043506860733,6146.5,84913.0,7533.60009765625,2823.81005859375,23098.2890625,3609.2900390625,13.539999961853027,2.72,0.4745454545,1.3931,0.08,2.747,9.076
2018-02-01,0.806126594543457,0.31400132179260254,9170.5400390625,65.80000305175781,1.241865873336792,1.420051097869873,1344.300048828125,0.009157425723969936,0.08447087556123734,6198.7998046875,85495.0,7490.39990234375,2821.97998046875,23486.109375,3577.35009765625,13.470000267028809,2.78,0.659,1.6034,0.045,2.845,8.746
2018-02-02,0.8040524125099182,0.3160855770111084,8830.75,65.44999694824219,1.2510008811950684,1.4266760349273682,1333.699951171875,0.00914026703685522,0.08448657393455505,6229.7998046875,84041.0,7443.39990234375,2762.1298828125,23274.529296875,3523.280029296875,17.309999465942383,2.84,0.659,1.6034,0.045,2.845,8.746
2018-02-05,0.7906388640403748,0.31100329756736755,6955.27001953125,64.1500015258789,1.244694471359253,1.411133885383606,1333.0,0.009088017046451569,0.08291344344615936,6128.39990234375,81861.0,7335.0,2648.93994140625,22682.080078125,3478.77001953125,37.31999969482422,2.77,0.659,1.6034,0.045,2.845,8.746
2018-02-06,0.7874636054039001,0.306645005941391,7754.0,63.38999938964844,1.2367818355560303,1.3943694829940796,1326.0999755859375,0.009166322648525238,0.08261117339134216,5930.2001953125,83894.0,7141.39990234375,2695.139892578125,21610.240234375,3394.919921875,29.979999542236328,2.79,0.659,1.6034,0.045,2.845,8.746
2018-02-07,0.7893905639648438,0.3092719614505768,7621.2998046875,61.790000915527344,1.2381294965744019,1.395868182182312,1311.5999755859375,0.009121840819716454,0.08383072912693024,5981.5,82767.0,7279.39990234375,2681.659912109375,21645.369140625,3454.52001953125,27.729999542236328,2.84,0.659,1.6034,0.045,2.845,8.746
2018-02-08,0.7817386388778687,0.3058197498321533,8265.58984375,61.150001525878906,1.2268133163452148,1.3879250288009644,1316.9000244140625,0.009157844819128513,0.08291750401258469,5995.2001953125,81533.0,7170.7001953125,2581.0,21890.859375,3377.300048828125,33.459999084472656,2.85,0.659,1.6034,0.045,2.845,8.746
2018-02-09,0.7787495255470276,0.3044510781764984,8736.98046875,59.20000076293945,1.2260762453079224,1.3934950828552246,1313.0999755859375,0.00921412743628025,0.0823386162519455,5937.5,80899.0,7092.39990234375,2619.550048828125,21382.619140625,3325.989990234375,29.059999465942383,2.83,0.659,1.6034,0.045,2.845,8.746
2018-02-14,0.786101758480072,0.30356383323669434,9494.6298828125,60.599998474121094,1.235376238822937,1.3886960744857788,1355.5,0.00927953701466322,0.08361763507127762,5940.0,83543.0,7214.0,2698.6298828125,21154.169921875,3369.830078125,19.260000228881836,2.91,0.659,1.6034,0.045,2.845,8.746
2018-02-15,0.7928327918052673,0.3109259307384491,10166.400390625,61.34000015258789,1.2467273473739624,1.401581048965454,1352.0999755859375,0.009382007643580437,0.08534971624612808,6008.7001953125,84291.0,7234.7998046875,2731.199951171875,21464.98046875,3389.6298828125,19.1299991607666,2.9,0.659,1.6034,0.045,2.845,8.746
2018-02-16,0.7943821549415588,0.30994299054145813,10233.900390625,61.68000030517578,1.2503595352172852,1.4104173183441162,1353.199951171875,0.009424093179404736,0.0860762968659401,6004.7998046875,84525.0,7294.7001953125,2732.219970703125,21720.25,3426.800048828125,19.459999084472656,2.87,0.659,1.6034,0.045,2.845,8.746
2018-02-20,0.7908889651298523,0.3093006908893585,11403.7001953125,61.900001525878906,1.2398641109466553,1.3992668390274048,1328.800048828125,0.009371280670166016,0.0856664627790451,6045.60009765625,85804.0,7246.7998046875,2716.260009765625,21925.099609375,3435.080078125,20.600000381469727,2.88,0.659,1.6034,0.045,2.845,8.746
2018-02-21,0.7880903482437134,0.30728572607040405,10690.400390625,61.68000030517578,1.233532428741455,1.4001091718673706,1330.0,0.009312634356319904,0.08534243702888489,6047.2998046875,86052.0,7281.60009765625,2701.330078125,21970.810546875,3430.159912109375,20.020000457763672,2.94,0.659,1.6034,0.045,2.845,8.746
2018-02-22,0.7798426151275635,0.30603501200675964,10005.0,62.77000045776367,1.2281843423843384,1.3910139799118042,1330.5999755859375,0.00929756835103035,0.08575078845024109,6057.7001953125,86686.0,7252.39990234375,2703.9599609375,21736.439453125,3431.989990234375,18.719999313354492,2.92,0.659,1.6034,0.045,2.845,8.746
2018-02-23,0.7839509844779968,0.30781543254852295,10301.099609375,63.54999923706055,1.2326656579971313,1.3953033685684204,1328.199951171875,0.00936206802725792,0.08583248406648636,6105.2001953125,87293.0,7244.39990234375,2747.300048828125,21892.779296875,3441.4599609375,16.489999771118164,2.88,0.659,1.6034,0.045,2.845,8.746
2018-02-26,0.7838403582572937,0.30890893936157227,10366.7001953125,63.90999984741211,1.228712558746338,1.3968042135238647,1330.699951171875,0.00933933537453413,0.08645067363977432,6146.10009765625,87653.0,7289.60009765625,2779.60009765625,22153.630859375,3463.179931640625,15.800000190734863,2.86,0.659,1.6034,0.045,2.845,8.746
2018-02-27,0.7849909663200378,0.31031808257102966,10725.599609375,63.0099983215332,1.2315573692321777,1.3966480493545532,1315.5,0.00933977123349905,0.08647676557302475,6159.2998046875,86935.0,7282.5,2744.280029296875,22389.859375,3458.030029296875,18.59000015258789,2.9,0.659,1.6034,0.045,2.845,8.746
2018-02-28,0.7793624997138977,0.3078343868255615,10397.900390625,61.63999938964844,1.2230321168899536,1.3906078338623047,1315.5,0.00930873304605484,0.08547519892454147,6117.2998046875,85481.0,7231.89990234375,2713.830078125,22068.240234375,3438.9599609375,19.850000381469727,2.87,0.659,1.6034,0.045,2.845,8.746
2018-03-01,0.7765783667564392,0.3081853985786438,10951.0,60.9900016784668,1.2191256284713745,1.375421166419983,1302.9000244140625,0.009377344511449337,0.08491847664117813,6075.7001953125,85378.0,7175.60009765625,2677.669921875,21724.470703125,3399.159912109375,22.469999313354492,2.81,0.5295238095,1.508,0.045,2.713,8.497
2018-03-02,0.776469886302948,0.3076923191547394,11086.400390625,61.25,1.2270842790603638,1.377543330192566,1321.0999755859375,0.009419477544724941,0.08441668003797531,6028.39990234375,85761.0,7069.89990234375,2691.25,21181.640625,3324.75,19.59000015258789,2.86,0.5295238095,1.508,0.045,2.713,8.497
2018-03-05,0.7754703164100647,0.30773019790649414,11573.2998046875,62.56999969482422,1.2315422296524048,1.3795006275177002,1318.0999755859375,0.009473644196987152,0.08391056954860687,5996.39990234375,86023.0,7116.0,2720.93994140625,21042.08984375,3355.320068359375,18.729999542236328,2.88,0.5295238095,1.508,0.045,2.713,8.497
2018-03-06,0.7766990065574646,0.3085467517375946,10779.900390625,62.599998474121094,1.2336541414260864,1.3852334022521973,1333.5999755859375,0.009411764331161976,0.08451499044895172,6061.5,85653.0,7146.7998046875,2728.1201171875,21417.759765625,3357.860107421875,18.360000610351562,2.88,0.5295238095,1.508,0.045,2.713,8.497
2018-03-07,0.7786343097686768,0.31172069907188416,9965.5703125,61.150001525878906,1.2416653633117676,1.390008568763733,1326.0,0.009475349448621273,0.08442523330450058,6005.39990234375,85484.0,7157.7998046875,2726.800048828125,21252.720703125,3377.360107421875,17.760000228881836,2.89,0.5295238095,1.508,0.045,2.713,8.497
2018-03-08,0.7827115058898926,0.30836597084999084,9395.009765625,60.119998931884766,1.2414649724960327,1.390627145767212,1319.9000244140625,0.009417437948286533,0.08447094261646271,6046.60009765625,84985.0,7203.2001953125,2738.969970703125,21368.0703125,3413.280029296875,16.540000915527344,2.86,0.5295238095,1.508,0.045,2.713,8.497
2018-03-09,0.7790589332580566,0.30617555975914,9337.5498046875,62.040000915527344,1.2306632995605469,1.3805670738220215,1322.4000244140625,0.009397966787219048,0.08397962898015976,6069.10009765625,86371.0,7224.5,2786.570068359375,21469.19921875,3420.5400390625,14.640000343322754,2.9,0.5295238095,1.508,0.045,2.713,8.497
2018-03-12,0.7862686514854431,0.3071158826351166,9205.1201171875,61.36000061035156,1.2308752536773682,1.38554048538208,1319.4000244140625,0.009355324320495129,0.08467242866754532,6101.39990234375,86900.0,7214.7998046875,2783.02001953125,21824.029296875,3429.47998046875,15.779999732971191,2.87,0.5295238095,1.508,0.045,2.713,8.497
2018-03-13,0.7872899770736694,0.3067202568054199,9194.849609375,60.709999084472656,1.2339584827423096,1.3907625675201416,1325.9000244140625,0.009410878643393517,0.08468117564916611,6077.10009765625,86384.0,7138.7998046875,2765.31005859375,21968.099609375,3397.35009765625,16.350000381469727,2.84,0.5295238095,1.508,0.045,2.713,8.497
2018-03-14,0.7857990264892578,0.30687084794044495,8269.8095703125,60.959999084472656,1.239234209060669,1.397233486175537,1324.4000244140625,0.009388965554535389,0.08489540964365005,6042.60009765625,86051.0,7132.7001953125,2749.47998046875,21777.2890625,3390.97998046875,17.229999542236328,2.81,0.5295238095,1.508,0.045,2.713,8.497
2018-03-15,0.7879785895347595,0.3068896532058716,8300.8603515625,61.189998626708984,1.2375624179840088,1.3971552848815918,1316.800048828125,0.009420187212526798,0.08501449227333069,6027.60009765625,84928.0,7139.7998046875,2747.330078125,21803.94921875,3414.1298828125,16.59000015258789,2.82,0.5295238095,1.508,0.045,2.713,8.497
2018-03-16,0.7789375185966492,0.30468297004699707,8338.349609375,62.34000015258789,1.2309207916259766,1.3938642740249634,1311.300048828125,0.009406541474163532,0.08405409753322601,6054.89990234375,84886.0,7164.10009765625,2752.010009765625,21676.509765625,3437.39990234375,15.800000190734863,2.85,0.5295238095,1.508,0.045,2.713,8.497
2018-03-19,0.7716049551963806,0.30486875772476196,8630.650390625,62.060001373291016,1.228078842163086,1.3943500518798828,1316.800048828125,0.009436721913516521,0.0834948942065239,6064.7001953125,83913.0,7042.89990234375,2712.919921875,21480.900390625,3394.7900390625,19.020000457763672,2.85,0.5295238095,1.508,0.045,2.713,8.497
2018-03-20,0.7708317637443542,0.3044974207878113,8913.4697265625,63.400001525878906,1.2336845397949219,1.4025245904922485,1311.0999755859375,0.009434318169951439,0.08327712118625641,6040.7998046875,84164.0,7061.2998046875,2716.93994140625,21380.970703125,3412.080078125,18.200000762939453,2.89,0.5295238095,1.508,0.045,2.713,8.497
2018-03-22,0.777478039264679,0.30555808544158936,8728.4697265625,64.30000305175781,1.2347661256790161,1.414627194404602,1326.5999755859375,0.009440285153687,0.08458469808101654,6043.2001953125,84768.0,6952.60009765625,2643.68994140625,21591.990234375,3348.18994140625,23.34000015258789,2.83,0.5295238095,1.508,0.045,2.713,8.497
2018-03-23,0.7693490982055664,0.3017410337924957,8879.6201171875,65.87999725341797,1.2324985265731812,1.4114724397659302,1349.300048828125,0.009526712819933891,0.08419350534677505,5929.0,84377.0,6921.89990234375,2588.260009765625,20617.859375,3298.070068359375,24.8700008392334,2.82,0.5295238095,1.508,0.045,2.713,8.497
2018-03-26,0.7708614468574524,0.30170461535453796,8209.400390625,65.55000305175781,1.235437273979187,1.4147672653198242,1354.4000244140625,0.009536615572869778,0.08550296723842621,5901.39990234375,85088.0,6888.7001953125,2658.550048828125,20766.099609375,3278.719970703125,21.030000686645508,2.85,0.5295238095,1.508,0.045,2.713,8.497
2018-03-27,0.7756146788597107,0.3020874261856079,7833.0400390625,65.25,1.2457488775253296,1.423892855644226,1341.300048828125,0.009478673338890076,0.08593575656414032,5943.7001953125,83808.0,7000.10009765625,2612.6201171875,21317.3203125,3316.949951171875,22.5,2.78,0.5295238095,1.508,0.045,2.713,8.497
2018-03-28,0.768757700920105,0.30094194412231445,7954.47998046875,64.37999725341797,1.240787148475647,1.417635440826416,1324.199951171875,0.009479301981627941,0.08587612211704254,5899.2001953125,83874.0,7044.7001953125,2605.0,21031.310546875,3331.25,22.8700008392334,2.77,0.5295238095,1.508,0.045,2.713,8.497
2018-03-29,0.766007661819458,0.3012683391571045,7165.7001953125,64.94000244140625,1.2310267686843872,1.4080342054367065,1322.800048828125,0.009362244047224522,0.08497476577758789,5868.89990234375,85366.0,7056.60009765625,2640.8701171875,21159.080078125,3361.5,19.969999313354492,2.74,0.5295238095,1.508,0.045,2.713,8.497
2018-04-03,0.7654623985290527,0.3021695613861084,7456.10986328125,63.5099983215332,1.229271411895752,1.4046719074249268,1332.800048828125,0.009451884776353836,0.08437422662973404,5859.10009765625,84623.0,7030.5,2614.449951171875,21292.2890625,3346.929931640625,21.100000381469727,2.79,0.5295238095,1.508,0.045,2.713,8.497
2018-04-04,0.768202543258667,0.2994549870491028,6853.83984375,63.369998931884766,1.2278525829315186,1.4068654775619507,1335.800048828125,0.009395317174494267,0.0846267119050026,5863.7001953125,84360.0,7034.0,2644.68994140625,21319.55078125,3340.35009765625,20.059999465942383,2.79,0.5295238095,1.508,0.045,2.713,8.497
2018-04-05,0.7719981074333191,0.30050787329673767,6811.47021484375,63.540000915527344,1.228682279586792,1.4088078737258911,1324.300048828125,0.009365575388073921,0.08430139720439911,5888.0,85210.0,7199.5,2662.840087890625,21645.419921875,3429.949951171875,18.940000534057617,2.83,0.5295238095,1.508,0.045,2.713,8.497
2018-04-06,0.7668300271034241,0.2992578446865082,6636.31982421875,62.060001373291016,1.2251598834991455,1.400874137878418,1331.9000244140625,0.009341254830360413,0.08341341465711594,5886.89990234375,84820.0,7183.60009765625,2604.469970703125,21567.51953125,3408.10009765625,21.489999771118164,2.77,0.5295238095,1.508,0.045,2.713,8.497
2018-04-09,0.768226146697998,0.2969561815261841,6770.72998046875,63.41999816894531,1.227144479751587,1.4091651439666748,1336.300048828125,0.009348589926958084,0.08316312730312347,5904.7001953125,83307.0,7194.7998046875,2613.159912109375,21678.259765625,3414.85009765625,21.770000457763672,2.78,0.5295238095,1.508,0.045,2.713,8.497
2018-04-10,0.7699592709541321,0.2923121750354767,6834.759765625,65.51000213623047,1.2322403192520142,1.4138271808624268,1342.0,0.009367769584059715,0.0827278345823288,5951.7998046875,84510.0,7266.7998046875,2656.8701171875,21794.3203125,3438.780029296875,20.469999313354492,2.8,0.5295238095,1.508,0.045,2.713,8.497
2018-04-11,0.7763975262641907,0.2934875190258026,6968.31982421875,66.81999969482422,1.2363078594207764,1.4182183742523193,1356.5,0.009335935115814209,0.08314971625804901,5925.7998046875,85246.0,7257.10009765625,2642.18994140625,21687.099609375,3419.7099609375,20.239999771118164,2.79,0.5295238095,1.508,0.045,2.713,8.497
2018-04-12,0.7765181064605713,0.2964631915092468,7889.25,67.06999969482422,1.2371643781661987,1.4189025163650513,1338.4000244140625,0.009360753931105137,0.08372965455055237,5911.39990234375,85444.0,7258.2998046875,2663.989990234375,21660.279296875,3443.969970703125,18.489999771118164,2.83,0.5295238095,1.508,0.045,2.713,8.497
2018-04-13,0.7757349610328674,0.29316917061805725,7895.9599609375,67.38999938964844,1.2329696416854858,1.4238117933273315,1344.800048828125,0.009326444007456303,0.08304475247859955,5924.7001953125,84334.0,7264.60009765625,2656.300048828125,21778.740234375,3448.0,17.40999984741211,2.82,0.5295238095,1.508,0.045,2.713,8.497
2018-04-16,0.7774477601051331,0.2920304834842682,8058.669921875,66.22000122070312,1.233258605003357,1.4246840476989746,1347.5,0.009302498772740364,0.08279166370630264,5933.0,82862.0,7198.2001953125,2677.840087890625,21835.529296875,3441.0400390625,16.559999465942383,2.83,0.5295238095,1.508,0.045,2.713,8.497
2018-04-17,0.7772907018661499,0.29273146390914917,7902.08984375,66.5199966430664,1.2385127544403076,1.4342057704925537,1347.199951171875,0.009341778233647346,0.08310479670763016,5934.2998046875,84086.0,7226.10009765625,2706.389892578125,21847.58984375,3477.909912109375,15.25,2.82,0.5295238095,1.508,0.045,2.713,8.497
2018-04-18,0.7766990065574646,0.29361677169799805,8163.419921875,68.47000122070312,1.237317442893982,1.4296538829803467,1351.199951171875,0.009344397112727165,0.08346409350633621,5956.2998046875,85776.0,7317.2998046875,2708.639892578125,22158.19921875,3490.889892578125,15.600000381469727,2.87,0.5295238095,1.508,0.045,2.713,8.497
2018-04-19,0.778889000415802,0.296112060546875,8294.3095703125,68.29000091552734,1.237914800643921,1.4204343557357788,1346.800048828125,0.00931567046791315,0.08386320620775223,5976.39990234375,85824.0,7328.89990234375,2693.1298828125,22191.1796875,3486.60009765625,15.960000038146973,2.92,0.5295238095,1.508,0.045,2.713,8.497
2018-04-20,0.7723379135131836,0.2956218421459198,8845.830078125,68.37999725341797,1.2345526218414307,1.4086490869522095,1336.699951171875,0.009308213368058205,0.08356383442878723,5964.39990234375,85550.0,7368.2001953125,2670.139892578125,22162.240234375,3494.199951171875,16.8799991607666,2.96,0.5295238095,1.508,0.045,2.713,8.497
2018-04-23,0.7659900188446045,0.2929372787475586,8930.8798828125,68.63999938964844,1.2273402214050293,1.4001679420471191,1322.5,0.009270504117012024,0.08270136266946793,5976.0,85602.0,7398.89990234375,2670.2900390625,22088.0390625,3513.06005859375,16.34000015258789,2.98,0.5295238095,1.508,0.045,2.713,8.497
2018-04-24,0.7603406310081482,0.289947509765625,9697.5,67.69999694824219,1.22089684009552,1.3938252925872803,1331.4000244140625,0.009194471873342991,0.0810556709766388,6009.39990234375,85469.0,7425.39990234375,2634.56005859375,22278.119140625,3510.8798828125,18.020000457763672,3.0,0.5295238095,1.508,0.045,2.713,8.497
2018-04-26,0.7571169137954712,0.2872820198535919,9281.509765625,68.19000244140625,1.2171669006347656,1.3939224481582642,1316.300048828125,0.009143777191638947,0.08044340461492538,6003.0,86383.0,7421.39990234375,2666.93994140625,22319.609375,3506.030029296875,16.239999771118164,3.0,0.5295238095,1.508,0.045,2.713,8.497
2018-04-30,0.7575184106826782,0.2891761362552643,9240.5498046875,68.56999969482422,1.2122827768325806,1.37710702419281,1316.199951171875,0.009166071191430092,0.08117739856243134,6071.60009765625,86115.0,7509.2998046875,2648.050048828125,22467.869140625,3536.52001953125,15.930000305175781,2.95,0.5295238095,1.508,0.045,2.713,8.497
2018-05-02,0.7482901811599731,0.28521719574928284,9235.919921875,67.93000030517578,1.1991558074951172,1.3609329462051392,1302.5999755859375,0.009101499803364277,0.07898582518100739,6136.7001953125,84547.0,7543.2001953125,2635.669921875,22472.779296875,3553.7900390625,15.970000267028809,2.97,0.45,1.5016,0.03,2.79,8.8268181818
2018-05-03,0.7486711144447327,0.28172188997268677,9743.8603515625,68.43000030517578,1.19510018825531,1.3573862314224243,1310.699951171875,0.009105228818953037,0.07880344986915588,6187.0,83288.0,7502.7001953125,2629.72998046875,22472.779296875,3529.1201171875,15.899999618530273,2.94,0.45,1.5016,0.03,2.79,8.8268181818
2018-05-04,0.7528419494628906,0.28355923295021057,9700.759765625,69.72000122070312,1.1989257335662842,1.3572388887405396,1312.699951171875,0.009166238829493523,0.07944326102733612,6155.39990234375,83118.0,7567.10009765625,2663.419921875,22472.779296875,3550.590087890625,14.770000457763672,2.95,0.45,1.5016,0.03,2.79,8.8268181818
2018-05-08,0.7518796920776367,0.28175362944602966,9234.8203125,69.05999755859375,1.1933743953704834,1.3570362329483032,1312.0,0.009179111570119858,0.07980865240097046,6183.2001953125,82956.0,7565.7998046875,2671.919921875,22508.689453125,3557.8798828125,14.710000038146973,2.97,0.45,1.5016,0.03,2.79,8.8268181818
2018-05-09,0.7449344992637634,0.28074905276298523,9325.1796875,71.13999938964844,1.1867886781692505,1.3553440570831299,1311.300048828125,0.009172292426228523,0.07950755953788757,6204.39990234375,84265.0,7662.5,2697.7900390625,22408.880859375,3569.739990234375,13.420000076293945,3.0,0.45,1.5016,0.03,2.79,8.8268181818
2018-05-10,0.7459346652030945,0.27852824330329895,9043.9404296875,71.36000061035156,1.184721827507019,1.3544628620147705,1320.800048828125,0.009103571064770222,0.07965867966413498,6215.89990234375,85861.0,7701.0,2723.070068359375,22497.1796875,3569.739990234375,13.229999542236328,2.97,0.45,1.5016,0.03,2.79,8.8268181818
2018-05-11,0.7526153922080994,0.2817298173904419,8441.490234375,70.69999694824219,1.1917530298233032,1.352338194847107,1319.0,0.00913776084780693,0.08125582337379456,6216.39990234375,85220.0,7724.60009765625,2727.719970703125,22758.48046875,3565.52001953125,12.649999618530273,2.97,0.45,1.5016,0.03,2.79,8.8268181818
2018-05-14,0.7551102638244629,0.2775541841983795,8716.7900390625,70.95999908447266,1.1952143907546997,1.355380892753601,1316.5,0.009145950898528099,0.08166265487670898,6235.0,85232.0,7711.0,2730.1298828125,22865.859375,3565.739990234375,12.930000305175781,3.0,0.45,1.5016,0.03,2.79,8.8268181818
2018-05-15,0.7525983452796936,0.2761210501194,8510.3798828125,71.30999755859375,1.1931180953979492,1.3562448024749756,1288.9000244140625,0.009113194420933723,0.08119980990886688,6198.7001953125,85130.0,7723.0,2711.449951171875,22818.01953125,3564.2900390625,14.630000114440918,3.08,0.45,1.5016,0.03,2.79,8.8268181818
2018-05-16,0.7468482851982117,0.27407020330429077,8368.830078125,71.48999786376953,1.1820889711380005,1.3500195741653442,1290.199951171875,0.009066429920494556,0.07955139130353928,6208.10009765625,86537.0,7734.2001953125,2722.4599609375,22717.23046875,3562.85009765625,13.420000076293945,3.09,0.45,1.5016,0.03,2.79,8.8268181818
2018-05-17,0.7517666816711426,0.27215325832366943,8094.31982421875,71.48999786376953,1.1816978454589844,1.354830026626587,1288.199951171875,0.009061336517333984,0.0804586112499237,6197.2001953125,83622.0,7788.0,2720.1298828125,22838.369140625,3592.179931640625,13.430000305175781,3.11,0.45,1.5016,0.03,2.79,8.8268181818
2018-05-18,0.7506380081176758,0.2706286609172821,8250.9697265625,71.27999877929688,1.1795234680175781,1.3515340089797974,1290.199951171875,0.009022990241646767,0.07932654768228531,6190.89990234375,83082.0,7778.7998046875,2712.969970703125,22930.359375,3573.760009765625,13.420000076293945,3.06,0.45,1.5016,0.03,2.79,8.8268181818
2018-05-21,0.752428412437439,0.2674941122531891,8418.990234375,72.23999786376953,1.1766643524169922,1.3477089405059814,1290.199951171875,0.009018759243190289,0.07842706888914108,6190.2001953125,81815.0,7859.2001953125,2733.010009765625,23002.369140625,3573.760009765625,13.079999923706055,3.06,0.45,1.5016,0.03,2.79,8.8268181818
2018-05-22,0.7582650780677795,0.27205702662467957,8041.77978515625,72.12999725341797,1.1792453527450562,1.3431833982467651,1291.699951171875,0.009010795503854752,0.07893270254135132,6149.89990234375,82739.0,7877.5,2724.43994140625,22960.33984375,3587.25,13.220000267028809,3.06,0.45,1.5016,0.03,2.79,8.8268181818
2018-05-23,0.7578915357589722,0.27427318692207336,7557.81982421875,71.83999633789062,1.1788560152053833,1.3441040515899658,1289.300048828125,0.00903130229562521,0.07963749021291733,6140.2998046875,80867.0,7788.39990234375,2733.2900390625,22689.740234375,3541.820068359375,12.579999923706055,3.01,0.45,1.5016,0.03,2.79,8.8268181818
2018-05-24,0.7567158937454224,0.275816410779953,7587.33984375,70.70999908447266,1.1710150241851807,1.3371307849884033,1303.699951171875,0.0091017484664917,0.08029291033744812,6144.10009765625,80122.0,7716.7001953125,2727.760009765625,22437.009765625,3521.760009765625,12.529999732971191,2.98,0.45,1.5016,0.03,2.79,8.8268181818
2018-05-25,0.7571971416473389,0.27411529421806335,7480.14013671875,67.87999725341797,1.1722642183303833,1.3383476734161377,1303.300048828125,0.0091481264680624,0.08054513484239578,6141.0,78898.0,7730.2998046875,2721.330078125,22450.7890625,3515.360107421875,13.220000267028809,2.93,0.45,1.5016,0.03,2.79,8.8268181818
2018-05-29,0.7547739148139954,0.26779496669769287,7472.58984375,66.7300033569336,1.162696123123169,1.3315579891204834,1298.699951171875,0.00914168730378151,0.0803099274635315,6121.7001953125,76072.0,7632.60009765625,2689.860107421875,22358.4296875,3428.139892578125,17.020000457763672,2.77,0.45,1.5016,0.03,2.79,8.8268181818
2018-05-30,0.7481670379638672,0.268521249294281,7406.52001953125,68.20999908447266,1.1539349555969238,1.3253810405731201,1301.5,0.009225603193044662,0.07880295068025589,6093.7998046875,76754.0,7689.60009765625,2724.010009765625,22018.51953125,3441.18994140625,14.9399995803833,2.84,0.45,1.5016,0.03,2.79,8.8268181818
2018-06-01,0.7562122941017151,0.26867276430130005,7541.4501953125,65.80999755859375,1.1693171262741089,1.3289390802383423,1294.800048828125,0.009195487014949322,0.07873569428920746,6104.0,77240.0,7701.7998046875,2734.6201171875,22171.349609375,3453.5400390625,13.460000038146973,2.89,0.3271428571,1.4229,0.03,2.697,9.2971428571
2018-06-04,0.7568819522857666,0.26584431529045105,7514.47021484375,64.75,1.1668611764907837,1.3356484174728394,1293.0999755859375,0.009124253876507282,0.07893843203783035,6138.60009765625,78596.0,7741.2998046875,2746.8701171875,22475.939453125,3469.570068359375,12.739999771118164,2.94,0.3271428571,1.4229,0.03,2.697,9.2971428571
2018-06-05,0.7654037475585938,0.2670583724975586,7633.759765625,65.5199966430664,1.1700559854507446,1.3316465616226196,1297.5,0.009093968197703362,0.07957126945257187,6108.5,76642.0,7686.7998046875,2748.800048828125,22539.5390625,3456.7900390625,12.399999618530273,2.92,0.3271428571,1.4229,0.03,2.697,9.2971428571
2018-06-06,0.7624624371528625,0.2628604471683502,7653.97998046875,64.7300033569336,1.1726216077804565,1.3406083583831787,1297.0999755859375,0.009102576412260532,0.0784478634595871,6137.39990234375,76117.0,7712.39990234375,2772.35009765625,22625.73046875,3460.820068359375,11.640000343322754,2.97,0.3271428571,1.4229,0.03,2.697,9.2971428571
2018-06-07,0.7665772438049316,0.2601862847805023,7678.240234375,65.94999694824219,1.178550362586975,1.3421558141708374,1298.699951171875,0.009080590680241585,0.07873643934726715,6169.39990234375,73851.0,7704.39990234375,2770.3701171875,22823.259765625,3459.77001953125,12.130000114440918,2.93,0.3271428571,1.4229,0.03,2.697,9.2971428571
2018-06-08,0.761440634727478,0.25636422634124756,7624.919921875,65.73999786376953,1.1795234680175781,1.3419216871261597,1298.0999755859375,0.00911626871675253,0.07712776213884354,6156.7998046875,72942.0,7681.10009765625,2779.030029296875,22694.5,3447.300048828125,12.180000305175781,2.93,0.3271428571,1.4229,0.03,2.697,9.2971428571
2018-06-12,0.7604620456695557,0.26962897181510925,6582.35986328125,66.36000061035156,1.177412509918213,1.3374348878860474,1295.0999755859375,0.0090591199696064,0.07606818526983261,6164.7998046875,72754.0,7703.7998046875,2786.85009765625,22878.349609375,3475.580078125,12.34000015258789,2.96,0.3271428571,1.4229,0.03,2.697,9.2971428571
2018-06-13,0.7575757503509521,0.26917901635169983,6349.89990234375,66.63999938964844,1.17482590675354,1.3372559547424316,1296.9000244140625,0.00905370619148016,0.07522813230752945,6133.10009765625,72122.0,7703.7001953125,2775.6298828125,22966.380859375,3479.56005859375,12.9399995803833,2.98,0.3271428571,1.4229,0.03,2.697,9.2971428571
2018-06-14,0.7570710182189941,0.2689039409160614,6675.35009765625,66.88999938964844,1.1807769536972046,1.3382760286331177,1304.0,0.009070953354239464,0.07514655590057373,6129.60009765625,71421.0,7765.7998046875,2782.489990234375,22738.609375,3527.110107421875,12.119999885559082,2.94,0.3271428571,1.4229,0.03,2.697,9.2971428571
2018-06-15,0.7465472221374512,0.26288118958473206,6456.580078125,65.05999755859375,1.1566576957702637,1.3256621360778809,1274.5999755859375,0.00903791468590498,0.07442081719636917,6205.2998046875,70758.0,7633.89990234375,2779.659912109375,22851.75,3505.02001953125,11.979999542236328,2.93,0.3271428571,1.4229,0.03,2.697,9.2971428571
2018-06-18,0.743992269039154,0.2681899964809418,6734.81982421875,65.8499984741211,1.159595012664795,1.3275099992752075,1276.199951171875,0.009040202014148235,0.07455120235681534,6212.7998046875,69815.0,7631.2998046875,2773.75,22680.330078125,3466.64990234375,12.3100004196167,2.92,0.3271428571,1.4229,0.03,2.697,9.2971428571
2018-06-19,0.7403568625450134,0.26693716645240784,6769.93994140625,65.06999969482422,1.1630746126174927,1.3258730173110962,1275.5999755859375,0.009079518727958202,0.07326651364564896,6208.89990234375,71394.0,7603.89990234375,2762.590087890625,22278.48046875,3435.300048828125,13.350000381469727,2.89,0.3271428571,1.4229,0.03,2.697,9.2971428571
2018-06-20,0.738825261592865,0.2670226991176605,6776.5498046875,66.22000122070312,1.1588560342788696,1.317332148551941,1271.199951171875,0.00908504519611597,0.0728103518486023,6274.60009765625,72123.0,7627.39990234375,2767.320068359375,22555.4296875,3439.60009765625,12.789999961853027,2.93,0.3271428571,1.4229,0.03,2.697,9.2971428571
2018-06-21,0.7374087572097778,0.26531532406806946,6729.740234375,65.54000091552734,1.1579033136367798,1.3175230026245117,1267.199951171875,0.009061911143362522,0.07322606444358826,6332.89990234375,70075.0,7556.39990234375,2749.760009765625,22693.0390625,3403.510009765625,14.640000343322754,2.9,0.3271428571,1.4229,0.03,2.697,9.2971428571
2018-06-22,0.7378984093666077,0.2655971944332123,6083.68994140625,68.58000183105469,1.1605775356292725,1.3247840404510498,1267.4000244140625,0.009094877168536186,0.07362696528434753,6322.10009765625,70641.0,7682.2998046875,2754.8798828125,22516.830078125,3441.60009765625,13.770000457763672,2.9,0.3271428571,1.4229,0.03,2.697,9.2971428571
2018-06-25,0.743837296962738,0.26411008834838867,6249.18017578125,68.08000183105469,1.1661399602890015,1.3262423276901245,1265.5999755859375,0.009096118621528149,0.07460136711597443,6308.7001953125,70953.0,7509.7998046875,2717.070068359375,22338.150390625,3369.2099609375,17.329999923706055,2.87,0.3271428571,1.4229,0.03,2.697,9.2971428571
2018-06-26,0.7409602999687195,0.26489365100860596,6093.669921875,70.52999877929688,1.1702749729156494,1.3278449773788452,1256.5999755859375,0.009120509028434753,0.07401267439126968,6292.10009765625,71405.0,7537.89990234375,2723.06005859375,22342.0,3368.719970703125,15.920000076293945,2.88,0.3271428571,1.4229,0.03,2.697,9.2971428571
2018-06-27,0.7391692996025085,0.2634490728378296,6157.1298828125,72.76000213623047,1.1650259494781494,1.3221042156219482,1252.800048828125,0.009082899428904057,0.07398802787065506,6290.5,70609.0,7621.7001953125,2699.6298828125,22271.76953125,3397.1298828125,17.90999984741211,2.83,0.3271428571,1.4229,0.03,2.697,9.2971428571
2018-06-28,0.7343222498893738,0.25906065106391907,5903.43994140625,73.44999694824219,1.1563634872436523,1.3120431900024414,1247.800048828125,0.009073175489902496,0.07220633327960968,6305.7998046875,71767.0,7615.60009765625,2716.31005859375,22270.390625,3365.52001953125,16.850000381469727,2.84,0.3271428571,1.4229,0.03,2.697,9.2971428571
2018-06-29,0.7346459031105042,0.25910091400146484,6218.2998046875,74.1500015258789,1.1562966108322144,1.3075141906738281,1251.300048828125,0.009050920605659485,0.07263693958520889,6289.7001953125,72763.0,7636.89990234375,2718.3701171875,22304.509765625,3395.60009765625,16.09000015258789,2.85,0.3271428571,1.4229,0.03,2.697,9.2971428571
2018-07-02,0.7398638129234314,0.25802454352378845,6614.18017578125,73.94000244140625,1.1678558588027954,1.3207770586013794,1239.800048828125,0.00903260800987482,0.07294424623250961,6273.2998046875,72840.0,7547.89990234375,2726.7099609375,21811.9296875,3372.2099609375,15.600000381469727,2.87,0.3271428571,1.4229,0.03,2.697,9.2971428571
2018-07-03,0.7338911294937134,0.2555845081806183,6529.58984375,74.13999938964844,1.1642121076583862,1.314405918121338,1251.5999755859375,0.009019491262733936,0.0723196491599083,6302.7998046875,73668.0,7593.2998046875,2713.219970703125,21785.5390625,3406.340087890625,16.139999389648438,2.83,0.3271428571,1.4229,0.03,2.697,9.2971428571
2018-07-05,0.7381708025932312,0.2556890845298767,6639.14013671875,72.94000244140625,1.166235089302063,1.3229262828826904,1257.300048828125,0.009049610234797001,0.07315877825021744,6302.89990234375,74553.0,7603.2001953125,2736.610107421875,21546.990234375,3440.919921875,14.970000267028809,2.84,0.3271428571,1.4229,0.03,2.697,9.2971428571
2018-07-06,0.738661527633667,0.25436878204345703,6673.5,73.80000305175781,1.1695905923843384,1.3225764036178589,1254.300048828125,0.009043307974934578,0.07390382140874863,6355.7001953125,75010.0,7617.7001953125,2759.820068359375,21788.140625,3448.489990234375,13.369999885559082,2.82,0.3271428571,1.4229,0.03,2.697,9.2971428571
2018-07-10,0.7470491528511047,0.2583111524581909,6329.9501953125,74.11000061035156,1.1756960153579712,1.325556755065918,1253.800048828125,0.009012824855744839,0.07463911920785904,6342.7998046875,74862.0,7692.0,2793.840087890625,22196.890625,3473.31005859375,12.640000343322754,2.87,0.3271428571,1.4229,0.03,2.697,9.2971428571
2018-07-11,0.7413997650146484,0.26211634278297424,6394.7099609375,70.37999725341797,1.1727042198181152,1.3257324695587158,1242.800048828125,0.009022746235132217,0.07479599118232727,6300.2001953125,74399.0,7592.0,2774.02001953125,21932.2109375,3422.35009765625,13.630000114440918,2.85,0.3271428571,1.4229,0.03,2.697,9.2971428571
2018-07-12,0.7365885972976685,0.2579912841320038,6228.81005859375,70.33000183105469,1.1676785945892334,1.3210039138793945,1245.0,0.008931920863687992,0.07381653785705566,6349.7998046875,75856.0,7651.2998046875,2798.2900390625,22187.9609375,3445.489990234375,12.579999923706055,2.85,0.3271428571,1.4229,0.03,2.697,9.2971428571
2018-07-13,0.7406858801841736,0.25768545269966125,6238.0498046875,71.01000213623047,1.1665889024734497,1.3180439472198486,1239.5999755859375,0.008875871077179909,0.075164794921875,6351.89990234375,76594.0,7661.89990234375,2801.31005859375,22597.349609375,3454.5400390625,12.180000305175781,2.83,0.3271428571,1.4229,0.03,2.697,9.2971428571
2018-07-16,0.7421150207519531,0.25978073477745056,6741.75,68.05999755859375,1.1679104566574097,1.3227688074111938,1238.0999755859375,0.008896876126527786,0.07546771317720413,6326.7001953125,76653.0,7600.5,2798.429931640625,22597.349609375,3449.080078125,12.829999923706055,2.85,0.3271428571,1.4229,0.03,2.697,9.2971428571
2018-07-17,0.7414712309837341,0.25933611392974854,7321.0400390625,68.08000183105469,1.170946478843689,1.3236442804336548,1225.699951171875,0.008898855186998844,0.07569117099046707,6288.39990234375,78130.0,7626.2998046875,2809.550048828125,22697.359375,3457.5,12.0600004196167,2.86,0.3271428571,1.4229,0.03,2.697,9.2971428571
2018-07-18,0.7377406358718872,0.2606950104236603,7370.77978515625,68.76000213623047,1.1653246879577637,1.3106160163879395,1226.300048828125,0.008848617784678936,0.07535908371210098,6329.10009765625,77363.0,7676.2998046875,2815.6201171875,22794.189453125,3485.080078125,12.100000381469727,2.88,0.3271428571,1.4229,0.03,2.697,9.2971428571
2018-07-19,0.7398912310600281,0.2597942352294922,7466.85986328125,69.45999908447266,1.164564609527588,1.3078221082687378,1222.4000244140625,0.008865955285727978,0.07537016272544861,6355.0,77487.0,7684.0,2804.489990234375,22764.6796875,3471.639892578125,12.869999885559082,2.84,0.3271428571,1.4229,0.03,2.697,9.2971428571
2018-07-20,0.7362794280052185,0.26119890809059143,7354.1298828125,70.45999908447266,1.1655147075653076,1.3023037910461426,1229.5,0.008899726904928684,0.07387614250183105,6377.39990234375,78571.0,7678.7998046875,2801.830078125,22697.880859375,3460.030029296875,12.859999656677246,2.89,0.3271428571,1.4229,0.03,2.697,9.2971428571
2018-07-23,0.7433009743690491,0.26519569754600525,7711.10986328125,67.88999938964844,1.1741912364959717,1.3147169351577759,1224.0,0.00900470931082964,0.0747227743268013,6320.10009765625,77996.0,7655.7998046875,2806.97998046875,22396.990234375,3454.050048828125,12.619999885559082,2.96,0.3271428571,1.4229,0.03,2.697,9.2971428571
2018-07-24,0.7380073666572571,0.2645222842693329,8424.26953125,68.5199966430664,1.1694128513336182,1.3102725744247437,1223.9000244140625,0.00897182896733284,0.07435829192399979,6355.2001953125,79155.0,7709.10009765625,2820.39990234375,22510.48046875,3483.31005859375,12.40999984741211,2.95,0.3271428571,1.4229,0.03,2.697,9.2971428571
2018-07-25,0.7426220178604126,0.2669442892074585,8181.39013671875,69.30000305175781,1.1685519218444824,1.3152183294296265,1231.4000244140625,0.008989491499960423,0.07536646723747253,6341.7001953125,80218.0,7658.2998046875,2846.070068359375,22614.25,3468.449951171875,12.289999961853027,2.94,0.3271428571,1.4229,0.03,2.697,9.2971428571
2018-07-26,0.7459402084350586,0.2712673544883728,7951.580078125,69.61000061035156,1.1737502813339233,1.3199577331542969,1225.300048828125,0.009021606296300888,0.07635045051574707,6337.60009765625,79405.0,7663.2001953125,2837.43994140625,22586.869140625,3509.260009765625,12.140000343322754,2.98,0.3271428571,1.4229,0.03,2.697,9.2971428571
2018-07-27,0.7380073666572571,0.2670726180076599,8165.009765625,68.69000244140625,1.1642934083938599,1.3108737468719482,1222.5999755859375,0.008997174911201,0.07557036727666855,6391.5,79866.0,7701.2998046875,2818.820068359375,22712.75,3527.179931640625,13.029999732971191,2.96,0.3271428571,1.4229,0.03,2.697,9.2971428571
2018-07-30,0.7400829195976257,0.26946187019348145,8180.47998046875,70.12999725341797,1.16604483127594,1.3111830949783325,1221.300048828125,0.009014368988573551,0.0759013295173645,6368.7998046875,80276.0,7700.89990234375,2802.60009765625,22544.83984375,3512.31005859375,14.260000228881836,2.98,0.3271428571,1.4229,0.03,2.697,9.2971428571
2018-07-31,0.7407297492027283,0.26823315024375916,7780.43994140625,68.76000213623047,1.1707408428192139,1.3135426044464111,1223.699951171875,0.009009495377540588,0.0760151669383049,6366.2001953125,79220.0,7748.7998046875,2816.2900390625,22553.720703125,3525.489990234375,12.829999923706055,2.96,0.3271428571,1.4229,0.03,2.697,9.2971428571
2018-08-01,0.7419498562812805,0.26645350456237793,7624.91015625,67.66000366210938,1.168961763381958,1.3121638298034668,1217.9000244140625,0.00894390419125557,0.07556922733783722,6362.10009765625,79302.0,7652.89990234375,2813.360107421875,22746.69921875,3525.489990234375,13.149999618530273,3.0,0.2908695652,1.3991,0.11,2.59,9.2809090909
2018-08-02,0.7405816912651062,0.26688018441200256,7567.14990234375,68.95999908447266,1.1665889024734497,1.3126115798950195,1210.5999755859375,0.0089589674025774,0.07567513734102249,6327.7001953125,79637.0,7575.89990234375,2827.219970703125,22512.529296875,3469.2099609375,12.1899995803833,2.98,0.2908695652,1.3991,0.11,2.59,9.2809090909
2018-08-03,0.7360084652900696,0.2667804956436157,7434.39013671875,68.48999786376953,1.1586008071899414,1.3018121719360352,1214.199951171875,0.008953352458775043,0.07444630563259125,6326.39990234375,81435.0,7659.10009765625,2840.35009765625,22525.1796875,3482.39990234375,11.640000343322754,2.95,0.2908695652,1.3991,0.11,2.59,9.2809090909
2018-08-06,0.7395902872085571,0.2701023519039154,6951.7998046875,69.01000213623047,1.1562297344207764,1.3003562688827515,1208.5999755859375,0.008990056812763214,0.07496768981218338,6359.0,81051.0,7663.7998046875,2850.39990234375,22507.3203125,3483.300048828125,11.270000457763672,2.94,0.2908695652,1.3991,0.11,2.59,9.2809090909
2018-08-07,0.738552451133728,0.26777347922325134,6753.1201171875,69.16999816894531,1.1558021306991577,1.2944984436035156,1209.5999755859375,0.008981497958302498,0.07445794343948364,6340.7998046875,80347.0,7718.5,2858.449951171875,22662.740234375,3504.3701171875,10.930000305175781,2.98,0.2908695652,1.3991,0.11,2.59,9.2809090909
2018-08-08,0.7424456477165222,0.2666311264038086,6305.7998046875,66.94000244140625,1.1602946519851685,1.2946659326553345,1212.5999755859375,0.00898109469562769,0.07509875297546387,6354.89990234375,79152.0,7776.7001953125,2857.699951171875,22644.310546875,3493.60009765625,10.850000381469727,2.96,0.2908695652,1.3991,0.11,2.59,9.2809090909
2018-08-10,0.7372456192970276,0.26318562030792236,6184.7099609375,67.62999725341797,1.1523923873901367,1.2828407287597656,1211.0999755859375,0.009001629427075386,0.07307377457618713,6366.7998046875,76514.0,7667.0,2833.280029296875,22298.080078125,3426.280029296875,13.15999984741211,2.87,0.2908695652,1.3991,0.11,2.59,9.2809090909
2018-08-13,0.7288098335266113,0.2587054371833801,6297.56982421875,67.19999694824219,1.1394712924957275,1.2758845090866089,1191.300048828125,0.009039221331477165,0.07023631036281586,6341.2998046875,77496.0,7642.5,2821.929931640625,21857.4296875,3409.679931640625,14.779999732971191,2.88,0.2908695652,1.3991,0.11,2.59,9.2809090909
2018-08-14,0.7267969846725464,0.2575991749763489,6199.7099609375,67.04000091552734,1.1402509212493896,1.2762752771377563,1193.0,0.00903660710901022,0.06955312192440033,6386.2001953125,78602.0,7611.60009765625,2839.9599609375,22356.080078125,3409.43994140625,13.3100004196167,2.89,0.2908695652,1.3991,0.11,2.59,9.2809090909
2018-08-15,0.7235890030860901,0.2587724030017853,6308.52001953125,65.01000213623047,1.1345715522766113,1.271779179573059,1177.5,0.00898908730596304,0.07008592784404755,6415.7001953125,77078.0,7497.89990234375,2818.3701171875,22204.220703125,3359.080078125,14.640000343322754,2.86,0.2908695652,1.3991,0.11,2.59,9.2809090909
2018-08-16,0.7233691811561584,0.25637081265449524,6334.72998046875,65.45999908447266,1.134429931640625,1.2693899869918823,1176.199951171875,0.009043553844094276,0.06853276491165161,6412.60009765625,76819.0,7556.39990234375,2840.68994140625,22192.0390625,3377.56005859375,13.449999809265137,2.87,0.2908695652,1.3991,0.11,2.59,9.2809090909
2018-08-17,0.7259528040885925,0.2561541199684143,6580.6298828125,65.91000366210938,1.1371389627456665,1.2714558839797974,1176.5,0.009008684195578098,0.06797726452350616,6426.2001953125,76029.0,7558.60009765625,2850.1298828125,22270.380859375,3372.93994140625,12.640000343322754,2.87,0.2908695652,1.3991,0.11,2.59,9.2809090909
2018-08-20,0.7308178544044495,0.2557675540447235,6308.52978515625,66.43000030517578,1.1437721252441406,1.2747135162353516,1186.800048828125,0.009051822125911713,0.06782972067594528,6435.10009765625,76328.0,7591.2998046875,2857.050048828125,22199.0,3393.669921875,12.489999771118164,2.82,0.2908695652,1.3991,0.11,2.59,9.2809090909
2018-08-21,0.7336488366127014,0.2521432042121887,6488.759765625,67.3499984741211,1.149134635925293,1.2804261445999146,1192.5999755859375,0.00909520871937275,0.06896170973777771,6383.0,75180.0,7565.7001953125,2862.9599609375,22219.73046875,3411.659912109375,12.859999656677246,2.85,0.2908695652,1.3991,0.11,2.59,9.2809090909
2018-08-22,0.7359814047813416,0.24700506031513214,6376.7099609375,67.86000061035156,1.1576753854751587,1.290555715560913,1196.300048828125,0.009079848416149616,0.0695202425122261,6373.7998046875,76902.0,7574.2001953125,2861.820068359375,22362.55078125,3420.179931640625,12.25,2.82,0.2908695652,1.3991,0.11,2.59,9.2809090909
2018-08-23,0.7332990765571594,0.2477148324251175,6534.8798828125,67.83000183105469,1.1584800481796265,1.2904725074768066,1187.0,0.009042572230100632,0.07062546163797379,6360.2998046875,75634.0,7563.2001953125,2856.97998046875,22410.8203125,3419.260009765625,12.40999984741211,2.82,0.2908695652,1.3991,0.11,2.59,9.2809090909
2018-08-24,0.7243227958679199,0.24317292869091034,6719.9599609375,68.72000122070312,1.154334545135498,1.281065821647644,1206.300048828125,0.008979320526123047,0.06952410936355591,6357.89990234375,76262.0,7577.5,2874.68994140625,22601.76953125,3427.43994140625,11.989999771118164,2.82,0.2908695652,1.3991,0.11,2.59,9.2809090909
2018-08-28,0.7348618507385254,0.24524831771850586,7096.27978515625,68.52999877929688,1.1683608293533325,1.2896735668182373,1207.4000244140625,0.00899790320545435,0.07062496244907379,6413.60009765625,77473.0,7617.2001953125,2897.52001953125,22813.470703125,3447.570068359375,12.5,2.88,0.2908695652,1.3991,0.11,2.59,9.2809090909
2018-08-29,0.7341066002845764,0.24190230667591095,7047.16015625,69.51000213623047,1.1691256761550903,1.2867693901062012,1204.5,0.00899587944149971,0.07045826315879822,6457.0,78389.0,7563.2001953125,2914.0400390625,22848.220703125,3456.1298828125,12.25,2.89,0.2908695652,1.3991,0.11,2.59,9.2809090909
2018-08-30,0.7311919331550598,0.24357567727565765,6978.22998046875,70.25,1.1709738969802856,1.3035939931869507,1197.699951171875,0.008951590396463871,0.06974604725837708,6460.5,76404.0,7516.0,2901.1298828125,22869.5,3430.989990234375,13.529999732971191,2.86,0.2908695652,1.3991,0.11,2.59,9.2809090909
2018-08-31,0.7261636853218079,0.24104516208171844,7037.580078125,69.80000305175781,1.1664663553237915,1.301100730895996,1200.300048828125,0.00900909025222063,0.06803470849990845,6427.7998046875,76678.0,7432.39990234375,2901.52001953125,22865.150390625,3392.89990234375,12.859999656677246,2.86,0.2908695652,1.3991,0.11,2.59,9.2809090909
2018-09-04,0.7208245992660522,0.24068547785282135,7361.66015625,69.87000274658203,1.161548137664795,1.2869019508361816,1192.699951171875,0.00900187250226736,0.06734006851911545,6398.89990234375,74712.0,7457.89990234375,2896.719970703125,22696.900390625,3359.360107421875,13.15999984741211,2.9,0.2908695652,1.3991,0.11,2.59,9.2809090909
2018-09-05,0.718339204788208,0.24074922502040863,6792.830078125,68.72000122070312,1.1586545705795288,1.2858428955078125,1194.9000244140625,0.008971747942268848,0.06527969241142273,6339.2001953125,75092.0,7383.2998046875,2888.60009765625,22580.830078125,3315.6201171875,13.90999984741211,2.9,0.2908695652,1.3991,0.11,2.59,9.2809090909
2018-09-06,0.719610869884491,0.24136517941951752,6529.169921875,67.7699966430664,1.1635212898254395,1.2914891242980957,1197.9000244140625,0.008972713723778725,0.06493042409420013,6267.7998046875,76416.0,7319.0,2878.050048828125,22487.939453125,3295.949951171875,14.649999618530273,2.88,0.2908695652,1.3991,0.11,2.59,9.2809090909
2018-09-10,0.7117944359779358,0.247292160987854,6329.7001953125,67.54000091552734,1.1561094522476196,1.2930254936218262,1193.0,0.009015507064759731,0.06557376682758331,6249.7001953125,76436.0,7279.2998046875,2877.1298828125,22373.08984375,3309.280029296875,14.15999984741211,2.94,0.2908695652,1.3991,0.11,2.59,9.2809090909
2018-09-11,0.7109847068786621,0.24482201039791107,6321.2001953125,69.25,1.159595012664795,1.302643060684204,1195.4000244140625,0.008997012861073017,0.06584058701992035,6287.60009765625,74657.0,7273.5,2887.889892578125,22664.689453125,3311.659912109375,13.220000267028809,2.98,0.2908695652,1.3991,0.11,2.59,9.2809090909
2018-09-12,0.7110706567764282,0.24087099730968475,6351.7998046875,70.37000274658203,1.1596084833145142,1.3015578985214233,1204.699951171875,0.008960011415183544,0.06640679389238358,6283.89990234375,75125.0,7313.39990234375,2888.919921875,22604.609375,3326.60009765625,13.140000343322754,2.97,0.2908695652,1.3991,0.11,2.59,9.2809090909
2018-09-13,0.7170617580413818,0.2403961718082428,6517.31005859375,68.58999633789062,1.1629259586334229,1.3045463562011719,1202.0,0.008991188369691372,0.06692275404930115,6239.89990234375,74687.0,7281.60009765625,2904.179931640625,22821.3203125,3333.679931640625,12.369999885559082,2.97,0.2908695652,1.3991,0.11,2.59,9.2809090909
2018-09-14,0.7188039422035217,0.2378121316432953,6512.7099609375,68.98999786376953,1.1691803932189941,1.311131477355957,1195.0,0.00892761442810297,0.06772544234991074,6276.2998046875,75429.0,7304.0,2904.97998046875,23094.669921875,3344.6298828125,12.069999694824219,2.99,0.2908695652,1.3991,0.11,2.59,9.2809090909
2018-09-17,0.7145919799804688,0.23969319462776184,6281.2001953125,68.91000366210938,1.1628988981246948,1.307326316833496,1199.699951171875,0.008932319469749928,0.06695815920829773,6293.89990234375,76789.0,7302.10009765625,2888.800048828125,23094.669921875,3346.110107421875,13.680000305175781,2.99,0.2908695652,1.3991,0.11,2.59,9.2809090909
2018-09-18,0.7145919799804688,0.24200768768787384,6371.2998046875,69.8499984741211,1.1669156551361084,1.3146305084228516,1196.800048828125,0.008953352458775043,0.06680946052074432,6269.5,78314.0,7300.2001953125,2904.31005859375,23420.5390625,3358.4599609375,12.789999961853027,3.05,0.2908695652,1.3991,0.11,2.59,9.2809090909
2018-09-19,0.7226007580757141,0.24047710001468658,6398.5400390625,71.12000274658203,1.167992353439331,1.3168463706970215,1202.199951171875,0.008906543254852295,0.06730018556118011,6297.0,78169.0,7331.10009765625,2907.949951171875,23672.51953125,3368.56005859375,11.75,3.08,0.2908695652,1.3991,0.11,2.59,9.2809090909
2018-09-20,0.7259528040885925,0.2421131581068039,6519.669921875,70.80000305175781,1.167460560798645,1.3141123056411743,1206.199951171875,0.008903371170163155,0.06831768155097961,6276.89990234375,78116.0,7367.2998046875,2930.75,23674.9296875,3403.1201171875,11.800000190734863,3.07,0.2908695652,1.3991,0.11,2.59,9.2809090909
2018-09-21,0.7286505103111267,0.2453385591506958,6734.9501953125,70.77999877929688,1.1775927543640137,1.327087163925171,1196.199951171875,0.008889283984899521,0.06994034349918365,6305.39990234375,79444.0,7490.2001953125,2929.669921875,23869.9296875,3430.81005859375,11.680000305175781,3.07,0.2908695652,1.3991,0.11,2.59,9.2809090909
2018-09-25,0.7253209352493286,0.2444210946559906,6446.47021484375,72.27999877929688,1.175295352935791,1.311733365058899,1200.0,0.008866348303854465,0.06965970993041992,6299.10009765625,78630.0,7507.60009765625,2915.56005859375,23940.259765625,3419.780029296875,12.420000076293945,3.1,0.2908695652,1.3991,0.11,2.59,9.2809090909
2018-09-26,0.7249003052711487,0.24548311531543732,6495.0,71.56999969482422,1.1763184070587158,1.3179919719696045,1194.0,0.008851985447108746,0.06978026032447815,6307.7998046875,78656.0,7511.5,2905.969970703125,24033.7890625,3433.14990234375,12.890000343322754,3.06,0.2908695652,1.3991,0.11,2.59,9.2809090909
2018-09-27,0.725789487361908,0.2480897158384323,6676.75,72.12000274658203,1.1748534440994263,1.3172800540924072,1182.300048828125,0.008872799575328827,0.07075823843479156,6299.2998046875,80000.0,7545.39990234375,2914.0,23796.740234375,3449.7900390625,12.40999984741211,3.06,0.2908695652,1.3991,0.11,2.59,9.2809090909
2018-09-28,0.7205129861831665,0.24925224483013153,6644.1298828125,73.25,1.1637378931045532,1.3078734874725342,1191.5,0.00882168672978878,0.07090036571025848,6325.5,79342.0,7510.2001953125,2913.97998046875,24120.0390625,3399.199951171875,12.119999885559082,3.05,0.2908695652,1.3991,0.11,2.59,9.2809090909
2018-10-01,0.7223920226097107,0.24674907326698303,6589.6201171875,75.30000305175781,1.1605371236801147,1.3039000034332275,1187.0999755859375,0.008787655271589756,0.07091394066810608,6292.7001953125,78624.0,7495.7001953125,2924.590087890625,24245.759765625,3414.159912109375,12.0,3.09,0.3990909091,1.5462,0.13,2.682,9.6239130435
2018-10-02,0.7228567600250244,0.24897919595241547,6556.10009765625,75.2300033569336,1.157755732536316,1.3043591976165771,1202.4000244140625,0.008776087313890457,0.07038585096597672,6245.7998046875,81612.0,7474.60009765625,2923.429931640625,24270.619140625,3388.989990234375,12.050000190734863,3.05,0.3990909091,1.5462,0.13,2.682,9.6239130435
2018-10-03,0.7187522649765015,0.25383931398391724,6502.58984375,76.41000366210938,1.1551746129989624,1.2981956005096436,1198.300048828125,0.008804598823189735,0.06969389319419861,6265.2001953125,83273.0,7510.2998046875,2925.510009765625,24110.9609375,3405.47998046875,11.609999656677246,3.15,0.3990909091,1.5462,0.13,2.682,9.6239130435
2018-10-04,0.7096225023269653,0.2563839554786682,6576.68994140625,74.33000183105469,1.147631287574768,1.294062852859497,1197.199951171875,0.008734692819416523,0.068355031311512,6293.89990234375,82953.0,7418.2998046875,2901.610107421875,23975.619140625,3375.080078125,14.220000267028809,3.19,0.3990909091,1.5462,0.13,2.682,9.6239130435
2018-10-05,0.7080999612808228,0.2581377923488617,6622.47998046875,74.33999633789062,1.1518083810806274,1.3024225234985352,1201.199951171875,0.008780093863606453,0.06742997467517853,6301.10009765625,82322.0,7318.5,2885.570068359375,23783.720703125,3345.510009765625,14.819999694824219,3.23,0.3990909091,1.5462,0.13,2.682,9.6239130435
2018-10-08,0.7052882313728333,0.2607018053531647,6652.22998046875,74.29000091552734,1.1522595882415771,1.31271493434906,1184.4000244140625,0.008793914690613747,0.06751555949449539,6218.60009765625,86084.0,7233.2998046875,2884.429931640625,23783.720703125,3309.719970703125,15.6899995803833,3.23,0.3990909091,1.5462,0.13,2.682,9.6239130435
2018-10-09,0.7073636651039124,0.26474636793136597,6642.64013671875,74.95999908447266,1.1494120359420776,1.309311866760254,1187.199951171875,0.008841967210173607,0.06736365705728531,6155.5,86088.0,7237.60009765625,2880.340087890625,23469.390625,3321.7900390625,15.949999809265137,3.21,0.3990909091,1.5462,0.13,2.682,9.6239130435
2018-10-10,0.7114905714988708,0.26919350028038025,6585.52978515625,73.16999816894531,1.1506949663162231,1.3157029151916504,1189.300048828125,0.008849713951349258,0.06865774095058441,6163.7998046875,83679.0,7145.7001953125,2785.679931640625,23506.0390625,3266.89990234375,22.959999084472656,3.22,0.3990909091,1.5462,0.13,2.682,9.6239130435
2018-10-11,0.7064142823219299,0.26632577180862427,6256.240234375,70.97000122070312,1.1533360481262207,1.3206725120544434,1223.5,0.008921243250370026,0.06777547299861908,5993.5,82921.0,7006.89990234375,2728.3701171875,22590.859375,3209.18994140625,24.979999542236328,3.14,0.3990909091,1.5462,0.13,2.682,9.6239130435
2018-10-15,0.710782527923584,0.26443833112716675,6596.5400390625,71.77999877929688,1.1551345586776733,1.3103927373886108,1226.4000244140625,0.008913291618227959,0.06883639097213745,5948.0,83360.0,7029.2001953125,2750.7900390625,22271.30078125,3210.3701171875,21.299999237060547,3.16,0.3990909091,1.5462,0.13,2.682,9.6239130435
2018-10-16,0.713541567325592,0.2678164839744568,6596.10986328125,71.91999816894531,1.1583458185195923,1.315477967262268,1227.300048828125,0.00894126482307911,0.06977198272943497,5977.7998046875,85718.0,7059.39990234375,2809.919921875,22549.240234375,3257.340087890625,17.6200008392334,3.16,0.3990909091,1.5462,0.13,2.682,9.6239130435
2018-10-17,0.7139134407043457,0.2685573101043701,6544.43017578125,69.75,1.1575279235839844,1.318721890449524,1223.699951171875,0.008901390247046947,0.07054787874221802,6047.10009765625,85764.0,7054.60009765625,2809.2099609375,22841.119140625,3243.080078125,17.399999618530273,3.19,0.3990909091,1.5462,0.13,2.682,9.6239130435
2018-10-18,0.7111009955406189,0.2712820768356323,6476.7099609375,68.6500015258789,1.1500862836837769,1.3104442358016968,1226.5,0.00887878704816103,0.07022126764059067,6050.10009765625,83847.0,7027.0,2768.780029296875,22658.16015625,3211.590087890625,20.059999465942383,3.17,0.3990909091,1.5462,0.13,2.682,9.6239130435
2018-10-19,0.709723174571991,0.26879552006721497,6465.41015625,69.12000274658203,1.1460003852844238,1.3024225234985352,1225.300048828125,0.008913847617805004,0.06931159645318985,6042.7998046875,84220.0,7049.7998046875,2767.780029296875,22532.080078125,3210.820068359375,19.889999389648438,3.2,0.3990909091,1.5462,0.13,2.682,9.6239130435
2018-10-22,0.7113286256790161,0.26947641372680664,6487.16015625,69.16999816894531,1.1509466171264648,1.3065404891967773,1221.199951171875,0.008890469558537006,0.06937795877456665,6006.2001953125,85597.0,7042.7998046875,2755.8798828125,22614.8203125,3190.090087890625,19.639999389648438,3.2,0.3990909091,1.5462,0.13,2.682,9.6239130435
2018-10-23,0.7072685956954956,0.2715694010257721,6475.740234375,66.43000030517578,1.1467890739440918,1.2965964078903198,1233.4000244140625,0.008868629112839699,0.06982338428497314,5944.89990234375,85300.0,6955.2001953125,2740.68994140625,22010.779296875,3140.93994140625,20.709999084472656,3.17,0.3990909091,1.5462,0.13,2.682,9.6239130435
2018-10-24,0.7091192603111267,0.2708265781402588,6495.83984375,66.81999969482422,1.147315263748169,1.2981280088424683,1227.800048828125,0.008893315680325031,0.07032991200685501,5926.5,83064.0,6963.0,2656.10009765625,22091.1796875,3130.330078125,25.229999542236328,3.1,0.3990909091,1.5462,0.13,2.682,9.6239130435
2018-10-25,0.7062994837760925,0.2680174708366394,6476.2900390625,67.33000183105469,1.1399258375167847,1.2888258695602417,1229.0999755859375,0.00892761442810297,0.06873608380556107,5759.5,84084.0,7004.10009765625,2705.570068359375,21268.73046875,3164.39990234375,24.219999313354492,3.14,0.3990909091,1.5462,0.13,2.682,9.6239130435
2018-10-26,0.7081149816513062,0.26991280913352966,6474.75,67.58999633789062,1.1377859115600586,1.2824623584747314,1232.5,0.008900756947696209,0.06846567243337631,5759.60009765625,85720.0,6939.60009765625,2658.68994140625,21184.599609375,3134.889892578125,24.15999984741211,3.08,0.3990909091,1.5462,0.13,2.682,9.6239130435
2018-10-29,0.709773600101471,0.27460458874702454,6332.6298828125,67.04000091552734,1.1398738622665405,1.2831040620803833,1224.5,0.00893591158092022,0.06866717338562012,5813.7998046875,83797.0,7026.2998046875,2641.25,21149.80078125,3154.929931640625,24.700000762939453,3.08,0.3990909091,1.5462,0.13,2.682,9.6239130435
2018-10-30,0.7063294053077698,0.26912105083465576,6334.27001953125,66.18000030517578,1.137617588043213,1.2802459001541138,1222.5999755859375,0.008902817033231258,0.06803924590349197,5887.89990234375,86886.0,7035.89990234375,2682.6298828125,21457.2890625,3147.1298828125,23.350000381469727,3.12,0.3990909091,1.5462,0.13,2.682,9.6239130435
2018-10-31,0.7099247574806213,0.2706652879714966,6317.60986328125,65.30999755859375,1.1346358060836792,1.2708903551101685,1212.300048828125,0.008845486678183079,0.06851661205291748,5913.2998046875,87424.0,7128.10009765625,2711.739990234375,21920.4609375,3197.510009765625,21.229999542236328,3.15,0.3990909091,1.5462,0.13,2.682,9.6239130435
2018-11-01,0.7083156108856201,0.2687666416168213,6377.77978515625,63.689998626708984,1.1316697597503662,1.276943564414978,1236.0,0.008861241862177849,0.06777363270521164,5925.89990234375,88419.0,7114.7001953125,2740.3701171875,21687.650390625,3204.2099609375,19.34000015258789,3.14,0.3140909091,1.4541,0.085,2.683,9.55
2018-11-05,0.7198283672332764,0.2702702581882477,6419.66015625,63.099998474121094,1.1397570371627808,1.3005592823028564,1229.800048828125,0.008838685229420662,0.07011983543634415,5904.7998046875,89598.0,7103.7998046875,2738.31005859375,21898.990234375,3217.3701171875,19.959999084472656,3.2,0.3140909091,1.4541,0.085,2.683,9.55
2018-11-06,0.7212925553321838,0.2684851884841919,6461.009765625,62.209999084472656,1.141291856765747,1.3058068752288818,1223.800048828125,0.008830334059894085,0.07072736322879791,5958.7001953125,88669.0,7040.7001953125,2755.449951171875,22147.75,3207.419921875,19.90999984741211,3.22,0.3140909091,1.4541,0.085,2.683,9.55
2018-11-07,0.7243595123291016,0.2659645080566406,6530.14013671875,61.66999816894531,1.1438506841659546,1.3112518787384033,1226.199951171875,0.008821220137178898,0.07093507051467896,5982.0,87714.0,7117.2998046875,2813.889892578125,22085.80078125,3246.159912109375,16.360000610351562,3.22,0.3140909091,1.4541,0.085,2.683,9.55
2018-11-08,0.7275902032852173,0.26806774735450745,6453.72021484375,60.66999816894531,1.1434059143066406,1.3128528594970703,1222.9000244140625,0.0088069261983037,0.07188762724399567,6015.89990234375,85620.0,7140.7001953125,2806.830078125,22486.919921875,3237.60009765625,16.719999313354492,3.24,0.3140909091,1.4541,0.085,2.683,9.55
2018-11-09,0.7266808152198792,0.266014039516449,6385.6201171875,60.189998626708984,1.1368415355682373,1.3066771030426025,1206.4000244140625,0.00877554714679718,0.07084240019321442,6011.0,85641.0,7105.2998046875,2781.010009765625,22250.25,3229.489990234375,17.360000610351562,3.19,0.3140909091,1.4541,0.085,2.683,9.55
2018-11-12,0.7226999998092651,0.26813966035842896,6371.27001953125,59.93000030517578,1.132502794265747,1.2938451766967773,1201.300048828125,0.00878379587084055,0.06975981593132019,6027.2001953125,85525.0,7053.10009765625,2726.219970703125,22269.880859375,3194.080078125,20.450000762939453,3.19,0.3140909091,1.4541,0.085,2.683,9.55
2018-11-13,0.7175660133361816,0.26550552248954773,6359.490234375,55.689998626708984,1.1233429908752441,1.2857933044433594,1199.199951171875,0.00879538431763649,0.06919122487306595,5922.60009765625,84914.0,7053.7998046875,2722.179931640625,21810.51953125,3224.820068359375,20.020000457763672,3.14,0.3140909091,1.4541,0.085,2.683,9.55
2018-11-14,0.7231390476226807,0.263060986995697,5738.35009765625,56.25,1.1311193704605103,1.3014055490493774,1207.9000244140625,0.008788195438683033,0.06933754682540894,5822.2998046875,85973.0,7033.7998046875,2701.580078125,21846.48046875,3205.360107421875,21.25,3.12,0.3140909091,1.4541,0.085,2.683,9.55
2018-11-16,0.7271669507026672,0.26438242197036743,5575.5498046875,56.459999084472656,1.1324899196624756,1.276650071144104,1220.800048828125,0.008806305006146431,0.07047265768051147,5822.7998046875,88515.0,7013.89990234375,2736.27001953125,21680.33984375,3180.739990234375,18.139999389648438,3.08,0.3140909091,1.4541,0.085,2.683,9.55
2018-11-19,0.7317965626716614,0.2672010660171509,4871.490234375,56.7599983215332,1.141396164894104,1.2833181619644165,1223.0999755859375,0.008870752528309822,0.07157274335622787,5786.39990234375,87901.0,7000.89990234375,2690.72998046875,21821.16015625,3160.330078125,20.100000381469727,3.06,0.3140909091,1.4541,0.085,2.683,9.55
2018-11-21,0.7216569185256958,0.2662619352340698,4602.169921875,54.630001068115234,1.1372424364089966,1.2789195775985718,1225.800048828125,0.008872877806425095,0.07096526771783829,5722.10009765625,87269.0,7050.2001953125,2649.929931640625,21507.5390625,3153.909912109375,20.799999237060547,3.06,0.3140909091,1.4541,0.085,2.683,9.55
2018-11-23,0.725021243095398,0.2629433870315552,4347.10986328125,50.41999816894531,1.1403158903121948,1.287597894668579,1221.0,0.008851281367242336,0.07282684743404388,5793.39990234375,86230.0,6952.89990234375,2632.56005859375,21646.55078125,3137.2099609375,21.520000457763672,3.05,0.3140909091,1.4541,0.085,2.683,9.55
2018-11-26,0.7233796119689941,0.272257000207901,3779.1298828125,51.630001068115234,1.1337354183197021,1.2812299728393555,1220.199951171875,0.008855905383825302,0.07222657650709152,5749.60009765625,85547.0,7036.0,2673.449951171875,21812.0,3172.7099609375,18.899999618530273,3.07,0.3140909091,1.4541,0.085,2.683,9.55
2018-11-27,0.7223502397537231,0.25382643938064575,3820.719970703125,51.560001373291016,1.1333370208740234,1.2812299728393555,1211.199951171875,0.008810262195765972,0.07191398739814758,5802.7998046875,87891.0,7016.89990234375,2682.169921875,21952.400390625,3166.419921875,19.020000457763672,3.06,0.3140909091,1.4541,0.085,2.683,9.55
2018-11-28,0.7229612469673157,0.2581644356250763,4257.419921875,50.290000915527344,1.1298797130584717,1.2743724584579468,1221.4000244140625,0.008789895102381706,0.07189692556858063,5800.10009765625,89251.0,7004.5,2743.7900390625,22177.01953125,3168.2900390625,18.489999771118164,3.06,0.3140909091,1.4541,0.085,2.683,9.55
2018-11-29,0.7302521467208862,0.2597942352294922,4278.8466796875,51.45000076293945,1.1368545293807983,1.2824130058288574,1224.0999755859375,0.008806305006146431,0.07264168560504913,5835.7001953125,89710.0,7039.0,2737.800048828125,22262.599609375,3174.159912109375,18.790000915527344,3.03,0.3140909091,1.4541,0.085,2.683,9.55
2018-11-30,0.7321876883506775,0.2596728205680847,4017.2685546875,50.93000030517578,1.1392766237258911,1.2784454822540283,1220.199951171875,0.008817486464977264,0.07324343919754028,5749.2998046875,89504.0,6980.2001953125,2760.169921875,22351.060546875,3173.1298828125,18.06999969482422,3.01,0.3140909091,1.4541,0.085,2.683,9.55
2018-12-03,0.7373108863830566,0.2587188184261322,3894.130859375,52.95000076293945,1.1342240571975708,1.2753475904464722,1233.9000244140625,0.008790204301476479,0.0729011744260788,5856.2998046875,89820.0,7062.39990234375,2790.3701171875,22574.759765625,3214.989990234375,16.440000534057617,2.98,0.3140909091,1.4541,0.085,2.683,9.55
2018-12-04,0.7356890439987183,0.2603624165058136,3956.893798828125,53.25,1.135486125946045,1.2725884914398193,1241.0999755859375,0.00880382489413023,0.07307911664247513,5797.5,88624.0,7022.7998046875,2700.06005859375,22036.05078125,3189.25,20.739999771118164,2.91,0.3140909091,1.4541,0.085,2.683,9.55
2018-12-06,0.7266386151313782,0.25857165455818176,3521.101806640625,51.4900016784668,1.13490629196167,1.2727665901184082,1238.0999755859375,0.008845564909279346,0.07230030745267868,5736.7001953125,88846.0,6704.10009765625,2695.949951171875,21501.619140625,3045.93994140625,21.190000534057617,2.87,0.3140909091,1.4541,0.085,2.683,9.55
2018-12-07,0.7231180667877197,0.2578781843185425,3419.937255859375,52.61000061035156,1.1374752521514893,1.2778573036193848,1246.800048828125,0.00887398049235344,0.07123064994812012,5757.89990234375,88115.0,6778.10009765625,2633.080078125,21678.6796875,3058.530029296875,23.229999542236328,2.85,0.3140909091,1.4541,0.085,2.683,9.55
2018-12-10,0.7184939980506897,0.25602948665618896,3502.656005859375,51.0,1.1400948762893677,1.2721028327941895,1243.699951171875,0.0088887307792902,0.07054026424884796,5627.5,85915.0,6721.5,2637.719970703125,21219.5,3016.989990234375,22.639999389648438,2.85,0.3140909091,1.4541,0.085,2.683,9.55
2018-12-11,0.7190985083580017,0.25531697273254395,3424.588134765625,51.650001525878906,1.1356538534164429,1.2561235427856445,1241.9000244140625,0.008835405111312866,0.0696786418557167,5651.2001953125,86420.0,6806.89990234375,2636.780029296875,21148.01953125,3055.320068359375,21.760000228881836,2.89,0.3140909091,1.4541,0.085,2.683,9.55
2018-12-12,0.7212925553321838,0.2562394142150879,3486.9501953125,51.150001525878906,1.1323105096817017,1.2492972612380981,1244.4000244140625,0.008819586597383022,0.06984459608793259,5727.2998046875,86977.0,6880.2001953125,2651.070068359375,21602.75,3107.969970703125,21.459999084472656,2.91,0.3140909091,1.4541,0.085,2.683,9.55
2018-12-13,0.7221259474754333,0.25946393609046936,3313.67724609375,52.58000183105469,1.1373459100723267,1.2628655433654785,1242.699951171875,0.008827293291687965,0.07094211131334305,5735.2998046875,87838.0,6877.5,2650.5400390625,21816.189453125,3112.169921875,20.649999618530273,2.91,0.3140909091,1.4541,0.085,2.683,9.55
2018-12-14,0.7224911451339722,0.2570231556892395,3242.48486328125,51.20000076293945,1.1363636255264282,1.2655024528503418,1237.0,0.008805917575955391,0.07055719196796417,5678.7998046875,87450.0,6845.2001953125,2599.949951171875,21374.830078125,3092.60009765625,21.6299991607666,2.89,0.3140909091,1.4541,0.085,2.683,9.55
2018-12-18,0.7177205085754395,0.25656816363334656,3696.05908203125,46.2400016784668,1.1349835395812988,1.2615749835968018,1249.199951171875,0.00886296946555376,0.06954102963209152,5661.7998046875,86610.0,6701.60009765625,2546.159912109375,21115.44921875,3040.1298828125,25.579999923706055,2.82,0.3140909091,1.4541,0.085,2.683,9.55
2018-12-19,0.7188039422035217,0.2556956112384796,3745.95068359375,47.20000076293945,1.1375399827957153,1.2655024528503418,1252.0999755859375,0.008886992931365967,0.06976882368326187,5650.0,85674.0,6765.89990234375,2506.9599609375,20987.919921875,3051.3798828125,25.579999923706055,2.77,0.3140909091,1.4541,0.085,2.683,9.55
2018-12-20,0.7113893628120422,0.2566603422164917,4134.44140625,45.880001068115234,1.1389521360397339,1.262785792350769,1263.5999755859375,0.00889600533992052,0.06962867081165314,5572.89990234375,85269.0,6711.89990234375,2467.419921875,20392.580078125,3000.06005859375,28.3799991607666,2.79,0.3140909091,1.4541,0.085,2.683,9.55
2018-12-21,0.7115918397903442,0.260491281747818,3896.543701171875,45.59000015258789,1.1456853151321411,1.2669775485992432,1253.800048828125,0.008995152078568935,0.06954223662614822,5533.2998046875,85697.0,6721.2001953125,2416.6201171875,20166.189453125,3000.610107421875,30.110000610351562,2.79,0.3140909091,1.4541,0.085,2.683,9.55
2018-12-27,0.7074787616729736,0.255062997341156,3654.83349609375,44.61000061035156,1.1361312866210938,1.2648781538009644,1277.300048828125,0.008992320857942104,0.06896647065877914,5662.10009765625,85460.0,6584.7001953125,2488.830078125,20077.619140625,2937.360107421875,29.959999084472656,2.77,0.3140909091,1.4541,0.085,2.683,9.55
2018-12-28,0.7035317420959473,0.2582978308200836,3923.918701171875,45.33000183105469,1.143105387687683,1.2646220922470093,1279.9000244140625,0.009020792320370674,0.06899787485599518,5716.0,87887.0,6734.0,2485.739990234375,20014.76953125,2986.530029296875,28.34000015258789,2.72,0.3140909091,1.4541,0.085,2.683,9.55
2019-01-04,0.7006235718727112,0.26630449295043945,3857.717529296875,47.959999084472656,1.1391078233718872,1.2628813982009888,1282.699951171875,0.009275749325752258,0.06988608837127686,5677.0,91841.0,6837.39990234375,2531.93994140625,19561.9609375,3041.85009765625,21.3799991607666,2.67,0.1327272727,1.3221,0.0,2.271,9.2963636364
2019-01-07,0.7123776078224182,0.2731344997882843,4025.248291015625,48.52000045776367,1.1410444974899292,1.2734960317611694,1286.800048828125,0.009214721620082855,0.07152717560529709,5744.5,91699.0,6810.89990234375,2549.68994140625,20038.970703125,3033.639892578125,21.399999618530273,2.7,0.1327272727,1.3221,0.0,2.271,9.2963636364
2019-01-08,0.7145919799804688,0.2678021490573883,4030.847900390625,49.779998779296875,1.1479737758636475,1.278608798980713,1283.199951171875,0.009206746704876423,0.07214643061161041,5783.2998046875,92032.0,6861.60009765625,2574.409912109375,20204.0390625,3054.93994140625,20.469999313354492,2.73,0.1327272727,1.3221,0.0,2.271,9.2963636364
2019-01-09,0.7163323760032654,0.269367516040802,4035.29638671875,52.36000061035156,1.1456066370010376,1.2737879753112793,1289.300048828125,0.00919320434331894,0.07170360535383224,5838.39990234375,93613.0,6906.60009765625,2584.9599609375,20427.060546875,3070.239990234375,19.979999542236328,2.74,0.1327272727,1.3221,0.0,2.271,9.2963636364
2019-01-10,0.7175660133361816,0.27173912525177,3678.924560546875,52.59000015258789,1.1554949283599854,1.279967188835144,1284.699951171875,0.00924308318644762,0.07223398238420486,5853.89990234375,93806.0,6942.89990234375,2596.639892578125,20163.80078125,3075.72998046875,19.5,2.74,0.1327272727,1.3221,0.0,2.271,9.2963636364
2019-01-11,0.7187005877494812,0.269694447517395,3687.365478515625,51.59000015258789,1.151012897491455,1.2753963470458984,1287.0999755859375,0.009233781136572361,0.07217840105295181,5834.7998046875,93658.0,6918.2001953125,2596.260009765625,20359.69921875,3070.0400390625,18.190000534057617,2.71,0.1327272727,1.3221,0.0,2.271,9.2963636364
2019-01-15,0.7199423909187317,0.27045300602912903,3630.67529296875,52.11000061035156,1.1472889184951782,1.2874983549118042,1286.199951171875,0.00923787523061037,0.0726601630449295,5871.7998046875,94056.0,6895.0,2610.300048828125,20555.2890625,3068.050048828125,18.600000381469727,2.72,0.1327272727,1.3221,0.0,2.271,9.2963636364
2019-01-16,0.7207674384117126,0.2690775990486145,3655.0068359375,52.310001373291016,1.1416828632354736,1.2872166633605957,1291.5999755859375,0.009204373694956303,0.07288523763418198,5893.7001953125,94393.0,6862.7001953125,2616.10009765625,20442.75,3077.219970703125,19.040000915527344,2.73,0.1327272727,1.3221,0.0,2.271,9.2963636364
2019-01-17,0.7173087000846863,0.2677878141403198,3678.56396484375,52.06999969482422,1.1398088932037354,1.2885768413543701,1291.0,0.00917119812220335,0.07310476154088974,5909.7998046875,95351.0,6834.89990234375,2635.9599609375,20402.26953125,3069.35009765625,18.059999465942383,2.75,0.1327272727,1.3221,0.0,2.271,9.2963636364
2019-01-18,0.7190313339233398,0.2667449116706848,3657.83935546875,53.79999923706055,1.13926362991333,1.2983977794647217,1281.300048828125,0.009161451831459999,0.07293733209371567,5941.2001953125,96097.0,6968.2998046875,2670.7099609375,20666.0703125,3134.919921875,17.799999237060547,2.79,0.1327272727,1.3221,0.0,2.271,9.2963636364
2019-01-22,0.7158913612365723,0.2665671408176422,3604.5771484375,52.56999969482422,1.136932134628296,1.2891747951507568,1282.5,0.009118263609707355,0.07241234183311462,5924.2998046875,95103.0,6901.39990234375,2632.89990234375,20622.91015625,3112.800048828125,20.799999237060547,2.74,0.1327272727,1.3221,0.0,2.271,9.2963636364
2019-01-23,0.7122101187705994,0.26232948899269104,3585.123046875,52.619998931884766,1.1364023685455322,1.2957731485366821,1283.0999755859375,0.009144528768956661,0.07166198641061783,5908.7001953125,96558.0,6842.89990234375,2638.699951171875,20593.720703125,3112.1298828125,19.520000457763672,2.76,0.1327272727,1.3221,0.0,2.271,9.2963636364
2019-01-24,0.714796245098114,0.26579487323760986,3600.865478515625,53.130001068115234,1.1388224363327026,1.308215618133545,1279.0999755859375,0.00913308747112751,0.07242335379123688,5930.5,97677.0,6819.0,2642.330078125,20574.630859375,3126.31005859375,18.889999389648438,2.72,0.1327272727,1.3221,0.0,2.271,9.2963636364
2019-01-29,0.7165992856025696,0.26598575711250305,3448.116943359375,53.310001373291016,1.143000841140747,1.3160146474838257,1308.199951171875,0.00915298331528902,0.07322118431329727,5939.5,95639.0,6833.89990234375,2640.0,20664.640625,3153.419921875,19.1299991607666,2.72,0.1327272727,1.3221,0.0,2.271,9.2963636364
2019-01-30,0.7159220576286316,0.26892563700675964,3486.181640625,54.22999954223633,1.1435366868972778,1.30804443359375,1309.9000244140625,0.009139347821474075,0.07348618656396866,5951.2001953125,96996.0,6941.60009765625,2681.050048828125,20556.5390625,3161.739990234375,17.65999984741211,2.7,0.1327272727,1.3221,0.0,2.271,9.2963636364
2019-01-31,0.7254682779312134,0.2716358006000519,3457.792724609375,53.790000915527344,1.1487650871276855,1.3117163181304932,1319.699951171875,0.009175911545753479,0.07503057271242142,5937.2998046875,97394.0,6968.89990234375,2704.10009765625,20773.490234375,3159.429931640625,16.56999969482422,2.63,0.1327272727,1.3221,0.0,2.271,9.2963636364
2019-02-01,0.7271669507026672,0.2745141088962555,3487.9453125,55.2599983215332,1.1449507474899292,1.3109424114227295,1316.9000244140625,0.009187460877001286,0.07547853142023087,5935.2998046875,97861.0,7020.2001953125,2706.530029296875,20788.390625,3171.1201171875,16.139999389648438,2.7,0.0555,1.239,-0.015,2.126,9.261
2019-02-04,0.7249003052711487,0.27342575788497925,3459.154052734375,54.560001373291016,1.1455278396606445,1.3077365159988403,1314.300048828125,0.0091375932097435,0.0751015767455101,5963.0,98589.0,7034.10009765625,2724.8701171875,20883.76953125,3165.199951171875,15.729999542236328,2.73,0.0555,1.239,-0.015,2.126,9.261
2019-02-05,0.7214018106460571,0.27270248532295227,3466.357421875,53.65999984741211,1.1436283588409424,1.3031013011932373,1314.199951171875,0.009094133041799068,0.07457010447978973,6068.10009765625,98311.0,7177.39990234375,2737.699951171875,20844.44921875,3215.0400390625,15.569999694824219,2.71,0.0555,1.239,-0.015,2.126,9.261
2019-02-06,0.7243752479553223,0.272605836391449,3413.767822265625,54.0099983215332,1.140992522239685,1.2957228422164917,1309.5,0.00909578800201416,0.07482229918241501,6091.7998046875,94636.0,7173.10009765625,2731.610107421875,20874.060546875,3212.75,15.380000114440918,2.7,0.0555,1.239,-0.015,2.126,9.261
2019-02-07,0.7109948396682739,0.2706579566001892,3399.4716796875,52.63999938964844,1.1365960836410522,1.2934435606002808,1309.4000244140625,0.009093058295547962,0.0739205926656723,6159.10009765625,94406.0,7093.60009765625,2706.050048828125,20751.279296875,3150.760009765625,16.3700008392334,2.65,0.0555,1.239,-0.015,2.126,9.261
2019-02-08,0.709541916847229,0.26918625831604004,3666.7802734375,52.720001220703125,1.1338768005371094,1.2949174642562866,1313.699951171875,0.00911111943423748,0.073482945561409,6136.2001953125,95343.0,7071.2001953125,2707.8798828125,20333.169921875,3135.6201171875,15.720000267028809,2.63,0.0555,1.239,-0.015,2.126,9.261
2019-02-12,0.7063493728637695,0.2662973999977112,3653.528564453125,53.099998474121094,1.1279042959213257,1.2864052057266235,1309.199951171875,0.009057970717549324,0.07255998998880386,6148.7001953125,96168.0,7133.10009765625,2744.72998046875,20864.2109375,3190.75,15.430000305175781,2.68,0.0555,1.239,-0.015,2.126,9.261
2019-02-13,0.7104795575141907,0.2696871757507324,3632.070556640625,53.900001525878906,1.1334655284881592,1.2892080545425415,1310.800048828125,0.009048545733094215,0.07272568345069885,6140.2001953125,95842.0,7190.7998046875,2753.030029296875,21144.48046875,3202.3701171875,15.649999618530273,2.71,0.0555,1.239,-0.015,2.126,9.261
2019-02-14,0.7092198729515076,0.266439288854599,3616.880859375,54.40999984741211,1.12649405002594,1.2856775522232056,1309.800048828125,0.009015263058245182,0.07122750580310822,6139.60009765625,98015.0,7197.0,2745.72998046875,21139.7109375,3182.659912109375,16.219999313354492,2.66,0.0555,1.239,-0.015,2.126,9.261
2019-02-15,0.710328221321106,0.26867276430130005,3620.810791015625,55.59000015258789,1.1295350790023804,1.2798361778259277,1318.0999755859375,0.009046662598848343,0.07084712386131287,6148.60009765625,97526.0,7236.7001953125,2775.60009765625,20900.630859375,3241.25,14.90999984741211,2.66,0.0555,1.239,-0.015,2.126,9.261
2019-02-19,0.7132158875465393,0.2679743766784668,3947.094482421875,56.09000015258789,1.131196141242981,1.2924071550369263,1340.0999755859375,0.009042327292263508,0.07105300575494766,6184.2001953125,97659.0,7179.2001953125,2779.760009765625,21302.650390625,3239.409912109375,14.880000114440918,2.65,0.0555,1.239,-0.015,2.126,9.261
2019-02-20,0.7166917324066162,0.26867276430130005,3999.820556640625,56.91999816894531,1.1343011856079102,1.3061310052871704,1343.300048828125,0.009043880738317966,0.07127431035041809,6175.7998046875,96545.0,7228.60009765625,2784.699951171875,21431.490234375,3259.489990234375,14.020000457763672,2.65,0.0555,1.239,-0.015,2.126,9.261
2019-02-21,0.7170000672340393,0.26852846145629883,3954.1181640625,56.959999084472656,1.1346358060836792,1.30451238155365,1323.5,0.009028122760355473,0.07138420641422272,6214.60009765625,96932.0,7167.39990234375,2774.8798828125,21464.23046875,3263.699951171875,14.460000038146973,2.69,0.0555,1.239,-0.015,2.126,9.261
2019-02-22,0.710883617401123,0.26549845933914185,4005.526611328125,57.2599983215332,1.1343011856079102,1.3041380643844604,1329.199951171875,0.009032770991325378,0.07137402147054672,6241.89990234375,97886.0,7178.60009765625,2792.669921875,21425.509765625,3270.550048828125,13.510000228881836,2.65,0.0555,1.239,-0.015,2.126,9.261
2019-02-25,0.7159220576286316,0.2669300436973572,3882.6962890625,55.47999954223633,1.1342240571975708,1.306557536125183,1325.9000244140625,0.009027551859617233,0.07166419178247452,6263.60009765625,97240.0,7183.7001953125,2796.110107421875,21528.23046875,3280.010009765625,14.850000381469727,2.67,0.0555,1.239,-0.015,2.126,9.261
2019-02-26,0.7174115777015686,0.26663821935653687,3854.35791015625,55.5,1.1367511749267578,1.31271493434906,1325.0999755859375,0.009005277417600155,0.0723777562379837,6209.0,97603.0,7151.10009765625,2793.89990234375,21449.390625,3289.320068359375,15.170000076293945,2.64,0.0555,1.239,-0.015,2.126,9.261
2019-02-27,0.719398558139801,0.2668730318546295,3851.04736328125,56.939998626708984,1.1393154859542847,1.3258028030395508,1317.699951171875,0.009045190177857876,0.07231678068637848,6233.60009765625,97307.0,7107.2001953125,2792.3798828125,21556.509765625,3282.77001953125,14.699999809265137,2.69,0.0555,1.239,-0.015,2.126,9.261
2019-02-28,0.7148473858833313,0.2682907283306122,3854.785400390625,57.220001220703125,1.1380189657211304,1.3318239450454712,1312.800048828125,0.009020223282277584,0.07185663282871246,6252.7001953125,95584.0,7074.7001953125,2784.489990234375,21385.16015625,3298.260009765625,14.779999732971191,2.73,0.0555,1.239,-0.015,2.126,9.261
2019-03-01,0.7102777361869812,0.26684457063674927,3859.583740234375,55.79999923706055,1.1373459100723267,1.3264886140823364,1296.4000244140625,0.008980127051472664,0.07112780213356018,6273.7998046875,94604.0,7106.7001953125,2803.68994140625,21602.689453125,3312.10009765625,13.569999694824219,2.76,0.010952381,1.19,-0.095,1.957,9.2375
2019-03-06,0.7087423801422119,0.2649427652359009,3903.942626953125,56.220001220703125,1.1307101249694824,1.3156682252883911,1284.9000244140625,0.008939267136156559,0.07059106230735779,6326.7998046875,94217.0,7196.0,2771.449951171875,21596.810546875,3324.669921875,15.739999771118164,2.69,0.010952381,1.19,-0.095,1.957,9.2375
2019-03-07,0.7034822702407837,0.2606338560581207,3911.484375,56.65999984741211,1.1314009428024292,1.3182177543640137,1283.800048828125,0.00895872712135315,0.07014541327953339,6344.2001953125,94340.0,7157.60009765625,2748.929931640625,21456.009765625,3308.85009765625,16.59000015258789,2.64,0.010952381,1.19,-0.095,1.957,9.2375
2019-03-08,0.7023458480834961,0.2584446966648102,3901.131591796875,56.06999969482422,1.1198333501815796,1.3092432022094727,1297.0,0.008957844227552414,0.06896085292100906,6287.10009765625,95365.0,7104.2998046875,2743.070068359375,21025.560546875,3283.60009765625,16.049999237060547,2.62,0.010952381,1.19,-0.095,1.957,9.2375
2019-03-11,0.7039278745651245,0.262233167886734,3905.227294921875,56.790000915527344,1.1232421398162842,1.2988362312316895,1288.800048828125,0.009002520702779293,0.06938854604959488,6263.2998046875,98027.0,7130.60009765625,2783.300048828125,21125.08984375,3304.43994140625,14.329999923706055,2.64,0.010952381,1.19,-0.095,1.957,9.2375
2019-03-12,0.7073386311531067,0.26059991121292114,3909.15625,56.869998931884766,1.1259232759475708,1.3248542547225952,1296.300048828125,0.00898133683949709,0.06994278728961945,6260.60009765625,97828.0,7151.2001953125,2791.52001953125,21503.689453125,3303.949951171875,13.770000457763672,2.61,0.010952381,1.19,-0.095,1.957,9.2375
2019-03-13,0.7064142823219299,0.26235702633857727,3906.71728515625,58.2599983215332,1.1287446022033691,1.3066771030426025,1307.5,0.008984241634607315,0.06969223916530609,6246.0,98904.0,7159.2001953125,2810.919921875,21290.240234375,3323.449951171875,13.40999984741211,2.61,0.010952381,1.19,-0.095,1.957,9.2375
2019-03-14,0.7087172269821167,0.26224005222320557,3924.369140625,58.61000061035156,1.133105993270874,1.3285682201385498,1293.4000244140625,0.00899312924593687,0.06940636783838272,6266.7998046875,98605.0,7185.39990234375,2808.47998046875,21287.01953125,3342.030029296875,13.5,2.63,0.010952381,1.19,-0.095,1.957,9.2375
2019-03-15,0.706813633441925,0.260382741689682,3960.9111328125,58.52000045776367,1.1308379173278809,1.3258554935455322,1301.800048828125,0.008948305621743202,0.06890659034252167,6265.10009765625,99137.0,7228.2998046875,2822.47998046875,21450.849609375,3386.080078125,12.880000114440918,2.59,0.010952381,1.19,-0.095,1.957,9.2375
2019-03-18,0.7082905769348145,0.26226067543029785,4032.50732421875,59.09000015258789,1.1319772005081177,1.329716444015503,1300.300048828125,0.008963705971837044,0.06934187561273575,6283.60009765625,99994.0,7299.2001953125,2832.93994140625,21584.5,3387.93994140625,13.100000381469727,2.6,0.010952381,1.19,-0.095,1.957,9.2375
2019-03-19,0.7099751830101013,0.26385223865509033,4071.190185546875,59.029998779296875,1.133619785308838,1.326435923576355,1305.0,0.008978837169706821,0.06930727511644363,6276.60009765625,99588.0,7324.0,2832.570068359375,21566.849609375,3409.0,13.5600004196167,2.61,0.010952381,1.19,-0.095,1.957,9.2375
2019-03-20,0.7089684009552002,0.2640124559402466,4087.476318359375,59.83000183105469,1.135486125946045,1.3271400928497314,1300.5,0.008976579643785954,0.06896256655454636,6251.7998046875,98041.0,7291.0,2824.22998046875,21608.919921875,3372.3798828125,13.90999984741211,2.54,0.010952381,1.19,-0.095,1.957,9.2375
2019-03-22,0.710782527923584,0.26378265023231506,4023.96826171875,59.040000915527344,1.1375011205673218,1.313232183456421,1311.5999755859375,0.009024782106280327,0.07042551040649414,6280.89990234375,93735.0,7207.60009765625,2800.7099609375,21627.33984375,3305.72998046875,16.479999542236328,2.44,0.010952381,1.19,-0.095,1.957,9.2375
2019-03-25,0.7083156108856201,0.25601640343666077,3963.070556640625,58.81999969482422,1.129586100578308,1.3206549882888794,1321.9000244140625,0.009084220044314861,0.06910229474306107,6208.7001953125,93662.0,7177.60009765625,2798.360107421875,20977.109375,3300.47998046875,16.329999923706055,2.43,0.010952381,1.19,-0.095,1.957,9.2375
2019-03-26,0.7116121053695679,0.25949761271476746,3985.080810546875,59.939998626708984,1.131580114364624,1.3215277194976807,1314.300048828125,0.009085292927920818,0.0699281170964241,6213.10009765625,95307.0,7196.2998046875,2818.4599609375,21428.390625,3319.530029296875,14.680000305175781,2.41,0.010952381,1.19,-0.095,1.957,9.2375
2019-03-27,0.713699460029602,0.25806450843811035,4087.066162109375,59.40999984741211,1.127484679222107,1.321143627166748,1309.9000244140625,0.009045353159308434,0.06941021978855133,6217.60009765625,91903.0,7194.2001953125,2805.3701171875,21378.73046875,3322.0400390625,15.149999618530273,2.39,0.010952381,1.19,-0.095,1.957,9.2375
2019-03-28,0.7084510922431946,0.2507396936416626,4069.107177734375,59.29999923706055,1.1251758337020874,1.3152703046798706,1289.800048828125,0.00905059278011322,0.06849737465381622,6256.5,94389.0,7234.2998046875,2815.43994140625,21033.759765625,3320.2900390625,14.430000305175781,2.39,0.010952381,1.19,-0.095,1.957,9.2375
2019-03-29,0.7083156108856201,0.2565615475177765,4098.37451171875,60.13999938964844,1.1230024099349976,1.30565345287323,1293.0,0.009038567543029785,0.0685654729604721,6261.7001953125,95415.0,7279.2001953125,2834.39990234375,21205.810546875,3351.7099609375,13.710000038146973,2.41,0.010952381,1.19,-0.095,1.957,9.2375
2019-04-01,0.7113893628120422,0.254939466714859,4158.18310546875,61.59000015258789,1.1223849058151245,1.3022867441177368,1288.4000244140625,0.009009414352476597,0.06979779899120331,6299.7001953125,96054.0,7317.39990234375,2867.18994140625,21509.029296875,3385.3798828125,13.399999618530273,2.49,-0.0395,1.1906,-0.045,1.865,9.063
2019-04-02,0.710989773273468,0.2598415017127991,4879.8779296875,62.58000183105469,1.1205737590789795,1.3068991899490356,1290.0,0.00897255353629589,0.07053778320550919,6327.7998046875,95387.0,7391.10009765625,2867.239990234375,21505.310546875,3395.699951171875,13.359999656677246,2.48,-0.0395,1.1906,-0.045,1.865,9.063
2019-04-03,0.7058408260345459,0.2595852017402649,4973.02197265625,62.459999084472656,1.1203854084014893,1.312766671180725,1289.9000244140625,0.008984322659671307,0.07040964812040329,6368.7001953125,94491.0,7418.2998046875,2873.39990234375,21713.2109375,3435.56005859375,13.739999771118164,2.52,-0.0395,1.1906,-0.045,1.865,9.063
2019-04-04,0.7117488384246826,0.258511483669281,4922.798828125,62.099998474121094,1.1246949434280396,1.3176966905593872,1289.0,0.008977063931524754,0.07079295068979263,6320.39990234375,96313.0,7401.89990234375,2879.389892578125,21724.94921875,3441.929931640625,13.579999923706055,2.51,-0.0395,1.1906,-0.045,1.865,9.063
2019-04-05,0.7110353112220764,0.25934281945228577,5036.68115234375,63.08000183105469,1.1225864887237549,1.3077024221420288,1290.4000244140625,0.008955919183790684,0.0708998590707779,6270.60009765625,97108.0,7446.89990234375,2892.739990234375,21807.5,3447.469970703125,12.819999694824219,2.5,-0.0395,1.1906,-0.045,1.865,9.063
2019-04-08,0.7101768255233765,0.25813111662864685,5289.77099609375,64.4000015258789,1.121956706047058,1.3038150072097778,1297.0999755859375,0.008951670490205288,0.07094110548496246,6310.7998046875,97369.0,7451.89990234375,2895.77001953125,21761.650390625,3438.06005859375,13.180000305175781,2.52,-0.0395,1.1906,-0.045,1.865,9.063
2019-04-09,0.7121593952178955,0.2598617374897003,5204.95849609375,63.97999954223633,1.1256444454193115,1.306335687637329,1303.5,0.008972150273621082,0.07083256542682648,6315.5,96292.0,7425.60009765625,2878.199951171875,21802.58984375,3417.219970703125,14.279999732971191,2.51,-0.0395,1.1906,-0.045,1.865,9.063
2019-04-10,0.7129108309745789,0.25987526774406433,5324.5517578125,64.61000061035156,1.126697063446045,1.305721640586853,1309.0999755859375,0.009000495076179504,0.07104644179344177,6316.5,95953.0,7421.89990234375,2888.2099609375,21687.5703125,3424.64990234375,13.300000190734863,2.48,-0.0395,1.1906,-0.045,1.865,9.063
2019-04-11,0.7166917324066162,0.2615062892436981,5064.48779296875,63.58000183105469,1.1276500225067139,1.3099292516708374,1288.5999755859375,0.009010226465761662,0.07197455316781998,6294.10009765625,94755.0,7418.0,2888.320068359375,21711.380859375,3435.340087890625,13.020000457763672,2.51,-0.0395,1.1906,-0.045,1.865,9.063
2019-04-12,0.7122507095336914,0.2593495547771454,5089.5390625,63.88999938964844,1.1260753870010376,1.3056023120880127,1290.5999755859375,0.008958887308835983,0.07138879597187042,6347.0,92875.0,7437.10009765625,2907.409912109375,21870.560546875,3447.830078125,12.010000228881836,2.56,-0.0395,1.1906,-0.045,1.865,9.063
2019-04-15,0.7173087000846863,0.2577120363712311,5067.1083984375,63.400001525878906,1.1305055618286133,1.3083868026733398,1286.800048828125,0.008926339447498322,0.0716717392206192,6347.89990234375,93083.0,7436.89990234375,2905.580078125,22169.109375,3450.4599609375,12.319999694824219,2.55,-0.0395,1.1906,-0.045,1.865,9.063
2019-04-16,0.7176175117492676,0.2583712339401245,5235.5595703125,64.05000305175781,1.1304928064346313,1.3102725744247437,1272.5999755859375,0.008933117613196373,0.07124841213226318,6372.2998046875,94333.0,7469.89990234375,2907.06005859375,22221.66015625,3463.360107421875,12.180000305175781,2.6,-0.0395,1.1906,-0.045,1.865,9.063
2019-04-17,0.7164915204048157,0.2561606764793396,5251.93798828125,63.7599983215332,1.128502607345581,1.3046314716339111,1272.199951171875,0.00892912968993187,0.07133227586746216,6350.2998046875,93285.0,7471.2998046875,2900.449951171875,22277.970703125,3477.72998046875,12.600000381469727,2.59,-0.0395,1.1906,-0.045,1.865,9.063
2019-04-18,0.7174115777015686,0.2540198564529419,5298.3857421875,64.0,1.129713773727417,1.3039339780807495,1271.9000244140625,0.008925702422857285,0.07162091881036758,6349.89990234375,94578.0,7459.89990234375,2905.030029296875,22090.119140625,3499.22998046875,12.09000015258789,2.57,-0.0395,1.1906,-0.045,1.865,9.063
2019-04-23,0.7137249112129211,0.25418776273727417,5572.3623046875,66.30000305175781,1.1258978843688965,1.2981449365615845,1269.300048828125,0.008934235200285912,0.07067088037729263,6411.10009765625,95923.0,7523.10009765625,2933.679931640625,22259.740234375,3503.85009765625,12.279999732971191,2.57,-0.0395,1.1906,-0.045,1.865,9.063
2019-04-24,0.7096678018569946,0.2552127242088318,5464.86669921875,65.88999938964844,1.122435212135315,1.2938116788864136,1275.5,0.008938387967646122,0.07015968859195709,6470.60009765625,95045.0,7471.7998046875,2927.25,22200.0,3502.6298828125,13.140000343322754,2.53,-0.0395,1.1906,-0.045,1.865,9.063
2019-04-26,0.7017790079116821,0.252991646528244,5279.34814453125,63.29999923706055,1.113684892654419,1.289607048034668,1284.9000244140625,0.008965473622083664,0.06940829008817673,6473.2001953125,96236.0,7428.2001953125,2939.8798828125,22258.73046875,3500.409912109375,12.729999542236328,2.51,-0.0395,1.1906,-0.045,1.865,9.063
2019-05-07,0.6992518305778503,0.25200343132019043,5829.50146484375,61.400001525878906,1.1201846599578857,1.3099292516708374,1283.5,0.009024863131344318,0.06919217854738235,6383.5,94389.0,7260.5,2884.050048828125,21923.720703125,3401.159912109375,19.31999969482422,2.45,-0.1345454545,1.13,-0.095,1.655,9.1023809524
2019-05-09,0.6994963884353638,0.2546927034854889,6174.52880859375,61.70000076293945,1.1198333501815796,1.3012022972106934,1283.5,0.009088595397770405,0.06959765404462814,6377.2998046875,94808.0,7207.39990234375,2870.719970703125,21402.130859375,3350.7099609375,19.100000381469727,2.45,-0.1345454545,1.13,-0.095,1.655,9.1023809524
2019-05-10,0.6987094879150391,0.25345972180366516,6378.84912109375,61.65999984741211,1.1222084760665894,1.3009653091430664,1285.699951171875,0.009106887504458427,0.06977685540914536,6393.10009765625,94258.0,7203.2998046875,2881.39990234375,21344.919921875,3361.050048828125,16.040000915527344,2.47,-0.1345454545,1.13,-0.095,1.655,9.1023809524
2019-05-13,0.6985093951225281,0.2525443732738495,7814.9150390625,61.040000915527344,1.1236460208892822,1.3010668754577637,1300.0999755859375,0.009119594469666481,0.07044833153486252,6381.2998046875,91727.0,7163.7001953125,2811.8701171875,21191.279296875,3320.780029296875,20.549999237060547,2.4,-0.1345454545,1.13,-0.095,1.655,9.1023809524
2019-05-14,0.6945891380310059,0.2505951523780823,7994.416015625,61.779998779296875,1.1232547760009766,1.2963106632232666,1294.699951171875,0.009161368012428284,0.06981777399778366,6327.2001953125,92092.0,7241.60009765625,2834.409912109375,21067.23046875,3364.3798828125,18.059999465942383,2.42,-0.1345454545,1.13,-0.095,1.655,9.1023809524
2019-05-15,0.6939143538475037,0.25156599283218384,8205.16796875,62.02000045776367,1.1204482316970825,1.2906556129455566,1296.300048828125,0.009118180721998215,0.0702306404709816,6370.89990234375,91623.0,7297.0,2850.9599609375,21188.560546875,3385.780029296875,16.440000534057617,2.37,-0.1345454545,1.13,-0.095,1.655,9.1023809524
2019-05-16,0.6927126049995422,0.2500062584877014,7884.9091796875,62.869998931884766,1.1207244396209717,1.2847524881362915,1285.0,0.00913450587540865,0.07039973139762878,6417.5,90024.0,7353.5,2876.320068359375,21062.98046875,3438.56005859375,15.289999961853027,2.4,-0.1345454545,1.13,-0.095,1.655,9.1023809524
2019-05-17,0.6893223524093628,0.24714548885822296,7343.8955078125,62.7599983215332,1.1173559427261353,1.2797706127166748,1274.5,0.009101582691073418,0.0700279176235199,6460.2001953125,89993.0,7348.60009765625,2859.530029296875,21250.08984375,3425.639892578125,15.960000038146973,2.39,-0.1345454545,1.13,-0.095,1.655,9.1023809524
2019-05-20,0.690321683883667,0.24405719339847565,7978.30908203125,63.099998474121094,1.1165324449539185,1.2731555700302124,1276.0999755859375,0.009077704511582851,0.06934861093759537,6564.7001953125,91946.0,7310.89990234375,2840.22998046875,21301.73046875,3369.780029296875,16.309999465942383,2.41,-0.1345454545,1.13,-0.095,1.655,9.1023809524
2019-05-21,0.6920607089996338,0.24420620501041412,7963.32763671875,62.9900016784668,1.1168566942214966,1.2729123830795288,1272.0,0.009085128083825111,0.06957407295703888,6584.39990234375,94485.0,7328.89990234375,2864.360107421875,21272.44921875,3386.510009765625,14.949999809265137,2.43,-0.1345454545,1.13,-0.095,1.655,9.1023809524
2019-05-22,0.6920607089996338,0.24420620501041412,7680.06640625,61.41999816894531,1.1168566942214966,1.2729123830795288,1273.5999755859375,0.009085128083825111,0.06957407295703888,6598.10009765625,94361.0,7334.2001953125,2856.27001953125,21283.369140625,3386.719970703125,14.75,2.39,-0.1345454545,1.13,-0.095,1.655,9.1023809524
2019-05-23,0.6877579092979431,0.24772097170352936,7881.8466796875,57.90999984741211,1.1155484914779663,1.2664159536361694,1284.800048828125,0.009072680957615376,0.06963934004306793,6584.2998046875,93910.0,7231.0,2822.239990234375,21151.140625,3327.199951171875,16.920000076293945,2.31,-0.1345454545,1.13,-0.095,1.655,9.1023809524
2019-05-24,0.689959704875946,0.24760441482067108,7987.37158203125,58.630001068115234,1.1184556484222412,1.2664639949798584,1283.0,0.009127585217356682,0.0690319761633873,6545.60009765625,93628.0,7277.7001953125,2826.06005859375,21117.220703125,3350.699951171875,15.850000381469727,2.32,-0.1345454545,1.13,-0.095,1.655,9.1023809524
2019-05-28,0.6919936537742615,0.24739615619182587,8719.9619140625,59.13999938964844,1.1193821430206299,1.2682307958602905,1276.5,0.00913166906684637,0.06931208074092865,6580.39990234375,96393.0,7269.0,2802.389892578125,21260.140625,3348.860107421875,17.5,2.26,-0.1345454545,1.13,-0.095,1.655,9.1023809524
2019-05-29,0.6926167011260986,0.24853365123271942,8659.4873046875,58.810001373291016,1.1170687675476074,1.2659670114517212,1280.5999755859375,0.009145282208919525,0.06803276389837265,6536.60009765625,96567.0,7185.2998046875,2783.02001953125,21003.369140625,3297.81005859375,17.899999618530273,2.25,-0.1345454545,1.13,-0.095,1.655,9.1023809524
2019-05-30,0.691840410232544,0.2516736090183258,8319.47265625,56.59000015258789,1.1137346029281616,1.2629451751708984,1287.0999755859375,0.009128918871283531,0.06835690885782242,6489.2001953125,97457.0,7218.2001953125,2788.860107421875,20942.529296875,3297.81005859375,17.299999237060547,2.22,-0.1345454545,1.13,-0.095,1.655,9.1023809524
2019-05-31,0.6906077861785889,0.2512562870979309,8574.501953125,53.5,1.1131147146224976,1.2609704732894897,1305.800048828125,0.009144362062215805,0.06770939379930496,6491.7998046875,97030.0,7161.7001953125,2752.06005859375,20601.189453125,3280.429931640625,18.709999084472656,2.14,-0.1345454545,1.13,-0.095,1.655,9.1023809524
2019-06-03,0.6929622888565063,0.2548290193080902,8208.9951171875,53.25,1.1174057722091675,1.2639508247375488,1322.699951171875,0.009241119027137756,0.06849455833435059,6410.7998046875,97020.0,7184.7998046875,2744.449951171875,20410.880859375,3300.219970703125,18.860000610351562,2.07,-0.1345454545,1.13,-0.095,1.655,9.1023809524
2019-06-04,0.6972042322158813,0.2574599087238312,7707.77099609375,53.47999954223633,1.124631643295288,1.2664159536361694,1323.4000244140625,0.009256944991648197,0.0692228376865387,6416.7001953125,97380.0,7214.2998046875,2803.27001953125,20408.5390625,3333.489990234375,16.969999313354492,2.12,-0.1345454545,1.13,-0.095,1.655,9.1023809524
2019-06-05,0.6991393566131592,0.25949761271476746,7824.2314453125,51.68000030517578,1.1254037618637085,1.2702767848968506,1328.300048828125,0.009237534366548061,0.06836531311273575,6443.60009765625,95999.0,7220.2001953125,2826.14990234375,20776.099609375,3339.949951171875,16.09000015258789,2.12,-0.1345454545,1.13,-0.095,1.655,9.1023809524
2019-06-06,0.6971070170402527,0.2577718198299408,7822.0234375,52.59000015258789,1.1229015588760376,1.2688584327697754,1337.5999755859375,0.009231223724782467,0.06740724295377731,6466.39990234375,97205.0,7259.89990234375,2843.489990234375,20774.0390625,3338.409912109375,15.930000305175781,2.12,-0.1345454545,1.13,-0.095,1.655,9.1023809524
2019-06-07,0.6975446939468384,0.25783827900886536,8043.951171875,53.9900016784668,1.1276500225067139,1.269841194152832,1341.199951171875,0.009220498614013195,0.06665022671222687,6525.2001953125,97821.0,7331.89990234375,2873.340087890625,20884.7109375,3378.3798828125,16.299999237060547,2.09,-0.1345454545,1.13,-0.095,1.655,9.1023809524
2019-06-11,0.6961122155189514,0.25743338465690613,7927.71435546875,53.27000045776367,1.1318106651306152,1.2691160440444946,1326.4000244140625,0.009228582493960857,0.067531518638134,6624.39990234375,98960.0,7398.5,2885.719970703125,21204.279296875,3401.10009765625,15.989999771118164,2.15,-0.1345454545,1.13,-0.095,1.655,9.1023809524
2019-06-12,0.6960880160331726,0.25939664244651794,8145.857421875,51.13999938964844,1.1329518556594849,1.2724426984786987,1331.9000244140625,0.009218798950314522,0.06824447959661484,6628.89990234375,98321.0,7367.60009765625,2879.840087890625,21129.720703125,3386.6298828125,15.90999984741211,2.13,-0.1345454545,1.13,-0.095,1.655,9.1023809524
2019-06-13,0.6930487751960754,0.25867196917533875,8230.923828125,52.279998779296875,1.1295605897903442,1.2693415880203247,1339.199951171875,0.009217609651386738,0.06728841364383698,6619.10009765625,98774.0,7368.60009765625,2891.639892578125,21032.0,3390.5,15.819999694824219,2.1,-0.1345454545,1.13,-0.095,1.655,9.1023809524
2019-06-14,0.6913239359855652,0.2598617374897003,8693.8330078125,52.5099983215332,1.1280443668365479,1.268005609512329,1340.0999755859375,0.009231820702552795,0.06731237471103668,6633.60009765625,98040.0,7345.7998046875,2886.97998046875,21116.890625,3379.18994140625,15.279999732971191,2.09,-0.1345454545,1.13,-0.095,1.655,9.1023809524
2019-06-18,0.6854009628295898,0.2572678029537201,9081.7626953125,53.900001525878906,1.1224603652954102,1.2541544437408447,1346.5999755859375,0.009213278070092201,0.06758583337068558,6647.89990234375,99404.0,7443.0,2917.75,20972.7109375,3452.889892578125,15.149999618530273,2.06,-0.1345454545,1.13,-0.095,1.655,9.1023809524
2019-06-19,0.6880418062210083,0.25910091400146484,9273.521484375,53.7599983215332,1.1198208332061768,1.2566603422164917,1344.5999755859375,0.009210392832756042,0.06891561299562454,6728.5,100303.0,7403.5,2926.4599609375,21333.869140625,3454.699951171875,14.329999923706055,2.03,-0.1345454545,1.13,-0.095,1.655,9.1023809524
2019-06-21,0.6922379732131958,0.26057273149490356,10144.556640625,57.43000030517578,1.1295605897903442,1.2707933187484741,1396.199951171875,0.009321662597358227,0.06976468116044998,6734.2998046875,102013.0,7407.5,2950.4599609375,21258.640625,3466.919921875,15.399999618530273,2.07,-0.1345454545,1.13,-0.095,1.655,9.1023809524
2019-06-24,0.6944299936294556,0.2617458403110504,11011.1025390625,57.900001525878906,1.1384724378585815,1.2750873565673828,1414.300048828125,0.009318622760474682,0.0698603093624115,6745.5,102062.0,7416.7001953125,2945.35009765625,21285.990234375,3455.570068359375,15.260000228881836,2.02,-0.1345454545,1.13,-0.095,1.655,9.1023809524
2019-06-25,0.696567952632904,0.2613969147205353,11790.9169921875,57.83000183105469,1.140029788017273,1.2739664316177368,1414.9000244140625,0.009317319840192795,0.06966990232467651,6734.5,100093.0,7422.39990234375,2917.3798828125,21193.810546875,3444.360107421875,16.280000686645508,2.0,-0.1345454545,1.13,-0.095,1.655,9.1023809524
2019-06-26,0.6961848735809326,0.2600442171096802,13016.2314453125,59.380001068115234,1.1369967460632324,1.2690677642822266,1411.5999755859375,0.009331317618489265,0.06980705261230469,6716.10009765625,100689.0,7416.39990234375,2913.780029296875,21086.58984375,3442.949951171875,16.209999084472656,2.05,-0.1345454545,1.13,-0.095,1.655,9.1023809524
2019-06-27,0.6986606121063232,0.26022014021873474,11182.806640625,59.43000030517578,1.1374752521514893,1.269841194152832,1408.4000244140625,0.009281775914132595,0.07032299041748047,6743.0,100724.0,7402.2998046875,2924.919921875,21338.169921875,3442.3798828125,15.819999694824219,2.01,-0.1345454545,1.13,-0.095,1.655,9.1023809524
2019-06-28,0.7003781795501709,0.2620545029640198,12407.33203125,58.470001220703125,1.1372941732406616,1.267748475074768,1409.699951171875,0.009281001053750515,0.07063194364309311,6699.2001953125,100967.0,7425.60009765625,2941.760009765625,21275.919921875,3473.68994140625,15.079999923706055,2.0,-0.1345454545,1.13,-0.095,1.655,9.1023809524
2019-07-01,0.702331006526947,0.25977399945259094,10583.134765625,59.09000015258789,1.1364928483963013,1.2694543600082397,1385.5999755859375,0.009226623922586441,0.07107118517160416,6731.39990234375,101340.0,7497.5,2964.330078125,21729.970703125,3497.590087890625,14.0600004196167,2.03,-0.3882608696,0.8304,-0.16,1.32,8.7803130435
2019-07-02,0.6964758634567261,0.260443776845932,10801.677734375,56.25,1.1287446022033691,1.2644623517990112,1404.5999755859375,0.009227986447513103,0.07077491283416748,6741.10009765625,100605.0,7559.2001953125,2973.010009765625,21754.26953125,3507.97998046875,12.930000305175781,1.98,-0.3882608696,0.8304,-0.16,1.32,8.7803130435
2019-07-03,0.699594259262085,0.2601524591445923,11961.26953125,57.34000015258789,1.1293054819107056,1.25982666015625,1417.699951171875,0.009276007302105427,0.07105149328708649,6770.10009765625,102043.0,7609.2998046875,2995.820068359375,21638.16015625,3540.6298828125,12.569999694824219,1.96,-0.3882608696,0.8304,-0.16,1.32,8.7803130435
2019-07-05,0.702538251876831,0.2631025016307831,10978.4599609375,57.5099983215332,1.128579020500183,1.2583048343658447,1396.699951171875,0.009275749325752258,0.07123283296823502,6831.7998046875,104089.0,7553.10009765625,2990.409912109375,21746.380859375,3527.97998046875,13.279999732971191,2.04,-0.3882608696,0.8304,-0.16,1.32,8.7803130435
2019-07-08,0.6982752084732056,0.2618418037891388,12285.9580078125,57.65999984741211,1.1227376461029053,1.2525520324707031,1397.0,0.009218798950314522,0.07044634968042374,6757.39990234375,104530.0,7549.2998046875,2975.949951171875,21534.349609375,3523.760009765625,13.960000038146973,2.05,-0.3882608696,0.8304,-0.16,1.32,8.7803130435
2019-07-10,0.6927126049995422,0.2632271647453308,12156.5126953125,60.43000030517578,1.120824933052063,1.2458575963974,1410.0999755859375,0.009180712513625622,0.0705178827047348,6777.7001953125,105817.0,7530.7001953125,2993.070068359375,21533.48046875,3501.52001953125,13.029999732971191,2.07,-0.3882608696,0.8304,-0.16,1.32,8.7803130435
2019-07-11,0.6961848735809326,0.2666453421115875,11358.662109375,60.20000076293945,1.125885248184204,1.2508130073547363,1404.300048828125,0.009230712428689003,0.0715584009885788,6805.7998046875,105146.0,7509.7998046875,2999.909912109375,21643.529296875,3496.72998046875,12.930000305175781,2.13,-0.3882608696,0.8304,-0.16,1.32,8.7803130435
2019-07-12,0.6972576975822449,0.26632577180862427,11815.986328125,60.209999084472656,1.1252391338348389,1.2523481845855713,1409.9000244140625,0.009209120646119118,0.07167123258113861,6788.7998046875,103906.0,7506.0,3013.77001953125,21685.900390625,3497.6298828125,12.390000343322754,2.12,-0.3882608696,0.8304,-0.16,1.32,8.7803130435
2019-07-16,0.7040022611618042,0.26640382409095764,9477.6416015625,57.619998931884766,1.1261768341064453,1.251799464225769,1409.199951171875,0.009268785826861858,0.0719391331076622,6735.7998046875,103775.0,7577.2001953125,3004.0400390625,21535.25,3521.360107421875,12.859999656677246,2.13,-0.3882608696,0.8304,-0.16,1.32,8.7803130435
2019-07-17,0.701655924320221,0.2654491364955902,9693.802734375,56.779998779296875,1.1212271451950073,1.2412029504776,1421.300048828125,0.009242058731615543,0.07172931730747223,6764.0,103856.0,7535.5,2984.419921875,21469.1796875,3501.580078125,13.970000267028809,2.06,-0.3882608696,0.8304,-0.16,1.32,8.7803130435
2019-07-18,0.7010164856910706,0.2658301889896393,10666.482421875,55.29999923706055,1.12296462059021,1.2434717416763306,1426.0999755859375,0.00926466379314661,0.07144541293382645,6735.39990234375,104717.0,7493.10009765625,2995.110107421875,21046.240234375,3482.830078125,13.529999732971191,2.04,-0.3882608696,0.8304,-0.16,1.32,8.7803130435
2019-07-19,0.7067188024520874,0.2690052092075348,10530.732421875,55.630001068115234,1.1261515617370605,1.2541857957839966,1425.0999755859375,0.00931090023368597,0.07213601469993591,6786.2001953125,103452.0,7508.7001953125,2976.610107421875,21466.990234375,3480.179931640625,14.449999809265137,2.05,-0.3882608696,0.8304,-0.16,1.32,8.7803130435
2019-07-22,0.7043097019195557,0.2669585347175598,10343.1064453125,56.220001220703125,1.1218308210372925,1.2512825727462769,1425.300048828125,0.009275577962398529,0.07187832146883011,6781.2001953125,103949.0,7514.89990234375,2985.030029296875,21416.7890625,3489.919921875,13.529999732971191,2.05,-0.3882608696,0.8304,-0.16,1.32,8.7803130435
2019-07-23,0.7031854391098022,0.26739397644996643,9900.767578125,56.77000045776367,1.1206114292144775,1.2474894523620605,1420.0999755859375,0.00926749687641859,0.07218600809574127,6812.5,103704.0,7556.89990234375,3005.469970703125,21620.880859375,3532.8701171875,12.609999656677246,2.08,-0.3882608696,0.8304,-0.16,1.32,8.7803130435
2019-07-24,0.6997410655021667,0.2650832533836365,9811.92578125,55.880001068115234,1.1151255369186401,1.243904948234558,1422.800048828125,0.009239410981535912,0.07181999087333679,6862.39990234375,104120.0,7501.5,3019.56005859375,21709.5703125,3532.89990234375,12.069999694824219,2.05,-0.3882608696,0.8304,-0.16,1.32,8.7803130435
2019-07-25,0.697934091091156,0.26516056060791016,9911.841796875,56.02000045776367,1.1142433881759644,1.2485953569412231,1413.9000244140625,0.00924308318644762,0.07211416959762573,6901.89990234375,102655.0,7489.10009765625,3003.669921875,21756.55078125,3510.14990234375,12.739999771118164,2.08,-0.3882608696,0.8304,-0.16,1.32,8.7803130435
2019-07-26,0.6952168941497803,0.26488664746284485,9870.3037109375,56.20000076293945,1.1146159172058105,1.2453454732894897,1418.5,0.009202510118484497,0.07103029638528824,6879.2998046875,102819.0,7549.10009765625,3025.860107421875,21658.150390625,3524.469970703125,12.15999984741211,2.08,-0.3882608696,0.8304,-0.16,1.32,8.7803130435
2019-07-29,0.6906220316886902,0.2650059759616852,9519.1455078125,56.869998931884766,1.1132138967514038,1.2376697063446045,1419.5999755859375,0.009205305948853493,0.07021337747573853,6911.39990234375,103483.0,7686.60009765625,3020.969970703125,21616.80078125,3523.580078125,12.829999923706055,2.06,-0.3882608696,0.8304,-0.16,1.32,8.7803130435
2019-07-30,0.6899406909942627,0.2645432651042938,9607.423828125,58.04999923706055,1.1143054962158203,1.2217471599578857,1429.699951171875,0.009185604751110077,0.07060730457305908,6928.2998046875,102933.0,7646.7998046875,3013.179931640625,21709.310546875,3462.85009765625,13.9399995803833,2.06,-0.3882608696,0.8304,-0.16,1.32,8.7803130435
2019-07-31,0.6875215172767639,0.2639009952545166,10085.6279296875,58.58000183105469,1.1157974004745483,1.2161602973937988,1426.0999755859375,0.009211326949298382,0.07052788138389587,6896.7001953125,101812.0,7586.7998046875,2980.3798828125,21521.529296875,3466.85009765625,16.1200008392334,2.02,-0.3882608696,0.8304,-0.16,1.32,8.7803130435
2019-08-01,0.6846501231193542,0.2623501121997833,10399.6689453125,53.95000076293945,1.1071745157241821,1.215376853942871,1420.9000244140625,0.009189487434923649,0.06978075206279755,6871.89990234375,102126.0,7584.89990234375,2953.56005859375,21540.990234375,3466.85009765625,17.8700008392334,1.9,-0.6490909091,0.5776,-0.28,0.959,9.030952381
2019-08-02,0.6803507804870605,0.26059991121292114,10518.1748046875,55.65999984741211,1.1078859567642212,1.2124298810958862,1445.5999755859375,0.009308299981057644,0.06847064197063446,6846.10009765625,102674.0,7407.10009765625,2932.050048828125,21087.16015625,3376.1201171875,17.610000610351562,1.86,-0.6490909091,0.5776,-0.28,0.959,9.030952381
2019-08-05,0.6793016791343689,0.2574731707572937,11805.6533203125,54.689998626708984,1.1108025312423706,1.215214490890503,1464.5999755859375,0.009382886812090874,0.06789926439523697,6710.60009765625,100098.0,7223.89990234375,2844.739990234375,20720.2890625,3310.929931640625,24.59000015258789,1.75,-0.6490909091,0.5776,-0.28,0.959,9.030952381
2019-08-06,0.6763520240783691,0.25169262290000916,11478.1689453125,53.630001068115234,1.1243788003921509,1.2158203125,1472.4000244140625,0.009470324963331223,0.06690797954797745,6546.5,102164.0,7171.7001953125,2881.77001953125,20585.310546875,3291.659912109375,20.170000076293945,1.73,-0.6490909091,0.5776,-0.28,0.959,9.030952381
2019-08-07,0.6763017177581787,0.25260818004608154,11941.96875,51.09000015258789,1.1206992864608765,1.2169743776321411,1507.300048828125,0.009404064156115055,0.06699179857969284,6588.5,102782.0,7198.7001953125,2883.97998046875,20516.560546875,3309.989990234375,19.489999771118164,1.71,-0.6490909091,0.5776,-0.28,0.959,9.030952381
2019-08-08,0.6758126616477966,0.25205424427986145,11966.4072265625,52.540000915527344,1.1204355955123901,1.2143291234970093,1497.699951171875,0.009423205628991127,0.06645180284976959,6642.2998046875,104115.0,7285.89990234375,2938.090087890625,20593.349609375,3375.3798828125,16.90999984741211,1.72,-0.6490909091,0.5776,-0.28,0.959,9.030952381
2019-08-13,0.6755889058113098,0.25101029872894287,10895.830078125,57.099998474121094,1.1218308210372925,1.207875370979309,1502.199951171875,0.009491448290646076,0.06541420519351959,6648.10009765625,103299.0,7250.89990234375,2926.320068359375,20455.439453125,3357.159912109375,17.520000457763672,1.68,-0.6490909091,0.5776,-0.28,0.959,9.030952381
2019-08-14,0.6797772645950317,0.25237229466438293,10051.7041015625,55.22999954223633,1.1177055835723877,1.2064181566238403,1515.9000244140625,0.009381743147969246,0.06608206033706665,6677.5,100258.0,7147.89990234375,2840.60009765625,20655.130859375,3288.699951171875,22.100000381469727,1.59,-0.6490909091,0.5776,-0.28,0.959,9.030952381
2019-08-15,0.6754018664360046,0.24689528346061707,10311.5458984375,54.470001220703125,1.1143302917480469,1.2060399055480957,1519.5999755859375,0.009441443718969822,0.06491314619779587,6490.7998046875,99057.0,7067.0,2847.60009765625,20405.650390625,3282.780029296875,21.18000030517578,1.52,-0.6490909091,0.5776,-0.28,0.959,9.030952381
2019-08-16,0.6772773265838623,0.2506203055381775,10374.3388671875,54.869998931884766,1.1113580465316772,1.209160566329956,1512.5,0.009426580742001534,0.06559140235185623,6485.89990234375,99806.0,7117.2001953125,2888.679931640625,20418.810546875,3329.080078125,18.469999313354492,1.55,-0.6490909091,0.5776,-0.28,0.959,9.030952381
2019-08-19,0.6786608695983887,0.24971282482147217,10916.0537109375,56.209999084472656,1.109385371208191,1.2161011695861816,1500.4000244140625,0.009395847097039223,0.06542233377695084,6550.5,99469.0,7189.7001953125,2923.64990234375,20563.16015625,3369.18994140625,16.8799991607666,1.6,-0.6490909091,0.5776,-0.28,0.959,9.030952381
2019-08-20,0.6755843758583069,0.24550721049308777,10763.232421875,56.34000015258789,1.1083157062530518,1.2131506204605103,1504.5999755859375,0.009383152239024639,0.06473664939403534,6627.39990234375,99222.0,7125.0,2900.510009765625,20677.220703125,3350.22998046875,17.5,1.55,-0.6490909091,0.5776,-0.28,0.959,9.030952381
2019-08-21,0.6775205135345459,0.2468099743127823,10138.0498046875,55.68000030517578,1.1097793579101562,1.2162343263626099,1504.5999755859375,0.009409639053046703,0.06515210121870041,6572.60009765625,101202.0,7204.0,2924.429931640625,20618.5703125,3394.889892578125,15.800000190734863,1.59,-0.6490909091,0.5776,-0.28,0.959,9.030952381
2019-08-22,0.678499698638916,0.24850893020629883,10131.0556640625,55.349998474121094,1.10907781124115,1.213224172592163,1497.300048828125,0.00938112661242485,0.06585923582315445,6593.0,100011.0,7128.2001953125,2922.949951171875,20628.009765625,3373.669921875,16.68000030517578,1.62,-0.6490909091,0.5776,-0.28,0.959,9.030952381
2019-08-23,0.6755843758583069,0.2458210587501526,10407.96484375,54.16999816894531,1.1084016561508179,1.2251899242401123,1526.5999755859375,0.009392493404448032,0.06572763621807098,6614.2998046875,97667.0,7095.0,2847.110107421875,20710.91015625,3334.25,19.8700008392334,1.52,-0.6490909091,0.5776,-0.28,0.959,9.030952381
2019-08-27,0.6769564151763916,0.24087677896022797,10185.5,54.93000030517578,1.1103708744049072,1.222195029258728,1541.0,0.009435920976102352,0.0654960349202156,6565.60009765625,97276.0,7089.60009765625,2869.159912109375,20456.080078125,3370.469970703125,20.309999465942383,1.49,-0.6490909091,0.5776,-0.28,0.959,9.030952381
2019-08-28,0.6754383444786072,0.24255360662937164,9754.4228515625,55.779998779296875,1.109004020690918,1.2283201217651367,1537.800048828125,0.00945733767002821,0.06527543067932129,6600.7998046875,98194.0,7114.7001953125,2887.93994140625,20479.419921875,3365.3798828125,19.350000381469727,1.47,-0.6490909091,0.5776,-0.28,0.959,9.030952381
2019-08-29,0.6739588975906372,0.23994050920009613,9510.2001953125,56.709999084472656,1.1085859537124634,1.2218515872955322,1526.5,0.009427736513316631,0.0649494081735611,6605.7001953125,100524.0,7184.2998046875,2924.580078125,20460.9296875,3411.330078125,17.8799991607666,1.5,-0.6490909091,0.5776,-0.28,0.959,9.030952381
2019-08-30,0.673582136631012,0.23991747200489044,9598.173828125,55.099998474121094,1.1061947345733643,1.218650221824646,1519.0999755859375,0.00939514022320509,0.06530953198671341,6698.2001953125,101135.0,7207.2001953125,2926.4599609375,20704.369140625,3426.760009765625,18.979999542236328,1.5,-0.6490909091,0.5776,-0.28,0.959,9.030952381
2019-09-03,0.6712490320205688,0.2389828860759735,10623.5400390625,53.939998626708984,1.0968520641326904,1.2066656351089478,1545.9000244140625,0.009416816756129265,0.06564178317785263,6673.5,99681.0,7268.2001953125,2906.27001953125,20625.16015625,3420.739990234375,19.65999984741211,1.47,-0.6490909091,0.5776,-0.28,0.959,9.030952381
2019-09-04,0.6763977408409119,0.2400902658700943,10594.4931640625,56.2599983215332,1.0974539518356323,1.2090436220169067,1550.300048828125,0.009446348994970322,0.06621859222650528,6656.10009765625,101201.0,7311.2998046875,2937.780029296875,20649.140625,3450.830078125,17.329999923706055,1.47,-0.6490909091,0.5776,-0.28,0.959,9.030952381
2019-09-05,0.6799945831298828,0.24430762231349945,10575.533203125,56.29999923706055,1.10349702835083,1.2248897552490234,1515.4000244140625,0.009405125863850117,0.06759359687566757,6720.7998046875,102243.0,7271.2001953125,2976.0,21085.939453125,3484.699951171875,16.270000457763672,1.57,-0.6490909091,0.5776,-0.28,0.959,9.030952381
2019-09-06,0.6811803579330444,0.2435460388660431,10353.302734375,56.52000045776367,1.1036310195922852,1.2323921918869019,1506.199951171875,0.009339509531855583,0.06727754324674606,6752.7001953125,102935.0,7282.2998046875,2978.7099609375,21199.5703125,3495.18994140625,15.0,1.55,-0.6490909091,0.5776,-0.28,0.959,9.030952381
2019-09-09,0.6846688985824585,0.24622659385204315,10334.974609375,57.849998474121094,1.1020619869232178,1.2283051013946533,1502.199951171875,0.009350600652396679,0.0676150768995285,6760.10009765625,103181.0,7235.7998046875,2978.429931640625,21318.419921875,3495.02001953125,15.270000457763672,1.63,-0.6490909091,0.5776,-0.28,0.959,9.030952381
2019-09-10,0.6865302920341492,0.24429570138454437,10115.9755859375,57.400001525878906,1.1048381328582764,1.2345373630523682,1490.300048828125,0.009316451847553253,0.06775985658168793,6728.0,103032.0,7268.0,2979.389892578125,21392.099609375,3498.989990234375,15.199999809265137,1.72,-0.6490909091,0.5776,-0.28,0.959,9.030952381
2019-09-11,0.6858522295951843,0.2451280653476715,10178.3720703125,55.75,1.1050333976745605,1.2354830503463745,1494.4000244140625,0.00929368007928133,0.06823562830686569,6752.2001953125,103446.0,7338.0,3000.929931640625,21597.759765625,3516.820068359375,14.609999656677246,1.75,-0.6490909091,0.5776,-0.28,0.959,9.030952381
2019-09-12,0.6873797178268433,0.2460508942604065,10410.126953125,55.09000015258789,1.1013457775115967,1.233471393585205,1498.699951171875,0.009257459081709385,0.0681379958987236,6765.7001953125,104371.0,7344.7001953125,3009.570068359375,21759.609375,3538.860107421875,14.220000267028809,1.79,-0.6490909091,0.5776,-0.28,0.959,9.030952381
2019-09-13,0.6863889098167419,0.24637217819690704,10360.546875,54.849998474121094,1.1058276891708374,1.2329391241073608,1490.9000244140625,0.009244194254279137,0.06855089962482452,6777.10009765625,103501.0,7367.5,3007.389892578125,21988.2890625,3550.110107421875,13.739999771118164,1.9,-0.6490909091,0.5776,-0.28,0.959,9.030952381
2019-09-17,0.686294674873352,0.24514010548591614,10241.2724609375,59.34000015258789,1.100594401359558,1.2428536415100098,1505.0999755859375,0.009245476685464382,0.06823982298374176,6801.7001953125,104617.0,7320.39990234375,3005.699951171875,22001.3203125,3521.260009765625,14.4399995803833,1.81,-0.6490909091,0.5776,-0.28,0.959,9.030952381
2019-09-18,0.6866245269775391,0.2453385591506958,10198.248046875,58.11000061035156,1.1074687242507935,1.2502655982971191,1507.5,0.009251806885004044,0.0680619329214096,6791.2001953125,104532.0,7314.10009765625,3006.72998046875,21960.7109375,3528.0400390625,13.949999809265137,1.8,-0.6490909091,0.5776,-0.28,0.959,9.030952381
2019-09-19,0.6825705766677856,0.24346895515918732,10266.4150390625,58.130001068115234,1.1031439304351807,1.247053861618042,1498.4000244140625,0.009222964756190777,0.06813613325357437,6825.2001953125,104339.0,7356.39990234375,3006.7900390625,22044.44921875,3552.64990234375,14.050000190734863,1.79,-0.6490909091,0.5776,-0.28,0.959,9.030952381
2019-09-20,0.6792786121368408,0.2400038242340088,10181.6416015625,58.09000015258789,1.1048502922058105,1.2525050640106201,1507.300048828125,0.009255745448172092,0.06755661219358444,6839.0,104817.0,7344.89990234375,2992.070068359375,22079.08984375,3571.389892578125,15.319999694824219,1.74,-0.6490909091,0.5776,-0.28,0.959,9.030952381
2019-09-25,0.6799483299255371,0.2402864396572113,8486.9931640625,56.4900016784668,1.1016855239868164,1.2485953569412231,1504.5999755859375,0.009331578388810158,0.06733235716819763,6814.7001953125,104481.0,7290.0,2984.8701171875,22020.150390625,3513.030029296875,15.960000038146973,1.73,-0.6490909091,0.5776,-0.28,0.959,9.030952381
2019-09-26,0.6755387783050537,0.24113236367702484,8118.9677734375,56.40999984741211,1.0952903032302856,1.2359564304351807,1507.5,0.009285740554332733,0.06674543023109436,6785.60009765625,105319.0,7351.10009765625,2977.6201171875,22048.240234375,3532.179931640625,16.06999969482422,1.7,-0.6490909091,0.5776,-0.28,0.959,9.030952381
2019-09-27,0.6754018664360046,0.23985417187213898,8251.845703125,55.90999984741211,1.0922753810882568,1.2331976890563965,1499.0999755859375,0.009280226193368435,0.06658632308244705,6824.10009765625,105078.0,7426.2001953125,2961.7900390625,21878.900390625,3545.8798828125,17.219999313354492,1.69,-0.6490909091,0.5776,-0.28,0.959,9.030952381
2019-09-30,0.6760868430137634,0.24055229127407074,8293.8681640625,54.06999969482422,1.0942714214324951,1.2293167114257812,1465.699951171875,0.009264063090085983,0.066130131483078,6800.60009765625,104745.0,7408.2001953125,2976.739990234375,21755.83984375,3569.449951171875,16.239999771118164,1.68,-0.6490909091,0.5776,-0.28,0.959,9.030952381
2019-10-01,0.6753106117248535,0.24068547785282135,8343.2763671875,53.619998931884766,1.0899657011032104,1.2289994955062866,1482.0,0.009253347292542458,0.06606337428092957,6853.0,104053.0,7360.2998046875,2940.25,21885.240234375,3518.25,18.559999465942383,1.65,-0.4695454545,0.6373,-0.15,1.037,8.9273913043
2019-10-02,0.6708707809448242,0.24069705605506897,8393.0419921875,52.63999938964844,1.0934937000274658,1.2292261123657227,1501.0,0.009281862527132034,0.06526435166597366,6753.2998046875,101031.0,7122.5,2887.610107421875,21778.609375,3413.31005859375,20.559999465942383,1.6,-0.4695454545,0.6373,-0.15,1.037,8.9273913043
2019-10-03,0.6709608435630798,0.2424595057964325,8259.9921875,52.45000076293945,1.0963709354400635,1.230436086654663,1507.0999755859375,0.009331578388810158,0.06550118327140808,6611.7001953125,101516.0,7077.60009765625,2910.6298828125,21341.740234375,3417.3701171875,19.1200008392334,1.54,-0.4695454545,0.6373,-0.15,1.037,8.9273913043
2019-10-04,0.6745316982269287,0.24492394924163818,8205.939453125,52.810001373291016,1.0975382328033447,1.2342326641082764,1506.199951171875,0.009361017495393753,0.06613581627607346,6636.89990234375,102551.0,7155.39990234375,2952.010009765625,21410.19921875,3446.7099609375,17.040000915527344,1.52,-0.4695454545,0.6373,-0.15,1.037,8.9273913043
2019-10-07,0.6764526963233948,0.24663347005844116,8245.623046875,52.75,1.098659634590149,1.2334411144256592,1497.699951171875,0.009366452693939209,0.06637021154165268,6686.7001953125,100573.0,7197.89990234375,2938.7900390625,21375.25,3471.239990234375,17.860000610351562,1.56,-0.4695454545,0.6373,-0.15,1.037,8.9273913043
2019-10-08,0.6732510924339294,0.24359941482543945,8228.783203125,52.630001068115234,1.0972130298614502,1.2288031578063965,1497.199951171875,0.009323921985924244,0.06593131273984909,6713.7001953125,99981.0,7143.2001953125,2893.06005859375,21587.779296875,3432.760009765625,20.280000686645508,1.54,-0.4695454545,0.6373,-0.15,1.037,8.9273913043
2019-10-09,0.6728116869926453,0.24444499611854553,8595.740234375,52.59000015258789,1.0960105657577515,1.2219561338424683,1506.0999755859375,0.009349201805889606,0.06547223776578903,6667.0,101249.0,7166.5,2919.39990234375,21456.380859375,3462.110107421875,18.639999389648438,1.59,-0.4695454545,0.6373,-0.15,1.037,8.9273913043
2019-10-10,0.6718172430992126,0.243409663438797,8586.4736328125,53.54999923706055,1.0987803936004639,1.2212995290756226,1494.800048828125,0.009330272674560547,0.06578385084867477,6662.89990234375,101817.0,7186.39990234375,2938.1298828125,21551.98046875,3493.9599609375,17.56999969482422,1.67,-0.4695454545,0.6373,-0.15,1.037,8.9273913043
2019-10-11,0.6763200163841248,0.24340376257896423,8321.7568359375,54.70000076293945,1.1011033058166504,1.2433171272277832,1482.699951171875,0.00926955882459879,0.06659385561943054,6721.89990234375,103832.0,7247.10009765625,2970.27001953125,21798.869140625,3569.919921875,15.579999923706055,1.76,-0.4695454545,0.6373,-0.15,1.037,8.9273913043
2019-10-15,0.6775398254394531,0.2425006628036499,8205.369140625,52.810001373291016,1.1029006242752075,1.2611771821975708,1477.5999755859375,0.009226113557815552,0.06754885613918304,6763.2998046875,104490.0,7211.60009765625,2995.679931640625,22207.2109375,3598.64990234375,13.539999961853027,1.77,-0.4695454545,0.6373,-0.15,1.037,8.9273913043
2019-10-16,0.6753197908401489,0.23931461572647095,8047.52685546875,53.36000061035156,1.1034727096557617,1.2760635614395142,1488.0,0.009189740754663944,0.06725446879863739,6843.2001953125,105423.0,7168.0,2989.68994140625,22472.919921875,3599.25,13.680000305175781,1.75,-0.4695454545,0.6373,-0.15,1.037,8.9273913043
2019-10-17,0.6756391525268555,0.24104516208171844,8103.9111328125,53.93000030517578,1.107493281364441,1.2823801040649414,1492.300048828125,0.009201578795909882,0.06698416918516159,6791.5,105016.0,7182.2998046875,2997.949951171875,22451.859375,3588.6201171875,13.789999961853027,1.76,-0.4695454545,0.6373,-0.15,1.037,8.9273913043
2019-10-18,0.6825472712516785,0.2403210699558258,7973.20751953125,53.779998779296875,1.1127183437347412,1.286860466003418,1488.199951171875,0.009209713898599148,0.0674813911318779,6758.39990234375,104729.0,7150.60009765625,2986.199951171875,22492.6796875,3579.409912109375,14.25,1.76,-0.4695454545,0.6373,-0.15,1.037,8.9273913043
2019-10-21,0.6847720146179199,0.24324388802051544,8243.720703125,53.310001373291016,1.1155734062194824,1.2900229692459106,1482.4000244140625,0.00922441203147173,0.06778603792190552,6757.7001953125,106022.0,7163.60009765625,3006.719970703125,22548.900390625,3600.080078125,14.0,1.8,-0.4695454545,0.6373,-0.15,1.037,8.9273913043
2019-10-23,0.6861298680305481,0.2451941817998886,7514.671875,55.970001220703125,1.112928867340088,1.2884771823883057,1489.9000244140625,0.009218034334480762,0.0685974583029747,6778.2001953125,107544.0,7260.7001953125,3004.52001953125,22625.380859375,3606.889892578125,14.010000228881836,1.77,-0.4695454545,0.6373,-0.15,1.037,8.9273913043
2019-10-24,0.6850300431251526,0.24794821441173553,7493.48876953125,56.22999954223633,1.1132385730743408,1.2923235893249512,1498.9000244140625,0.009204543195664883,0.06830979138612747,6796.7001953125,106986.0,7328.2998046875,3010.2900390625,22750.599609375,3621.3701171875,13.710000038146973,1.77,-0.4695454545,0.6373,-0.15,1.037,8.9273913043
2019-10-25,0.6816632747650146,0.24756765365600586,8660.7001953125,56.65999984741211,1.1103955507278442,1.2840267419815063,1499.5,0.009207594208419323,0.06813613325357437,6841.0,107364.0,7324.5,3022.550048828125,22799.810546875,3624.679931640625,12.649999618530273,1.8,-0.4695454545,0.6373,-0.15,1.037,8.9273913043
2019-10-28,0.682400107383728,0.24981887638568878,9256.1484375,55.810001373291016,1.1084262132644653,1.283202886581421,1490.0,0.009196755476295948,0.06840039044618607,6842.5,108187.0,7331.2998046875,3039.419921875,22867.26953125,3625.68994140625,13.109999656677246,1.85,-0.4695454545,0.6373,-0.15,1.037,8.9273913043
2019-10-29,0.6839599013328552,0.2507019639015198,9427.6875,55.540000915527344,1.1099148988723755,1.2857435941696167,1487.0,0.009177342988550663,0.0686572715640068,6848.5,107556.0,7306.2998046875,3036.889892578125,22974.130859375,3622.090087890625,13.199999809265137,1.84,-0.4695454545,0.6373,-0.15,1.037,8.9273913043
2019-10-30,0.6855888962745667,0.2502064108848572,9205.7265625,55.060001373291016,1.1114816665649414,1.2866700887680054,1493.199951171875,0.00918492954224348,0.06839945167303085,6794.7001953125,108408.0,7330.7998046875,3046.77001953125,22843.119140625,3620.2900390625,12.329999923706055,1.78,-0.4695454545,0.6373,-0.15,1.037,8.9273913043
2019-10-31,0.6897883415222168,0.25086548924446106,9199.5849609375,54.18000030517578,1.1154489517211914,1.290172815322876,1511.4000244140625,0.009192105382680893,0.06679580360651016,6772.89990234375,107220.0,7248.39990234375,3037.56005859375,22927.0390625,3604.409912109375,13.220000267028809,1.69,-0.4695454545,0.6373,-0.15,1.037,8.9273913043
2019-11-01,0.6892986297607422,0.24900399148464203,9261.1044921875,56.20000076293945,1.1157102584838867,1.2939623594284058,1508.0,0.009259602054953575,0.06625412404537201,6779.10009765625,108196.0,7302.39990234375,3066.909912109375,22850.76953125,3623.739990234375,12.300000190734863,1.73,-0.3523809524,0.765,-0.08,1.152,9.1342857143
2019-11-05,0.6890279054641724,0.24932682514190674,9342.52734375,57.22999954223633,1.1128545999526978,1.2891582250595093,1480.800048828125,0.0092001399025321,0.06771031022071838,6811.60009765625,108451.0,7388.10009765625,3074.6201171875,23251.990234375,3676.52001953125,13.100000381469727,1.86,-0.3523809524,0.765,-0.08,1.152,9.1342857143
2019-11-06,0.6890848875045776,0.25050100684165955,9360.8798828125,56.349998474121094,1.107419729232788,1.288062334060669,1490.199951171875,0.009162039496004581,0.06781131774187088,6773.2001953125,108336.0,7396.7001953125,3076.780029296875,23303.8203125,3688.739990234375,12.619999885559082,1.81,-0.3523809524,0.765,-0.08,1.152,9.1342857143
2019-11-07,0.6877300143241882,0.24495993554592133,9267.5615234375,57.150001525878906,1.1070396900177002,1.2856775522232056,1464.199951171875,0.009181640110909939,0.06754520535469055,6836.89990234375,109581.0,7406.39990234375,3085.179931640625,23330.3203125,3706.679931640625,12.729999542236328,1.92,-0.3523809524,0.765,-0.08,1.152,9.1342857143
2019-11-08,0.6860997080802917,0.24393217265605927,8804.880859375,57.2400016784668,1.1019697189331055,1.2779992818832397,1461.300048828125,0.009151307865977287,0.06795786321163177,6833.2001953125,107629.0,7359.39990234375,3093.080078125,23391.869140625,3699.64990234375,12.069999694824219,1.94,-0.3523809524,0.765,-0.08,1.152,9.1342857143
2019-11-11,0.6858004927635193,0.24193158745765686,8757.7880859375,56.86000061035156,1.102244257926941,1.2796396017074585,1455.5,0.009155329316854477,0.06732437759637833,6877.0,108215.0,7328.5,3087.010009765625,23331.83984375,3696.820068359375,12.6899995803833,1.94,-0.3523809524,0.765,-0.08,1.152,9.1342857143
2019-11-12,0.6850253343582153,0.24088840186595917,8815.662109375,56.79999923706055,1.1035456657409668,1.2858428955078125,1452.0999755859375,0.009170778095722198,0.06719301640987396,6857.10009765625,106785.0,7365.39990234375,3091.840087890625,23520.009765625,3712.199951171875,12.680000305175781,1.92,-0.3523809524,0.765,-0.08,1.152,9.1342857143
2019-11-13,0.6843999624252319,0.2399289757013321,8808.2626953125,57.119998931884766,1.1012367010116577,1.285214900970459,1461.699951171875,0.009174901060760021,0.06699583679437637,6805.60009765625,105914.0,7351.2001953125,3094.0400390625,23319.869140625,3699.5,13.0,1.88,-0.3523809524,0.765,-0.08,1.152,9.1342857143
2019-11-14,0.6839500665664673,0.23988868296146393,8708.0947265625,56.77000045776367,1.1013215780258179,1.2853800058364868,1471.800048828125,0.009191345423460007,0.06712085008621216,6840.7998046875,106557.0,7292.7998046875,3096.6298828125,23141.55078125,3688.81005859375,13.050000190734863,1.82,-0.3523809524,0.765,-0.08,1.152,9.1342857143
2019-11-18,0.6815982460975647,0.23839040100574493,8309.2861328125,57.04999923706055,1.105509877204895,1.2921231985092163,1470.9000244140625,0.009199717082083225,0.06799386441707611,6871.7001953125,106347.0,7307.7001953125,3122.030029296875,23416.759765625,3704.919921875,12.460000038146973,1.81,-0.3523809524,0.765,-0.08,1.152,9.1342857143
2019-11-19,0.680522084236145,0.23716914653778076,8206.1455078125,55.209999084472656,1.1072357892990112,1.2950851917266846,1473.300048828125,0.009202849119901657,0.06753379851579666,6914.10009765625,105618.0,7323.7998046875,3120.179931640625,23292.650390625,3696.56005859375,12.859999656677246,1.79,-0.3523809524,0.765,-0.08,1.152,9.1342857143
2019-11-21,0.6798997521400452,0.23837901651859283,7642.75,58.58000183105469,1.1078859567642212,1.2927078008651733,1463.0999755859375,0.009218459017574787,0.06764526665210724,6777.7001953125,107497.0,7238.60009765625,3103.5400390625,23038.580078125,3679.659912109375,13.130000114440918,1.77,-0.3523809524,0.765,-0.08,1.152,9.1342857143
2019-11-22,0.6789419054985046,0.23856669664382935,7296.57763671875,57.77000045776367,1.1065863370895386,1.2919896841049194,1463.0999755859375,0.009209374897181988,0.06815192103385925,6816.5,108692.0,7326.7998046875,3110.2900390625,23112.880859375,3687.320068359375,12.34000015258789,1.77,-0.3523809524,0.765,-0.08,1.152,9.1342857143
2019-11-25,0.6792001724243164,0.23837901651859283,7146.1337890625,58.0099983215332,1.1022562980651855,1.2853471040725708,1456.5999755859375,0.009197093546390533,0.06802998483181,6835.60009765625,108424.0,7396.2998046875,3133.639892578125,23292.810546875,3707.679931640625,11.869999885559082,1.76,-0.3523809524,0.765,-0.08,1.152,9.1342857143
2019-11-26,0.677639901638031,0.23666398227214813,7218.37109375,58.40999984741211,1.1014429330825806,1.289723515510559,1459.800048828125,0.009174985811114311,0.0677630677819252,6889.7998046875,107059.0,7403.10009765625,3140.52001953125,23373.3203125,3705.550048828125,11.539999961853027,1.74,-0.3523809524,0.765,-0.08,1.152,9.1342857143
2019-11-27,0.6789000034332275,0.2363060563802719,7531.66357421875,58.11000061035156,1.1022562980651855,1.2860909700393677,1453.4000244140625,0.009166155010461807,0.06766266375780106,6950.60009765625,107708.0,7429.7998046875,3153.6298828125,23437.76953125,3712.85009765625,11.75,1.77,-0.3523809524,0.765,-0.08,1.152,9.1342857143
2019-11-29,0.6769000291824341,0.23877744376659393,7761.24365234375,55.16999816894531,1.101176142692566,1.29128897190094,1465.5999755859375,0.009131419472396374,0.06802397221326828,6948.0,108233.0,7346.5,3140.97998046875,23293.91015625,3703.580078125,12.619999885559082,1.78,-0.3523809524,0.765,-0.08,1.152,9.1342857143
2019-12-02,0.6764801144599915,0.23606617748737335,7321.98828125,55.959999084472656,1.1019041538238525,1.29128897190094,1462.300048828125,0.00912950187921524,0.06826511770486832,6965.2998046875,109061.0,7285.89990234375,3113.8701171875,23529.5,3626.659912109375,14.90999984741211,1.83,-0.3523809524,0.765,-0.08,1.152,9.1342857143
2019-12-03,0.6818817257881165,0.2368377447128296,7320.1455078125,56.099998474121094,1.1079105138778687,1.294062852859497,1478.199951171875,0.009172460064291954,0.06874699890613556,6818.39990234375,108956.0,7158.7998046875,3093.199951171875,23379.810546875,3610.989990234375,15.960000038146973,1.72,-0.3523809524,0.765,-0.08,1.152,9.1342857143
2019-12-04,0.6848700046539307,0.23786869645118713,7252.03466796875,58.43000030517578,1.1085245609283447,1.2997816801071167,1474.0,0.009203611873090267,0.06834055483341217,6714.39990234375,110301.0,7188.5,3112.760009765625,23135.23046875,3660.02001953125,14.800000190734863,1.77,-0.3523809524,0.765,-0.08,1.152,9.1342857143
2019-12-05,0.684960126876831,0.23774993419647217,7448.3076171875,58.43000030517578,1.108303427696228,1.311131477355957,1476.9000244140625,0.009188474155962467,0.06858569383621216,6791.10009765625,110622.0,7137.89990234375,3117.429931640625,23300.08984375,3648.1298828125,14.520000457763672,1.8,-0.3523809524,0.765,-0.08,1.152,9.1342857143
2019-12-06,0.6833000183105469,0.23897147178649902,7546.99658203125,59.20000076293945,1.1105434894561768,1.3158414363861084,1459.0999755859375,0.009196417406201363,0.06837653368711472,6813.5,111126.0,7239.7001953125,3145.909912109375,23354.400390625,3692.340087890625,13.619999885559082,1.84,-0.3523809524,0.765,-0.08,1.152,9.1342857143
2019-12-09,0.683531641960144,0.24278327822685242,7400.8994140625,59.02000045776367,1.105888843536377,1.3139568567276,1459.300048828125,0.009205814450979233,0.06844022870063782,6836.39990234375,110977.0,7233.89990234375,3135.9599609375,23430.69921875,3672.179931640625,15.859999656677246,1.83,-0.3523809524,0.765,-0.08,1.152,9.1342857143
2019-12-10,0.6827998757362366,0.2414817363023758,7278.11962890625,59.2400016784668,1.106499433517456,1.314578652381897,1462.5999755859375,0.009209629148244858,0.06818166375160217,6812.10009765625,110672.0,7213.7998046875,3132.52001953125,23410.189453125,3671.780029296875,15.680000305175781,1.85,-0.3523809524,0.765,-0.08,1.152,9.1342857143
2019-12-11,0.6811400055885315,0.241277813911438,7217.42724609375,58.7599983215332,1.1092746257781982,1.3131287097930908,1469.4000244140625,0.009194218553602695,0.06768615543842316,6853.2001953125,110964.0,7216.2998046875,3141.6298828125,23391.859375,3687.449951171875,14.989999771118164,1.79,-0.3523809524,0.765,-0.08,1.152,9.1342857143
2019-12-12,0.687049150466919,0.2425006628036499,7243.13427734375,59.18000030517578,1.1135857105255127,1.3200099468231201,1466.699951171875,0.009212428703904152,0.068137526512146,6810.7998046875,112200.0,7273.5,3168.570068359375,23424.810546875,3706.35009765625,13.9399995803833,1.9,-0.3523809524,0.765,-0.08,1.152,9.1342857143
2019-12-13,0.6927126049995422,0.24466341733932495,7269.6845703125,60.06999969482422,1.1186057329177856,1.347527265548706,1475.5999755859375,0.009139681234955788,0.06938325613737106,6844.60009765625,112565.0,7353.39990234375,3168.800048828125,24023.099609375,3731.070068359375,12.630000114440918,1.82,-0.3523809524,0.765,-0.08,1.152,9.1342857143
2019-12-17,0.6874316930770874,0.24619020521640778,6640.51513671875,60.939998626708984,1.1136974096298218,1.3272457122802734,1474.5999755859375,0.009126086719334126,0.069549061357975,6950.5,112616.0,7525.2998046875,3192.52001953125,24066.119140625,3745.280029296875,12.289999961853027,1.89,-0.3523809524,0.765,-0.08,1.152,9.1342857143
2019-12-18,0.6852600574493408,0.24568817019462585,7276.802734375,60.93000030517578,1.115138053894043,1.3122154474258423,1472.5999755859375,0.009131086058914661,0.06950560212135315,6967.0,114315.0,7540.7998046875,3191.139892578125,23934.4296875,3739.0,12.579999923706055,1.92,-0.3523809524,0.765,-0.08,1.152,9.1342857143
2019-12-19,0.6854700446128845,0.24632588028907776,7202.84423828125,61.220001220703125,1.1115927696228027,1.3087291717529297,1478.199951171875,0.009128168225288391,0.06995458155870438,6942.60009765625,115131.0,7573.7998046875,3205.3701171875,23864.849609375,3739.169921875,12.5,1.92,-0.3523809524,0.765,-0.08,1.152,9.1342857143
2019-12-20,0.6893000602722168,0.24577270448207855,7218.81640625,60.439998626708984,1.1125946044921875,1.3017443418502808,1474.699951171875,0.009142188355326653,0.0703536719083786,6924.39990234375,115121.0,7582.5,3221.219970703125,23816.630859375,3776.56005859375,12.510000228881836,1.92,-0.3523809524,0.765,-0.08,1.152,9.1342857143
2019-12-23,0.6903898119926453,0.24510405957698822,7355.62841796875,60.52000045776367,1.1079840660095215,1.3005423545837402,1482.5,0.009132503531873226,0.07011885195970535,6894.7001953125,115863.0,7623.60009765625,3224.010009765625,23821.109375,3776.659912109375,12.609999656677246,1.93,-0.3523809524,0.765,-0.08,1.152,9.1342857143
2019-12-27,0.6946374177932739,0.24662737548351288,7290.08837890625,61.720001220703125,1.110111951828003,1.3002209663391113,1513.800048828125,0.009128918871283531,0.07076554745435715,6936.2998046875,116534.0,7644.89990234375,3240.02001953125,23837.720703125,3782.27001953125,13.430000305175781,1.88,-0.3523809524,0.765,-0.08,1.152,9.1342857143
2019-12-30,0.6982996463775635,0.24861399829387665,7292.9951171875,61.68000030517578,1.1182304620742798,1.3091918230056763,1514.5,0.00913842860609293,0.07116986811161041,6921.60009765625,115964.0,7587.10009765625,3221.2900390625,23656.619140625,3748.469970703125,14.819999694824219,1.9,-0.3523809524,0.765,-0.08,1.152,9.1342857143
2020-01-06,0.694420337677002,0.2464875429868698,7769.21923828125,63.27000045776367,1.1161960363388062,1.308010220527649,1566.199951171875,0.009262346662580967,0.0698409378528595,6857.39990234375,116878.0,7575.2998046875,3246.280029296875,23204.859375,3752.52001953125,13.850000381469727,1.81,-0.3136363636,0.7235,-0.065,1.159,9.0168181818
2020-01-07,0.693731427192688,0.24628114700317383,8163.6923828125,62.70000076293945,1.1197994947433472,1.317002534866333,1571.800048828125,0.00922458153218031,0.0704091489315033,6943.60009765625,116662.0,7573.89990234375,3237.179931640625,23575.720703125,3759.25,13.789999961853027,1.83,-0.3136363636,0.7235,-0.065,1.159,9.0168181818
2020-01-08,0.6860399842262268,0.24592986702919006,8079.86279296875,59.61000061035156,1.1154738664627075,1.31137216091156,1557.4000244140625,0.009257887490093708,0.06966117024421692,6930.10009765625,116247.0,7574.89990234375,3253.050048828125,23204.759765625,3772.56005859375,13.449999809265137,1.87,-0.3136363636,0.7235,-0.065,1.159,9.0168181818
2020-01-09,0.6873801350593567,0.2461356669664383,7879.0712890625,59.560001373291016,1.1113210916519165,1.3105130195617676,1551.699951171875,0.009171703830361366,0.0706389769911766,6991.39990234375,115947.0,7598.10009765625,3274.699951171875,23739.869140625,3795.8798828125,12.539999961853027,1.85,-0.3136363636,0.7235,-0.065,1.159,9.0168181818
2020-01-10,0.6853210926055908,0.24437329173088074,8166.55419921875,59.040000915527344,1.1111111640930176,1.3070186376571655,1557.5,0.009131835773587227,0.07035861909389496,7041.89990234375,115503.0,7587.89990234375,3265.35009765625,23850.5703125,3789.52001953125,12.5600004196167,1.83,-0.3136363636,0.7235,-0.065,1.159,9.0168181818
2020-01-14,0.6898902058601379,0.24120795726776123,8827.7646484375,58.22999954223633,1.1135733127593994,1.2988194227218628,1542.4000244140625,0.009091570973396301,0.06954877078533173,7078.0,117632.0,7622.39990234375,3283.14990234375,24025.169921875,3774.8798828125,12.390000343322754,1.82,-0.3136363636,0.7235,-0.065,1.159,9.0168181818
2020-01-15,0.6896551251411438,0.24205456674098969,8807.0107421875,57.810001373291016,1.113089919090271,1.3022528886795044,1552.0999755859375,0.009102991782128811,0.0694463700056076,7113.5,116414.0,7642.7998046875,3289.2900390625,23916.580078125,3768.9599609375,12.420000076293945,1.79,-0.3136363636,0.7235,-0.065,1.159,9.0168181818
2020-01-16,0.6907795071601868,0.2395668625831604,8723.7861328125,58.52000045776367,1.1154004335403442,1.3041210174560547,1549.0,0.009100588969886303,0.06954731792211533,7158.60009765625,116704.0,7609.7998046875,3316.81005859375,23933.130859375,3774.139892578125,12.319999694824219,1.81,-0.3136363636,0.7235,-0.065,1.159,9.0168181818
2020-01-17,0.6901001930236816,0.23902858793735504,8929.0380859375,58.540000915527344,1.1139578819274902,1.3078734874725342,1558.800048828125,0.009076468646526337,0.06943590939044952,7180.2998046875,118478.0,7674.60009765625,3329.6201171875,24041.259765625,3808.260009765625,12.100000381469727,1.84,-0.3136363636,0.7235,-0.065,1.159,9.0168181818
2020-01-21,0.6876397132873535,0.2387489527463913,8745.89453125,58.34000015258789,1.109693169593811,1.3005592823028564,1556.4000244140625,0.009076634421944618,0.06900453567504883,7180.5,117026.0,7610.7001953125,3320.7900390625,23864.560546875,3789.1201171875,12.850000381469727,1.78,-0.3136363636,0.7235,-0.065,1.159,9.0168181818
2020-01-22,0.684689998626709,0.23747892677783966,8680.8759765625,56.7400016784668,1.108561396598816,1.3048017024993896,1555.300048828125,0.009098518639802933,0.06905171275138855,7249.0,118391.0,7571.89990234375,3321.75,24031.349609375,3769.7900390625,12.90999984741211,1.77,-0.3136363636,0.7235,-0.065,1.159,9.0168181818
2020-01-23,0.6842987537384033,0.23916006088256836,8406.515625,55.59000015258789,1.1096439361572266,1.3144749402999878,1564.5999755859375,0.00911344401538372,0.06978853791952133,7199.0,119528.0,7507.7001953125,3325.5400390625,23795.439453125,3736.85009765625,12.979999542236328,1.74,-0.3136363636,0.7235,-0.065,1.159,9.0168181818
2020-01-24,0.6839804649353027,0.239859938621521,8445.4345703125,54.189998626708984,1.1055220365524292,1.311991572380066,1571.0999755859375,0.00912808533757925,0.06960056722164154,7203.2001953125,118376.0,7586.0,3295.469970703125,23827.1796875,3779.159912109375,14.5600004196167,1.7,-0.3136363636,0.7235,-0.065,1.159,9.0168181818
2020-01-28,0.6761700510978699,0.23774993419647217,9358.58984375,53.47999954223633,1.101976990699768,1.3060115575790405,1569.199951171875,0.009181050583720207,0.06858569383621216,7129.2998046875,116479.0,7480.7001953125,3276.239990234375,23215.7109375,3719.219970703125,16.280000686645508,1.65,-0.3136363636,0.7235,-0.065,1.159,9.0168181818
2020-01-29,0.6764206886291504,0.23846998810768127,9316.6298828125,53.33000183105469,1.1022562980651855,1.3024563789367676,1569.800048828125,0.009163214825093746,0.06876254826784134,7135.89990234375,115385.0,7483.60009765625,3273.39990234375,23379.400390625,3736.360107421875,16.389999389648438,1.6,-0.3136363636,0.7235,-0.065,1.159,9.0168181818
2020-01-30,0.6752194762229919,0.2364681214094162,9508.9931640625,52.13999938964844,1.1016855239868164,1.3022021055221558,1583.5,0.009175405837595463,0.06853210926055908,7108.60009765625,115528.0,7382.0,3283.659912109375,22977.75,3690.780029296875,15.489999771118164,1.57,-0.3136363636,0.7235,-0.065,1.159,9.0168181818
2020-01-31,0.6708257794380188,0.2357267439365387,9350.529296875,51.560001373291016,1.1029127836227417,1.3089004755020142,1582.9000244140625,0.009184676222503185,0.06784168630838394,7121.2001953125,113761.0,7286.0,3225.52001953125,23205.1796875,3640.909912109375,18.84000015258789,1.51,-0.3136363636,0.7235,-0.065,1.159,9.0168181818
2020-02-03,0.66936194896698,0.23350301384925842,9293.521484375,50.11000061035156,1.1089794635772705,1.31816565990448,1577.199951171875,0.00922747515141964,0.06667818129062653,7019.89990234375,114629.0,7326.2998046875,3248.919921875,22971.939453125,3661.27001953125,17.969999313354492,1.54,-0.3136363636,0.7235,-0.065,1.159,9.0168181818
2020-02-04,0.6690497994422913,0.23547141253948212,9180.962890625,49.61000061035156,1.1062926054000854,1.2997479438781738,1550.4000244140625,0.009207085706293583,0.06726577877998352,7047.60009765625,115557.0,7439.7998046875,3297.590087890625,23084.58984375,3732.280029296875,16.049999237060547,1.61,-0.3136363636,0.7235,-0.065,1.159,9.0168181818
2020-02-05,0.6731785535812378,0.2350894659757614,9613.423828125,50.75,1.1047282218933105,1.3032711744308472,1557.800048828125,0.00913684256374836,0.0677163153886795,7080.89990234375,116028.0,7482.5,3334.68994140625,23319.560546875,3777.840087890625,15.149999618530273,1.66,-0.3136363636,0.7235,-0.065,1.159,9.0168181818
2020-02-06,0.6751797795295715,0.236205592751503,9729.8017578125,50.95000076293945,1.1002310514450073,1.2997140884399414,1565.0999755859375,0.009106306359171867,0.06783340126276016,7146.5,115190.0,7504.7998046875,3345.780029296875,23873.58984375,3805.52001953125,14.960000038146973,1.65,-0.3136363636,0.7235,-0.065,1.159,9.0168181818
2020-02-07,0.6733997464179993,0.23360119760036469,9795.943359375,50.31999969482422,1.0982975959777832,1.2930254936218262,1568.5999755859375,0.009093554690480232,0.06709910184144974,7121.39990234375,113770.0,7466.7001953125,3327.7099609375,23827.98046875,3798.489990234375,15.470000267028809,1.59,-0.3136363636,0.7235,-0.065,1.159,9.0168181818
2020-02-10,0.6672316193580627,0.23146003484725952,9856.611328125,49.56999969482422,1.0949305295944214,1.2891582250595093,1574.699951171875,0.009120343253016472,0.06635259836912155,7108.0,112570.0,7446.89990234375,3352.090087890625,23685.98046875,3793.179931640625,15.039999961853027,1.56,-0.3136363636,0.7235,-0.065,1.159,9.0168181818
2020-02-12,0.6720998883247375,0.23107865452766418,10326.0546875,51.16999816894531,1.091941475868225,1.2956557273864746,1567.4000244140625,0.009103902615606785,0.06760593503713608,7185.2998046875,116674.0,7534.39990234375,3379.449951171875,23861.2109375,3854.429931640625,13.739999771118164,1.62,-0.3136363636,0.7235,-0.065,1.159,9.0168181818
2020-02-13,0.6713197827339172,0.22964750230312347,10214.3798828125,51.41999816894531,1.0875948667526245,1.295756459236145,1575.0999755859375,0.009103653952479362,0.06726985424757004,7226.89990234375,115662.0,7452.0,3373.93994140625,23827.73046875,3846.739990234375,14.149999618530273,1.61,-0.3136363636,0.7235,-0.065,1.159,9.0168181818
2020-02-14,0.6721997857093811,0.2300560474395752,10312.1162109375,52.04999923706055,1.0845986604690552,1.3046824932098389,1582.699951171875,0.009110952727496624,0.06709176301956177,7227.10009765625,114381.0,7409.10009765625,3380.159912109375,23687.58984375,3840.969970703125,13.680000305175781,1.59,-0.3136363636,0.7235,-0.065,1.159,9.0168181818
2020-02-18,0.6711999773979187,0.23113371431827545,10141.99609375,52.04999923706055,1.0840108394622803,1.3008975982666016,1600.0,0.009104980155825615,0.06677483767271042,7208.2998046875,114977.0,7382.0,3370.2900390625,23193.80078125,3836.5400390625,14.829999923706055,1.55,-0.3136363636,0.7235,-0.065,1.159,9.0168181818
2020-02-19,0.6696000099182129,0.22963166236877441,9633.38671875,53.290000915527344,1.079540491104126,1.3002209663391113,1607.5,0.009097608737647533,0.06665955483913422,7237.39990234375,116518.0,7457.0,3386.14990234375,23400.69921875,3865.179931640625,14.380000114440918,1.56,-0.3136363636,0.7235,-0.065,1.159,9.0168181818
2020-02-20,0.6684000492095947,0.22914758324623108,9608.4755859375,53.779998779296875,1.081009864807129,1.2928247451782227,1616.5999755859375,0.008991996757686138,0.06674543023109436,7255.2001953125,114586.0,7436.60009765625,3373.22998046875,23479.150390625,3822.97998046875,15.5600004196167,1.52,-0.3136363636,0.7235,-0.065,1.159,9.0168181818
2020-02-21,0.6613800525665283,0.22767114639282227,9686.44140625,53.380001068115234,1.078799843788147,1.2883278131484985,1644.5999755859375,0.00893223937600851,0.06616425514221191,7230.39990234375,113681.0,7403.89990234375,3337.75,23386.740234375,3800.3798828125,17.079999923706055,1.46,-0.3136363636,0.7235,-0.065,1.159,9.0168181818
2020-02-26,0.6605198383331299,0.2279566079378128,8820.5224609375,48.72999954223633,1.0881996154785156,1.3003394603729248,1640.0,0.009067333303391933,0.0657247006893158,6790.7001953125,105718.0,7042.5,3116.389892578125,22426.189453125,3577.679931640625,27.559999465942383,1.33,-0.3136363636,0.7235,-0.065,1.159,9.0168181818
2020-02-27,0.6546516418457031,0.22476455569267273,8784.494140625,47.09000015258789,1.0885894298553467,1.2906889915466309,1640.0,0.009061007760465145,0.06548788398504257,6737.39990234375,102984.0,6796.39990234375,2978.760009765625,21948.23046875,3455.919921875,39.15999984741211,1.3,-0.3136363636,0.7235,-0.065,1.159,9.0168181818
2020-02-28,0.6580203175544739,0.22297538816928864,8672.455078125,44.7599983215332,1.0997228622436523,1.2888922691345215,1564.0999755859375,0.009119095280766487,0.06464123725891113,6511.5,104172.0,6580.60009765625,2954.219970703125,21142.9609375,3329.489990234375,40.11000061035156,1.13,-0.3136363636,0.7235,-0.065,1.159,9.0168181818
2020-03-02,0.6516313552856445,0.22515930235385895,8869.669921875,46.75,1.1051311492919922,1.2807048559188843,1592.300048828125,0.00928531028330326,0.06345821917057037,6461.10009765625,106625.0,6654.89990234375,3090.22998046875,21344.080078125,3338.830078125,33.41999816894531,1.1,-0.3136363636,0.7235,-0.065,1.159,9.0168181818
2020-03-03,0.6547498106956482,0.2235935926437378,8787.7861328125,47.18000030517578,1.1144047975540161,1.2767152786254883,1642.0999755859375,0.009217694401741028,0.06495657563209534,6511.60009765625,105537.0,6718.2001953125,3003.3701171875,21082.73046875,3371.969970703125,36.81999969482422,1.02,-0.3136363636,0.7235,-0.065,1.159,9.0168181818
2020-03-04,0.6582195162773132,0.22157227993011475,8755.24609375,46.779998779296875,1.118067979812622,1.2820841073989868,1641.0999755859375,0.009342563338577747,0.06493759900331497,6398.5,107224.0,6815.60009765625,3130.1201171875,21100.060546875,3420.56005859375,31.989999771118164,1.02,-0.3136363636,0.7235,-0.065,1.159,9.0168181818
2020-03-05,0.6626901030540466,0.2181786596775055,9078.7626953125,45.900001525878906,1.113908290863037,1.2874983549118042,1666.4000244140625,0.009287034161388874,0.0655544251203537,6472.39990234375,102233.0,6705.39990234375,3023.93994140625,21329.119140625,3363.580078125,39.619998931884766,0.92,-0.3136363636,0.7235,-0.065,1.159,9.0168181818
2020-03-06,0.6615506410598755,0.2170986831188202,9122.5458984375,41.279998779296875,1.1223849058151245,1.295068383216858,1670.800048828125,0.009411942213773727,0.06416013836860657,6287.5,97997.0,6462.60009765625,2972.3701171875,20749.75,3232.070068359375,41.939998626708984,0.74,-0.3136363636,0.7235,-0.065,1.159,9.0168181818
2020-03-09,0.6613581776618958,0.2178744226694107,7923.64453125,31.1299991607666,1.1386020183563232,1.3099292516708374,1674.5,0.009621120058000088,0.062247391790151596,5822.39990234375,86067.0,5965.7998046875,2746.56005859375,19698.759765625,2959.070068359375,54.459999084472656,0.54,-0.3136363636,0.7235,-0.065,1.159,9.0168181818
2020-03-10,0.6597998738288879,0.2117343246936798,7909.7294921875,34.36000061035156,1.1397960186004639,1.3075313568115234,1659.0999755859375,0.009698192588984966,0.06230137497186661,5995.7998046875,92214.0,5960.2001953125,2882.22998046875,19867.119140625,2910.02001953125,47.29999923706055,0.76,-0.3136363636,0.7235,-0.065,1.159,9.0168181818
2020-03-11,0.6499098539352417,0.21541975438594818,7911.43017578125,32.97999954223633,1.1316505670547485,1.2909722328186035,1641.4000244140625,0.009521451778709888,0.06271283328533173,5789.2998046875,85171.0,5876.5,2741.3798828125,19416.060546875,2905.56005859375,53.900001525878906,0.82,-0.3136363636,0.7235,-0.065,1.159,9.0168181818
2020-03-12,0.647939920425415,0.20773610472679138,4970.7880859375,31.5,1.1261515617370605,1.2818212509155273,1589.300048828125,0.00956480111926794,0.061544522643089294,5370.89990234375,72583.0,5237.5,2480.639892578125,18559.630859375,2545.22998046875,75.47000122070312,0.88,-0.3136363636,0.7235,-0.065,1.159,9.0168181818
2020-03-13,0.6274116039276123,0.20875954627990723,5563.70703125,31.729999542236328,1.1184931993484497,1.257023572921753,1515.699951171875,0.009559315629303455,0.060379911214113235,5590.7001953125,82678.0,5366.10009765625,2711.02001953125,17431.05078125,2586.02001953125,57.83000183105469,0.94,-0.3136363636,0.7235,-0.065,1.159,9.0168181818
2020-03-16,0.6177682876586914,0.20607508718967438,5014.47998046875,28.700000762939453,1.115536093711853,1.2399870157241821,1485.9000244140625,0.009373124688863754,0.061549220234155655,5058.2001953125,71168.0,5151.10009765625,2386.1298828125,17002.0390625,2450.3701171875,82.69000244140625,0.73,-0.3136363636,0.7235,-0.065,1.159,9.0168181818
2020-03-17,0.6099420189857483,0.20003999769687653,5225.62939453125,26.950000762939453,1.1163206100463867,1.2266627550125122,1524.9000244140625,0.009418413043022156,0.060246411710977554,5332.7998046875,74617.0,5294.89990234375,2529.18994140625,17011.529296875,2530.5,75.91000366210938,1.02,-0.3136363636,0.7235,-0.065,1.159,9.0168181818
2020-03-18,0.5992200374603271,0.19961275160312653,5238.4384765625,20.3700008392334,1.101552128791809,1.2121652364730835,1477.300048828125,0.009312981739640236,0.06051693856716156,4998.7998046875,66895.0,5080.60009765625,2398.10009765625,16726.55078125,2385.820068359375,76.44999694824219,1.18,-0.3136363636,0.7235,-0.065,1.159,9.0168181818
2020-03-19,0.5809798836708069,0.1959262192249298,6191.19287109375,25.219999313354492,1.0961546897888184,1.1625338792800903,1478.5999755859375,0.009228497743606567,0.058505091816186905,4809.39990234375,68332.0,5151.60009765625,2409.389892578125,16552.830078125,2454.080078125,72.0,1.12,-0.3136363636,0.7235,-0.065,1.159,9.0168181818
2020-03-23,0.5753309726715088,0.1981964260339737,6416.31494140625,23.360000610351562,1.0694386959075928,1.162304162979126,1567.0,0.009052887558937073,0.05658525228500366,4564.10009765625,63570.0,4993.89990234375,2237.39990234375,16887.779296875,2485.5400390625,61.59000015258789,0.76,-0.3136363636,0.7235,-0.065,1.159,9.0168181818
2020-03-24,0.5876600742340088,0.19448821246623993,6734.8037109375,24.010000228881836,1.0764610767364502,1.1595547199249268,1660.199951171875,0.009023071266710758,0.056321531534194946,4753.2998046875,69729.0,5446.0,2447.330078125,18092.349609375,2715.110107421875,61.66999816894531,0.84,-0.3136363636,0.7235,-0.065,1.159,9.0168181818
2020-03-25,0.597550094127655,0.1961514949798584,6681.06298828125,24.489999771118164,1.080263614654541,1.1792036294937134,1632.300048828125,0.008999279700219631,0.05715886130928993,5006.2001953125,74956.0,5688.2001953125,2475.56005859375,19546.630859375,2800.139892578125,63.95000076293945,0.88,-0.3136363636,0.7235,-0.065,1.159,9.0168181818
2020-03-26,0.5908098220825195,0.19866102933883667,6716.4404296875,22.600000381469727,1.0889569520950317,1.1851149797439575,1650.0999755859375,0.00901908427476883,0.05788243189454079,5135.2001953125,77710.0,5815.7001953125,2630.070068359375,18664.599609375,2847.780029296875,61.0,0.83,-0.3136363636,0.7235,-0.065,1.159,9.0168181818
2020-03-27,0.60791015625,0.199100062251091,6469.79833984375,21.510000228881836,1.1048258543014526,1.2200626134872437,1623.9000244140625,0.009165146388113499,0.05780547112226486,4874.2001953125,73429.0,5510.2998046875,2541.469970703125,19389.4296875,2728.64990234375,65.54000091552734,0.72,-0.3136363636,0.7235,-0.065,1.159,9.0168181818
2020-03-30,0.618058443069458,0.19590061902999878,6429.841796875,20.09000015258789,1.113908290863037,1.245319128036499,1622.0,0.009309859946370125,0.05586018040776253,5194.0,74640.0,5563.7001953125,2626.64990234375,19084.970703125,2765.6201171875,57.08000183105469,0.7,-0.3136363636,0.7235,-0.065,1.159,9.0168181818
2020-03-31,0.6168993711471558,0.1925780475139618,6438.64453125,20.479999542236328,1.1030466556549072,1.2371643781661987,1583.4000244140625,0.00925625953823328,0.05580076947808266,5110.60009765625,73020.0,5672.0,2584.590087890625,18917.009765625,2786.89990234375,53.540000915527344,0.7,-0.3136363636,0.7235,-0.065,1.159,9.0168181818
2020-04-01,0.6136998534202576,0.19217835366725922,6606.7763671875,20.309999465942383,1.102657437324524,1.2408487796783447,1578.199951171875,0.009301632642745972,0.05636247992515564,5290.7001953125,70967.0,5454.60009765625,2470.5,18065.41015625,2680.300048828125,57.060001373291016,0.62,-0.4495,0.3577,-0.04,0.854,11.2326315789
2020-04-02,0.6091395616531372,0.19054152071475983,6793.62451171875,25.31999969482422,1.0953621864318848,1.238236665725708,1625.699951171875,0.00932340044528246,0.05515902116894722,5188.7001953125,72253.0,5480.2001953125,2526.89990234375,17818.720703125,2688.489990234375,50.90999984741211,0.63,-0.4495,0.3577,-0.04,0.854,11.2326315789
2020-04-03,0.6063215136528015,0.19028408825397491,6733.38720703125,28.34000015258789,1.0847399234771729,1.2394952774047852,1633.699951171875,0.009259173646569252,0.054136279970407486,5106.89990234375,69538.0,5415.5,2488.64990234375,17820.189453125,2662.989990234375,46.79999923706055,0.62,-0.4495,0.3577,-0.04,0.854,11.2326315789
2020-04-06,0.5994700789451599,0.18696831166744232,7271.78125,26.079999923706055,1.0806955099105835,1.2220158576965332,1677.0,0.00920022465288639,0.051951829344034195,5323.60009765625,74073.0,5582.39990234375,2663.679931640625,18576.30078125,2795.969970703125,45.2400016784668,0.67,-0.4495,0.3577,-0.04,0.854,11.2326315789
2020-04-07,0.6117599606513977,0.18920402228832245,7176.41455078125,23.6299991607666,1.0803803205490112,1.2240501642227173,1664.800048828125,0.009164642542600632,0.05380144715309143,5301.2998046875,76358.0,5704.5,2659.409912109375,18950.1796875,2857.669921875,46.70000076293945,0.75,-0.4495,0.3577,-0.04,0.854,11.2326315789
2020-04-08,0.6152199506759644,0.19150850176811218,7334.0986328125,25.09000015258789,1.0895144939422607,1.2338672876358032,1665.4000244140625,0.009203780442476273,0.05484892055392265,5258.7998046875,78625.0,5677.7001953125,2749.97998046875,19353.240234375,2851.27001953125,43.349998474121094,0.77,-0.4495,0.3577,-0.04,0.854,11.2326315789
2020-04-09,0.6235308051109314,0.1951790750026703,7302.08935546875,22.760000228881836,1.0863661766052246,1.23931086063385,1736.199951171875,0.009180882014334202,0.054943542927503586,5439.39990234375,77682.0,5842.7001953125,2789.820068359375,19345.76953125,2892.7900390625,41.66999816894531,0.73,-0.4495,0.3577,-0.04,0.854,11.2326315789
2020-04-14,0.6401106119155884,0.1923631727695465,6842.427734375,20.110000610351562,1.0922993421554565,1.2523951530456543,1756.699951171875,0.00929169449955225,0.05525838956236839,5542.5,79918.0,5791.2998046875,2846.06005859375,19638.810546875,2917.739990234375,37.7599983215332,0.76,-0.4495,0.3577,-0.04,0.854,11.2326315789
2020-04-15,0.6434298753738403,0.19372335076332092,6642.10986328125,19.8700008392334,1.098538875579834,1.26262629032135,1727.199951171875,0.00933672022074461,0.05467378720641136,5523.2998046875,78831.0,5597.7001953125,2783.360107421875,19550.08984375,2808.199951171875,40.84000015258789,0.63,-0.4495,0.3577,-0.04,0.854,11.2326315789
2020-04-16,0.6308901309967041,0.19094902276992798,7116.80419921875,19.8700008392334,1.0905101299285889,1.252097249031067,1720.4000244140625,0.0092929033562541,0.05360148102045059,5467.60009765625,77812.0,5628.39990234375,2799.550048828125,19290.19921875,2812.35009765625,40.11000061035156,0.61,-0.4495,0.3577,-0.04,0.854,11.2326315789
2020-04-17,0.6358600854873657,0.19117169082164764,7096.1845703125,18.270000457763672,1.0858471393585205,1.2487823963165283,1689.199951171875,0.009263977408409119,0.05358465388417244,5544.7001953125,78990.0,5787.0,2874.56005859375,19897.259765625,2888.300048828125,38.150001525878906,0.65,-0.4495,0.3577,-0.04,0.854,11.2326315789
2020-04-20,0.6340188980102539,0.1911059319972992,6881.95849609375,-37.630001068115234,1.0866966247558594,1.248751163482666,1701.5999755859375,0.0092876385897398,0.053194887936115265,5414.7001953125,78973.0,5812.7998046875,2823.159912109375,19669.119140625,2909.5,43.83000183105469,0.63,-0.4495,0.3577,-0.04,0.854,11.2326315789
2020-04-22,0.6293998956680298,0.18814675509929657,7117.20751953125,13.779999732971191,1.0856467485427856,1.2298610210418701,1728.699951171875,0.009283240884542465,0.05275319144129753,5273.7998046875,80687.0,5770.60009765625,2799.31005859375,19137.94921875,2834.89990234375,41.97999954223633,0.63,-0.4495,0.3577,-0.04,0.854,11.2326315789
2020-04-23,0.6298998594284058,0.18325422704219818,7429.724609375,16.5,1.080964207649231,1.2323921918869019,1733.300048828125,0.009275319054722786,0.052674245089292526,5272.7998046875,79673.0,5826.60009765625,2797.800048828125,19429.439453125,2852.4599609375,41.380001068115234,0.61,-0.4495,0.3577,-0.04,0.854,11.2326315789
2020-04-24,0.6376798748970032,0.18073050677776337,7550.90087890625,16.940000534057617,1.077702283859253,1.235223650932312,1723.5,0.009287896566092968,0.05235108360648155,5300.7001953125,75331.0,5752.2001953125,2836.739990234375,19262.0,2809.070068359375,35.93000030517578,0.6,-0.4495,0.3577,-0.04,0.854,11.2326315789
2020-04-28,0.6449116468429565,0.17690974473953247,7807.05859375,12.34000015258789,1.0824854373931885,1.2422668933868408,1710.5,0.009321141988039017,0.053187329322099686,5381.2001953125,81312.0,5958.5,2863.389892578125,19771.189453125,2932.06005859375,33.56999969482422,0.62,-0.4495,0.3577,-0.04,0.854,11.2326315789
2020-04-30,0.6555013060569763,0.18744845688343048,8658.5537109375,18.84000015258789,1.087725043296814,1.2471472024917603,1684.199951171875,0.009379982948303223,0.05511190742254257,5597.7001953125,80506.0,5901.2001953125,2912.429931640625,20193.689453125,2927.929931640625,34.150001525878906,0.64,-0.4495,0.3577,-0.04,0.854,11.2326315789
2020-05-07,0.6390756368637085,0.17497201263904572,9951.5185546875,23.549999237060547,1.0798553228378296,1.232559323310852,1721.800048828125,0.009416993707418442,0.05315789952874184,5449.89990234375,78119.0,5936.0,2881.18994140625,19674.76953125,2880.60009765625,31.440000534057617,0.63,-0.5165,0.2743,0.0,0.903,10.074
2020-05-11,0.653710126876831,0.18258169293403625,8601.7958984375,24.139999389648438,1.0839520692825317,1.2417423725128174,1695.300048828125,0.00935287494212389,0.0545845553278923,5559.10009765625,79065.0,5939.7001953125,2930.18994140625,20390.66015625,2883.75,27.56999969482422,0.73,-0.5165,0.2743,0.0,0.903,10.074
2020-05-12,0.6484664082527161,0.1719069629907608,8804.4775390625,25.780000686645508,1.080940842628479,1.2333498001098633,1704.4000244140625,0.009296617470681667,0.05434250831604004,5497.2998046875,77872.0,5994.7998046875,2870.1201171875,20366.48046875,2884.199951171875,33.040000915527344,0.69,-0.5165,0.2743,0.0,0.903,10.074
2020-05-13,0.6455298662185669,0.16992931067943573,9269.9873046875,25.290000915527344,1.0846810340881348,1.2254902124404907,1713.9000244140625,0.009333756752312183,0.05432804301381111,5513.7001953125,77772.0,5904.10009765625,2820.0,20267.05078125,2810.550048828125,35.279998779296875,0.64,-0.5165,0.2743,0.0,0.903,10.074
2020-05-14,0.6454944014549255,0.1698831170797348,9733.7216796875,27.559999465942383,1.08236825466156,1.224155068397522,1738.0999755859375,0.00935165025293827,0.05414918065071106,5418.0,79011.0,5741.5,2852.5,19914.779296875,2760.22998046875,32.61000061035156,0.63,-0.5165,0.2743,0.0,0.903,10.074
2020-05-15,0.6471235156059265,0.17213481664657593,9328.197265625,29.43000030517578,1.0806955099105835,1.2233912944793701,1753.4000244140625,0.009314022026956081,0.05427997559309006,5492.7998046875,77557.0,5799.7998046875,2863.699951171875,20037.470703125,2770.699951171875,31.889999389648438,0.64,-0.5165,0.2743,0.0,0.903,10.074
2020-05-18,0.6425785422325134,0.17078836262226105,9726.5751953125,31.81999969482422,1.0821340084075928,1.2085760831832886,1731.800048828125,0.0093276621773839,0.05385870486497879,5557.5,81194.0,6048.60009765625,2953.909912109375,20133.73046875,2911.8798828125,29.299999237060547,0.73,-0.5165,0.2743,0.0,0.903,10.074
2020-05-19,0.652600109577179,0.17485575377941132,9729.0380859375,32.5,1.0915124416351318,1.2200031280517578,1744.199951171875,0.009312634356319904,0.05453751981258392,5658.7998046875,80742.0,6002.2001953125,2922.93994140625,20433.44921875,2902.580078125,30.530000686645508,0.7,-0.5165,0.2743,0.0,0.903,10.074
2020-05-20,0.6540094017982483,0.17375591397285461,9522.9814453125,33.4900016784668,1.0927767753601074,1.2255953550338745,1750.5999755859375,0.009275577962398529,0.05457710847258568,5680.10009765625,81319.0,6067.2001953125,2971.610107421875,20595.150390625,2942.389892578125,27.989999771118164,0.68,-0.5165,0.2743,0.0,0.903,10.074
2020-05-21,0.65923011302948,0.17573149502277374,9081.76171875,33.91999816894531,1.0982975959777832,1.2236906290054321,1720.5,0.009294457733631134,0.055811699479818344,5660.89990234375,83027.0,6015.2998046875,2948.510009765625,20552.310546875,2942.389892578125,29.530000686645508,0.68,-0.5165,0.2743,0.0,0.903,10.074
2020-05-22,0.6566894054412842,0.18010228872299194,9182.5771484375,33.25,1.0952903032302856,1.2223445177078247,1734.5999755859375,0.009291003458201885,0.056910984218120575,5608.7998046875,82173.0,5993.2998046875,2955.449951171875,20388.16015625,2905.469970703125,28.15999984741211,0.66,-0.5165,0.2743,0.0,0.903,10.074
2020-05-26,0.6547399163246155,0.18370871245861053,8835.052734375,34.349998474121094,1.0902997255325317,1.220137119293213,1704.800048828125,0.009286172688007355,0.056704770773649216,5889.89990234375,85469.0,6067.7998046875,2991.77001953125,21271.169921875,2999.219970703125,28.010000228881836,0.69,-0.5165,0.2743,0.0,0.903,10.074
2020-05-27,0.6646699905395508,0.18712575733661652,9181.017578125,32.810001373291016,1.0981770753860474,1.23350191116333,1710.300048828125,0.009303105063736439,0.057534750550985336,5884.89990234375,87946.0,6144.2998046875,3036.1298828125,21419.23046875,3051.080078125,27.6200008392334,0.68,-0.5165,0.2743,0.0,0.903,10.074
2020-05-28,0.6620806455612183,0.18965615332126617,9525.7509765625,33.709999084472656,1.1016855239868164,1.2264822721481323,1713.300048828125,0.009276609867811203,0.05766640231013298,5957.7998046875,86949.0,6218.7998046875,3029.72998046875,21916.310546875,3094.469970703125,28.59000015258789,0.7,-0.5165,0.2743,0.0,0.903,10.074
2020-05-29,0.6633498668670654,0.18506179749965668,9439.1240234375,35.4900016784668,1.1079105138778687,1.2321492433547974,1736.9000244140625,0.009289967827498913,0.0572170726954937,5872.2001953125,87403.0,6076.60009765625,3044.31005859375,21877.890625,3050.199951171875,27.510000228881836,0.65,-0.5165,0.2743,0.0,0.903,10.074
2020-06-01,0.6659784913063049,0.18744845688343048,10167.2685546875,35.439998626708984,1.1118524074554443,1.2347996234893799,1737.800048828125,0.009284361265599728,0.05693626031279564,5938.39990234375,88620.0,6166.39990234375,3055.72998046875,22062.390625,3050.199951171875,28.229999542236328,0.66,-0.4342857143,0.278,0.03,0.928,9.9580952381
2020-06-02,0.6786000728607178,0.18634119629859924,9529.8037109375,36.810001373291016,1.1125946044921875,1.248704433441162,1725.199951171875,0.00929817371070385,0.05752892419695854,5960.10009765625,91046.0,6220.10009765625,3080.820068359375,22325.609375,3159.02001953125,26.84000015258789,0.68,-0.4342857143,0.278,0.03,0.928,9.9580952381
2020-06-03,0.6914199590682983,0.19233359396457672,9656.7177734375,37.290000915527344,1.118943691253662,1.2581465244293213,1697.800048828125,0.00919041596353054,0.05830397456884384,6064.89990234375,93002.0,6382.39990234375,3122.8701171875,22613.759765625,3269.590087890625,25.65999984741211,0.77,-0.4342857143,0.278,0.03,0.928,9.9580952381
2020-06-04,0.6929046511650085,0.1975659728050232,9800.63671875,37.40999984741211,1.1235954761505127,1.2575136423110962,1718.9000244140625,0.00917439628392458,0.05918771028518677,6112.0,93829.0,6341.39990234375,3112.35009765625,22695.740234375,3261.669921875,25.809999465942383,0.82,-0.4342857143,0.278,0.03,0.928,9.9580952381
2020-06-05,0.6939899921417236,0.19541937112808228,9665.533203125,39.54999923706055,1.1337867975234985,1.2609069347381592,1676.199951171875,0.00916170421987772,0.05925855413079262,6116.5,94637.0,6484.2998046875,3193.929931640625,22863.73046875,3384.2900390625,24.520000457763672,0.91,-0.4342857143,0.278,0.03,0.928,9.9580952381
2020-06-09,0.7024494409561157,0.20740003883838654,9795.7001953125,38.939998626708984,1.1305567026138306,1.2735283374786377,1714.699951171875,0.009224326349794865,0.06005789339542389,6262.89990234375,96747.0,6335.7001953125,3207.179931640625,23091.029296875,3320.7099609375,27.56999969482422,0.84,-0.4342857143,0.278,0.03,0.928,9.9580952381
2020-06-10,0.6942998170852661,0.2041483074426651,9870.0947265625,39.599998474121094,1.1332215070724487,1.2711325883865356,1713.300048828125,0.009276696480810642,0.060300540179014206,6269.2998046875,94686.0,6329.10009765625,3190.139892578125,23124.94921875,3293.7099609375,27.56999969482422,0.75,-0.4342857143,0.278,0.03,0.928,9.9580952381
2020-06-12,0.6830880641937256,0.2010050266981125,9480.84375,36.2599983215332,1.1288082599639893,1.257703423500061,1729.300048828125,0.009363032877445221,0.058140113949775696,5959.89990234375,92795.0,6105.2001953125,3041.31005859375,22305.48046875,3153.739990234375,36.09000015258789,0.71,-0.4342857143,0.278,0.03,0.928,9.9580952381
2020-06-15,0.6825007200241089,0.19810611009597778,9450.7021484375,37.119998931884766,1.1252011060714722,1.2508755922317505,1720.300048828125,0.009318709373474121,0.05822975933551788,5830.0,92376.0,6064.7001953125,3066.590087890625,21530.94921875,3136.39990234375,34.400001525878906,0.71,-0.4342857143,0.278,0.03,0.928,9.9580952381
2020-06-17,0.6895315051078796,0.1907086819410324,9480.2548828125,37.959999084472656,1.1265701055526733,1.258510708808899,1729.199951171875,0.009310119785368443,0.05825468897819519,6109.10009765625,95547.0,6253.2998046875,3113.489990234375,22455.759765625,3267.260009765625,33.470001220703125,0.74,-0.4342857143,0.278,0.03,0.928,9.9580952381
2020-06-18,0.6875702142715454,0.19128139317035675,9411.8408203125,38.84000015258789,1.1242902278900146,1.2552721500396729,1724.800048828125,0.009355062618851662,0.05820376053452492,6051.89990234375,96125.0,6224.10009765625,3115.340087890625,22355.4609375,3249.89990234375,32.939998626708984,0.71,-0.4342857143,0.278,0.03,0.928,9.9580952381
2020-06-19,0.6857205629348755,0.18597039580345154,9288.0185546875,39.75,1.1211000680923462,1.2426837682724,1745.9000244140625,0.009345270693302155,0.057569198310375214,6061.60009765625,96572.0,6292.60009765625,3097.739990234375,22478.7890625,3269.10009765625,35.119998931884766,0.7,-0.4342857143,0.278,0.03,0.928,9.9580952381
2020-06-22,0.6822911500930786,0.18832391500473022,9648.7177734375,40.459999084472656,1.1177555322647095,1.234811782836914,1756.699951171875,0.00936057884246111,0.05751720815896988,6058.0,95336.0,6244.60009765625,3117.860107421875,22437.26953125,3241.68994140625,31.770000457763672,0.71,-0.4342857143,0.278,0.03,0.928,9.9580952381
2020-06-23,0.6931601762771606,0.19040727615356445,9629.658203125,40.369998931884766,1.1279679536819458,1.250156283378601,1772.0999755859375,0.009354274719953537,0.05795152857899666,6069.2998046875,95975.0,6320.10009765625,3131.2900390625,22549.05078125,3298.830078125,31.3700008392334,0.72,-0.4342857143,0.278,0.03,0.928,9.9580952381
2020-06-24,0.6940299272537231,0.1941370666027069,9313.6103515625,38.0099983215332,1.1312345266342163,1.2524893283843994,1765.800048828125,0.009395670145750046,0.05818452313542366,6081.60009765625,94377.0,6123.7001953125,3050.330078125,22534.3203125,3196.1201171875,33.84000015258789,0.69,-0.4342857143,0.278,0.03,0.928,9.9580952381
2020-06-25,0.685678243637085,0.1870347559452057,9264.8134765625,38.720001220703125,1.1250872611999512,1.2412954568862915,1762.0999755859375,0.009341953322291374,0.057496048510074615,5928.0,95983.0,6147.10009765625,3083.760009765625,22259.7890625,3218.909912109375,32.220001220703125,0.68,-0.4342857143,0.278,0.03,0.928,9.9580952381
2020-06-26,0.6888190507888794,0.18658457696437836,9162.91796875,38.4900016784668,1.1222084760665894,1.2425447702407837,1772.5,0.009332275949418545,0.058386318385601044,6011.7998046875,93834.0,6159.2998046875,3009.050048828125,22512.080078125,3204.169921875,34.72999954223633,0.64,-0.4342857143,0.278,0.03,0.928,9.9580952381
2020-06-29,0.6861910820007324,0.18245179951190948,9190.8544921875,39.70000076293945,1.1225864887237549,1.2342174053192139,1774.800048828125,0.009326792322099209,0.05780714005231857,5915.60009765625,95735.0,6225.7998046875,3053.239990234375,21995.0390625,3232.02001953125,31.780000686645508,0.64,-0.4342857143,0.278,0.03,0.928,9.9580952381
2020-06-30,0.6871907711029053,0.18511319160461426,9137.9931640625,39.27000045776367,1.1247202157974243,1.2310571670532227,1793.0,0.009294544346630573,0.0580747053027153,6001.2998046875,95056.0,6169.7001953125,3100.2900390625,22288.140625,3234.070068359375,30.43000030517578,0.66,-0.4342857143,0.278,0.03,0.928,9.9580952381
2020-07-01,0.69020015001297,0.18309317529201508,9228.3251953125,39.81999969482422,1.1235954761505127,1.2389271259307861,1773.199951171875,0.009260202758014202,0.05766373872756958,6041.0,96203.0,6158.0,3115.860107421875,22121.73046875,3228.449951171875,28.6200008392334,0.69,-0.5230434783,0.2094,0.01,0.897,10.2652173913
2020-07-02,0.6913239359855652,0.1881042867898941,9123.41015625,40.650001525878906,1.1251378059387207,1.2464786767959595,1784.0,0.009313935413956642,0.058687854558229446,6142.2998046875,96235.0,6240.39990234375,3130.010009765625,22145.9609375,3320.090087890625,27.68000030517578,0.68,-0.5230434783,0.2094,0.01,0.897,10.2652173913
2020-07-06,0.694840133190155,0.18827427923679352,9375.474609375,40.630001068115234,1.1247202157974243,1.247551679611206,1788.5,0.009295494295656681,0.058679696172475815,6125.89990234375,98937.0,6285.89990234375,3179.719970703125,22714.439453125,3350.030029296875,27.940000534057617,0.69,-0.5230434783,0.2094,0.01,0.897,10.2652173913
2020-07-07,0.6976999044418335,0.18676577508449554,9252.27734375,40.619998931884766,1.1312856674194336,1.249547004699707,1804.199951171875,0.009314542636275291,0.05889402702450752,6126.7001953125,97761.0,6189.89990234375,3145.320068359375,22614.689453125,3321.56005859375,29.43000030517578,0.65,-0.5230434783,0.2094,0.01,0.897,10.2652173913
2020-07-08,0.6942322850227356,0.1859496384859085,9428.3330078125,40.900001525878906,1.1275228261947632,1.2542802095413208,1815.5,0.00929558090865612,0.05826776102185249,6034.2998046875,99770.0,6156.2001953125,3169.93994140625,22438.650390625,3286.090087890625,28.079999923706055,0.67,-0.5230434783,0.2094,0.01,0.897,10.2652173913
2020-07-09,0.6989096999168396,0.18717478215694427,9277.9677734375,39.619998931884766,1.1339154243469238,1.2613521814346313,1799.199951171875,0.009321141988039017,0.059165649116039276,6074.89990234375,99160.0,6049.60009765625,3152.050048828125,22529.2890625,3261.169921875,29.260000228881836,0.62,-0.5230434783,0.2094,0.01,0.897,10.2652173913
2020-07-10,0.695894181728363,0.18734310567378998,9278.8076171875,40.54999923706055,1.1287955045700073,1.2605094909667969,1798.199951171875,0.00932522676885128,0.059435468167066574,6036.2998046875,100032.0,6095.39990234375,3185.0400390625,22290.810546875,3296.219970703125,27.290000915527344,0.65,-0.5230434783,0.2094,0.01,0.897,10.2652173913
2020-07-13,0.6950284838676453,0.1877264380455017,9243.6142578125,40.099998474121094,1.1310042142868042,1.2627506256103516,1811.0,0.00935366190969944,0.05949742719531059,6089.2998046875,98697.0,6176.2001953125,3155.219970703125,22784.740234375,3350.0,32.189998626708984,0.64,-0.5230434783,0.2094,0.01,0.897,10.2652173913
2020-07-14,0.6940106749534607,0.18513375520706177,9243.2138671875,40.290000915527344,1.134549617767334,1.255177617073059,1810.5999755859375,0.009321749210357666,0.05957416072487831,6045.5,100440.0,6179.7998046875,3197.52001953125,22587.009765625,3321.389892578125,29.520000457763672,0.63,-0.5230434783,0.2094,0.01,0.897,10.2652173913
2020-07-15,0.6988999247550964,0.18633078038692474,9192.8369140625,41.20000076293945,1.1410704851150513,1.25692880153656,1811.4000244140625,0.009324443526566029,0.05993945896625519,6160.39990234375,101791.0,6292.7001953125,3226.56005859375,22945.5,3378.2099609375,27.760000228881836,0.64,-0.5230434783,0.2094,0.01,0.897,10.2652173913
2020-07-16,0.7009181976318359,0.18632562458515167,9132.2275390625,40.75,1.1417193412780762,1.2591001987457275,1798.699951171875,0.009353050030767918,0.06033983454108238,6123.0,100553.0,6250.7001953125,3215.570068359375,22770.359375,3365.35009765625,28.0,0.62,-0.5230434783,0.2094,0.01,0.897,10.2652173913
2020-07-17,0.6978002190589905,0.18759262561798096,9151.392578125,40.59000015258789,1.139211654663086,1.2559500932693481,1808.300048828125,0.009321575984358788,0.05978715792298317,6144.89990234375,102888.0,6290.2998046875,3224.72998046875,22696.419921875,3365.60009765625,25.68000030517578,0.64,-0.5230434783,0.2094,0.01,0.897,10.2652173913
2020-07-20,0.7004998922348022,0.18569067120552063,9164.2314453125,40.810001373291016,1.1442956924438477,1.2571184635162354,1815.9000244140625,0.009337940253317356,0.060022931545972824,6112.2998046875,104426.0,6261.5,3251.840087890625,22717.48046875,3388.340087890625,24.459999084472656,0.62,-0.5230434783,0.2094,0.01,0.897,10.2652173913
2020-07-21,0.7025925517082214,0.18769824504852295,9374.8876953125,41.959999084472656,1.1458691358566284,1.266175389289856,1842.4000244140625,0.009328706189990044,0.060179587453603745,6268.7998046875,104310.0,6269.7001953125,3257.300048828125,22884.220703125,3405.35009765625,24.84000015258789,0.61,-0.5230434783,0.2094,0.01,0.897,10.2652173913
2020-07-22,0.7135599255561829,0.193431094288826,9525.36328125,41.900001525878906,1.15340256690979,1.2730745077133179,1864.0999755859375,0.009360491298139095,0.061035528779029846,6192.60009765625,104290.0,6207.10009765625,3276.02001953125,22751.609375,3370.760009765625,24.31999969482422,0.6,-0.5230434783,0.2094,0.01,0.897,10.2652173913
2020-07-27,0.7098188996315002,0.19123749434947968,10990.873046875,41.599998474121094,1.1652567386627197,1.2795906066894531,1931.0,0.009434585459530354,0.0600157231092453,6169.60009765625,104477.0,6104.89990234375,3239.409912109375,22715.849609375,3302.840087890625,24.739999771118164,0.62,-0.5230434783,0.2094,0.01,0.897,10.2652173913
2020-07-28,0.7159000635147095,0.19449873268604279,10912.8232421875,41.040000915527344,1.1769275665283203,1.2889753580093384,1944.699951171875,0.00950019434094429,0.061018772423267365,6146.7998046875,104109.0,6129.2998046875,3218.43994140625,22657.380859375,3303.56005859375,25.440000534057617,0.59,-0.5230434783,0.2094,0.01,0.897,10.2652173913
2020-07-29,0.71602463722229,0.19408808648586273,11100.4677734375,41.27000045776367,1.171879529953003,1.292373776435852,1953.5,0.009514113888144493,0.060713138431310654,6128.0,105605.0,6131.5,3258.43994140625,22397.109375,3300.159912109375,24.100000381469727,0.58,-0.5230434783,0.2094,0.01,0.897,10.2652173913
2020-07-30,0.7171697616577148,0.19346851110458374,11111.2138671875,39.91999816894531,1.1782865524291992,1.298246145248413,1942.300048828125,0.009520907886326313,0.06042960658669472,6177.5,105009.0,5990.0,3246.219970703125,22339.23046875,3208.199951171875,24.760000228881836,0.55,-0.5230434783,0.2094,0.01,0.897,10.2652173913
2020-07-31,0.7203676700592041,0.19402781128883362,11323.466796875,40.27000045776367,1.1872254610061646,1.311785101890564,1962.800048828125,0.009552649222314358,0.05979037657380104,6058.2998046875,102912.0,5897.7998046875,3271.1201171875,21710.0,3174.320068359375,24.459999084472656,0.55,-0.5230434783,0.2094,0.01,0.897,10.2652173913
2020-08-03,0.7146890163421631,0.1915268450975418,11246.3486328125,41.0099983215332,1.1782310009002686,1.3101695775985718,1966.0,0.009445903822779655,0.05874618887901306,6053.89990234375,102830.0,6032.89990234375,3294.610107421875,22195.380859375,3248.280029296875,24.280000686645508,0.56,-0.5230434783,0.2094,0.01,0.897,10.2652173913
2020-08-04,0.7117944359779358,0.188015878200531,11205.892578125,41.70000076293945,1.1763322353363037,1.3078734874725342,2001.199951171875,0.009431293234229088,0.05818689242005348,6166.5,101216.0,6036.0,3306.510009765625,22573.66015625,3254.2900390625,23.760000228881836,0.52,-0.5230434783,0.2094,0.01,0.897,10.2652173913
2020-08-05,0.7177102565765381,0.1890287548303604,11747.0224609375,42.189998626708984,1.181544303894043,1.3086093664169312,2031.0999755859375,0.00946844182908535,0.057629019021987915,6135.89990234375,102802.0,6104.7001953125,3327.77001953125,22514.849609375,3268.3798828125,22.989999771118164,0.55,-0.5230434783,0.2094,0.01,0.897,10.2652173913
2020-08-06,0.7199097275733948,0.18900375068187714,11779.7734375,41.95000076293945,1.187281847000122,1.3126804828643799,2051.5,0.009473913349211216,0.057722724974155426,6180.2998046875,104126.0,6026.89990234375,3349.159912109375,22418.150390625,3240.389892578125,22.649999618530273,0.55,-0.5230434783,0.2094,0.01,0.897,10.2652173913
2020-08-07,0.7230997681617737,0.18757152557373047,11601.47265625,41.220001220703125,1.1876484155654907,1.3138015270233154,2010.0999755859375,0.009471400640904903,0.05741450935602188,6144.89990234375,102776.0,6032.2001953125,3351.280029296875,22329.939453125,3252.64990234375,22.209999084472656,0.57,-0.5230434783,0.2094,0.01,0.897,10.2652173913
2020-08-11,0.7158001661300659,0.1824650913476944,11410.525390625,41.61000061035156,1.1737778186798096,1.3077194690704346,1932.5999755859375,0.009434674866497517,0.05663508176803589,6272.10009765625,102174.0,6154.2998046875,3333.68994140625,22750.240234375,3332.1201171875,24.030000686645508,0.64,-0.5230434783,0.2094,0.01,0.897,10.2652173913
2020-08-12,0.7145199775695801,0.1858597844839096,11584.9345703125,42.66999816894531,1.1736538410186768,1.3050740957260132,1934.9000244140625,0.009387820027768612,0.057171277701854706,6257.0,102118.0,6280.10009765625,3380.35009765625,22843.9609375,3363.179931640625,22.280000686645508,0.69,-0.5230434783,0.2094,0.01,0.897,10.2652173913
2020-08-13,0.7164863348007202,0.1839926391839981,11784.1376953125,42.2400016784668,1.179380178451538,1.3048017024993896,1956.699951171875,0.009361367672681808,0.05730298161506653,6223.89990234375,100461.0,6185.60009765625,3373.429931640625,23249.609375,3342.85009765625,22.1299991607666,0.71,-0.5230434783,0.2094,0.01,0.897,10.2652173913
2020-08-14,0.7148800492286682,0.18632382154464722,11768.87109375,42.0099983215332,1.1816558837890625,1.3070528507232666,1937.0,0.009347016923129559,0.057444196194410324,6261.7001953125,101353.0,6090.0,3372.85009765625,23289.359375,3305.050048828125,22.049999237060547,0.71,-0.5230434783,0.2094,0.01,0.897,10.2652173913
2020-08-17,0.7192589044570923,0.18447460234165192,12254.40234375,42.88999938964844,1.1852554082870483,1.3107001781463623,1985.0,0.009384912438690662,0.05759473145008087,6218.5,99595.0,6127.39990234375,3381.989990234375,23096.75,3305.85009765625,21.350000381469727,0.69,-0.5230434783,0.2094,0.01,0.897,10.2652173913
2020-08-18,0.7218131422996521,0.1815442144870758,11991.2333984375,42.88999938964844,1.1876484155654907,1.3107877969741821,1999.4000244140625,0.009434406645596027,0.057144489139318466,6268.7001953125,102065.0,6076.60009765625,3389.780029296875,23051.080078125,3289.639892578125,21.510000228881836,0.67,-0.5230434783,0.2094,0.01,0.897,10.2652173913
2020-08-19,0.7257947325706482,0.18296921253204346,11758.283203125,42.93000030517578,1.1947859525680542,1.325398564338684,1958.699951171875,0.009503534995019436,0.05777851864695549,6314.10009765625,100854.0,6112.0,3374.85009765625,23110.609375,3317.6201171875,22.540000915527344,0.68,-0.5230434783,0.2094,0.01,0.897,10.2652173913
2020-08-20,0.7188039422035217,0.17997264862060547,11878.3720703125,42.58000183105469,1.1843500137329102,1.311079978942871,1933.800048828125,0.009426936507225037,0.05797068029642105,6271.7001953125,101468.0,6013.2998046875,3385.510009765625,22880.619140625,3273.97998046875,22.719999313354492,0.65,-0.5230434783,0.2094,0.01,0.897,10.2652173913
2020-08-21,0.7206116914749146,0.179988831281662,11592.4892578125,42.34000015258789,1.1873664855957031,1.3220343589782715,1934.5999755859375,0.009463871829211712,0.05799202620983124,6270.7001953125,101521.0,6001.89990234375,3397.159912109375,22920.30078125,3259.75,22.540000915527344,0.64,-0.5230434783,0.2094,0.01,0.897,10.2652173913
2020-08-24,0.7161374688148499,0.17798028886318207,11774.595703125,42.619998931884766,1.1798018217086792,1.3094146251678467,1927.699951171875,0.00944492220878601,0.058342378586530685,6300.2998046875,102298.0,6104.7001953125,3431.280029296875,22985.509765625,3331.739990234375,22.3700008392334,0.65,-0.5230434783,0.2094,0.01,0.897,10.2652173913
2020-08-25,0.7168900370597839,0.1782340556383133,11366.134765625,43.349998474121094,1.1794538497924805,1.307138204574585,1911.800048828125,0.009434585459530354,0.05896452069282532,6332.0,102118.0,6037.0,3443.6201171875,23296.76953125,3329.7099609375,22.030000686645508,0.69,-0.5230434783,0.2094,0.01,0.897,10.2652173913
2020-08-26,0.7199320793151855,0.18157388269901276,11488.36328125,43.38999938964844,1.183501958847046,1.3152183294296265,1940.699951171875,0.009398054331541061,0.05946607515215874,6294.5,100627.0,6045.60009765625,3478.72998046875,23290.859375,3356.760009765625,23.270000457763672,0.69,-0.5230434783,0.2094,0.01,0.897,10.2652173913
2020-08-27,0.7245011925697327,0.17834213376045227,11323.3974609375,43.040000915527344,1.1842728853225708,1.3219819068908691,1921.5999755859375,0.009446795098483562,0.059335559606552124,6310.60009765625,100624.0,6000.0,3484.550048828125,23208.859375,3331.0400390625,24.469999313354492,0.74,-0.5230434783,0.2094,0.01,0.897,10.2652173913
2020-08-28,0.7269898653030396,0.1795751303434372,11542.5,42.970001220703125,1.1819632053375244,1.3199577331542969,1964.5999755859375,0.009377608075737953,0.058707498013973236,6260.7998046875,102143.0,5963.60009765625,3508.010009765625,22882.650390625,3315.5400390625,22.959999084472656,0.74,-0.5230434783,0.2094,0.01,0.897,10.2652173913
2020-09-01,0.738099992275238,0.18211950361728668,11970.478515625,42.7599983215332,1.193901538848877,1.3364516496658325,1968.199951171875,0.009433606639504433,0.05900672823190689,6143.2001953125,102168.0,5862.10009765625,3526.64990234375,23138.0703125,3277.580078125,26.1200008392334,0.68,-0.5240909091,0.273,0.015,0.894,10.2157142857
2020-09-02,0.7378494143486023,0.18527783453464508,11414.0341796875,41.5099983215332,1.1923214197158813,1.339943766593933,1934.4000244140625,0.00944322720170021,0.06013890728354454,6251.7998046875,101911.0,5941.0,3580.840087890625,23247.150390625,3337.77001953125,26.56999969482422,0.66,-0.5240909091,0.273,0.015,0.894,10.2157142857
2020-09-03,0.7331109642982483,0.18731153011322021,10245.296875,41.369998931884766,1.184735894203186,1.335131287574768,1927.5999755859375,0.009415486827492714,0.059505388140678406,6301.0,100721.0,5850.89990234375,3455.06005859375,23465.529296875,3304.219970703125,33.599998474121094,0.63,-0.5240909091,0.273,0.015,0.894,10.2157142857
2020-09-04,0.725584089756012,0.18903949856758118,10511.8134765625,39.77000045776367,1.1839784383773804,1.3262248039245605,1923.9000244140625,0.009426314383745193,0.059698645025491714,6108.7998046875,101242.0,5799.10009765625,3426.9599609375,23205.4296875,3260.590087890625,30.75,0.72,-0.5240909091,0.273,0.015,0.894,10.2157142857
2020-09-08,0.7280998229980469,0.18873979151248932,10131.5166015625,36.7599983215332,1.1821727752685547,1.3162224292755127,1933.0,0.009406895376741886,0.059874504804611206,6190.2001953125,100050.0,5930.2998046875,3331.840087890625,23274.130859375,3267.3701171875,31.459999084472656,0.69,-0.5240909091,0.273,0.015,0.894,10.2157142857
2020-09-09,0.7209399938583374,0.18654628098011017,10242.34765625,38.04999923706055,1.177024483680725,1.2968486547470093,1944.699951171875,0.009436811320483685,0.05897374078631401,6058.89990234375,101292.0,6012.7998046875,3398.9599609375,23032.5390625,3324.830078125,28.809999465942383,0.71,-0.5240909091,0.273,0.015,0.894,10.2157142857
2020-09-10,0.727660059928894,0.18837714195251465,10363.138671875,37.29999923706055,1.1806375980377197,1.2999167442321777,1954.199951171875,0.00941344816237688,0.06030017510056496,6090.0,98835.0,6003.2998046875,3339.18994140625,23235.470703125,3312.77001953125,29.709999084472656,0.68,-0.5240909091,0.273,0.015,0.894,10.2157142857
2020-09-11,0.7262997627258301,0.18795226514339447,10400.9150390625,37.33000183105469,1.1824384927749634,1.2808295488357544,1937.800048828125,0.009421252645552158,0.0593884140253067,6038.89990234375,98363.0,6032.10009765625,3340.969970703125,23406.490234375,3315.81005859375,26.8700008392334,0.67,-0.5240909091,0.273,0.015,0.894,10.2157142857
2020-09-14,0.728151798248291,0.1881042867898941,10680.837890625,37.2599983215332,1.1842728853225708,1.2806557416915894,1953.0999755859375,0.009421075694262981,0.05987109616398811,6078.5,100275.0,6026.2998046875,3383.5400390625,23559.30078125,3316.7900390625,25.850000381469727,0.68,-0.5240909091,0.273,0.015,0.894,10.2157142857
2020-09-15,0.7286000847816467,0.18981455266475677,10796.951171875,38.279998779296875,1.187000036239624,1.2849671840667725,1956.300048828125,0.00945939589291811,0.060070887207984924,6079.2998046875,100298.0,6105.5,3401.199951171875,23454.890625,3332.260009765625,25.59000015258789,0.68,-0.5240909091,0.273,0.015,0.894,10.2157142857
2020-09-16,0.7296819686889648,0.18959861993789673,10974.9052734375,40.15999984741211,1.1844412088394165,1.2884771823883057,1960.199951171875,0.009489377029240131,0.06093214079737663,6146.89990234375,99676.0,6078.5,3385.489990234375,23475.529296875,3338.840087890625,26.040000915527344,0.69,-0.5240909091,0.273,0.015,0.894,10.2157142857
2020-09-17,0.7295500040054321,0.19098548591136932,10948.990234375,40.970001220703125,1.1803449392318726,1.2959998846054077,1940.0,0.00951818935573101,0.06148284301161766,6069.2001953125,100098.0,6049.89990234375,3357.010009765625,23319.369140625,3316.570068359375,26.459999084472656,0.69,-0.5240909091,0.273,0.015,0.894,10.2157142857
2020-09-18,0.7313095927238464,0.19091984629631042,10944.5859375,41.11000061035156,1.1848200559616089,1.2975554466247559,1952.0999755859375,0.009551281109452248,0.061995893716812134,6057.60009765625,98290.0,6007.10009765625,3319.469970703125,23360.30078125,3283.68994140625,25.829999923706055,0.7,-0.5240909091,0.273,0.015,0.894,10.2157142857
2020-09-23,0.717442512512207,0.1828186959028244,10246.1865234375,39.93000030517578,1.1708368062973022,1.2744048833847046,1859.9000244140625,0.009520727209746838,0.059646543115377426,6111.2998046875,95735.0,5899.2998046875,3236.919921875,23346.490234375,3180.110107421875,28.579999923706055,0.68,-0.5240909091,0.273,0.015,0.894,10.2157142857
2020-09-25,0.7057162523269653,0.18154092133045197,10692.716796875,40.25,1.1673243045806885,1.2757054567337036,1857.699951171875,0.009484516456723213,0.05917055159807205,6140.5,96999.0,5842.7001953125,3298.4599609375,23204.619140625,3137.06005859375,26.3799991607666,0.66,-0.5240909091,0.273,0.015,0.894,10.2157142857
2020-09-28,0.7041906118392944,0.17982053756713867,10709.65234375,40.599998474121094,1.1635348796844482,1.2766826152801514,1872.800048828125,0.009472029283642769,0.058443643152713776,6134.89990234375,94666.0,5927.89990234375,3351.60009765625,23511.619140625,3223.18994140625,26.190000534057617,0.67,-0.5240909091,0.273,0.015,0.894,10.2157142857
2020-09-29,0.7095197439193726,0.17667220532894135,10844.640625,39.290000915527344,1.167883276939392,1.2873492240905762,1894.300048828125,0.009484696201980114,0.058834947645664215,6141.5,93580.0,5897.5,3335.469970703125,23539.099609375,3214.300048828125,26.270000457763672,0.66,-0.5240909091,0.273,0.015,0.894,10.2157142857
2020-09-30,0.714360237121582,0.17760412395000458,10784.4912109375,40.220001220703125,1.1742050647735596,1.2866535186767578,1887.5,0.009463961236178875,0.05907728523015976,6009.2998046875,94603.0,5866.10009765625,3363.0,23185.119140625,3193.610107421875,26.3700008392334,0.69,-0.5240909091,0.273,0.015,0.894,10.2157142857
2020-10-02,0.7182875871658325,0.17724210023880005,10575.974609375,37.04999923706055,1.1744946241378784,1.2886265516281128,1900.199951171875,0.009474811144173145,0.06079396978020668,5983.2001953125,94016.0,5902.10009765625,3348.419921875,23029.900390625,3190.929931640625,27.6299991607666,0.7,-0.6072727273,0.3058,0.04,0.802,10.3886363636
2020-10-05,0.7177205085754395,0.1760067492723465,10793.33984375,39.220001220703125,1.1720443964004517,1.2931090593338013,1912.5,0.009477774612605572,0.06075703352689743,6135.10009765625,96089.0,5942.89990234375,3408.60009765625,23312.140625,3220.219970703125,27.959999084472656,0.78,-0.6072727273,0.3058,0.04,0.802,10.3886363636
2020-10-06,0.7193209528923035,0.17942368984222412,10604.40625,40.66999816894531,1.1792453527450562,1.2992581129074097,1901.0999755859375,0.009460111148655415,0.0604291670024395,6164.2001953125,95615.0,5949.89990234375,3360.969970703125,23433.73046875,3233.300048828125,29.479999542236328,0.76,-0.6072727273,0.3058,0.04,0.802,10.3886363636
2020-10-07,0.7110099792480469,0.17876935005187988,10668.96875,39.95000076293945,1.1737639904022217,1.2883278131484985,1883.5999755859375,0.009466111660003662,0.059922222048044205,6239.60009765625,95526.0,5946.2998046875,3419.43994140625,23422.8203125,3233.429931640625,28.059999465942383,0.81,-0.6072727273,0.3058,0.04,0.802,10.3886363636
2020-10-08,0.713820219039917,0.17821182310581207,10915.685546875,41.189998626708984,1.176747441291809,1.2917560338974,1888.5999755859375,0.0094370786100626,0.060187261551618576,6305.7998046875,97920.0,5978.0,3446.830078125,23647.0703125,3255.760009765625,26.360000610351562,0.78,-0.6072727273,0.3058,0.04,0.802,10.3886363636
2020-10-09,0.7177998423576355,0.17861609160900116,11064.4580078125,40.599998474121094,1.1767003536224365,1.29404616355896,1919.5,0.009432360529899597,0.06032967567443848,6312.5,97483.0,6016.7001953125,3477.139892578125,23619.689453125,3273.1201171875,25.0,0.79,-0.6072727273,0.3058,0.04,0.802,10.3886363636
2020-10-13,0.721188485622406,0.18084163963794708,11425.8994140625,40.20000076293945,1.1816140413284302,1.3065747022628784,1888.5,0.00949316006153822,0.060633618384599686,6400.2001953125,98503.0,5969.7001953125,3511.929931640625,23601.779296875,3279.18994140625,26.06999969482422,0.74,-0.6072727273,0.3058,0.04,0.802,10.3886363636
2020-10-14,0.7164401412010193,0.17958156764507294,11429.5068359375,41.040000915527344,1.1742188930511475,1.2935272455215454,1901.300048828125,0.009481368586421013,0.06074522063136101,6387.39990234375,99334.0,5935.10009765625,3488.669921875,23626.73046875,3273.280029296875,26.399999618530273,0.73,-0.6072727273,0.3058,0.04,0.802,10.3886363636
2020-10-15,0.7141479849815369,0.1788748800754547,11495.349609375,40.959999084472656,1.1743981838226318,1.3012362718582153,1903.199951171875,0.009511218406260014,0.0604993961751461,6414.2001953125,99054.0,5832.5,3483.340087890625,23507.23046875,3192.68994140625,26.969999313354492,0.74,-0.6072727273,0.3058,0.04,0.802,10.3886363636
2020-10-16,0.7088397741317749,0.17821499705314636,11322.123046875,40.880001068115234,1.1707134246826172,1.2902060747146606,1900.800048828125,0.0094912676140666,0.06037735939025879,6385.0,98309.0,5919.60009765625,3483.81005859375,23410.630859375,3245.469970703125,27.40999984741211,0.76,-0.6072727273,0.3058,0.04,0.802,10.3886363636
2020-10-19,0.7095997929573059,0.17715418338775635,11742.037109375,40.83000183105469,1.1715501546859741,1.2927746772766113,1906.4000244140625,0.009485236369073391,0.06058182939887047,6435.60009765625,98658.0,5884.7001953125,3426.919921875,23671.130859375,3242.510009765625,29.18000030517578,0.78,-0.6072727273,0.3058,0.04,0.802,10.3886363636
2020-10-20,0.7056167125701904,0.17839303612709045,11916.3349609375,41.459999084472656,1.176885962486267,1.2948671579360962,1910.4000244140625,0.009481368586421013,0.06056128442287445,6396.7998046875,100540.0,5889.2001953125,3443.1201171875,23567.0390625,3227.8701171875,29.350000381469727,0.81,-0.6072727273,0.3058,0.04,0.802,10.3886363636
2020-10-21,0.7049998641014099,0.17843760550022125,12823.689453125,40.029998779296875,1.1829839944839478,1.2954038381576538,1924.5999755859375,0.009480739943683147,0.06079540774226189,6403.10009765625,100552.0,5776.5,3435.56005859375,23639.4609375,3180.699951171875,28.649999618530273,0.83,-0.6072727273,0.3058,0.04,0.802,10.3886363636
2020-10-22,0.7105603218078613,0.17832304537296295,12965.8916015625,40.63999938964844,1.1853959560394287,1.3131976127624512,1901.0999755859375,0.009553288109600544,0.061208575963974,6383.7001953125,101918.0,5785.7001953125,3453.489990234375,23474.26953125,3171.409912109375,28.110000610351562,0.87,-0.6072727273,0.3058,0.04,0.802,10.3886363636
2020-10-23,0.7126100659370422,0.17884927988052368,12931.5390625,39.849998474121094,1.1815024614334106,1.307805061340332,1902.0,0.009530981071293354,0.06181043013930321,6373.7001953125,101260.0,5860.2998046875,3465.389892578125,23516.58984375,3198.860107421875,27.549999237060547,0.85,-0.6072727273,0.3058,0.04,0.802,10.3886363636
2020-10-26,0.7132006287574768,0.17805634438991547,13075.248046875,38.560001373291016,1.1848480701446533,1.3054660558700562,1902.699951171875,0.009552649222314358,0.06165756285190582,6357.2998046875,101017.0,5792.0,3400.969970703125,23494.33984375,3105.25,32.459999084472656,0.81,-0.6072727273,0.3058,0.04,0.802,10.3886363636
2020-10-27,0.7117098569869995,0.17785048484802246,13654.21875,39.56999969482422,1.1809443235397339,1.301574945449829,1908.800048828125,0.009539072401821613,0.061806224286556244,6247.2001953125,99606.0,5729.0,3390.679931640625,23485.80078125,3070.60009765625,33.349998474121094,0.79,-0.6072727273,0.3058,0.04,0.802,10.3886363636
2020-10-28,0.7123100757598877,0.1752786934375763,13271.28515625,37.38999938964844,1.1784114837646484,1.303186297416687,1876.199951171875,0.009565259329974651,0.061781782656908035,6261.7998046875,95369.0,5582.7998046875,3271.030029296875,23418.509765625,2963.5400390625,40.279998779296875,0.79,-0.6072727273,0.3058,0.04,0.802,10.3886363636
2020-10-29,0.7055200934410095,0.174067422747612,13437.8828125,36.16999816894531,1.1748672723770142,1.2989881038665771,1865.5999755859375,0.009586349129676819,0.06116507574915886,6168.0,96582.0,5581.7998046875,3310.110107421875,23331.939453125,2960.030029296875,37.59000015258789,0.85,-0.6072727273,0.3058,0.04,0.802,10.3886363636
2020-10-30,0.7037599682807922,0.17307625710964203,13546.5224609375,35.790000915527344,1.1678695678710938,1.2931926250457764,1877.4000244140625,0.009564435109496117,0.06112992390990257,6133.2001953125,93952.0,5577.2998046875,3269.9599609375,22977.130859375,2958.2099609375,38.02000045776367,0.88,-0.6072727273,0.3058,0.04,0.802,10.3886363636
2020-11-04,0.7196833491325378,0.17376495897769928,14133.70703125,39.150001525878906,1.176221489906311,1.3121638298034668,1894.5999755859375,0.009565168060362339,0.06246408820152283,6265.0,97811.0,5883.2998046875,3443.43994140625,23695.23046875,3161.070068359375,29.56999969482422,0.78,-0.6072727273,0.3058,0.04,0.802,10.3886363636
2020-11-05,0.7180498242378235,0.17658483982086182,15579.8486328125,38.790000915527344,1.17326819896698,1.2966804504394531,1945.300048828125,0.009575058706104755,0.06303560733795166,6344.0,100774.0,5906.2001953125,3510.449951171875,24105.279296875,3215.56005859375,27.579999923706055,0.79,-0.6072727273,0.3058,0.04,0.802,10.3886363636
2020-11-06,0.7262701988220215,0.18104791641235352,15565.880859375,37.13999938964844,1.1817537546157837,1.3139395713806152,1950.300048828125,0.009652230888605118,0.06380033493041992,6395.0,100799.0,5910.0,3509.43994140625,24325.23046875,3204.050048828125,24.860000610351562,0.83,-0.6072727273,0.3058,0.04,0.802,10.3886363636
2020-11-09,0.7286717891693115,0.18647323548793793,15332.3154296875,40.290000915527344,1.1893010139465332,1.318061351776123,1853.199951171875,0.009684949181973934,0.06413545459508896,6515.7001953125,103913.0,6186.2998046875,3550.5,24839.83984375,3407.909912109375,25.75,0.96,-0.6072727273,0.3058,0.04,0.802,10.3886363636
2020-11-10,0.7282000184059143,0.18571136891841888,15290.90234375,41.36000061035156,1.182732105255127,1.3169677257537842,1875.4000244140625,0.009511399082839489,0.065073661506176,6544.0,105351.0,6296.89990234375,3545.530029296875,24905.58984375,3442.6201171875,24.799999237060547,0.98,-0.6072727273,0.3058,0.04,0.802,10.3886363636
2020-11-11,0.7281697988510132,0.18470972776412964,15701.33984375,41.45000076293945,1.1818794012069702,1.3261544704437256,1860.699951171875,0.009500284679234028,0.06414643675088882,6651.10009765625,104532.0,6382.10009765625,3572.659912109375,25349.599609375,3467.300048828125,23.450000762939453,0.98,-0.6072727273,0.3058,0.04,0.802,10.3886363636
2020-11-12,0.7284275889396667,0.18552875518798828,16276.34375,41.119998931884766,1.1780297756195068,1.3224189281463623,1872.5999755859375,0.00948631577193737,0.06399733573198318,6619.39990234375,102175.0,6338.89990234375,3537.010009765625,25520.880859375,3428.199951171875,25.350000381469727,0.88,-0.6072727273,0.3058,0.04,0.802,10.3886363636
2020-11-13,0.7240185737609863,0.1832609474658966,16317.80859375,40.130001068115234,1.1803393363952637,1.3121638298034668,1885.699951171875,0.009515653364360332,0.06393739581108093,6609.2998046875,104512.0,6316.39990234375,3585.14990234375,25385.869140625,3432.070068359375,23.100000381469727,0.89,-0.6072727273,0.3058,0.04,0.802,10.3886363636
2020-11-16,0.729080855846405,0.18325087428092957,16716.111328125,41.34000015258789,1.1845253705978394,1.3220518827438354,1887.300048828125,0.009553288109600544,0.06451009958982468,6687.0,106430.0,6421.2998046875,3626.909912109375,25906.9296875,3466.2099609375,22.450000762939453,0.91,-0.6072727273,0.3058,0.04,0.802,10.3886363636
2020-11-17,0.7320997714996338,0.18467561900615692,17645.40625,41.43000030517578,1.1859441995620728,1.322209119796753,1884.5,0.009565625339746475,0.0654146745800972,6697.7998046875,107229.0,6365.2998046875,3609.530029296875,26014.619140625,3468.47998046875,22.709999084472656,0.87,-0.6072727273,0.3058,0.04,0.802,10.3886363636
2020-11-18,0.7296000123023987,0.18771587312221527,17804.005859375,41.81999969482422,1.186366319656372,1.3259083032608032,1873.5,0.009598678909242153,0.06522390991449356,6726.5,106483.0,6385.2001953125,3567.7900390625,25728.140625,3482.169921875,23.84000015258789,0.88,-0.6072727273,0.3058,0.04,0.802,10.3886363636
2020-11-19,0.7301988005638123,0.18650801479816437,17817.08984375,41.7400016784668,1.1847639083862305,1.325644612312317,1861.0999755859375,0.009625195525586605,0.06471762806177139,6742.7001953125,106517.0,6334.39990234375,3581.8701171875,25634.33984375,3451.969970703125,23.110000610351562,0.86,-0.6072727273,0.3058,0.04,0.802,10.3886363636
2020-11-24,0.7298204302787781,0.1838032603263855,19107.46484375,44.90999984741211,1.1842728853225708,1.332906723022461,1804.800048828125,0.00956708937883377,0.0651126429438591,6855.5,109786.0,6432.2001953125,3635.409912109375,26165.58984375,3507.97998046875,21.639999389648438,0.88,-0.6072727273,0.3058,0.04,0.802,10.3886363636
2020-11-25,0.7366699576377869,0.1861296147108078,18732.12109375,45.709999084472656,1.1900511980056763,1.3363267183303833,1805.699951171875,0.009568187408149242,0.0658874362707138,6888.2001953125,110133.0,6391.10009765625,3629.64990234375,26296.859375,3511.89990234375,21.25,0.88,-0.6072727273,0.3058,0.04,0.802,10.3886363636
2020-11-27,0.7357999682426453,0.18743088841438293,17108.40234375,45.529998779296875,1.191599726676941,1.3354523181915283,1781.9000244140625,0.009593063034117222,0.06575054675340652,6816.7998046875,110575.0,6367.60009765625,3638.35009765625,26644.7109375,3527.7900390625,20.84000015258789,0.84,-0.6072727273,0.3058,0.04,0.802,10.3886363636
2020-11-30,0.7400281429290771,0.18717828392982483,19625.8359375,45.34000015258789,1.1971460580825806,1.333191156387329,1775.699951171875,0.009607809595763683,0.06563596427440643,6742.10009765625,108888.0,6266.2001953125,3621.6298828125,26433.619140625,3492.5400390625,20.56999969482422,0.84,-0.6072727273,0.3058,0.04,0.802,10.3886363636
2020-12-01,0.7356798052787781,0.18757854402065277,18802.998046875,44.54999923706055,1.193816065788269,1.3336889743804932,1814.0999755859375,0.009587819688022137,0.06478236615657806,6812.2001953125,111335.0,6384.7001953125,3662.449951171875,26787.5390625,3525.239990234375,20.770000457763672,0.92,-0.6185,0.3224,0.02,0.976,9.789047619
2020-12-02,0.7380890846252441,0.19212666153907776,19201.091796875,45.279998779296875,1.2074378728866577,1.3422638177871704,1825.699951171875,0.009586900472640991,0.06560280919075012,6811.2998046875,111814.0,6463.39990234375,3669.010009765625,26800.98046875,3521.320068359375,21.170000076293945,0.95,-0.6185,0.3224,0.02,0.976,9.789047619
2020-12-03,0.7418001294136047,0.19170676171779633,19445.3984375,45.63999938964844,1.2114603519439697,1.3370771408081055,1836.800048828125,0.009573225863277912,0.06546216458082199,6847.2998046875,112919.0,6490.2998046875,3666.719970703125,26809.369140625,3517.10009765625,21.280000686645508,0.92,-0.6185,0.3224,0.02,0.976,9.789047619
2020-12-04,0.7438998222351074,0.1941370666027069,18699.765625,46.2599983215332,1.2145650386810303,1.345496654510498,1835.9000244140625,0.009631777182221413,0.06593070179224014,6865.2998046875,113682.0,6550.2001953125,3699.1201171875,26751.240234375,3539.27001953125,20.790000915527344,0.97,-0.6185,0.3224,0.02,0.976,9.789047619
2020-12-07,0.7431573867797852,0.19400900602340698,19191.630859375,45.7599983215332,1.212135910987854,1.3417415618896484,1861.800048828125,0.009597113355994225,0.06576070189476013,6908.89990234375,113625.0,6555.39990234375,3691.9599609375,26547.439453125,3530.080078125,21.299999237060547,0.94,-0.6185,0.3224,0.02,0.976,9.789047619
2020-12-08,0.7417599558830261,0.19614380598068237,18321.14453125,45.599998474121094,1.2113136053085327,1.3357375860214233,1870.800048828125,0.00961556937545538,0.06602873653173447,6922.2001953125,113571.0,6558.7998046875,3702.25,26467.080078125,3525.8701171875,20.68000030517578,0.92,-0.6185,0.3224,0.02,0.976,9.789047619
2020-12-09,0.7410997152328491,0.19532394409179688,18553.916015625,45.52000045776367,1.2110936641693115,1.3365589380264282,1834.5999755859375,0.009602919220924377,0.06679937988519669,6965.39990234375,112722.0,6564.2998046875,3672.820068359375,26817.939453125,3529.02001953125,22.270000457763672,0.95,-0.6185,0.3224,0.02,0.976,9.789047619
2020-12-10,0.7434999346733093,0.19343481957912445,18264.9921875,46.779998779296875,1.207875370979309,1.3367018699645996,1833.5999755859375,0.009590301662683487,0.0668344646692276,6917.10009765625,114992.0,6599.7998046875,3668.10009765625,26756.240234375,3522.31005859375,22.520000457763672,0.92,-0.6185,0.3224,0.02,0.976,9.789047619
2020-12-11,0.7524397969245911,0.19903665781021118,18058.904296875,46.56999969482422,1.2144293785095215,1.3305658102035522,1839.800048828125,0.009598586708307266,0.06685832887887955,6886.39990234375,115323.0,6546.7998046875,3663.4599609375,26652.51953125,3485.840087890625,23.309999465942383,0.9,-0.6185,0.3224,0.02,0.976,9.789047619
2020-12-14,0.7551102638244629,0.19746455550193787,19246.64453125,46.9900016784668,1.213340401649475,1.3318239450454712,1828.699951171875,0.0096210278570652,0.06647875159978867,6900.2998046875,114975.0,6531.7998046875,3647.489990234375,26732.439453125,3503.9599609375,24.719999313354492,0.9,-0.6185,0.3224,0.02,0.976,9.789047619
2020-12-15,0.7539203763008118,0.19540026783943176,19417.076171875,47.619998931884766,1.214889645576477,1.3330844640731812,1852.300048828125,0.009614460170269012,0.06665778160095215,6866.7001953125,116146.0,6513.2998046875,3694.6201171875,26687.83984375,3521.5,22.889999389648438,0.92,-0.6185,0.3224,0.02,0.976,9.789047619
2020-12-17,0.7569999694824219,0.1967264711856842,22805.162109375,48.36000061035156,1.2199585437774658,1.3502929210662842,1887.199951171875,0.009664170444011688,0.06749050319194794,7000.10009765625,118157.0,6551.10009765625,3722.47998046875,26806.669921875,3560.8701171875,21.93000030517578,0.94,-0.6185,0.3224,0.02,0.976,9.789047619
2020-12-18,0.7615299224853516,0.19774961471557617,23137.9609375,49.099998474121094,1.226271629333496,1.3570178747177124,1885.699951171875,0.009696406312286854,0.06835456937551498,6924.10009765625,117679.0,6529.2001953125,3709.409912109375,26763.390625,3545.739990234375,21.56999969482422,0.95,-0.6185,0.3224,0.02,0.976,9.789047619
2020-12-21,0.7587425708770752,0.1960553675889969,22803.08203125,47.7400016784668,1.221612811088562,1.3401951789855957,1879.199951171875,0.00966585148125887,0.0679512619972229,6920.0,116016.0,6416.2998046875,3694.919921875,26714.419921875,3448.679931640625,25.15999984741211,0.95,-0.6185,0.3224,0.02,0.976,9.789047619
2020-12-22,0.7575200796127319,0.19535301625728607,23783.029296875,47.02000045776367,1.2236906290054321,1.3449536561965942,1866.5999755859375,0.009676795452833176,0.06849315017461777,6845.5,116348.0,6416.2998046875,3687.260009765625,26436.390625,3497.489990234375,24.229999542236328,0.93,-0.6185,0.3224,0.02,0.976,9.789047619
2020-12-23,0.7551700472831726,0.1939241737127304,23241.345703125,48.119998931884766,1.2186651229858398,1.339943766593933,1874.699951171875,0.009658663533627987,0.06812884658575058,6892.60009765625,117857.0,6495.7998046875,3690.010009765625,26524.7890625,3539.260009765625,23.309999465942383,0.96,-0.6185,0.3224,0.02,0.976,9.789047619
2020-12-29,0.758892297744751,0.19062505662441254,27362.4375,48.0,1.2223445177078247,1.3466018438339233,1879.699951171875,0.009644224308431149,0.06838584691286087,6962.10009765625,119475.0,6602.7001953125,3727.0400390625,27568.150390625,3581.3701171875,23.079999923706055,0.94,-0.6185,0.3224,0.02,0.976,9.789047619
2020-12-30,0.7609898447990417,0.19199016690254211,28840.953125,48.400001525878906,1.225295066833496,1.3499903678894043,1891.0,0.00965633150190115,0.06795370578765869,6942.89990234375,119306.0,6555.7998046875,3732.0400390625,27444.169921875,3571.590087890625,22.770000457763672,0.93,-0.6185,0.3224,0.02,0.976,9.789047619
2021-01-04,0.7712300419807434,0.19260773062705994,31971.9140625,47.619998931884766,1.2250697612762451,1.3684196472167969,1944.699951171875,0.009686262346804142,0.0682600885629654,6953.7001953125,118558.0,6571.89990234375,3700.64990234375,27258.380859375,3564.389892578125,26.969999313354492,0.93,-0.5835,0.3672,0.055,1.053,9.7115
2021-01-05,0.7670999765396118,0.18884670734405518,33992.4296875,49.93000030517578,1.2251598834991455,1.3571596145629883,1952.699951171875,0.009696969762444496,0.06814124435186386,6955.7001953125,119223.0,6612.2998046875,3726.860107421875,27158.630859375,3547.85009765625,25.34000015258789,0.96,-0.5835,0.3672,0.055,1.053,9.7115
2021-01-06,0.7766000628471375,0.1892469823360443,36824.36328125,50.630001068115234,1.230027437210083,1.3629549741744995,1906.9000244140625,0.009739184752106667,0.06688828766345978,6881.39990234375,119851.0,6841.89990234375,3748.139892578125,27055.939453125,3611.080078125,25.06999969482422,1.04,-0.5835,0.3672,0.055,1.053,9.7115
2021-01-07,0.781700074672699,0.18822112679481506,39371.04296875,50.83000183105469,1.2341108322143555,1.3625277280807495,1912.300048828125,0.009706475771963596,0.06653010100126266,6980.5,121956.0,6857.0,3803.7900390625,27490.130859375,3622.419921875,22.3700008392334,1.08,-0.5835,0.3672,0.055,1.053,9.7115
2021-01-08,0.7768999934196472,0.18488389253616333,40797.609375,52.2400016784668,1.227144479751587,1.3569625616073608,1834.0999755859375,0.009634839370846748,0.06485505402088165,7024.2001953125,125077.0,6873.2998046875,3824.679931640625,28139.029296875,3645.050048828125,21.559999465942383,1.13,-0.5835,0.3672,0.055,1.053,9.7115
2021-01-12,0.7707497477531433,0.18222570419311523,33922.9609375,53.209999084472656,1.2160701751708984,1.3524113893508911,1842.9000244140625,0.009603564627468586,0.06447777152061462,6939.10009765625,123998.0,6754.10009765625,3801.18994140625,28164.33984375,3612.1298828125,23.329999923706055,1.15,-0.5835,0.3672,0.055,1.053,9.7115
2021-01-13,0.7776049971580505,0.1879204660654068,37316.359375,52.90999984741211,1.2208894491195679,1.3670539855957031,1853.5999755859375,0.009638368152081966,0.06582281738519669,6953.89990234375,122040.0,6745.5,3809.840087890625,28456.58984375,3616.510009765625,22.209999084472656,1.1,-0.5835,0.3672,0.055,1.053,9.7115
2021-01-14,0.774713397026062,0.18876828253269196,39187.328125,53.56999969482422,1.2162491083145142,1.364926815032959,1850.300048828125,0.009630478918552399,0.06559433043003082,6982.7001953125,123481.0,6802.0,3795.5400390625,28698.259765625,3641.3701171875,23.25,1.15,-0.5835,0.3672,0.055,1.053,9.7115
2021-01-15,0.777580201625824,0.19246314465999603,36825.3671875,52.36000061035156,1.2151259183883667,1.3683634996414185,1829.300048828125,0.009631313383579254,0.06630025058984756,6986.7998046875,120502.0,6735.7001953125,3768.25,28519.1796875,3599.550048828125,24.34000015258789,1.11,-0.5835,0.3672,0.055,1.053,9.7115
2021-01-19,0.7686986327171326,0.1888645589351654,36069.8046875,52.97999954223633,1.207729458808899,1.3581236600875854,1839.5,0.009642922319471836,0.06606590747833252,7015.0,120673.0,6713.0,3798.909912109375,28633.4609375,3595.419921875,23.239999771118164,1.1,-0.5835,0.3672,0.055,1.053,9.7115
2021-01-20,0.7711800932884216,0.1866821050643921,35547.75,53.2400016784668,1.2138868570327759,1.3644241094589233,1865.9000244140625,0.009624917060136795,0.06671848148107529,7051.0,119708.0,6740.39990234375,3851.85009765625,28523.259765625,3624.0400390625,21.579999923706055,1.1,-0.5835,0.3672,0.055,1.053,9.7115
2021-01-21,0.7755701541900635,0.18901804089546204,30825.69921875,53.130001068115234,1.2115631103515625,1.3668484687805176,1865.300048828125,0.009656704030930996,0.06719283014535904,7107.10009765625,118443.0,6715.39990234375,3853.070068359375,28756.859375,3618.35009765625,21.31999969482422,1.12,-0.5835,0.3672,0.055,1.053,9.7115
2021-01-22,0.7761022448539734,0.18693335354328156,33005.76171875,52.27000045776367,1.2166293859481812,1.3729474544525146,1855.699951171875,0.009661275893449783,0.06691080331802368,7078.89990234375,117172.0,6695.10009765625,3841.469970703125,28631.44921875,3602.409912109375,21.90999984741211,1.1,-0.5835,0.3672,0.055,1.053,9.7115
2021-01-27,0.7753139734268188,0.18678322434425354,30432.546875,52.849998474121094,1.216299295425415,1.374154806137085,1844.9000244140625,0.009652230888605118,0.06647893041372299,7060.2001953125,115882.0,6567.39990234375,3750.77001953125,28635.2109375,3536.3798828125,37.209999084472656,1.04,-0.5835,0.3672,0.055,1.053,9.7115
2021-01-28,0.765099823474884,0.18475408852100372,33466.09765625,52.34000015258789,1.2105072736740112,1.3669419288635254,1837.9000244140625,0.009602181613445282,0.06552135199308395,6917.60009765625,119314.0,6526.2001953125,3787.3798828125,28197.419921875,3557.0400390625,30.209999084472656,1.07,-0.5835,0.3672,0.055,1.053,9.7115
2021-01-29,0.7669699192047119,0.18389150500297546,34316.38671875,52.20000076293945,1.2120037078857422,1.3725008964538574,1847.300048828125,0.009588555432856083,0.06583928316831589,6870.89990234375,116007.0,6407.5,3714.239990234375,27663.390625,3481.43994140625,33.09000015258789,1.11,-0.5835,0.3672,0.055,1.053,9.7115
2021-02-01,0.761997640132904,0.18312335014343262,33537.17578125,53.54999923706055,1.2123857736587524,1.3697690963745117,1860.800048828125,0.009552376344799995,0.06590653955936432,6922.7998046875,117365.0,6466.39990234375,3773.860107421875,28091.05078125,3530.85009765625,30.239999771118164,1.09,-0.4455,0.6222,0.15,1.334,9.5045
2021-02-02,0.7634601593017578,0.18414510786533356,35510.2890625,54.7599983215332,1.2068694829940796,1.3678767681121826,1830.5,0.009534616023302078,0.0664125308394432,7027.5,118234.0,6516.7001953125,3826.31005859375,28362.169921875,3590.4599609375,25.559999465942383,1.12,-0.4455,0.6222,0.15,1.334,9.5045
2021-02-03,0.760820746421814,0.18632730841636658,37472.08984375,55.689998626708984,1.203905463218689,1.3659336566925049,1832.199951171875,0.009521270170807838,0.06706728041172028,7090.89990234375,119725.0,6507.7998046875,3830.169921875,28646.5,3609.75,22.90999984741211,1.15,-0.4455,0.6222,0.15,1.334,9.5045
2021-02-04,0.7636000514030457,0.1868460327386856,36926.06640625,56.22999954223633,1.2042388916015625,1.364908218383789,1788.9000244140625,0.009524262510240078,0.06715420633554459,7037.89990234375,119261.0,6503.7001953125,3871.739990234375,28341.94921875,3642.1201171875,21.770000457763672,1.15,-0.4455,0.6222,0.15,1.334,9.5045
2021-02-05,0.7603002190589905,0.1843080073595047,38144.30859375,56.849998474121094,1.1966731548309326,1.3676148653030396,1810.9000244140625,0.00947220902889967,0.0666927620768547,7112.89990234375,119925.0,6489.2998046875,3886.830078125,28779.189453125,3655.77001953125,20.8700008392334,1.19,-0.4455,0.6222,0.15,1.334,9.5045
2021-02-08,0.7679199576377869,0.18624748289585114,46196.46484375,57.970001220703125,1.2048773765563965,1.3738716840744019,1831.9000244140625,0.009487666189670563,0.06703468412160873,7160.7998046875,119516.0,6523.5,3915.590087890625,29388.5,3665.510009765625,21.239999771118164,1.19,-0.4455,0.6222,0.15,1.334,9.5045
2021-02-09,0.7710998058319092,0.1864176243543625,46481.10546875,58.36000061035156,1.2053595781326294,1.374570369720459,1835.300048828125,0.009504799731075764,0.06727682054042816,7102.10009765625,119429.0,6531.60009765625,3911.22998046875,29505.9296875,3661.1298828125,21.6299991607666,1.18,-0.4455,0.6222,0.15,1.334,9.5045
2021-02-10,0.7740501165390015,0.1859876960515976,44918.18359375,58.68000030517578,1.2119992971420288,1.3817994594573975,1840.5999755859375,0.009562515653669834,0.06803415715694427,7133.7998046875,118430.0,6524.39990234375,3909.8798828125,29562.9296875,3648.3701171875,21.989999771118164,1.15,-0.4455,0.6222,0.15,1.334,9.5045
2021-02-12,0.7753999829292297,0.18637940287590027,47504.8515625,59.470001220703125,1.2131506204605103,1.381024718284607,1821.5999755859375,0.009547360241413116,0.06844111531972885,7081.2998046875,119116.0,6589.7998046875,3934.830078125,29520.0703125,3695.610107421875,19.969999313354492,1.2,-0.4455,0.6222,0.15,1.334,9.5045
2021-02-17,0.773790180683136,0.186240553855896,52149.0078125,61.13999938964844,1.2092483043670654,1.388811707496643,1771.0999755859375,0.009424804709851742,0.0681774839758873,7158.7998046875,120391.0,6710.89990234375,3931.330078125,30292.189453125,3699.85009765625,21.5,1.29,-0.4455,0.6222,0.15,1.334,9.5045
2021-02-18,0.7758697867393494,0.18484970927238464,51679.796875,60.52000045776367,1.2048004865646362,1.3866355419158936,1773.4000244140625,0.009446348994970322,0.06867849081754684,7155.5,119140.0,6617.2001953125,3913.969970703125,30236.08984375,3681.0400390625,22.489999771118164,1.29,-0.4455,0.6222,0.15,1.334,9.5045
2021-02-19,0.7767997980117798,0.1843046247959137,55888.1328125,59.2400016784668,1.209189772605896,1.3967455625534058,1775.800048828125,0.009465035982429981,0.06855419278144836,7064.0,118748.0,6624.0,3906.7099609375,30017.919921875,3713.4599609375,22.049999237060547,1.34,-0.4455,0.6222,0.15,1.334,9.5045
2021-02-22,0.7888488173484802,0.18584942817687988,54207.3203125,61.4900016784668,1.2126356363296509,1.403114914894104,1806.699951171875,0.00947741512209177,0.06822655349969864,7061.60009765625,112668.0,6612.2001953125,3876.5,30156.029296875,3699.85009765625,23.450000762939453,1.37,-0.4455,0.6222,0.15,1.334,9.5045
2021-02-24,0.7908827066421509,0.18383704125881195,49705.33203125,63.220001220703125,1.215214490890503,1.412030577659607,1796.4000244140625,0.009498209692537785,0.06871557980775833,7049.39990234375,115668.0,6659.0,3925.429931640625,29671.69921875,3705.989990234375,21.34000015258789,1.38,-0.4455,0.6222,0.15,1.334,9.5045
2021-02-25,0.7977026104927063,0.18508359789848328,47093.8515625,63.529998779296875,1.2171372175216675,1.4148274660110474,1774.4000244140625,0.009438948705792427,0.06905314326286316,7105.7001953125,112256.0,6652.0,3829.340087890625,30168.26953125,3685.280029296875,28.889999389648438,1.54,-0.4455,0.6222,0.15,1.334,9.5045
2021-02-26,0.7870000004768372,0.18089643120765686,46339.76171875,61.5,1.2160420417785645,1.4008152484893799,1728.0999755859375,0.009400351904332638,0.0666751116514206,6940.60009765625,110035.0,6483.39990234375,3811.14990234375,28966.009765625,3636.43994140625,27.950000762939453,1.44,-0.4455,0.6222,0.15,1.334,9.5045
2021-03-01,0.7752419114112854,0.1786479949951172,49631.2421875,60.63999938964844,1.208956003189087,1.3972529172897339,1722.5,0.009389407001435757,0.06649165600538254,7042.7001953125,110335.0,6588.5,3901.820068359375,29663.5,3706.6201171875,23.350000381469727,1.45,-0.3647826087,0.8456,0.12,1.707,10.0877272727
2021-03-02,0.7772001028060913,0.17728295922279358,48378.98828125,59.75,1.2051095962524414,1.3929517269134521,1733.0999755859375,0.009358827024698257,0.06683732569217682,7009.89990234375,111540.0,6613.7998046875,3870.2900390625,29408.169921875,3707.719970703125,24.100000381469727,1.42,-0.3647826087,0.8456,0.12,1.707,10.0877272727
2021-03-03,0.7825197577476501,0.17620834708213806,50538.2421875,61.279998779296875,1.208546757698059,1.3954981565475464,1715.300048828125,0.009366978891193867,0.06701155006885529,7067.89990234375,111184.0,6675.5,3819.719970703125,29559.099609375,3712.780029296875,26.670000076293945,1.47,-0.3647826087,0.8456,0.12,1.707,10.0877272727
2021-03-04,0.7758102416992188,0.17801514267921448,48561.16796875,63.83000183105469,1.2050660848617554,1.3926994800567627,1700.199951171875,0.009340731427073479,0.066392682492733,7000.60009765625,112690.0,6650.89990234375,3768.469970703125,28930.109375,3704.85009765625,28.56999969482422,1.54,-0.3647826087,0.8456,0.12,1.707,10.0877272727
2021-03-05,0.7715603113174438,0.17641973495483398,48927.3046875,66.08999633789062,1.1967735290527344,1.3894098997116089,1698.0,0.009263118728995323,0.065447598695755,6943.0,115202.0,6630.5,3841.93994140625,28864.3203125,3669.5400390625,24.65999984741211,1.56,-0.3647826087,0.8456,0.12,1.707,10.0877272727
2021-03-08,0.7709101438522339,0.1757623702287674,52246.5234375,65.05000305175781,1.1925631761550903,1.385367751121521,1677.699951171875,0.00922347605228424,0.06531059741973877,6971.60009765625,110612.0,6719.10009765625,3821.35009765625,28743.25,3763.239990234375,25.469999313354492,1.59,-0.3647826087,0.8456,0.12,1.707,10.0877272727
2021-03-09,0.7656674981117249,0.1702243536710739,54824.1171875,64.01000213623047,1.185171127319336,1.3823610544204712,1716.5999755859375,0.009179448708891869,0.0644138976931572,7000.39990234375,111331.0,6730.2998046875,3875.43994140625,29027.939453125,3786.050048828125,24.030000686645508,1.55,-0.3647826087,0.8456,0.12,1.707,10.0877272727
2021-03-10,0.7717835903167725,0.17236922681331635,56008.55078125,64.44000244140625,1.1897906064987183,1.3890432119369507,1721.5,0.009210053831338882,0.06543650478124619,6947.2001953125,112776.0,6725.60009765625,3898.81005859375,29036.560546875,3819.919921875,22.559999465942383,1.53,-0.3647826087,0.8456,0.12,1.707,10.0877272727
2021-03-11,0.773200273513794,0.17633262276649475,57805.12109375,66.0199966430664,1.1926058530807495,1.3931456804275513,1722.300048828125,0.009222369641065598,0.06637506186962128,6952.89990234375,114984.0,6737.0,3939.340087890625,29211.640625,3845.639892578125,21.90999984741211,1.54,-0.3647826087,0.8456,0.12,1.707,10.0877272727
2021-03-12,0.7787615656852722,0.18067499995231628,57332.08984375,65.61000061035156,1.1986095905303955,1.3989927768707275,1719.5,0.009211920201778412,0.06755341589450836,7014.60009765625,114160.0,6761.5,3943.340087890625,29717.830078125,3833.360107421875,20.690000534057617,1.64,-0.3647826087,0.8456,0.12,1.707,10.0877272727
2021-03-15,0.7762998938560486,0.18197846412658691,55907.19921875,65.38999938964844,1.1950000524520874,1.3929517269134521,1728.9000244140625,0.009164474904537201,0.06695546954870224,7019.10009765625,114851.0,6749.7001953125,3968.93994140625,29766.970703125,3829.840087890625,20.030000686645508,1.62,-0.3647826087,0.8456,0.12,1.707,10.0877272727
2021-03-16,0.7750135660171509,0.1781102418899536,56804.90234375,64.80000305175781,1.1925773620605469,1.3899120092391968,1730.5999755859375,0.009163047187030315,0.06731830537319183,7079.0,114019.0,6803.60009765625,3962.7099609375,29921.08984375,3850.9599609375,19.790000915527344,1.62,-0.3647826087,0.8456,0.12,1.707,10.0877272727
2021-03-17,0.77455735206604,0.1778283566236496,58870.89453125,64.5999984741211,1.190164566040039,1.3902212381362915,1726.800048828125,0.009171871468424797,0.06729339063167572,7048.0,116549.0,6762.7001953125,3974.1201171875,29914.330078125,3849.739990234375,19.229999542236328,1.63,-0.3647826087,0.8456,0.12,1.707,10.0877272727
2021-03-18,0.7813000679016113,0.17911197245121002,57858.921875,60.0,1.1982792615890503,1.3975849151611328,1732.199951171875,0.009183495305478573,0.06846688687801361,7003.60009765625,114835.0,6779.7001953125,3915.4599609375,30216.75,3867.5400390625,21.579999923706055,1.71,-0.3647826087,0.8456,0.12,1.707,10.0877272727
2021-03-19,0.7753699421882629,0.17989817261695862,58346.65234375,61.41999816894531,1.1918240785598755,1.3925055265426636,1741.4000244140625,0.00918012298643589,0.06789645552635193,6959.60009765625,116222.0,6708.7001953125,3913.10009765625,29792.05078125,3837.02001953125,20.950000762939453,1.74,-0.3647826087,0.8456,0.12,1.707,10.0877272727
2021-03-23,0.7745501399040222,0.18163655698299408,54738.9453125,57.7599983215332,1.193303108215332,1.3862512111663818,1724.699951171875,0.00919320434331894,0.06801564246416092,6986.60009765625,113262.0,6699.2001953125,3910.52001953125,28995.919921875,3827.02001953125,20.299999237060547,1.63,-0.3647826087,0.8456,0.12,1.707,10.0877272727
2021-03-24,0.7604701519012451,0.1811462938785553,52774.265625,61.18000030517578,1.1840205192565918,1.3730417490005493,1732.9000244140625,0.009214891120791435,0.06719888001680374,7013.89990234375,112064.0,6712.89990234375,3889.139892578125,28405.51953125,3832.550048828125,21.200000762939453,1.62,-0.3647826087,0.8456,0.12,1.707,10.0877272727
2021-03-25,0.7591003179550171,0.17794860899448395,51704.16015625,58.560001373291016,1.1813069581985474,1.3688879013061523,1724.9000244140625,0.009192021563649178,0.06688801944255829,7022.60009765625,113750.0,6674.7998046875,3909.52001953125,28729.880859375,3832.570068359375,19.809999465942383,1.63,-0.3647826087,0.8456,0.12,1.707,10.0877272727
2021-03-26,0.7594000697135925,0.17704129219055176,55137.3125,60.970001220703125,1.1776621341705322,1.374910593032837,1732.199951171875,0.00915927067399025,0.06668569147586823,7063.10009765625,114781.0,6740.60009765625,3974.5400390625,29176.69921875,3866.679931640625,18.860000610351562,1.67,-0.3647826087,0.8456,0.12,1.707,10.0877272727
2021-03-29,0.7637377381324768,0.1738404929637909,57750.19921875,61.560001373291016,1.1788004636764526,1.3791011571884155,1712.0999755859375,0.009108214639127254,0.06679157167673111,7036.39990234375,115419.0,6736.2001953125,3971.090087890625,29384.51953125,3882.8701171875,20.739999771118164,1.73,-0.3647826087,0.8456,0.12,1.707,10.0877272727
2021-03-30,0.7641170620918274,0.1729864478111267,58917.69140625,60.54999923706055,1.177100658416748,1.3775053024291992,1683.9000244140625,0.00910448282957077,0.06706579774618149,6969.7998046875,116850.0,6772.10009765625,3958.550048828125,29432.69921875,3926.199951171875,19.610000610351562,1.73,-0.3647826087,0.8456,0.12,1.707,10.0877272727
2021-03-31,0.7608798146247864,0.17326219379901886,58918.83203125,59.15999984741211,1.1723604202270508,1.3746649026870728,1713.800048828125,0.009065772406756878,0.06710878014564514,7017.0,116634.0,6713.60009765625,3972.889892578125,29178.80078125,3919.2099609375,19.399999618530273,1.74,-0.3647826087,0.8456,0.12,1.707,10.0877272727
2021-04-01,0.7594098448753357,0.1775788962841034,59095.80859375,61.45000076293945,1.1728830337524414,1.3786258697509766,1726.5,0.009029345586895943,0.06766266375780106,7064.2001953125,115253.0,6737.2998046875,4019.8701171875,29388.869140625,3945.9599609375,17.329999923706055,1.69,-0.325,0.8515,0.09,1.676,10.0289473684
2021-04-06,0.7658727169036865,0.17659419775009155,58192.359375,59.33000183105469,1.1818934679031372,1.3914011716842651,1741.5,0.009074986912310123,0.06874704360961914,7133.89990234375,117499.0,6823.60009765625,4073.93994140625,29696.630859375,3970.419921875,18.1200008392334,1.67,-0.325,0.8515,0.09,1.676,10.0289473684
2021-04-07,0.7666947841644287,0.17878852784633636,56048.9375,59.77000045776367,1.1874228715896606,1.383125901222229,1740.0999755859375,0.009108048863708973,0.06890659034252167,7177.39990234375,117624.0,6885.2998046875,4079.949951171875,29730.7890625,3956.77001953125,17.15999984741211,1.68,-0.325,0.8515,0.09,1.676,10.0289473684
2021-04-08,0.7613884806632996,0.17818641662597656,58323.953125,59.599998474121094,1.1873664855957031,1.3743815422058105,1756.800048828125,0.009103157557547092,0.06878004968166351,7250.2998046875,118313.0,6942.2001953125,4097.169921875,29708.98046875,3977.830078125,16.950000762939453,1.64,-0.325,0.8515,0.09,1.676,10.0289473684
2021-04-09,0.7659003138542175,0.17964287102222443,58245.00390625,59.31999969482422,1.1915684938430786,1.373437762260437,1743.300048828125,0.009146620519459248,0.06888560950756073,7252.2998046875,117670.0,6915.7998046875,4128.7998046875,29768.060546875,3978.840087890625,16.690000534057617,1.67,-0.325,0.8515,0.09,1.676,10.0289473684
2021-04-12,0.7626002430915833,0.17607803642749786,59893.453125,59.70000076293945,1.1900511980056763,1.3712154626846313,1731.199951171875,0.00911626871675253,0.0686044692993164,7225.2001953125,118812.0,6889.10009765625,4127.990234375,29538.73046875,3961.89990234375,16.90999984741211,1.69,-0.325,0.8515,0.09,1.676,10.0289473684
2021-04-13,0.7627707123756409,0.17445307970046997,63503.45703125,60.18000030517578,1.1914690732955933,1.3753834962844849,1746.199951171875,0.009142940863966942,0.06868556141853333,7231.0,119297.0,6890.5,4141.58984375,29751.609375,3966.989990234375,16.649999618530273,1.64,-0.325,0.8515,0.09,1.676,10.0289473684
2021-04-14,0.7647499442100525,0.17493833601474762,63109.6953125,63.150001525878906,1.1954143047332764,1.3759700059890747,1734.9000244140625,0.009180712513625622,0.06899882853031158,7280.60009765625,120295.0,6939.60009765625,4124.66015625,29620.990234375,3976.280029296875,16.989999771118164,1.64,-0.325,0.8515,0.09,1.676,10.0289473684
2021-04-15,0.772509753704071,0.17690034210681915,63314.01171875,63.459999084472656,1.1986095905303955,1.3779228925704956,1765.4000244140625,0.009183242917060852,0.06950768083333969,7317.5,120701.0,6983.5,4170.419921875,29642.689453125,3993.429931640625,16.56999969482422,1.56,-0.325,0.8515,0.09,1.676,10.0289473684
2021-04-16,0.7751697301864624,0.17809440195560455,61572.7890625,63.130001068115234,1.1971746683120728,1.3785498142242432,1779.0,0.009200562722980976,0.07070435583591461,7325.7998046875,121114.0,7019.5,4185.47021484375,29683.369140625,4032.989990234375,16.25,1.59,-0.325,0.8515,0.09,1.676,10.0289473684
2021-04-19,0.7714025974273682,0.17902538180351257,55724.265625,63.380001068115234,1.1969454288482666,1.3818453550338745,1769.4000244140625,0.009198023937642574,0.06991921365261078,7328.0,120934.0,7000.10009765625,4163.259765625,29685.369140625,4019.909912109375,17.290000915527344,1.61,-0.325,0.8515,0.09,1.676,10.0289473684
2021-04-20,0.7767002582550049,0.18033289909362793,56473.03125,62.439998626708984,1.204529047012329,1.3993842601776123,1777.300048828125,0.009250865317881107,0.07038188725709915,7282.10009765625,120062.0,6859.89990234375,4134.93994140625,29100.380859375,3940.4599609375,18.68000030517578,1.58,-0.325,0.8515,0.09,1.676,10.0289473684
2021-04-22,0.7754402756690979,0.17960092425346375,51762.2734375,61.43000030517578,1.2037750482559204,1.3931845426559448,1781.199951171875,0.009255916811525822,0.07033585757017136,7312.0,119371.0,6938.2001953125,4134.97998046875,29188.169921875,4014.800048828125,18.709999084472656,1.57,-0.325,0.8515,0.09,1.676,10.0289473684
2021-04-23,0.7705348134040833,0.18371546268463135,51093.65234375,62.13999938964844,1.2014753818511963,1.3840255737304688,1777.0,0.009261146187782288,0.06988471746444702,7320.7001953125,120530.0,6938.60009765625,4180.169921875,29020.630859375,4013.340087890625,17.329999923706055,1.58,-0.325,0.8515,0.09,1.676,10.0289473684
2021-04-26,0.7743114233016968,0.1825750321149826,54021.75390625,61.90999984741211,1.2089852094650269,1.3866355419158936,1779.199951171875,0.009270073845982552,0.07006289809942245,7307.7998046875,120595.0,6963.10009765625,4187.6201171875,29126.23046875,4020.830078125,17.639999389648438,1.58,-0.325,0.8515,0.09,1.676,10.0289473684
2021-04-28,0.7770001888275146,0.1834525763988495,54824.703125,63.86000061035156,1.2090305089950562,1.390356421470642,1773.199951171875,0.009195402264595032,0.06959576904773712,7320.0,121053.0,6963.7001953125,4183.18017578125,29053.970703125,4015.030029296875,17.280000686645508,1.63,-0.325,0.8515,0.09,1.676,10.0289473684
2021-04-30,0.777762234210968,0.1873922497034073,57750.17578125,63.58000183105469,1.2127091884613037,1.3952839374542236,1767.300048828125,0.00918239913880825,0.0700191855430603,7290.7001953125,118894.0,6969.7998046875,4181.169921875,28812.630859375,3974.739990234375,18.610000610351562,1.65,-0.325,0.8515,0.09,1.676,10.0289473684
2021-05-06,0.7751199007034302,0.1868215948343277,56396.515625,64.70999908447266,1.2007973194122314,1.3909753561019897,1815.5,0.009155916050076485,0.06971269100904465,7306.0,119921.0,7076.2001953125,4201.6201171875,29331.369140625,3999.43994140625,18.389999389648438,1.58,-0.325,0.8515,0.09,1.676,10.0289473684
2021-05-07,0.7787312865257263,0.18962986767292023,57356.40234375,64.9000015258789,1.2068549394607544,1.389854073524475,1831.0999755859375,0.009170104749500751,0.07048960030078888,7325.2001953125,122038.0,7129.7001953125,4232.60009765625,29357.8203125,4034.25,16.690000534057617,1.6,-0.325,0.8515,0.09,1.676,10.0289473684
2021-05-10,0.7858793139457703,0.1910037249326706,55859.796875,64.91999816894531,1.2171076536178589,1.4041197299957275,1837.5,0.009210477583110332,0.07114753872156143,7419.7998046875,121909.0,7123.7001953125,4188.43017578125,29518.33984375,4023.35009765625,19.65999984741211,1.63,-0.325,0.8515,0.09,1.676,10.0289473684
2021-05-11,0.7838999032974243,0.19149017333984375,56704.57421875,65.27999877929688,1.2140932083129883,1.4131278991699219,1835.9000244140625,0.009187460877001286,0.07123506814241409,7331.60009765625,122964.0,6948.0,4152.10009765625,28608.58984375,3946.06005859375,21.84000015258789,1.64,-0.325,0.8515,0.09,1.676,10.0289473684
2021-05-12,0.7838096022605896,0.1915268450975418,49150.53515625,66.08000183105469,1.2144500017166138,1.4138271808624268,1822.5999755859375,0.009198362939059734,0.07156351953744888,7281.10009765625,119710.0,7004.60009765625,4063.0400390625,28147.509765625,3947.429931640625,27.59000015258789,1.69,-0.325,0.8515,0.09,1.676,10.0289473684
2021-05-13,0.7732301950454712,0.18856894969940186,49716.19140625,63.81999969482422,1.2078505754470825,1.4063708782196045,1823.800048828125,0.00911876279860735,0.07084360718727112,7209.0,120706.0,6963.2998046875,4112.5,27448.009765625,3947.429931640625,23.1299991607666,1.66,-0.325,0.8515,0.09,1.676,10.0289473684
2021-05-14,0.7726202011108398,0.18840551376342773,49880.53515625,65.37000274658203,1.207729458808899,1.4050863981246948,1837.9000244140625,0.009131086058914661,0.0707748681306839,7239.39990234375,121881.0,7043.60009765625,4173.85009765625,28084.470703125,4017.43994140625,18.809999465942383,1.63,-0.325,0.8515,0.09,1.676,10.0289473684
2021-05-17,0.7778711318969727,0.18977133929729462,43537.51171875,66.2699966430664,1.2150373458862305,1.4101786613464355,1867.5,0.009139765053987503,0.0707942545413971,7255.7998046875,122938.0,7032.89990234375,4163.2900390625,27824.830078125,4006.840087890625,19.719999313354492,1.64,-0.325,0.8515,0.09,1.676,10.0289473684
2021-05-18,0.7773698568344116,0.18969932198524475,42909.40234375,65.48999786376953,1.2156872749328613,1.4148674011230469,1867.800048828125,0.00915398821234703,0.07095917314291,7299.10009765625,122980.0,7034.2001953125,4127.830078125,28406.83984375,4005.340087890625,21.34000015258789,1.64,-0.325,0.8515,0.09,1.676,10.0289473684
2021-05-19,0.7789981961250305,0.19013214111328125,37002.44140625,63.36000061035156,1.2223997116088867,1.41880202293396,1881.300048828125,0.009185436181724072,0.07139022648334503,7165.7001953125,122636.0,6950.2001953125,4115.68017578125,28044.44921875,3936.739990234375,22.18000030517578,1.68,-0.325,0.8515,0.09,1.676,10.0289473684
2021-05-20,0.772030234336853,0.18839487433433533,40782.73828125,62.04999923706055,1.217285394668579,1.4106162786483765,1881.800048828125,0.009151391685009003,0.07091544568538666,7252.60009765625,122701.0,7019.7998046875,4159.1201171875,28098.25,3999.909912109375,20.670000076293945,1.63,-0.325,0.8515,0.09,1.676,10.0289473684
2021-05-21,0.7770001888275146,0.1893473118543625,37304.69140625,63.58000183105469,1.222538709640503,1.4185603857040405,1876.699951171875,0.009186110459268093,0.07154114544391632,7265.2998046875,122592.0,7018.10009765625,4155.85986328125,28317.830078125,4025.780029296875,20.149999618530273,1.63,-0.325,0.8515,0.09,1.676,10.0289473684
2021-05-24,0.7730000615119934,0.186504527926445,38705.98046875,66.05000305175781,1.2183235883712769,1.4142870903015137,1884.5999755859375,0.009181134402751923,0.07165145874023438,7276.0,124032.0,7051.60009765625,4197.0498046875,28364.609375,4025.780029296875,18.399999618530273,1.61,-0.325,0.8515,0.09,1.676,10.0289473684
2021-05-25,0.7750802040100098,0.1880229413509369,38402.22265625,66.06999969482422,1.2214635610580444,1.415608525276184,1898.0999755859375,0.00918687041848898,0.07186902314424515,7349.10009765625,122988.0,7029.7998046875,4188.1298828125,28553.98046875,4036.0400390625,18.84000015258789,1.56,-0.325,0.8515,0.09,1.676,10.0289473684
2021-05-26,0.7753139734268188,0.18759262561798096,39294.19921875,66.20999908447266,1.2249093055725098,1.4143872261047363,1901.300048828125,0.009191007353365421,0.07225903123617172,7331.60009765625,123989.0,7026.89990234375,4195.990234375,28642.189453125,4031.669921875,17.360000610351562,1.58,-0.325,0.8515,0.09,1.676,10.0289473684
2021-05-27,0.7739902138710022,0.18830618262290955,38436.96875,66.8499984741211,1.21925950050354,1.4116119146347046,1895.699951171875,0.009160025976598263,0.07267024368047714,7344.0,124367.0,7019.7001953125,4200.8798828125,28549.009765625,4039.2099609375,16.739999771118164,1.61,-0.325,0.8515,0.09,1.676,10.0289473684
2021-05-28,0.774250328540802,0.19090527296066284,35697.60546875,66.31999969482422,1.2193188667297363,1.4203739166259766,1902.5,0.009106721729040146,0.0726931169629097,7424.0,125561.0,7022.60009765625,4204.10986328125,29149.41015625,4070.56005859375,16.760000228881836,1.58,-0.325,0.8515,0.09,1.676,10.0289473684
2021-06-01,0.7743498086929321,0.19169574975967407,36684.92578125,67.72000122070312,1.223286509513855,1.4226775169372559,1902.9000244140625,0.00913300458341837,0.07295382767915726,7392.10009765625,128267.0,7080.5,4202.0400390625,28814.33984375,4071.75,17.899999618530273,1.62,-0.2886363636,0.8549,0.05,1.531,9.5266666667
2021-06-02,0.7755900025367737,0.19418606162071228,37575.1796875,68.83000183105469,1.2217769622802734,1.4157087802886963,1907.5,0.00913300458341837,0.07268904894590378,7468.89990234375,129601.0,7108.0,4208.1201171875,28946.140625,4088.5,17.479999542236328,1.59,-0.2886363636,0.8549,0.05,1.531,9.5266666667
2021-06-04,0.7665772438049316,0.1969938725233078,36894.40625,69.62000274658203,1.2133007049560547,1.4109944105148315,1889.800048828125,0.009068978950381279,0.0734156146645546,7543.2998046875,130126.0,7069.0,4229.89013671875,28941.51953125,4089.3798828125,16.420000076293945,1.56,-0.2886363636,0.8549,0.05,1.531,9.5266666667
2021-06-07,0.7744001746177673,0.1982317715883255,33560.70703125,69.2300033569336,1.2168411016464233,1.4164307117462158,1896.800048828125,0.009122672490775585,0.0745270848274231,7531.60009765625,130776.0,7077.2001953125,4226.52001953125,29019.240234375,4097.64990234375,16.420000076293945,1.57,-0.2886363636,0.8549,0.05,1.531,9.5266666667
2021-06-08,0.7756296992301941,0.19820819795131683,33472.6328125,70.05000305175781,1.2193634510040283,1.41765558719635,1892.199951171875,0.009151307865977287,0.07391715049743652,7542.2998046875,129787.0,7095.10009765625,4227.259765625,28963.560546875,4096.009765625,17.06999969482422,1.53,-0.2886363636,0.8549,0.05,1.531,9.5266666667
2021-06-09,0.7736998200416565,0.19861367344856262,37345.12109375,69.95999908447266,1.217285394668579,1.414987564086914,1893.199951171875,0.009135005995631218,0.0736946240067482,7522.0,129907.0,7081.0,4219.5498046875,28860.80078125,4096.85009765625,17.889999389648438,1.5,-0.2886363636,0.8549,0.05,1.531,9.5266666667
2021-06-10,0.7729498147964478,0.19756989181041718,36702.59765625,70.29000091552734,1.218200445175171,1.4112334251403809,1894.199951171875,0.009123255498707294,0.07282106578350067,7558.7998046875,130076.0,7088.2001953125,4239.18017578125,28958.560546875,4096.06982421875,16.100000381469727,1.45,-0.2886363636,0.8549,0.05,1.531,9.5266666667
2021-06-11,0.7747998237609863,0.1978435069322586,37334.3984375,70.91000366210938,1.2172558307647705,1.4170126914978027,1877.4000244140625,0.00914001651108265,0.07356565445661545,7577.2001953125,129441.0,7134.10009765625,4247.43994140625,28948.73046875,4126.7001953125,15.649999618530273,1.47,-0.2886363636,0.8549,0.05,1.531,9.5266666667
2021-06-15,0.7712002992630005,0.1976831555366516,40406.26953125,72.12000274658203,1.212224006652832,1.4109944105148315,1854.5,0.009087521582841873,0.0726475939154625,7633.0,130091.0,7172.5,4246.58984375,29441.30078125,4143.52001953125,17.020000457763672,1.51,-0.2886363636,0.8549,0.05,1.531,9.5266666667
2021-06-17,0.7616726756095886,0.19785134494304657,38053.50390625,71.04000091552734,1.1995586156845093,1.3990709781646729,1773.800048828125,0.009027715772390366,0.07151694595813751,7600.5,128057.0,7153.39990234375,4221.85986328125,29018.330078125,4158.14013671875,17.75,1.52,-0.2886363636,0.8549,0.05,1.531,9.5266666667
2021-06-18,0.7556899189949036,0.19970443844795227,35787.24609375,71.63999938964844,1.1913414001464844,1.3938642740249634,1767.9000244140625,0.009064128622412682,0.0709320455789566,7624.2998046875,128405.0,7017.5,4166.4501953125,28964.080078125,4083.3701171875,20.700000762939453,1.45,-0.2886363636,0.8549,0.05,1.531,9.5266666667
2021-06-21,0.7503997683525085,0.19623233377933502,31676.693359375,73.66000366210938,1.1873664855957031,1.381711721420288,1781.800048828125,0.00907432846724987,0.0697573870420456,7485.2001953125,129265.0,7062.2998046875,4224.7900390625,28010.9296875,4112.330078125,17.889999389648438,1.5,-0.2886363636,0.8549,0.05,1.531,9.5266666667
2021-06-22,0.7534897923469543,0.19947735965251923,32505.66015625,73.05999755859375,1.1912561655044556,1.392540454864502,1776.300048828125,0.009060104377567768,0.07035069912672043,7592.7001953125,128767.0,7090.0,4246.43994140625,28884.130859375,4123.1298828125,16.65999984741211,1.48,-0.2886363636,0.8549,0.05,1.531,9.5266666667
2021-06-23,0.7554810047149658,0.2017308473587036,33723.02734375,73.08000183105469,1.1936734914779663,1.3949919939041138,1782.300048828125,0.009037178941071033,0.07013591378927231,7552.10009765625,128428.0,7074.10009765625,4241.83984375,28874.890625,4075.93994140625,16.31999969482422,1.5,-0.2886363636,0.8549,0.05,1.531,9.5266666667
2021-06-24,0.7574437856674194,0.2014017552137375,34662.4375,73.30000305175781,1.1933174133300781,1.3967455625534058,1775.5999755859375,0.009008035063743591,0.07037495821714401,7539.10009765625,129514.0,7110.0,4266.490234375,28875.23046875,4122.43017578125,15.970000267028809,1.49,-0.2886363636,0.8549,0.05,1.531,9.5266666667
2021-06-25,0.7582076191902161,0.20355404913425446,31637.779296875,74.05000305175781,1.1930327415466309,1.3916915655136108,1776.5999755859375,0.00901542603969574,0.07047544419765472,7578.60009765625,127256.0,7136.10009765625,4280.7001953125,29066.1796875,4120.66015625,15.619999885559082,1.54,-0.2886363636,0.8549,0.05,1.531,9.5266666667
2021-06-28,0.7594998478889465,0.20344224572181702,34434.3359375,72.91000366210938,1.1942152976989746,1.389506459236145,1779.5999755859375,0.00902347918599844,0.07066069543361664,7572.5,127429.0,7073.0,4290.60986328125,29048.01953125,4089.909912109375,15.760000228881836,1.49,-0.2886363636,0.8549,0.05,1.531,9.5266666667
2021-06-29,0.756840169429779,0.20305393636226654,35867.77734375,72.9800033569336,1.1928904056549072,1.3879058361053467,1762.800048828125,0.009041346609592438,0.0701882466673851,7565.5,127327.0,7087.60009765625,4291.7998046875,28812.609375,4107.509765625,16.020000457763672,1.49,-0.2886363636,0.8549,0.05,1.531,9.5266666667
2021-06-30,0.7513599991798401,0.2018122673034668,35040.8359375,73.47000122070312,1.1901928186416626,1.3842746019363403,1770.800048828125,0.009046907536685467,0.06972333788871765,7585.0,126802.0,7037.5,4297.5,28791.529296875,4064.300048828125,15.829999923706055,1.45,-0.2886363636,0.8549,0.05,1.531,9.5266666667
2021-07-01,0.7497701644897461,0.20123963057994843,33572.1171875,75.2300033569336,1.1856770515441895,1.3829153776168823,1775.9000244140625,0.00899895653128624,0.07026666402816772,7541.5,125666.0,7125.2001953125,4319.93994140625,28707.0390625,4078.889892578125,15.479999542236328,1.48,-0.4513636364,0.6979,0.015,1.254,9.6236363636
2021-07-02,0.7465806603431702,0.19821204245090485,33897.046875,75.16000366210938,1.1846235990524292,1.3759511709213257,1782.5999755859375,0.008962822146713734,0.06932827085256577,7587.10009765625,127622.0,7123.2998046875,4352.33984375,28783.279296875,4084.31005859375,15.069999694824219,1.44,-0.4513636364,0.6979,0.015,1.254,9.6236363636
2021-07-06,0.7543002963066101,0.19652314484119415,34235.1953125,73.37000274658203,1.186380386352539,1.3856172561645508,1793.5,0.009015832096338272,0.07022126764059067,7531.39990234375,125095.0,7100.89990234375,4343.5400390625,28643.2109375,4052.669921875,16.440000534057617,1.37,-0.4513636364,0.6979,0.015,1.254,9.6236363636
2021-07-07,0.7494998574256897,0.19248166680335999,33855.328125,72.19999694824219,1.1824523210525513,1.3805670738220215,1801.5,0.00904142763465643,0.06974945217370987,7599.2998046875,127019.0,7151.0,4358.1298828125,28366.94921875,4078.530029296875,16.200000762939453,1.33,-0.4513636364,0.6979,0.015,1.254,9.6236363636
2021-07-08,0.7484413981437683,0.19116072356700897,32877.37109375,72.94000244140625,1.17933988571167,1.3801099061965942,1799.5999755859375,0.009038730524480343,0.07002712786197662,7614.89990234375,125428.0,7030.7001953125,4320.81982421875,28118.029296875,3991.659912109375,19.0,1.3,-0.4513636364,0.6979,0.015,1.254,9.6236363636
2021-07-12,0.749007523059845,0.19018998742103577,33155.84765625,74.0999984741211,1.187295913696289,1.3899506330490112,1805.5,0.009073175489902496,0.0702899768948555,7604.89990234375,127594.0,7125.39990234375,4384.6298828125,28569.01953125,4093.3798828125,16.170000076293945,1.38,-0.4513636364,0.6979,0.015,1.254,9.6236363636
2021-07-13,0.7480998039245605,0.19332264363765717,32702.025390625,75.25,1.186521053314209,1.3886960744857788,1809.4000244140625,0.009064128622412682,0.06961112469434738,7612.2001953125,128168.0,7124.7001953125,4369.2099609375,28718.240234375,4094.56005859375,17.1200008392334,1.42,-0.4513636364,0.6979,0.015,1.254,9.6236363636
2021-07-14,0.7441999316215515,0.1937083601951599,32822.34765625,73.12999725341797,1.1775373220443726,1.3806052207946777,1824.300048828125,0.009042000398039818,0.06800305843353271,7631.7998046875,128407.0,7091.2001953125,4374.2998046875,28608.490234375,4099.5,16.329999923706055,1.37,-0.4513636364,0.6979,0.015,1.254,9.6236363636
2021-07-15,0.7480382323265076,0.19724254310131073,31780.73046875,71.6500015258789,1.1833338737487793,1.385809302330017,1828.4000244140625,0.009092231281101704,0.069244883954525,7616.60009765625,127468.0,7012.0,4360.02978515625,28279.08984375,4056.389892578125,17.010000228881836,1.31,-0.4513636364,0.6979,0.015,1.254,9.6236363636
2021-07-16,0.7423000931739807,0.1956947147846222,31421.5390625,71.80999755859375,1.1811814308166504,1.3829728364944458,1814.5,0.00910929311066866,0.06879641860723495,7630.7001953125,125960.0,7008.10009765625,4327.16015625,28003.080078125,4035.77001953125,18.450000762939453,1.31,-0.4513636364,0.6979,0.015,1.254,9.6236363636
2021-07-19,0.7390999794006348,0.19548813998699188,30817.83203125,66.41999816894531,1.1814005374908447,1.3763866424560547,1808.699951171875,0.009101334027945995,0.06949511915445328,7559.7001953125,124395.0,6844.39990234375,4258.490234375,27652.740234375,3928.530029296875,22.5,1.19,-0.4513636364,0.6979,0.015,1.254,9.6236363636
2021-07-20,0.7339202165603638,0.19044354557991028,29807.34765625,67.41999816894531,1.1793843507766724,1.3669979572296143,1810.9000244140625,0.009129585698246956,0.06881990283727646,7525.7998046875,125401.0,6881.10009765625,4323.06005859375,27388.16015625,3956.340087890625,19.729999542236328,1.23,-0.4513636364,0.6979,0.015,1.254,9.6236363636
2021-07-21,0.7338911294937134,0.19157454371452332,32110.693359375,70.30000305175781,1.1784114837646484,1.3633265495300293,1802.9000244140625,0.009097525849938393,0.06853272020816803,7580.89990234375,125929.0,6998.2998046875,4358.68994140625,27548.0,4026.679931640625,17.90999984741211,1.3,-0.4513636364,0.6979,0.015,1.254,9.6236363636
2021-07-26,0.7368219494819641,0.19238539040088654,37337.53515625,71.91000366210938,1.1773432493209839,1.3757808208465576,1798.699951171875,0.00904617179185152,0.06759757548570633,7670.5,126004.0,7025.39990234375,4422.2998046875,27833.2890625,4102.58984375,17.579999923706055,1.29,-0.4513636364,0.6979,0.015,1.254,9.6236363636
2021-07-27,0.738825261592865,0.1932217925786972,39406.94140625,71.6500015258789,1.1807769536972046,1.3829153776168823,1799.5,0.009066018275916576,0.06781260669231415,7704.0,124612.0,6996.10009765625,4401.4599609375,27970.220703125,4064.830078125,19.360000610351562,1.25,-0.4513636364,0.6979,0.015,1.254,9.6236363636
2021-07-28,0.7366374135017395,0.19345727562904358,39995.90625,72.38999938964844,1.1823126077651978,1.3882719278335571,1799.5,0.009106970392167568,0.06775940209627151,7649.60009765625,126286.0,7016.60009765625,4400.64013671875,27581.66015625,4103.02978515625,18.309999465942383,1.26,-0.4513636364,0.6979,0.015,1.254,9.6236363636
2021-07-29,0.7377101182937622,0.1955110728740692,40008.421875,73.62000274658203,1.1845955848693848,1.3906852006912231,1831.199951171875,0.009099926799535751,0.06793755292892456,7695.2001953125,125675.0,7078.39990234375,4419.14990234375,27782.419921875,4116.77001953125,17.700000762939453,1.28,-0.4513636364,0.6979,0.015,1.254,9.6236363636
2021-07-30,0.739609956741333,0.19683489203453064,42235.546875,73.94999694824219,1.1892997026443481,1.3964334726333618,1812.5999755859375,0.00914001651108265,0.06888570636510849,7664.2001953125,121801.0,7032.2998046875,4395.259765625,27283.58984375,4089.300048828125,18.239999771118164,1.24,-0.4513636364,0.6979,0.015,1.254,9.6236363636
2021-08-02,0.7342305779457092,0.19198647141456604,39201.9453125,71.26000213623047,1.186704158782959,1.3896223306655884,1818.0999755859375,0.009115271270275116,0.06849971413612366,7760.5,122516.0,7081.7001953125,4387.16015625,27781.01953125,4116.6201171875,19.459999084472656,1.2,-0.4513636364,0.6979,0.015,1.254,9.6236363636
2021-08-03,0.7360599637031555,0.19325165450572968,38152.98046875,70.55999755859375,1.1874650716781616,1.3892748355865479,1810.0999755859375,0.009151726961135864,0.06917734444141388,7750.5,123577.0,7105.7001953125,4423.14990234375,27641.830078125,4117.9501953125,18.040000915527344,1.19,-0.4513636364,0.6979,0.015,1.254,9.6236363636
2021-08-04,0.7396799921989441,0.19242610037326813,39747.50390625,68.1500015258789,1.1869436502456665,1.391788363456726,1810.5,0.009175069630146027,0.06991247087717056,7778.7001953125,121801.0,7123.89990234375,4402.66015625,27584.080078125,4144.89990234375,17.969999313354492,1.19,-0.4513636364,0.6979,0.015,1.254,9.6236363636
2021-08-05,0.7382999658584595,0.19349096715450287,40869.5546875,69.08999633789062,1.1837401390075684,1.3890432119369507,1805.0999755859375,0.009130001999437809,0.06979472935199738,7779.60009765625,121633.0,7120.39990234375,4429.10009765625,27728.119140625,4161.080078125,17.280000686645508,1.23,-0.4513636364,0.6979,0.015,1.254,9.6236363636
2021-08-06,0.7402998805046082,0.19065049290657043,42816.5,68.27999877929688,1.1835720539093018,1.3927576541900635,1760.0,0.009111450985074043,0.06907784938812256,7806.5,122810.0,7123.0,4436.52001953125,27820.0390625,4174.5400390625,16.149999618530273,1.31,-0.4513636364,0.6979,0.015,1.254,9.6236363636
2021-08-10,0.733100175857544,0.19113880395889282,45585.03125,68.29000091552734,1.17384672164917,1.3849073648452759,1728.800048828125,0.009065690450370312,0.06770939379930496,7830.39990234375,122202.0,7161.0,4436.75,27888.150390625,4187.81982421875,16.790000915527344,1.36,-0.4513636364,0.6979,0.015,1.254,9.6236363636
2021-08-11,0.7343798875808716,0.19274134933948517,45593.63671875,69.25,1.172333002090454,1.3836042881011963,1750.4000244140625,0.00904175452888012,0.06771466135978699,7854.60009765625,122056.0,7220.10009765625,4442.41015625,28070.509765625,4206.330078125,16.170000076293945,1.35,-0.4513636364,0.6979,0.015,1.254,9.6236363636
2021-08-12,0.7374087572097778,0.19163694977760315,44428.2890625,69.08999633789062,1.1741899251937866,1.3866932392120361,1749.0,0.009060104377567768,0.06845001876354218,7860.5,120701.0,7193.2001953125,4460.830078125,28015.01953125,4226.330078125,15.59000015258789,1.36,-0.4513636364,0.6979,0.015,1.254,9.6236363636
2021-08-13,0.734149694442749,0.19039639830589294,47793.3203125,68.44000244140625,1.173626184463501,1.3811582326889038,1775.199951171875,0.009057724848389626,0.06775159388780594,7897.7001953125,121194.0,7218.7001953125,4468.0,27977.150390625,4229.7001953125,15.449999809265137,1.29,-0.4513636364,0.6979,0.015,1.254,9.6236363636
2021-08-16,0.736572265625,0.19056694209575653,46004.484375,67.29000091552734,1.179467797279358,1.3863856792449951,1786.9000244140625,0.00912209041416645,0.06815981864929199,7849.60009765625,119180.0,7154.0,4479.7099609375,27523.189453125,4202.43994140625,16.1200008392334,1.26,-0.4513636364,0.6979,0.015,1.254,9.6236363636
2021-08-17,0.7341066002845764,0.19012491405010223,44695.359375,66.58999633789062,1.177994966506958,1.3842746019363403,1785.0,0.009149381890892982,0.06752832978963852,7773.2998046875,117904.0,7181.10009765625,4448.080078125,27424.470703125,4196.39990234375,17.90999984741211,1.26,-0.4513636364,0.6979,0.015,1.254,9.6236363636
2021-08-18,0.7255598902702332,0.18888238072395325,44801.1875,65.45999908447266,1.1709738969802856,1.3740416765213013,1781.5999755859375,0.009129335172474384,0.06723570823669434,7770.7001953125,116643.0,7169.2998046875,4400.27001953125,27585.91015625,4189.419921875,21.56999969482422,1.27,-0.4513636364,0.6979,0.015,1.254,9.6236363636
2021-08-19,0.7230997681617737,0.18592198193073273,46717.578125,63.689998626708984,1.1703298091888428,1.3743815422058105,1780.199951171875,0.009103985503315926,0.06696196645498276,7735.2998046875,117165.0,7058.89990234375,4405.7998046875,27281.169921875,4124.7099609375,21.670000076293945,1.24,-0.4513636364,0.6979,0.015,1.254,9.6236363636
2021-08-20,0.714620053768158,0.18470290303230286,49339.17578125,62.31999969482422,1.1676595211029053,1.3630849123001099,1781.0,0.009110122919082642,0.06580809503793716,7725.10009765625,118053.0,7087.89990234375,4441.669921875,27013.25,4147.5,18.559999465942383,1.26,-0.4513636364,0.6979,0.015,1.254,9.6236363636
2021-08-23,0.7139797210693359,0.18590815365314484,49546.1484375,65.63999938964844,1.1697548627853394,1.3625277280807495,1803.199951171875,0.009104152210056782,0.06540928035974503,7761.10009765625,117472.0,7109.0,4479.52978515625,27494.240234375,4176.419921875,17.149999618530273,1.25,-0.4513636364,0.6979,0.015,1.254,9.6236363636
2021-08-24,0.7209597229957581,0.18587705492973328,47706.1171875,67.54000091552734,1.1744533777236938,1.37247633934021,1805.5999755859375,0.00911759864538908,0.06614675372838974,7773.7001953125,120211.0,7125.7998046875,4486.22998046875,27732.099609375,4178.080078125,17.219999313354492,1.29,-0.4513636364,0.6979,0.015,1.254,9.6236363636
2021-08-25,0.724879801273346,0.19062869250774384,48960.7890625,68.36000061035156,1.175309181213379,1.3725517988204956,1788.199951171875,0.009113277308642864,0.06675834953784943,7809.60009765625,120818.0,7150.10009765625,4496.18994140625,27724.80078125,4181.1201171875,16.790000915527344,1.35,-0.4513636364,0.6979,0.015,1.254,9.6236363636
2021-08-26,0.727660059928894,0.19190174341201782,46942.21875,67.41999816894531,1.1774401664733887,1.3766520023345947,1792.199951171875,0.009092893451452255,0.06701850891113281,7770.39990234375,118724.0,7125.0,4470.0,27742.2890625,4169.8701171875,18.84000015258789,1.34,-0.4513636364,0.6979,0.015,1.254,9.6236363636
2021-08-27,0.7238398790359497,0.19041816890239716,49058.66796875,68.73999786376953,1.1756407022476196,1.3702384233474731,1816.5999755859375,0.009086944162845612,0.06714608520269394,7760.10009765625,120678.0,7148.0,4509.3701171875,27641.140625,4190.97998046875,16.389999389648438,1.31,-0.4513636364,0.6979,0.015,1.254,9.6236363636
2021-08-31,0.7291233539581299,0.19294217228889465,47166.6875,68.5,1.1796904802322388,1.376045823097229,1815.0,0.009095539338886738,0.0683819130063057,7823.2998046875,118781.0,7119.7001953125,4522.68017578125,28089.5390625,4196.41015625,16.479999542236328,1.3,-0.4513636364,0.6979,0.015,1.254,9.6236363636
2021-09-01,0.7317901849746704,0.19420115649700165,48847.02734375,68.58999633789062,1.1810280084609985,1.3753398656845093,1813.0999755859375,0.009086282923817635,0.0690205916762352,7813.0,119396.0,7149.7998046875,4524.08984375,28451.01953125,4227.27001953125,16.110000610351562,1.31,-0.3627272727,0.8023,0.065,1.282,9.6242857143
2021-09-02,0.7368001937866211,0.19287891685962677,49327.72265625,69.98999786376953,1.1840906143188477,1.3771638870239258,1808.699951171875,0.009082982316613197,0.06960225850343704,7783.7998046875,116677.0,7163.89990234375,4536.9501953125,28543.509765625,4232.10009765625,16.40999984741211,1.29,-0.3627272727,0.8023,0.065,1.282,9.6242857143
2021-09-03,0.7399300932884216,0.19298313558101654,50025.375,69.29000091552734,1.1876484155654907,1.383680820465088,1830.9000244140625,0.009095456451177597,0.0692962259054184,7826.7001953125,116933.0,7138.39990234375,4535.43017578125,29128.109375,4201.97998046875,16.40999984741211,1.33,-0.3627272727,0.8023,0.065,1.282,9.6242857143
2021-09-08,0.7386598587036133,0.1934385597705841,46091.390625,69.30000305175781,1.184356927871704,1.3779798746109009,1790.699951171875,0.009066511876881123,0.07009968161582947,7807.5,113413.0,7095.5,4514.06982421875,30181.2109375,4177.14990234375,17.959999084472656,1.35,-0.3627272727,0.8023,0.065,1.282,9.6242857143
2021-09-09,0.7363770008087158,0.18794873356819153,46391.421875,68.13999938964844,1.1819101572036743,1.3767657279968262,1797.4000244140625,0.009072927758097649,0.07064217329025269,7658.89990234375,115361.0,7024.2001953125,4493.27978515625,30008.189453125,4177.10986328125,18.799999237060547,1.3,-0.3627272727,0.8023,0.065,1.282,9.6242857143
2021-09-10,0.7370826601982117,0.19243721663951874,44883.91015625,69.72000122070312,1.1825922727584839,1.3839681148529053,1789.5999755859375,0.009109044447541237,0.07047265768051147,7706.2001953125,114286.0,7029.2001953125,4458.580078125,30381.83984375,4170.35009765625,20.950000762939453,1.35,-0.3627272727,0.8023,0.065,1.282,9.6242857143
2021-09-13,0.7368110418319702,0.19058509171009064,44963.07421875,70.44999694824219,1.1811953783035278,1.3840830326080322,1792.0,0.009097939357161522,0.07059653848409653,7726.10009765625,116404.0,7068.39990234375,4468.72998046875,30447.369140625,4189.52978515625,19.3700008392334,1.33,-0.3627272727,0.8023,0.065,1.282,9.6242857143
2021-09-14,0.7365902066230774,0.19182075560092926,47092.4921875,70.45999908447266,1.1811953783035278,1.3838149309158325,1804.699951171875,0.009091404266655445,0.07087423652410507,7740.2998046875,116181.0,7034.10009765625,4443.0498046875,30670.099609375,4191.669921875,19.459999084472656,1.28,-0.3627272727,0.8023,0.065,1.282,9.6242857143
2021-09-15,0.7317097783088684,0.19087976217269897,48176.34765625,72.61000061035156,1.1804981231689453,1.381024718284607,1792.4000244140625,0.009114191867411137,0.06981582939624786,7723.2001953125,115063.0,7016.5,4480.7001953125,30511.7109375,4145.93994140625,18.18000030517578,1.31,-0.3627272727,0.8023,0.065,1.282,9.6242857143
2021-09-16,0.7341200709342957,0.19150850176811218,47783.359375,72.61000061035156,1.1819995641708374,1.3848881721496582,1754.5999755859375,0.009142188355326653,0.06962188333272934,7759.7998046875,113794.0,7027.5,4473.75,30323.33984375,4169.8701171875,18.690000534057617,1.34,-0.3627272727,0.8023,0.065,1.282,9.6242857143
2021-09-17,0.7291499972343445,0.19022978842258453,47267.51953125,71.97000122070312,1.176747441291809,1.3797005414962769,1749.4000244140625,0.00911585334688425,0.06861275434494019,7702.89990234375,111439.0,6963.60009765625,4432.990234375,30500.05078125,4130.83984375,20.809999465942383,1.37,-0.3627272727,0.8023,0.065,1.282,9.6242857143
2021-09-21,0.7259702086448669,0.18785692751407623,40693.67578125,70.55999755859375,1.1730204820632935,1.366269588470459,1776.0,0.00913767796009779,0.06777271628379822,7563.10009765625,110250.0,6981.0,4354.18994140625,29839.7109375,4097.509765625,24.360000610351562,1.33,-0.3627272727,0.8023,0.065,1.282,9.6242857143
2021-09-22,0.7227997779846191,0.1897929459810257,43574.5078125,72.2300033569336,1.17229163646698,1.3657469749450684,1776.699951171875,0.009161788038909435,0.06736048310995102,7593.7998046875,112282.0,7083.39990234375,4395.64013671875,29639.400390625,4150.18994140625,20.8700008392334,1.32,-0.3627272727,0.8023,0.065,1.282,9.6242857143
2021-09-27,0.7266121506690979,0.1873711794614792,42235.73046875,75.44999694824219,1.1723054647445679,1.3669044971466064,1750.0,0.009028203785419464,0.06703396886587143,7690.7001953125,113583.0,7063.39990234375,4443.10986328125,30240.060546875,4165.47998046875,18.760000228881836,1.48,-0.3627272727,0.8023,0.065,1.282,9.6242857143
2021-09-28,0.7280601263046265,0.18551498651504517,41034.54296875,75.29000091552734,1.1696795225143433,1.3701633214950562,1735.800048828125,0.009011931717395782,0.06701703369617462,7581.10009765625,110124.0,7028.10009765625,4352.6298828125,30183.9609375,4058.820068359375,23.25,1.54,-0.3627272727,0.8023,0.065,1.282,9.6242857143
2021-09-29,0.7244277596473694,0.18424350023269653,41564.36328125,74.83000183105469,1.1686338186264038,1.354224443435669,1721.5,0.008966358378529549,0.0662655383348465,7500.2001953125,111107.0,7108.2001953125,4359.4599609375,29544.2890625,4080.219970703125,22.559999465942383,1.55,-0.3627272727,0.8023,0.065,1.282,9.6242857143
2021-09-30,0.7179998159408569,0.18469607830047607,43790.89453125,75.02999877929688,1.1601601839065552,1.3426424264907837,1755.300048828125,0.008933676406741142,0.06603580713272095,7629.7001953125,110979.0,7086.39990234375,4307.5400390625,29452.66015625,4048.080078125,23.139999389648438,1.52,-0.3627272727,0.8023,0.065,1.282,9.6242857143
2021-10-01,0.7231180667877197,0.18376609683036804,48116.94140625,75.87999725341797,1.1574475765228271,1.346982717514038,1757.0,0.008971747942268848,0.06634951382875443,7486.60009765625,112900.0,7027.10009765625,4357.0400390625,28771.0703125,4035.300048828125,21.100000381469727,1.48,-0.2042857143,1.083,0.095,1.71,10.0647619048
2021-10-04,0.7275214195251465,0.1862925887107849,49112.90234375,77.62000274658203,1.160725712776184,1.3570915460586548,1766.199951171875,0.009013312868773937,0.06736365705728531,7576.7998046875,110393.0,7011.0,4300.4599609375,28444.890625,3996.409912109375,22.959999084472656,1.49,-0.2042857143,1.083,0.095,1.71,10.0647619048
2021-10-05,0.7289697527885437,0.18337857723236084,51514.8125,78.93000030517578,1.1618449687957764,1.3607479333877563,1759.5999755859375,0.009011606685817242,0.06654156744480133,7536.5,110458.0,7077.10009765625,4345.72021484375,27822.119140625,4065.429931640625,21.299999237060547,1.54,-0.2042857143,1.083,0.095,1.71,10.0647619048
2021-10-06,0.7290754914283752,0.182631716132164,55361.44921875,77.43000030517578,1.1596084833145142,1.3627691268920898,1760.5,0.008969655260443687,0.06672974675893784,7496.2001953125,110560.0,6995.89990234375,4363.5498046875,27528.869140625,4012.64990234375,21.0,1.53,-0.2042857143,1.083,0.095,1.71,10.0647619048
2021-10-07,0.728141188621521,0.18208634853363037,53805.984375,78.30000305175781,1.1555349826812744,1.3592127561569214,1757.9000244140625,0.008975612930953503,0.06691156327724457,7551.2001953125,110585.0,7078.0,4399.759765625,27678.2109375,4098.33984375,19.540000915527344,1.58,-0.2042857143,1.083,0.095,1.71,10.0647619048
2021-10-08,0.7316797971725464,0.1812579184770584,53967.84765625,79.3499984741211,1.1559758186340332,1.3620266914367676,1756.300048828125,0.008955597877502441,0.06694605201482773,7617.2998046875,112833.0,7095.60009765625,4391.33984375,28048.939453125,4073.2900390625,18.770000457763672,1.61,-0.2042857143,1.083,0.095,1.71,10.0647619048
2021-10-11,0.729490339756012,0.18159037828445435,57484.7890625,80.5199966430664,1.1566041707992554,1.361655831336975,1754.5999755859375,0.00890709925442934,0.06710238009691238,7601.10009765625,112180.0,7146.89990234375,4361.18994140625,28498.19921875,4072.52001953125,20.0,1.61,-0.2042857143,1.083,0.095,1.71,10.0647619048
2021-10-13,0.7335088849067688,0.18078279495239258,57401.09765625,80.44000244140625,1.15340256690979,1.3578838109970093,1793.699951171875,0.008809098042547703,0.06686234474182129,7571.89990234375,113456.0,7141.7998046875,4363.7998046875,28140.279296875,4083.280029296875,18.639999389648438,1.56,-0.2042857143,1.083,0.095,1.71,10.0647619048
2021-10-14,0.7386069893836975,0.1814059019088745,57321.5234375,81.30999755859375,1.1599582433700562,1.366923213005066,1796.699951171875,0.00882604718208313,0.06770984828472137,7620.2001953125,113185.0,7207.7001953125,4438.259765625,28550.9296875,4149.06005859375,16.860000610351562,1.52,-0.2042857143,1.083,0.095,1.71,10.0647619048
2021-10-15,0.741379976272583,0.18141576647758484,61593.94921875,82.27999877929688,1.159151554107666,1.3668859004974365,1767.199951171875,0.008784721605479717,0.06774929910898209,7674.2001953125,114648.0,7234.0,4471.3701171875,29068.630859375,4182.91015625,16.299999237060547,1.59,-0.2042857143,1.083,0.095,1.71,10.0647619048
2021-10-18,0.7424786686897278,0.18320387601852417,62026.078125,82.44000244140625,1.1597026586532593,1.376159429550171,1764.800048828125,0.008747070096433163,0.06859087198972702,7689.7001953125,114428.0,7203.7998046875,4486.4599609375,29025.4609375,4151.39990234375,16.309999465942383,1.59,-0.2042857143,1.083,0.095,1.71,10.0647619048
2021-10-19,0.7417000532150269,0.1814453899860382,64261.9921875,82.95999908447266,1.161386251449585,1.373645305633545,1769.699951171875,0.00875005405396223,0.06819189339876175,7690.2001953125,110673.0,7217.5,4519.6298828125,29215.51953125,4166.830078125,15.699999809265137,1.65,-0.2042857143,1.083,0.095,1.71,10.0647619048
2021-10-20,0.7477194666862488,0.17910555005073547,65992.8359375,83.87000274658203,1.1631964445114136,1.3793197870254517,1784.0999755859375,0.008730345405638218,0.06903593242168427,7727.2001953125,110786.0,7223.10009765625,4536.18994140625,29255.55078125,4172.169921875,15.489999771118164,1.65,-0.2042857143,1.083,0.095,1.71,10.0647619048
2021-10-21,0.7515299320220947,0.17868947982788086,62210.171875,82.5,1.1655012369155884,1.3822999000549316,1781.199951171875,0.00874209962785244,0.06955496221780777,7728.5,107735.0,7190.2998046875,4549.77978515625,28708.580078125,4155.72998046875,15.010000228881836,1.68,-0.2042857143,1.083,0.095,1.71,10.0647619048
2021-10-22,0.7463700175285339,0.1767471432685852,60692.265625,83.76000213623047,1.1625338792800903,1.379120111465454,1795.5,0.008783487603068352,0.06827197223901749,7726.7998046875,106296.0,7204.60009765625,4544.89990234375,28804.849609375,4188.81005859375,15.430000305175781,1.66,-0.2042857143,1.083,0.095,1.71,10.0647619048
2021-10-25,0.7469096779823303,0.1770162135362625,63039.82421875,83.76000213623047,1.1640088558197021,1.3762730360031128,1806.0,0.008797860704362392,0.06751054525375366,7754.2998046875,108715.0,7222.7998046875,4566.47998046875,28600.41015625,4188.31005859375,15.239999771118164,1.64,-0.2042857143,1.083,0.095,1.71,10.0647619048
2021-10-26,0.7491798400878906,0.1800374537706375,60363.79296875,84.6500015258789,1.161170482635498,1.37644362449646,1792.699951171875,0.008790049701929092,0.06804989278316498,7759.2998046875,106420.0,7277.60009765625,4574.7900390625,29106.009765625,4223.97021484375,15.979999542236328,1.63,-0.2042857143,1.083,0.095,1.71,10.0647619048
2021-10-27,0.7512978315353394,0.17970098555088043,58482.38671875,82.66000366210938,1.1598236560821533,1.3766140937805176,1797.9000244140625,0.008757486939430237,0.06751884520053864,7758.0,106363.0,7253.2998046875,4551.68017578125,29098.240234375,4220.8798828125,16.979999542236328,1.54,-0.2042857143,1.083,0.095,1.71,10.0647619048
2021-10-28,0.7500750422477722,0.18066847324371338,60622.13671875,82.80999755859375,1.1600120067596436,1.3732868432998657,1801.5999755859375,0.008789199404418468,0.06641782075166702,7739.7001953125,105705.0,7249.5,4596.419921875,28820.08984375,4233.8701171875,16.530000686645508,1.57,-0.2042857143,1.083,0.095,1.71,10.0647619048
2021-10-29,0.7531600594520569,0.17715105414390564,62227.96484375,83.56999969482422,1.1683608293533325,1.380071759223938,1783.0,0.008801577612757683,0.06618589162826538,7639.10009765625,103501.0,7237.60009765625,4605.3798828125,28892.689453125,4250.56005859375,16.260000228881836,1.55,-0.2042857143,1.083,0.095,1.71,10.0647619048
2021-11-04,0.746900200843811,0.18010228872299194,61452.23046875,78.80999755859375,1.1615750789642334,1.3694878816604614,1793.0,0.008766546845436096,0.06573282182216644,7746.2998046875,103412.0,7279.89990234375,4680.06005859375,29794.369140625,4333.33984375,15.4399995803833,1.53,-0.3136363636,0.9394,0.05,1.806,10.02
2021-11-05,0.740932822227478,0.17851723730564117,61125.67578125,81.2699966430664,1.1555349826812744,1.3508602380752563,1816.4000244140625,0.008784490637481213,0.06579120457172394,7777.2001953125,104824.0,7304.0,4697.52978515625,29611.5703125,4363.0400390625,16.479999542236328,1.45,-0.3136363636,0.9394,0.05,1.806,10.02
2021-11-08,0.7395902872085571,0.1804695874452591,67566.828125,81.93000030517578,1.1568851470947266,1.349127173423767,1827.4000244140625,0.008812514133751392,0.06656566262245178,7767.89990234375,104781.0,7300.39990234375,4701.7001953125,29507.05078125,4352.52978515625,17.219999313354492,1.51,-0.3136363636,0.9394,0.05,1.806,10.02
2021-11-09,0.7414799928665161,0.18040446937084198,66971.828125,84.1500015258789,1.159151554107666,1.3564507961273193,1830.199951171875,0.008829710073769093,0.06708482652902603,7756.2998046875,105535.0,7274.0,4685.25,29285.4609375,4344.6298828125,17.780000686645508,1.46,-0.3136363636,0.9394,0.05,1.806,10.02
2021-11-10,0.7376197576522827,0.18251171708106995,64995.23046875,81.33999633789062,1.1595547199249268,1.3560001850128174,1847.5999755859375,0.00885645393282175,0.0666431188583374,7737.39990234375,105968.0,7340.2001953125,4646.7099609375,29106.779296875,4348.81982421875,18.729999542236328,1.56,-0.3136363636,0.9394,0.05,1.806,10.02
2021-11-11,0.7334120869636536,0.1821526736021042,64949.9609375,81.58999633789062,1.148593544960022,1.3412736654281616,1863.199951171875,0.008779246360063553,0.0648605152964592,7701.2001953125,107725.0,7384.2001953125,4649.27001953125,29277.859375,4358.0,17.65999984741211,1.56,-0.3136363636,0.9394,0.05,1.806,10.02
2021-11-12,0.7291999459266663,0.1852537989616394,64155.94140625,80.79000091552734,1.145081877708435,1.3366482257843018,1867.9000244140625,0.008768622763454914,0.06538383662700653,7765.7998046875,106312.0,7347.89990234375,4682.85009765625,29609.970703125,4370.330078125,16.290000915527344,1.58,-0.3136363636,0.9394,0.05,1.806,10.02
2021-11-16,0.734489917755127,0.18327438831329346,60161.24609375,80.76000213623047,1.1366478204727173,1.3408420085906982,1853.5999755859375,0.008761784061789513,0.0657782256603241,7747.10009765625,104508.0,7327.0,4700.89990234375,29808.119140625,4401.490234375,16.3700008392334,1.63,-0.3136363636,0.9394,0.05,1.806,10.02
2021-11-17,0.7301614880561829,0.1817454844713211,60368.01171875,78.36000061035156,1.1321182250976562,1.3424620628356934,1869.699951171875,0.008702917024493217,0.06460991501808167,7704.0,102945.0,7291.2001953125,4688.669921875,29688.330078125,4400.81005859375,17.110000610351562,1.6,-0.3136363636,0.9394,0.05,1.806,10.02
2021-11-18,0.7268604040145874,0.18087434768676758,56942.13671875,79.01000213623047,1.1321182250976562,1.34916353225708,1861.0,0.008757334202528,0.06461743265390396,7713.2001953125,102524.0,7256.0,4704.5400390625,29598.66015625,4383.7001953125,17.59000015258789,1.59,-0.3136363636,0.9394,0.05,1.806,10.02
2021-11-19,0.7279000878334045,0.17997264862060547,58119.578125,76.0999984741211,1.1368415355682373,1.3499648571014404,1851.199951171875,0.008750285021960735,0.06397625058889389,7729.89990234375,103035.0,7223.60009765625,4697.9599609375,29745.869140625,4356.47021484375,17.90999984741211,1.54,-0.3136363636,0.9394,0.05,1.806,10.02
2021-11-22,0.7231698036193848,0.1782023012638092,56289.2890625,76.75,1.1275737285614014,1.3434540033340454,1806.0,0.008761323988437653,0.06371618062257767,7688.2998046875,102122.0,7255.5,4682.93994140625,29774.109375,4338.68994140625,19.170000076293945,1.63,-0.3136363636,0.9394,0.05,1.806,10.02
2021-11-24,0.7222198247909546,0.17952030897140503,56280.42578125,78.38999938964844,1.1244926452636719,1.337595820426941,1784.0999755859375,0.008685003966093063,0.06320697069168091,7725.5,104514.0,7286.2998046875,4701.4599609375,29302.66015625,4276.25,18.579999923706055,1.64,-0.3136363636,0.9394,0.05,1.806,10.02
2021-11-26,0.7173703908920288,0.17969128489494324,53569.765625,68.1500015258789,1.1209630966186523,1.331416130065918,1785.300048828125,0.008690438233315945,0.062038589268922806,7599.89990234375,102224.0,7044.0,4594.6201171875,28751.619140625,4089.580078125,28.6200008392334,1.48,-0.3136363636,0.9394,0.05,1.806,10.02
2021-11-29,0.7142806053161621,0.17832304537296295,57806.56640625,69.94999694824219,1.1293182373046875,1.334098219871521,1782.300048828125,0.008793605491518974,0.06211411952972412,7562.5,102814.0,7110.0,4655.27001953125,28283.919921875,4109.509765625,22.959999084472656,1.52,-0.3136363636,0.9394,0.05,1.806,10.02
2021-11-30,0.714580237865448,0.17854911088943481,57005.42578125,66.18000030517578,1.1293437480926514,1.3315047025680542,1773.5999755859375,0.008787036873400211,0.06209976226091385,7587.39990234375,101915.0,7059.5,4567.0,27821.759765625,4063.06005859375,27.190000534057617,1.43,-0.3136363636,0.9394,0.05,1.806,10.02
2021-12-01,0.7124998569488525,0.17790836095809937,57229.828125,65.56999969482422,1.1330289840698242,1.3295927047729492,1781.5999755859375,0.00882620271295309,0.06305166333913803,7557.7998046875,100775.0,7168.7001953125,4513.0400390625,27935.619140625,4179.14990234375,31.1200008392334,1.43,-0.3842857143,0.8375,0.07,1.609,9.9004761905
2021-12-02,0.7107598185539246,0.17569853365421295,56477.81640625,66.5,1.1319515705108643,1.3280000686645508,1760.699951171875,0.008858808316290379,0.06244613975286484,7536.10009765625,104466.0,7129.2001953125,4577.10009765625,27753.369140625,4108.02001953125,27.950000762939453,1.44,-0.3842857143,0.8375,0.07,1.609,9.9004761905
2021-12-03,0.70878005027771,0.177200585603714,53598.24609375,66.26000213623047,1.1306205987930298,1.3299994468688965,1782.0,0.008847834542393684,0.06283420324325562,7543.60009765625,105070.0,7122.2998046875,4538.43017578125,28029.5703125,4080.14990234375,30.670000076293945,1.35,-0.3842857143,0.8375,0.07,1.609,9.9004761905
2021-12-06,0.7017898559570312,0.17698805034160614,50582.625,69.48999786376953,1.1304799318313599,1.3237318992614746,1777.5,0.00884626992046833,0.062402497977018356,7529.0,106859.0,7232.2998046875,4591.669921875,27927.369140625,4137.10986328125,27.18000030517578,1.43,-0.3842857143,0.8375,0.07,1.609,9.9004761905
2021-12-07,0.7049203515052795,0.17580871284008026,50700.0859375,72.05000305175781,1.128668189048767,1.326435923576355,1782.5999755859375,0.008813833817839622,0.06290455162525177,7605.2001953125,107558.0,7339.89990234375,4686.75,28455.599609375,4276.2001953125,21.889999389648438,1.48,-0.3842857143,0.8375,0.07,1.609,9.9004761905
2021-12-08,0.712259829044342,0.17819593846797943,50504.796875,72.36000061035156,1.1276500225067139,1.3246086835861206,1783.4000244140625,0.008808632381260395,0.06314606219530106,7707.2001953125,108096.0,7337.39990234375,4701.2099609375,28860.619140625,4233.08984375,19.899999618530273,1.52,-0.3842857143,0.8375,0.07,1.609,9.9004761905
2021-12-09,0.7170000672340393,0.18077951669692993,47672.12109375,70.94000244140625,1.1345586776733398,1.3210039138793945,1774.5999755859375,0.008796312846243382,0.06383352726697922,7689.39990234375,106291.0,7321.2998046875,4667.4501953125,28725.470703125,4208.2998046875,21.579999923706055,1.49,-0.3842857143,0.8375,0.07,1.609,9.9004761905
2021-12-10,0.7146124243736267,0.17949776351451874,47243.3046875,71.66999816894531,1.1293309926986694,1.3224014043807983,1782.9000244140625,0.008814611472189426,0.06274981796741486,7667.89990234375,107758.0,7291.7998046875,4712.02001953125,28437.76953125,4199.16015625,18.690000534057617,1.48,-0.3842857143,0.8375,0.07,1.609,9.9004761905
2021-12-13,0.7166095972061157,0.17829567193984985,46737.48046875,71.29000091552734,1.131183385848999,1.3257148265838623,1786.300048828125,0.008810495026409626,0.06269608438014984,7697.5,107383.0,7231.39990234375,4668.97021484375,28640.490234375,4183.0400390625,20.309999465942383,1.42,-0.3842857143,0.8375,0.07,1.609,9.9004761905
2021-12-14,0.7133176326751709,0.17606563866138458,46612.6328125,70.7300033569336,1.1285407543182373,1.3213530778884888,1770.4000244140625,0.008804598823189735,0.06251133233308792,7698.2998046875,106760.0,7218.60009765625,4634.08984375,28432.640625,4144.509765625,21.889999389648438,1.44,-0.3842857143,0.8375,0.07,1.609,9.9004761905
2021-12-15,0.7106002569198608,0.1760377436876297,48896.72265625,70.87000274658203,1.1261261701583862,1.323050618171692,1762.5999755859375,0.00879175029695034,0.06220259517431259,7636.2001953125,107370.0,7170.7998046875,4709.85009765625,28459.720703125,4159.68017578125,19.290000915527344,1.47,-0.3842857143,0.8375,0.07,1.609,9.9004761905
2021-12-17,0.717560887336731,0.1758272647857666,46202.14453125,70.86000061035156,1.1334141492843628,1.3323739767074585,1803.800048828125,0.008797938004136086,0.06279631704092026,7626.2001953125,107201.0,7269.89990234375,4620.64013671875,28545.6796875,4161.35009765625,21.56999969482422,1.41,-0.3842857143,0.8375,0.07,1.609,9.9004761905
2021-12-20,0.7116981744766235,0.17565245926380157,46880.27734375,68.2300033569336,1.1243535280227661,1.3229438066482544,1793.699951171875,0.00880917627364397,0.06287528574466705,7602.2001953125,105020.0,7198.0,4568.02001953125,27937.810546875,4107.1298828125,22.8700008392334,1.43,-0.3842857143,0.8375,0.07,1.609,9.9004761905
2021-12-21,0.7109498381614685,0.17417657375335693,48936.61328125,71.12000274658203,1.1277517080307007,1.3210004568099976,1787.9000244140625,0.008798015303909779,0.06351747363805771,7666.7001953125,105500.0,7297.39990234375,4649.22998046875,28517.58984375,4174.990234375,21.010000228881836,1.48,-0.3842857143,0.8375,0.07,1.609,9.9004761905
2021-12-22,0.7147799134254456,0.17409470677375793,48628.51171875,72.76000213623047,1.128757357597351,1.3269639015197754,1801.5999755859375,0.008772390894591808,0.06317637860774994,7682.60009765625,105244.0,7341.7001953125,4696.56005859375,28562.2109375,4217.06005859375,18.6299991607666,1.46,-0.3842857143,0.8375,0.07,1.609,9.9004761905
2021-12-23,0.72139972448349,0.17689722776412964,50784.5390625,73.79000091552734,1.1328877210617065,1.3352025747299194,1811.199951171875,0.008762628771364689,0.06367520242929459,7707.5,104891.0,7373.2998046875,4725.7900390625,28798.369140625,4265.85986328125,17.959999084472656,1.5,-0.3842857143,0.8375,0.07,1.609,9.9004761905
2021-12-29,0.7233999967575073,0.17769880592823029,46444.7109375,76.55999755859375,1.1314777135849,1.3433277606964111,1805.0999755859375,0.008712850511074066,0.0635664090514183,7840.2998046875,104107.0,7420.7001953125,4793.06005859375,28906.880859375,4284.830078125,16.950000762939453,1.55,-0.3842857143,0.8375,0.07,1.609,9.9004761905
2021-12-30,0.7258790135383606,0.17535552382469177,47178.125,76.98999786376953,1.1360150575637817,1.349879264831543,1812.699951171875,0.008699585683643818,0.06285453587770462,7843.7001953125,104822.0,7403.0,4778.72998046875,28791.7109375,4306.06982421875,17.329999923706055,1.52,-0.3842857143,0.8375,0.07,1.609,9.9004761905
2022-01-04,0.7197999358177185,0.17601914703845978,45897.57421875,76.98999786376953,1.1302244663238525,1.3483266830444336,1814.0,0.008670921437442303,0.06304574012756348,7926.7998046875,103514.0,7505.2001953125,4793.5400390625,29301.7890625,4367.6201171875,16.90999984741211,1.66,-0.3842857143,0.8375,0.07,1.609,9.9004761905
2022-01-05,0.7238802313804626,0.17617420852184296,43569.00390625,77.8499984741211,1.1283625364303589,1.353143334388733,1824.5999755859375,0.008607777766883373,0.06250344216823578,7899.60009765625,101006.0,7516.89990234375,4700.580078125,29332.16015625,4392.14990234375,19.729999542236328,1.71,-0.3842857143,0.8375,0.07,1.609,9.9004761905
2022-01-06,0.7220800518989563,0.1752653270959854,43160.9296875,79.45999908447266,1.1313496828079224,1.3555645942687988,1788.699951171875,0.00861118733882904,0.06308897584676743,7679.2998046875,101561.0,7450.39990234375,4696.0498046875,28487.869140625,4324.81005859375,19.610000610351562,1.73,-0.3842857143,0.8375,0.07,1.609,9.9004761905
2022-01-07,0.7162600159645081,0.17598196864128113,41557.90234375,78.9000015258789,1.1296881437301636,1.353363037109375,1797.0,0.00863073393702507,0.06370522081851959,7774.39990234375,102719.0,7485.2998046875,4677.02978515625,28478.560546875,4305.830078125,18.760000228881836,1.76,-0.3842857143,0.8375,0.07,1.609,9.9004761905
2022-01-11,0.71809983253479,0.1766097992658615,42735.85546875,81.22000122070312,1.1330417394638062,1.3580313920974731,1818.5999755859375,0.0086746821179986,0.06385981291532516,7710.7001953125,103779.0,7491.39990234375,4713.06982421875,28222.48046875,4281.5400390625,18.40999984741211,1.75,-0.3842857143,0.8375,0.07,1.609,9.9004761905
2022-01-12,0.7209799885749817,0.17962028086185455,43949.1015625,82.63999938964844,1.1366478204727173,1.3633265495300293,1827.199951171875,0.008670695126056671,0.06456411629915237,7762.2001953125,105686.0,7551.7001953125,4726.35009765625,28765.66015625,4316.39013671875,17.6200008392334,1.74,-0.3842857143,0.8375,0.07,1.609,9.9004761905
2022-01-13,0.7282207608222961,0.1807272583246231,42591.5703125,82.12000274658203,1.144164800643921,1.3709993362426758,1821.199951171875,0.008720296435058117,0.06544644385576248,7797.5,105530.0,7563.89990234375,4659.02978515625,28489.130859375,4315.89990234375,20.309999465942383,1.7,-0.3842857143,0.8375,0.07,1.609,9.9004761905
2022-01-14,0.7282260060310364,0.18093979358673096,43099.69921875,83.81999969482422,1.1457115411758423,1.3713659048080444,1816.5,0.008762859739363194,0.06495784223079681,7717.10009765625,106928.0,7543.0,4662.85009765625,28124.279296875,4272.18994140625,19.190000534057617,1.78,-0.3842857143,0.8375,0.07,1.609,9.9004761905
2022-01-18,0.7210798263549805,0.18129736185073853,42375.6328125,85.43000030517578,1.1410574913024902,1.364800214767456,1812.300048828125,0.008728212676942348,0.0652332752943039,7735.7998046875,106522.0,7563.60009765625,4577.10986328125,28257.25,4257.81982421875,22.790000915527344,1.87,-0.3842857143,0.8375,0.07,1.609,9.9004761905
2022-01-19,0.7187501788139343,0.17967191338539124,41744.328125,86.95999908447266,1.1329647302627563,1.3600261211395264,1843.0999755859375,0.008729507215321064,0.0645698681473732,7656.60009765625,108013.0,7589.7001953125,4532.759765625,27467.23046875,4268.27978515625,23.850000381469727,1.83,-0.3842857143,0.8375,0.07,1.609,9.9004761905
2022-01-20,0.721700131893158,0.18391819298267365,40680.41796875,86.9000015258789,1.1343399286270142,1.3608589172363281,1842.5,0.00874530989676714,0.06537062674760818,7668.89990234375,109102.0,7585.0,4482.72998046875,27772.9296875,4299.60986328125,25.59000015258789,1.83,-0.3842857143,0.8375,0.07,1.609,9.9004761905
2022-01-21,0.7217090129852295,0.18456654250621796,36457.31640625,85.13999938964844,1.1313753128051758,1.359767198562622,1831.800048828125,0.008772469125688076,0.06572158634662628,7490.10009765625,108942.0,7494.10009765625,4397.93994140625,27522.259765625,4229.56005859375,28.850000381469727,1.75,-0.3842857143,0.8375,0.07,1.609,9.9004761905
2022-01-24,0.7187884449958801,0.18324752151966095,36654.328125,83.30999755859375,1.1341469287872314,1.3555830717086792,1841.699951171875,0.008788504637777805,0.06639198213815689,7441.5,107752.0,7297.2001953125,4410.1298828125,27588.369140625,4054.360107421875,29.899999618530273,1.75,-0.3842857143,0.8375,0.07,1.609,9.9004761905
2022-01-25,0.715449869632721,0.1822788417339325,36954.00390625,85.5999984741211,1.1324130296707153,1.3489269018173218,1852.699951171875,0.008771083317697048,0.06565988063812256,7248.10009765625,109845.0,7371.5,4356.4501953125,27131.33984375,4078.260009765625,31.15999984741211,1.78,-0.3842857143,0.8375,0.07,1.609,9.9004761905
2022-01-27,0.7122999429702759,0.18419033288955688,37138.234375,86.61000061035156,1.1243535280227661,1.3468012809753418,1793.300048828125,0.00871680025011301,0.06539059430360794,7114.5,112315.0,7554.2998046875,4326.509765625,26170.30078125,4184.97021484375,30.489999771118164,1.81,-0.3842857143,0.8375,0.07,1.609,9.9004761905
2022-01-28,0.7035500407218933,0.18506576120853424,37784.33203125,86.81999969482422,1.1147029399871826,1.3388315439224243,1784.9000244140625,0.008669117465615273,0.06480604410171509,7266.2998046875,111478.0,7466.10009765625,4431.85009765625,26717.33984375,4136.91015625,27.65999984741211,1.78,-0.3842857143,0.8375,0.07,1.609,9.9004761905
2022-01-31,0.6997998356819153,0.1864767074584961,38483.125,88.1500015258789,1.1152374744415283,1.3403388261795044,1795.0,0.008675886318087578,0.06417550146579742,7268.2998046875,112388.0,7464.39990234375,4515.5498046875,27001.98046875,4174.60009765625,24.829999923706055,1.79,-0.3842857143,0.8375,0.07,1.609,9.9004761905
2022-02-01,0.7068301439285278,0.18856894969940186,38743.2734375,88.19999694824219,1.12296462059021,1.3445378541946411,1800.300048828125,0.00868651270866394,0.0651804655790329,7312.7998046875,113147.0,7535.7998046875,4546.5400390625,27078.48046875,4224.4501953125,21.959999084472656,1.81,0.15,1.4891,0.18,2.111,9.6515
2022-02-02,0.7133991122245789,0.189951553940773,36952.984375,88.26000213623047,1.1273956298828125,1.352539300918579,1809.199951171875,0.008715660311281681,0.06563833355903625,7399.60009765625,112161.0,7583.0,4589.3798828125,27533.599609375,4222.0498046875,22.09000015258789,1.78,0.15,1.4891,0.18,2.111,9.6515
2022-02-03,0.7120797634124756,0.19008155167102814,37154.6015625,90.2699966430664,1.1299946308135986,1.3565024137496948,1803.0,0.00874263420701027,0.06533125042915344,7374.60009765625,111696.0,7528.7998046875,4477.43994140625,27241.310546875,4141.02001953125,24.350000381469727,1.82,0.15,1.4891,0.18,2.111,9.6515
2022-02-04,0.7145000696182251,0.18928997218608856,41500.875,92.30999755859375,1.14357590675354,1.359841227531433,1806.5999755859375,0.008698904886841774,0.06565319746732712,7418.89990234375,112245.0,7516.39990234375,4500.52978515625,27439.990234375,4086.580078125,23.219999313354492,1.93,0.15,1.4891,0.18,2.111,9.6515
2022-02-07,0.7080298066139221,0.1877264380455017,43840.28515625,91.31999969482422,1.145514726638794,1.3533447980880737,1820.5999755859375,0.008678747341036797,0.06487061083316803,7414.2001953125,111996.0,7573.5,4483.8701171875,27248.869140625,4120.56005859375,22.860000610351562,1.92,0.15,1.4891,0.18,2.111,9.6515
2022-02-08,0.7129998207092285,0.1900201439857483,44118.4453125,89.36000061035156,1.1442956924438477,1.353780746459961,1826.5999755859375,0.008690890856087208,0.06457487493753433,7489.0,112234.0,7567.10009765625,4521.5400390625,27284.51953125,4129.25,21.440000534057617,1.96,0.15,1.4891,0.18,2.111,9.6515
2022-02-09,0.7145919799804688,0.19017191231250763,44338.796875,89.66000366210938,1.142126202583313,1.3547565937042236,1835.199951171875,0.008655685931444168,0.06526925414800644,7572.7998046875,112461.0,7643.39990234375,4587.18017578125,27579.869140625,4204.08984375,19.959999084472656,1.94,0.15,1.4891,0.18,2.111,9.6515
2022-02-10,0.7177411317825317,0.19104021787643433,43565.11328125,89.87999725341797,1.142152190208435,1.3533265590667725,1836.199951171875,0.008650369942188263,0.06576524674892426,7595.5,113359.0,7672.39990234375,4504.080078125,27696.080078125,4197.06982421875,23.90999984741211,2.03,0.15,1.4891,0.18,2.111,9.6515
2022-02-14,0.7144796252250671,0.19047778844833374,42586.91796875,95.45999908447266,1.1365057229995728,1.3569625616073608,1868.0,0.008651716634631157,0.06577744334936142,7535.10009765625,113807.0,7531.60009765625,4401.669921875,27079.58984375,4064.449951171875,28.329999923706055,1.98,0.15,1.4891,0.18,2.111,9.6515
2022-02-15,0.7132098078727722,0.1917913258075714,44575.203125,92.06999969482422,1.1306334733963013,1.3532898426055908,1854.800048828125,0.008655310608446598,0.06632368266582489,7490.2998046875,114660.0,7608.89990234375,4471.06982421875,26865.189453125,4143.7099609375,25.700000762939453,2.05,0.15,1.4891,0.18,2.111,9.6515
2022-02-16,0.7149087190628052,0.19387735426425934,43961.859375,93.66000366210938,1.1356796026229858,1.3541145324707031,1870.199951171875,0.008647901006042957,0.0662585124373436,7573.0,115181.0,7603.7998046875,4475.009765625,27460.400390625,4137.22021484375,24.290000915527344,2.03,0.15,1.4891,0.18,2.111,9.6515
2022-02-17,0.7194502949714661,0.19471164047718048,40538.01171875,91.76000213623047,1.1375269889831543,1.3584926128387451,1900.699951171875,0.008666487410664558,0.06666133552789688,7574.7998046875,113528.0,7537.39990234375,4380.259765625,27232.869140625,4113.18994140625,28.110000610351562,1.97,0.15,1.4891,0.18,2.111,9.6515
2022-02-18,0.71893310546875,0.19340115785598755,40030.9765625,91.06999969482422,1.1366478204727173,1.3618782758712769,1898.5999755859375,0.008705796673893929,0.06668267399072647,7502.7998046875,112768.0,7513.60009765625,4348.8701171875,27122.0703125,4074.280029296875,27.75,1.92,0.15,1.4891,0.18,2.111,9.6515
2022-02-22,0.718450129032135,0.1959746778011322,38286.02734375,92.3499984741211,1.1309658288955688,1.3596007823944092,1906.0999755859375,0.008725318126380444,0.0660611093044281,7422.2001953125,112892.0,7494.2001953125,4304.759765625,26449.609375,3985.469970703125,28.809999465942383,1.94,0.15,1.4891,0.18,2.111,9.6515
2022-02-24,0.7227997779846191,0.19965261220932007,38332.609375,92.80999755859375,1.1305694580078125,1.3545730113983154,1925.0999755859375,0.00870337150990963,0.06625368446111679,7253.10009765625,111592.0,7207.0,4288.7001953125,25970.8203125,3829.2900390625,30.31999969482422,1.96,0.15,1.4891,0.18,2.111,9.6515
2022-02-25,0.7160200476646423,0.19522860646247864,39214.21875,91.58999633789062,1.11906898021698,1.337327480316162,1886.5,0.00865268986672163,0.06521391868591309,7273.60009765625,113142.0,7489.5,4384.64990234375,26476.5,3970.68994140625,27.59000015258789,1.97,0.15,1.4891,0.18,2.111,9.6515
2022-03-02,0.7261425852775574,0.1938360184431076,43924.1171875,110.5999984741211,1.1132758855819702,1.3335111141204834,1920.9000244140625,0.008708298206329346,0.06495193392038345,7406.2998046875,115174.0,7429.60009765625,4386.5400390625,26393.029296875,3820.590087890625,30.739999771118164,1.86,0.2817391304,1.5457,0.21,2.5,10.0963636364
2022-03-03,0.729341447353363,0.1962129771709442,42451.7890625,107.66999816894531,1.1112345457077026,1.33969247341156,1934.4000244140625,0.008656584657728672,0.06540136784315109,7446.7998046875,115166.0,7238.89990234375,4363.490234375,26577.26953125,3741.780029296875,30.479999542236328,1.86,0.2817391304,1.5457,0.21,2.5,10.0963636364
2022-03-04,0.7336999773979187,0.19877159595489502,39137.60546875,115.68000030517578,1.1066844463348389,1.3350956439971924,1965.0999755859375,0.00865995790809393,0.06592726707458496,7395.2998046875,114474.0,6987.10009765625,4328.8701171875,25985.470703125,3556.010009765625,31.979999542236328,1.74,0.2817391304,1.5457,0.21,2.5,10.0963636364
2022-03-07,0.7394808530807495,0.19760657846927643,38062.0390625,119.4000015258789,1.087453007698059,1.3212482929229736,1993.9000244140625,0.00869943480938673,0.06536845117807388,7321.2001953125,111593.0,6959.5,4201.08984375,25221.41015625,3512.219970703125,36.45000076293945,1.78,0.2817391304,1.5457,0.21,2.5,10.0963636364
2022-03-08,0.7328498363494873,0.1956755816936493,38737.26953125,123.69999694824219,1.0865312814712524,1.3112295866012573,2040.0999755859375,0.0086675388738513,0.06520349532365799,7252.89990234375,111203.0,6964.10009765625,4170.7001953125,24790.94921875,3505.2900390625,35.130001068115234,1.86,0.2817391304,1.5457,0.21,2.5,10.0963636364
2022-03-09,0.7267916798591614,0.19767533242702484,41982.92578125,108.69999694824219,1.0898232460021973,1.3099292516708374,1985.9000244140625,0.008641399443149567,0.06547887623310089,7331.7998046875,113900.0,7190.7001953125,4277.8798828125,24717.529296875,3766.02001953125,32.45000076293945,1.94,0.2817391304,1.5457,0.21,2.5,10.0963636364
2022-03-10,0.731689989566803,0.19954106211662292,39437.4609375,106.0199966430664,1.107382893562317,1.3185653686523438,1998.0999755859375,0.008627457544207573,0.06662358343601227,7410.89990234375,113663.0,7099.10009765625,4259.52001953125,25690.400390625,3651.389892578125,30.229999542236328,1.98,0.2817391304,1.5457,0.21,2.5,10.0963636364
2022-03-11,0.7365999817848206,0.19961275160312653,38794.97265625,109.33000183105469,1.1013944149017334,1.3103240728378296,1982.699951171875,0.008607407100498676,0.06656645983457565,7339.2998046875,111713.0,7155.60009765625,4204.31005859375,25162.779296875,3686.780029296875,30.75,2.0,0.2817391304,1.5457,0.21,2.5,10.0963636364
2022-03-14,0.72965008020401,0.1971025913953781,39666.75390625,103.01000213623047,1.093206763267517,1.3050298690795898,1959.5999755859375,0.008508538827300072,0.06666667014360428,7422.2001953125,109928.0,7193.5,4173.10986328125,25307.849609375,3741.10009765625,31.770000457763672,2.14,0.2817391304,1.5457,0.21,2.5,10.0963636364
2022-03-15,0.71986985206604,0.19525910913944244,39338.78515625,96.44000244140625,1.0943193435668945,1.3011853694915771,1928.5,0.008458948694169521,0.0662560984492302,7356.10009765625,108959.0,7175.7001953125,4262.4501953125,25346.48046875,3738.110107421875,29.829999923706055,2.15,0.2817391304,1.5457,0.21,2.5,10.0963636364
2022-03-16,0.7191000580787659,0.1936783492565155,41143.9296875,95.04000091552734,1.0969363451004028,1.304648518562317,1908.0,0.008453656919300556,0.06628046929836273,7435.7998046875,111112.0,7291.7001953125,4357.85986328125,25762.009765625,3889.68994140625,26.670000076293945,2.19,0.2817391304,1.5457,0.21,2.5,10.0963636364
2022-03-17,0.7288799285888672,0.19708803296089172,40951.37890625,102.9800033569336,1.1021955013275146,1.3141123056411743,1942.0999755859375,0.008412551134824753,0.06708617508411407,7521.60009765625,113076.0,7385.2998046875,4411.669921875,26652.890625,3885.320068359375,25.670000076293945,2.2,0.2817391304,1.5457,0.21,2.5,10.0963636364
2022-03-18,0.738099992275238,0.19843631982803345,41801.15625,104.69999694824219,1.1099518537521362,1.3160406351089478,1928.199951171875,0.008439815603196621,0.06709428131580353,7571.2001953125,115311.0,7404.7001953125,4463.1201171875,26827.4296875,3902.43994140625,23.8700008392334,2.14,0.2817391304,1.5457,0.21,2.5,10.0963636364
2022-03-22,0.7395793199539185,0.20262601971626282,42358.80859375,111.76000213623047,1.101722002029419,1.3168290853500366,1920.699951171875,0.008361623622477055,0.06711972504854202,7620.7001953125,117272.0,7476.7001953125,4511.60986328125,27224.109375,3926.1201171875,22.940000534057617,2.38,0.2817391304,1.5457,0.21,2.5,10.0963636364
2022-03-23,0.7462301850318909,0.20366600155830383,42892.95703125,114.93000030517578,1.1029735803604126,1.3266470432281494,1936.5999755859375,0.008241306059062481,0.06754931062459946,7665.0,117457.0,7460.60009765625,4456.240234375,28040.16015625,3869.219970703125,23.56999969482422,2.32,0.2817391304,1.5457,0.21,2.5,10.0963636364
2022-03-24,0.7499175071716309,0.2072882503271103,43960.93359375,112.33999633789062,1.1006306409835815,1.3206027746200562,1961.5999755859375,0.008255797438323498,0.06788589805364609,7669.0,119053.0,7467.39990234375,4520.16015625,28110.390625,3863.389892578125,21.670000076293945,2.34,0.2817391304,1.5457,0.21,2.5,10.0963636364
2022-03-25,0.7514277100563049,0.20719805359840393,44348.73046875,113.9000015258789,1.1009578704833984,1.3195745944976807,1953.800048828125,0.008173540234565735,0.06903369724750519,7689.89990234375,119081.0,7483.39990234375,4543.06005859375,28149.83984375,3867.72998046875,20.809999465942383,2.48,0.2817391304,1.5457,0.21,2.5,10.0963636364
2022-03-28,0.7518231272697449,0.21110853552818298,47128.00390625,105.95999908447266,1.098189115524292,1.317627191543579,1939.5999755859375,0.008178621530532837,0.06871157139539719,7689.2998046875,118738.0,7473.10009765625,4575.52001953125,27943.890625,3887.10009765625,19.6299991607666,2.46,0.2817391304,1.5457,0.21,2.5,10.0963636364
2022-03-29,0.7499501705169678,0.20990322530269623,47465.73046875,104.23999786376953,1.0993843078613281,1.3103584051132202,1912.0,0.008086688816547394,0.06825751811265945,7747.0,120014.0,7537.2998046875,4631.60009765625,28252.419921875,4002.179931640625,18.899999618530273,2.41,0.2817391304,1.5457,0.21,2.5,10.0963636364
2022-03-30,0.7514672875404358,0.21025188267230988,47062.6640625,107.81999969482422,1.1091516017913818,1.3093804121017456,1933.5,0.008121827617287636,0.06895172595977783,7799.89990234375,120260.0,7578.7998046875,4602.4501953125,28027.25,3959.139892578125,19.329999923706055,2.35,0.2817391304,1.5457,0.21,2.5,10.0963636364
2022-03-31,0.7503001093864441,0.20965678989887238,45538.67578125,100.27999877929688,1.1161835193634033,1.3138878345489502,1949.199951171875,0.008195310831069946,0.06905028223991394,7789.60009765625,119999.0,7515.7001953125,4530.41015625,27821.4296875,3902.52001953125,20.559999465942383,2.32,0.2817391304,1.5457,0.21,2.5,10.0963636364
2022-04-01,0.7491927742958069,0.21106842160224915,46281.64453125,99.2699966430664,1.1072357892990112,1.314699649810791,1919.0999755859375,0.008213147521018982,0.06851473450660706,7785.89990234375,121570.0,7537.89990234375,4545.85986328125,27665.98046875,3918.679931640625,19.6299991607666,2.39,0.7463157895,1.8362,0.215,3.008,10.1116666667
2022-04-04,0.7486487030982971,0.21472129225730896,46622.67578125,103.27999877929688,1.1047282218933105,1.3103755712509155,1929.199951171875,0.0081559419631958,0.06825845688581467,7818.89990234375,121280.0,7558.89990234375,4582.64013671875,27736.470703125,3951.1201171875,18.56999969482422,2.42,0.7463157895,1.8362,0.215,3.008,10.1116666667
2022-04-05,0.7543901801109314,0.21768470108509064,45555.9921875,101.95999908447266,1.0975863933563232,1.3114582300186157,1922.9000244140625,0.008142725564539433,0.0686144009232521,7833.2001953125,118885.0,7613.7001953125,4525.1201171875,27787.98046875,3917.85009765625,21.030000686645508,2.54,0.7463157895,1.8362,0.215,3.008,10.1116666667
2022-04-06,0.7585699558258057,0.21502138674259186,43206.73828125,96.2300033569336,1.090643286705017,1.3077365159988403,1918.4000244140625,0.008086951449513435,0.06815888732671738,7788.2998046875,118228.0,7587.7001953125,4481.14990234375,27350.30078125,3824.68994140625,22.100000381469727,2.61,0.7463157895,1.8362,0.215,3.008,10.1116666667
2022-04-07,0.7505084872245789,0.21208009123802185,43503.84765625,96.02999877929688,1.0898232460021973,1.307206630706787,1933.800048828125,0.008082571439445019,0.06813288480043411,7734.7998046875,118862.0,7551.7998046875,4500.2099609375,26888.5703125,3802.010009765625,21.549999237060547,2.66,0.7463157895,1.8362,0.215,3.008,10.1116666667
2022-04-08,0.7478480935096741,0.21043328940868378,42287.6640625,98.26000213623047,1.0864840745925903,1.3069332838058472,1941.5999755859375,0.0080582769587636,0.0679246261715889,7772.0,118322.0,7669.60009765625,4488.27978515625,26985.80078125,3858.3701171875,21.15999984741211,2.72,0.7463157895,1.8362,0.215,3.008,10.1116666667
2022-04-11,0.7446514964103699,0.21285200119018555,39521.90234375,94.29000091552734,1.0884946584701538,1.303220272064209,1944.300048828125,0.008039554581046104,0.06832747906446457,7773.2001953125,116953.0,7618.2998046875,4412.52978515625,26821.51953125,3839.6201171875,24.3700008392334,2.79,0.7463157895,1.8362,0.215,3.008,10.1116666667
2022-04-12,0.7415317296981812,0.2130560725927353,40127.18359375,100.5999984741211,1.0877959728240967,1.3024225234985352,1972.0999755859375,0.007969905622303486,0.06871973723173141,7735.5,116147.0,7576.7001953125,4397.4501953125,26334.98046875,3831.469970703125,24.260000228881836,2.72,0.7463157895,1.8362,0.215,3.008,10.1116666667
2022-04-13,0.7454997897148132,0.213990718126297,41166.73046875,104.25,1.0826143026351929,1.3002548217773438,1981.0,0.007973464205861092,0.06889714300632477,7772.0,116782.0,7580.7998046875,4446.58984375,26843.490234375,3827.9599609375,21.81999969482422,2.7,0.7463157895,1.8362,0.215,3.008,10.1116666667
2022-04-14,0.7451497912406921,0.21321053802967072,39935.515625,106.94999694824219,1.089656949043274,1.312026023864746,1970.9000244140625,0.007975944317877293,0.06881696730852127,7822.2001953125,116182.0,7616.39990234375,4392.58984375,27172.0,3848.679931640625,22.700000762939453,2.83,0.7463157895,1.8362,0.215,3.008,10.1116666667
2022-04-19,0.7357593774795532,0.21496130526065826,41502.75,102.55999755859375,1.0781787633895874,1.3009822368621826,1955.699951171875,0.007867944426834583,0.06824075430631638,7867.89990234375,115057.0,7601.2998046875,4462.2099609375,26985.08984375,3830.760009765625,21.3700008392334,2.93,0.7463157895,1.8362,0.215,3.008,10.1116666667
2022-04-20,0.7393988370895386,0.2143622785806656,41374.37890625,102.75,1.0794472694396973,1.301371693611145,1952.300048828125,0.007731979247182608,0.06684402376413345,7869.60009765625,114344.0,7629.2001953125,4459.4501953125,27217.849609375,3896.81005859375,20.31999969482422,2.85,0.7463157895,1.8362,0.215,3.008,10.1116666667
2022-04-22,0.7361114025115967,0.2164127379655838,39740.3203125,102.06999969482422,1.0835175514221191,1.302626132965088,1931.0,0.007787676528096199,0.06510789692401886,7768.2001953125,111078.0,7521.7001953125,4271.77978515625,27105.259765625,3840.010009765625,28.209999084472656,2.9,0.7463157895,1.8362,0.215,3.008,10.1116666667
2022-04-26,0.717849850654602,0.20507772266864777,38117.4609375,101.69999694824219,1.0714209079742432,1.2739989757537842,1901.4000244140625,0.00782815646380186,0.06380358338356018,7604.0,108213.0,7386.2001953125,4175.2001953125,26700.109375,3721.360107421875,33.52000045776367,2.77,0.7463157895,1.8362,0.215,3.008,10.1116666667
2022-04-28,0.7125704288482666,0.2014666646718979,39773.828125,105.36000061035156,1.0555092096328735,1.2541857957839966,1888.699951171875,0.007788525894284248,0.06303715705871582,7642.39990234375,109919.0,7509.2001953125,4287.5,26847.900390625,3777.02001953125,29.989999771118164,2.85,0.7463157895,1.8362,0.215,3.008,10.1116666667
2022-05-06,0.712100088596344,0.19888624548912048,36040.921875,109.7699966430664,1.0539740324020386,1.2364147901535034,1881.199951171875,0.007672830484807491,0.06257978826761246,7467.60009765625,105135.0,7387.89990234375,4123.33984375,27003.560546875,3629.169921875,30.190000534057617,3.12,0.7463157895,1.8362,0.215,3.008,10.1116666667
2022-05-09,0.7046997547149658,0.19683489203453064,30296.953125,103.08999633789062,1.053219199180603,1.2326656579971313,1857.0999755859375,0.007648242637515068,0.06226068362593651,7357.89990234375,103250.0,7216.60009765625,3991.239990234375,26319.33984375,3526.860107421875,34.75,3.05,0.7463157895,1.8362,0.215,3.008,10.1116666667
2022-05-10,0.6957392692565918,0.19376464188098907,31022.90625,99.76000213623047,1.056579828262329,1.2338824272155762,1839.9000244140625,0.007670064456760883,0.06164391711354256,7285.2001953125,103110.0,7243.2001953125,4001.050048828125,26167.099609375,3554.800048828125,32.9900016784668,2.99,0.7463157895,1.8362,0.215,3.008,10.1116666667
2022-05-11,0.693600058555603,0.19488239288330078,28936.35546875,105.70999908447266,1.0532968044281006,1.2309207916259766,1852.5999755859375,0.0076715946197509766,0.0620390884578228,7304.39990234375,104397.0,7347.7001953125,3935.179931640625,26213.640625,3647.8701171875,32.560001373291016,2.91,0.7463157895,1.8362,0.215,3.008,10.1116666667
2022-05-12,0.692750096321106,0.19477033615112305,29047.751953125,106.12999725341797,1.05124831199646,1.2234212160110474,1823.800048828125,0.007702082861214876,0.062195245176553726,7166.60009765625,105688.0,7233.2998046875,3930.080078125,25748.720703125,3613.429931640625,31.770000457763672,2.84,0.7463157895,1.8362,0.215,3.008,10.1116666667
2022-05-13,0.6871907711029053,0.1948026716709137,29283.103515625,110.48999786376953,1.0379581451416016,1.220613718032837,1807.4000244140625,0.007776775397360325,0.06228123605251312,7307.7001953125,106924.0,7418.2001953125,4023.889892578125,26427.650390625,3703.419921875,28.8700008392334,2.93,0.7463157895,1.8362,0.215,3.008,10.1116666667
2022-05-16,0.6946181058883667,0.19769488275051117,29862.91796875,114.19999694824219,1.0400632619857788,1.2258507013320923,1813.5,0.007726064417511225,0.061919812113046646,7326.2001953125,108233.0,7464.7998046875,4008.010009765625,26547.05078125,3685.340087890625,27.469999313354492,2.88,0.7463157895,1.8362,0.215,3.008,10.1116666667
2022-05-17,0.6972820162773132,0.19764018058776855,30425.857421875,112.4000015258789,1.0438958406448364,1.2324832677841187,1818.199951171875,0.007756567560136318,0.06202661991119385,7350.60009765625,108789.0,7518.39990234375,4088.85009765625,26659.75,3741.510009765625,26.100000381469727,2.98,0.7463157895,1.8362,0.215,3.008,10.1116666667
2022-05-18,0.7032843232154846,0.20250704884529114,28720.271484375,109.58999633789062,1.0547856092453003,1.2484394311904907,1815.9000244140625,0.0077247521840035915,0.06288386881351471,7426.60009765625,106247.0,7438.10009765625,3923.679931640625,26911.19921875,3690.739990234375,30.959999084472656,2.89,0.7463157895,1.8362,0.215,3.008,10.1116666667
2022-05-19,0.695900022983551,0.2013085037469864,30314.333984375,112.20999908447266,1.0472739934921265,1.2345831394195557,1841.199951171875,0.007817752659320831,0.062237437814474106,7303.2998046875,107005.0,7302.7001953125,3900.7900390625,26402.83984375,3633.330078125,29.350000381469727,2.84,0.7463157895,1.8362,0.215,3.008,10.1116666667
2022-05-20,0.7041500210762024,0.20283976197242737,29200.740234375,113.2300033569336,1.057898759841919,1.2462146282196045,1841.800048828125,0.007822766900062561,0.06316281855106354,7391.0,108488.0,7390.0,3901.360107421875,26739.029296875,3657.030029296875,29.43000030517578,2.78,0.7463157895,1.8362,0.215,3.008,10.1116666667
2022-05-23,0.7062894701957703,0.20490963757038116,29098.91015625,110.29000091552734,1.0569819211959839,1.2504063844680786,1847.800048828125,0.007818425074219704,0.06315499544143677,7398.89990234375,110346.0,7513.39990234375,3973.75,27001.51953125,3708.389892578125,28.479999542236328,2.86,0.7463157895,1.8362,0.215,3.008,10.1116666667
2022-05-24,0.7088980674743652,0.20774903893470764,29655.5859375,109.7699966430664,1.0682048797607422,1.256754994392395,1865.0999755859375,0.00782191101461649,0.0633862167596817,7373.2001953125,110581.0,7484.39990234375,3941.47998046875,26748.140625,3647.56005859375,29.450000762939453,2.76,0.7463157895,1.8362,0.215,3.008,10.1116666667
2022-05-25,0.7103200554847717,0.2075636088848114,29562.361328125,110.33000183105469,1.0736525058746338,1.2542959451675415,1846.199951171875,0.007888363674283028,0.0640120878815651,7391.7001953125,110580.0,7522.7998046875,3978.72998046875,26677.80078125,3677.10009765625,28.3700008392334,2.75,0.7463157895,1.8362,0.215,3.008,10.1116666667
2022-05-26,0.708939790725708,0.20734842121601105,29267.224609375,114.08999633789062,1.0686614513397217,1.258610486984253,1847.4000244140625,0.007864602841436863,0.06362698972225189,7339.2998046875,111890.0,7564.89990234375,4057.840087890625,26604.83984375,3677.10009765625,27.5,2.75,0.7463157895,1.8362,0.215,3.008,10.1116666667
2022-05-27,0.7098793983459473,0.20972275733947754,28627.57421875,115.06999969482422,1.0732953548431396,1.261734127998352,1851.300048828125,0.007871226407587528,0.06379597634077072,7413.10009765625,111942.0,7585.5,4158.240234375,26781.6796875,3808.860107421875,25.719999313354492,2.74,0.7463157895,1.8362,0.215,3.008,10.1116666667
2022-05-31,0.7195202112197876,0.21041999757289886,31792.310546875,114.66999816894531,1.0773539543151855,1.2647020816802979,1842.699951171875,0.007825706154108047,0.06461284309625626,7455.2001953125,111351.0,7607.7001953125,4132.14990234375,27279.80078125,3789.2099609375,26.190000534057617,2.85,0.7463157895,1.8362,0.215,3.008,10.1116666667
2022-06-01,0.7182618379592896,0.21139861643314362,29799.080078125,115.26000213623047,1.0734105110168457,1.2608909606933594,1843.300048828125,0.007767835631966591,0.06412102282047272,7462.89990234375,111360.0,7533.0,4101.22998046875,27457.890625,3759.5400390625,25.690000534057617,2.94,1.445,2.3824,0.225,3.767,10.9352380952
2022-06-06,0.7204922437667847,0.20942407846450806,31370.671875,118.5,1.0726046562194824,1.249230146408081,1839.199951171875,0.007650699466466904,0.06436621397733688,7433.10009765625,110186.0,7608.2001953125,4121.43017578125,27915.890625,3783.659912109375,25.06999969482422,3.04,1.445,2.3824,0.225,3.767,10.9352380952
2022-06-07,0.7188607454299927,0.20858538150787354,31155.478515625,119.41000366210938,1.0691413879394531,1.2523481845855713,1847.5,0.007565670181065798,0.06484369933605194,7318.60009765625,110070.0,7598.89990234375,4160.68017578125,27943.94921875,3806.739990234375,24.020000457763672,2.98,1.445,2.3824,0.225,3.767,10.9352380952
2022-06-08,0.7220602631568909,0.20544317364692688,30214.35546875,122.11000061035156,1.0698620080947876,1.2587324380874634,1851.9000244140625,0.007527456618845463,0.06508602946996689,7347.0,108368.0,7593.0,4115.77001953125,28234.2890625,3788.929931640625,23.959999084472656,3.03,1.445,2.3824,0.225,3.767,10.9352380952
2022-06-09,0.7186489701271057,0.20416079461574554,30111.998046875,121.51000213623047,1.071765422821045,1.254028558731079,1848.800048828125,0.007438816130161285,0.06545530259609222,7240.39990234375,107094.0,7476.2001953125,4017.820068359375,28246.529296875,3724.449951171875,26.09000015258789,3.04,1.445,2.3824,0.225,3.767,10.9352380952
2022-06-10,0.7098188996315002,0.20394429564476013,29083.8046875,120.66999816894531,1.0619205236434937,1.2492972612380981,1871.5,0.007439479697495699,0.06462244689464569,7145.2001953125,105481.0,7317.5,3900.860107421875,27824.2890625,3599.199951171875,27.75,3.15,1.445,2.3824,0.225,3.767,10.9352380952
2022-06-14,0.6941600441932678,0.19556459784507751,22206.79296875,118.93000030517578,1.0415147542953491,1.2144765853881836,1809.5,0.007450176402926445,0.06206207349896431,6881.2001953125,102063.0,7187.5,3735.47998046875,26629.859375,3475.179931640625,32.689998626708984,3.49,1.445,2.3824,0.225,3.767,10.9352380952
2022-06-15,0.6889899373054504,0.19546139240264893,22572.83984375,115.30999755859375,1.0440592765808105,1.201258897781372,1815.300048828125,0.0073913102969527245,0.06244146451354027,6785.7998046875,102807.0,7273.39990234375,3789.989990234375,26326.16015625,3532.320068359375,29.6200008392334,3.33,1.445,2.3824,0.225,3.767,10.9352380952
2022-06-17,0.704049825668335,0.19793358445167542,20471.482421875,109.55999755859375,1.0546854734420776,1.2354830503463745,1835.5999755859375,0.00755167193710804,0.06251484900712967,6663.2998046875,99825.0,7016.2998046875,3674.840087890625,25963.0,3438.4599609375,31.1299991607666,3.25,1.445,2.3824,0.225,3.767,10.9352380952
2022-06-21,0.6969500780105591,0.1927822232246399,20710.59765625,110.6500015258789,1.0520778894424438,1.225174903869629,1834.5999755859375,0.007402636576443911,0.062407948076725006,6700.7998046875,99685.0,7152.10009765625,3764.7900390625,26246.310546875,3494.0,30.190000534057617,3.31,1.445,2.3824,0.225,3.767,10.9352380952
2022-06-22,0.6961801052093506,0.19520574808120728,19987.029296875,106.19000244140625,1.053263545036316,1.2266627550125122,1834.300048828125,0.007338426541537046,0.06283553689718246,6682.2998046875,99522.0,7089.2001953125,3759.889892578125,26149.55078125,3464.639892578125,28.950000762939453,3.16,1.445,2.3824,0.225,3.767,10.9352380952
2022-06-23,0.6905218958854675,0.19254466891288757,21085.876953125,104.2699966430664,1.0564124584197998,1.225084900856018,1825.699951171875,0.007351643871515989,0.06289462745189667,6691.39990234375,98080.0,7020.5,3795.72998046875,26171.25,3436.2900390625,29.049999237060547,3.09,1.445,2.3824,0.225,3.767,10.9352380952
2022-06-24,0.6903502941131592,0.19091255962848663,21231.65625,107.62000274658203,1.052011489868164,1.2260762453079224,1826.5,0.007416197098791599,0.06275332719087601,6762.39990234375,98672.0,7208.7998046875,3911.739990234375,26491.970703125,3533.169921875,27.229999542236328,3.13,1.445,2.3824,0.225,3.767,10.9352380952
2022-06-27,0.6943383812904358,0.19078873097896576,20735.478515625,109.56999969482422,1.0566133260726929,1.228244662284851,1820.9000244140625,0.007404007017612457,0.06343205273151398,6893.60009765625,100764.0,7258.2998046875,3900.110107421875,26871.26953125,3538.8798828125,26.950000762939453,3.2,1.445,2.3824,0.225,3.767,10.9352380952
2022-06-28,0.6922522783279419,0.19095630943775177,20280.634765625,111.76000213623047,1.0580891370773315,1.2267379760742188,1817.5,0.007383615709841251,0.06318196654319763,6953.39990234375,100591.0,7323.39990234375,3821.550048828125,27049.470703125,3549.2900390625,28.360000610351562,3.2,1.445,2.3824,0.225,3.767,10.9352380952
2022-06-29,0.6904398798942566,0.18987581133842468,20104.0234375,109.77999877929688,1.0523545742034912,1.2189769744873047,1813.699951171875,0.007350401021540165,0.06225331872701645,6877.89990234375,99622.0,7312.2998046875,3818.830078125,26804.599609375,3514.320068359375,28.15999984741211,3.1,1.445,2.3824,0.225,3.767,10.9352380952
2022-06-30,0.6880465745925903,0.1930166482925415,19784.7265625,105.76000213623047,1.04465913772583,1.2131799459457397,1804.0999755859375,0.00732123339548707,0.06169526278972626,6746.5,98542.0,7169.2998046875,3785.3798828125,26393.0390625,3454.860107421875,28.709999084472656,2.98,1.445,2.3824,0.225,3.767,10.9352380952
2022-07-01,0.6897598505020142,0.19040365517139435,19269.3671875,108.43000030517578,1.0477677583694458,1.2160863876342773,1798.9000244140625,0.007364529650658369,0.06151673570275307,6720.39990234375,98954.0,7168.7001953125,3825.330078125,25935.619140625,3448.31005859375,26.700000762939453,2.88,1.0819047619,2.1454,0.18,3.429,11.4233333333
2022-07-05,0.6873797178268433,0.18767711520195007,20190.115234375,99.5,1.0433186292648315,1.211445689201355,1761.800048828125,0.007361602038145065,0.06123136729001999,6818.10009765625,98295.0,7025.5,3831.389892578125,26423.470703125,3359.830078125,27.540000915527344,2.82,1.0819047619,2.1454,0.18,3.429,11.4233333333
2022-07-06,0.6793201565742493,0.1856941282749176,20548.24609375,98.52999877929688,1.0257673263549805,1.19491446018219,1734.9000244140625,0.007378930225968361,0.06048380956053734,6784.2998046875,98719.0,7107.7998046875,3845.080078125,26107.650390625,3421.840087890625,26.729999542236328,2.93,1.0819047619,2.1454,0.18,3.429,11.4233333333
2022-07-07,0.6786000728607178,0.18422992527484894,21637.587890625,102.7300033569336,1.0186411142349243,1.1923214197158813,1737.9000244140625,0.00735477963462472,0.059650570154190063,6836.89990234375,100730.0,7189.10009765625,3902.6201171875,26490.529296875,3488.5,26.079999923706055,3.01,1.0819047619,2.1454,0.18,3.429,11.4233333333
2022-07-08,0.6849000453948975,0.18732905387878418,21731.1171875,104.79000091552734,1.0169836282730103,1.2028049230575562,1740.5999755859375,0.007357648108154535,0.05993008613586426,6877.0,100289.0,7196.2001953125,3899.3798828125,26517.189453125,3506.550048828125,24.639999389648438,3.09,1.0819047619,2.1454,0.18,3.429,11.4233333333
2022-07-11,0.6845798492431641,0.19033117592334747,19970.556640625,104.08999633789062,1.0166114568710327,1.2016630172729492,1730.0,0.007336703594774008,0.059478387236595154,6792.60009765625,98212.0,7196.60009765625,3854.429931640625,26812.30078125,3471.68994140625,26.170000076293945,2.99,1.0819047619,2.1454,0.18,3.429,11.4233333333
2022-07-12,0.6743316054344177,0.18597039580345154,19323.9140625,95.83999633789062,1.004752516746521,1.1900936365127563,1723.300048828125,0.007278656121343374,0.05857029929757118,6786.7998046875,98271.0,7209.89990234375,3818.800048828125,26336.66015625,3487.050048828125,27.290000915527344,2.96,1.0819047619,2.1454,0.18,3.429,11.4233333333
2022-07-13,0.674700140953064,0.18394187092781067,20212.07421875,96.30000305175781,1.0033109188079834,1.1877753734588623,1734.199951171875,0.007313897833228111,0.058763932436704636,6807.7998046875,97881.0,7156.39990234375,3801.780029296875,26478.76953125,3453.969970703125,26.81999969482422,2.91,1.0819047619,2.1454,0.18,3.429,11.4233333333
2022-07-14,0.6732302308082581,0.18549777567386627,20569.919921875,95.77999877929688,1.0032706260681152,1.186380386352539,1704.5,0.00726596312597394,0.05901341512799263,6848.60009765625,96121.0,7039.7998046875,3790.3798828125,26643.390625,3396.610107421875,26.399999618530273,2.96,1.0819047619,2.1454,0.18,3.429,11.4233333333
2022-07-15,0.6754885315895081,0.184406578540802,20836.328125,97.58999633789062,1.0025665760040283,1.1839643716812134,1702.4000244140625,0.007195953279733658,0.0584050752222538,6798.0,96551.0,7159.0,3863.159912109375,26788.470703125,3477.199951171875,24.229999542236328,2.93,1.0819047619,2.1454,0.18,3.429,11.4233333333
2022-07-19,0.6810198426246643,0.18393172323703766,23389.43359375,104.22000122070312,1.0145177841186523,1.194828748703003,1710.0,0.007234371732920408,0.05851118266582489,6853.0,98245.0,7296.2998046875,3936.68994140625,26961.6796875,3587.43994140625,24.5,3.01,1.0819047619,2.1454,0.18,3.429,11.4233333333
2022-07-20,0.6897978782653809,0.18473704159259796,23231.732421875,102.26000213623047,1.0231330394744873,1.2003505229949951,1699.5,0.007236361503601074,0.058573730289936066,6975.2001953125,98287.0,7264.2998046875,3959.89990234375,27680.259765625,3585.239990234375,23.8799991607666,3.04,1.0819047619,2.1454,0.18,3.429,11.4233333333
2022-07-21,0.6887384057044983,0.18280866742134094,23164.62890625,96.3499984741211,1.0182781219482422,1.1971746683120728,1712.699951171875,0.0072256941348314285,0.05839995667338371,7018.39990234375,99033.0,7270.5,3998.949951171875,27803.0,3596.510009765625,23.110000610351562,2.91,1.0819047619,2.1454,0.18,3.429,11.4233333333
2022-07-22,0.692290186882019,0.18189094960689545,22714.978515625,94.69999694824219,1.0221081972122192,1.1996161937713623,1727.0999755859375,0.007294051814824343,0.058701291680336,7011.7998046875,98925.0,7276.39990234375,3961.6298828125,27914.66015625,3596.489990234375,23.030000686645508,2.77,1.0819047619,2.1454,0.18,3.429,11.4233333333
2022-07-25,0.6904694437980652,0.18192733824253082,21361.701171875,96.69999694824219,1.0200231075286865,1.1986957788467407,1719.0,0.007336111273616552,0.05956600606441498,7006.39990234375,100270.0,7306.2998046875,3966.840087890625,27699.25,3604.159912109375,23.360000610351562,2.81,1.0819047619,2.1454,0.18,3.429,11.4233333333
2022-07-26,0.6951202750205994,0.18669603765010834,21239.75390625,94.9800033569336,1.022494912147522,1.2055164575576782,1717.699951171875,0.007329712621867657,0.05959723889827728,7025.2001953125,99772.0,7306.2998046875,3921.050048828125,27655.2109375,3575.360107421875,24.690000534057617,2.81,1.0819047619,2.1454,0.18,3.429,11.4233333333
2022-07-27,0.6947387456893921,0.1869123876094818,22930.548828125,97.26000213623047,1.0129557847976685,1.2036880254745483,1719.0999755859375,0.007300868630409241,0.059317607432603836,7038.10009765625,101438.0,7348.2001953125,4023.610107421875,27715.75,3607.780029296875,23.239999771118164,2.78,1.0819047619,2.1454,0.18,3.429,11.4233333333
2022-07-28,0.6994900107383728,0.1907304972410202,23843.88671875,96.41999816894531,1.0209290981292725,1.2163082361221313,1750.300048828125,0.007346945349127054,0.05999879911541939,7115.89990234375,102597.0,7345.2998046875,4072.429931640625,27815.48046875,3652.199951171875,22.329999923706055,2.68,1.0819047619,2.1454,0.18,3.429,11.4233333333
2022-07-29,0.7000839710235596,0.19294960796833038,23804.6328125,98.62000274658203,1.0192328691482544,1.2173447608947754,1762.9000244140625,0.007440641988068819,0.06050997972488403,7173.7998046875,103165.0,7423.39990234375,4130.2900390625,27801.640625,3708.10009765625,21.329999923706055,2.67,1.0819047619,2.1454,0.18,3.429,11.4233333333
2022-08-01,0.6971215605735779,0.19337871670722961,23314.19921875,93.88999938964844,1.0208247900009155,1.2167373895645142,1769.0,0.007495858706533909,0.06022268161177635,7213.0,102225.0,7413.39990234375,4118.6298828125,27993.349609375,3708.10009765625,22.84000015258789,2.6,1.0343478261,2.3278,0.22,3.361,10.9240909091
2022-08-02,0.7023902535438538,0.19290123879909515,22978.1171875,94.41999816894531,1.0261356830596924,1.2254151105880737,1771.0999755859375,0.007600401062518358,0.06069378927350044,7216.39990234375,103362.0,7409.10009765625,4091.18994140625,27594.73046875,3684.6298828125,23.93000030517578,2.75,1.0343478261,2.3278,0.22,3.361,10.9240909091
2022-08-03,0.6890298128128052,0.18947647511959076,22846.5078125,90.66000366210938,1.015568733215332,1.2142995595932007,1758.0,0.007497432176023722,0.059502385556697845,7202.89990234375,103775.0,7445.7001953125,4155.169921875,27741.900390625,3732.5400390625,21.950000762939453,2.73,1.0343478261,2.3278,0.22,3.361,10.9240909091
2022-08-04,0.693899929523468,0.1892971396446228,22630.95703125,88.54000091552734,1.015764594078064,1.2138278484344482,1788.5,0.007464803289622068,0.05973822623491287,7207.5,105892.0,7448.10009765625,4151.93994140625,27932.19921875,3754.60009765625,21.440000534057617,2.68,1.0343478261,2.3278,0.22,3.361,10.9240909091
2022-08-05,0.6959198713302612,0.19189806282520294,23289.314453125,89.01000213623047,1.024779200553894,1.215849757194519,1772.9000244140625,0.007540283724665642,0.060329824686050415,7250.2998046875,106472.0,7439.7001953125,4145.18994140625,28175.869140625,3725.389892578125,21.149999618530273,2.83,1.0343478261,2.3278,0.22,3.361,10.9240909091
2022-08-08,0.6902502179145813,0.19362583756446838,23809.486328125,90.76000213623047,1.0170871019363403,1.2059526443481445,1786.800048828125,0.007404280826449394,0.05962104722857475,7259.5,108402.0,7482.39990234375,4140.06005859375,28249.240234375,3757.219970703125,21.290000915527344,2.77,1.0343478261,2.3278,0.22,3.361,10.9240909091
2022-08-10,0.6957005858421326,0.19517144560813904,23947.642578125,91.93000030517578,1.0208144187927246,1.207423210144043,1795.5999755859375,0.007397161331027746,0.06036278232932091,7238.7001953125,110236.0,7507.10009765625,4210.240234375,27819.330078125,3749.35009765625,19.739999771118164,2.78,1.0343478261,2.3278,0.22,3.361,10.9240909091
2022-08-12,0.7102898359298706,0.19391117990016937,24402.818359375,92.08999633789062,1.0316723585128784,1.2196162939071655,1798.5999755859375,0.007519136182963848,0.06158849224448204,7288.7998046875,112764.0,7500.89990234375,4280.14990234375,28546.98046875,3776.81005859375,19.530000686645508,2.84,1.0343478261,2.3278,0.22,3.361,10.9240909091
2022-08-15,0.7116677761077881,0.19704821705818176,24136.97265625,89.41000366210938,1.0256409645080566,1.2127974033355713,1781.4000244140625,0.007502551190555096,0.061594557017087936,7324.89990234375,113032.0,7509.2001953125,4297.14013671875,28871.779296875,3789.6201171875,19.950000762939453,2.79,1.0343478261,2.3278,0.22,3.361,10.9240909091
2022-08-16,0.7020002603530884,0.19624774158000946,23883.291015625,86.52999877929688,1.0161981582641602,1.205690860748291,1773.199951171875,0.00751072121784091,0.06089722365140915,7361.89990234375,113512.0,7536.10009765625,4305.2001953125,28868.91015625,3805.219970703125,19.690000534057617,2.82,1.0343478261,2.3278,0.22,3.361,10.9240909091
2022-08-17,0.7019400596618652,0.19448673725128174,23335.998046875,88.11000061035156,1.0170663595199585,1.209818959236145,1760.300048828125,0.007447292096912861,0.06110527366399765,7381.10009765625,113708.0,7515.7998046875,4274.0400390625,29222.76953125,3756.06005859375,19.899999618530273,2.89,1.0343478261,2.3278,0.22,3.361,10.9240909091
2022-08-18,0.693040132522583,0.19361084699630737,23212.73828125,90.5,1.0180189609527588,1.2045146226882935,1755.300048828125,0.007410481572151184,0.06007809937000275,7357.7001953125,113813.0,7541.89990234375,4283.740234375,28942.140625,3777.3798828125,19.559999465942383,2.88,1.0343478261,2.3278,0.22,3.361,10.9240909091
2022-08-19,0.691119909286499,0.1935359090566635,20877.552734375,90.7699966430664,1.0089900493621826,1.193274736404419,1747.5999755859375,0.0073640416376292706,0.05933697149157524,7358.7001953125,111496.0,7550.39990234375,4228.47998046875,28930.330078125,3730.320068359375,20.600000381469727,2.98,1.0343478261,2.3278,0.22,3.361,10.9240909091
2022-08-22,0.6877105832099915,0.19348348677158356,21398.908203125,90.2300033569336,1.0035223960876465,1.1818095445632935,1734.0,0.00729708606377244,0.05879789963364601,7287.2001953125,110501.0,7533.7998046875,4137.990234375,28794.5,3658.219970703125,23.799999237060547,3.03,1.0343478261,2.3278,0.22,3.361,10.9240909091
2022-08-23,0.6878700256347656,0.193945050239563,21528.087890625,93.73999786376953,0.9939467906951904,1.1766505241394043,1746.800048828125,0.0072702947072684765,0.05886123329401016,7199.2001953125,112857.0,7488.10009765625,4128.72998046875,28452.75,3652.52001953125,24.110000610351562,3.05,1.0343478261,2.3278,0.22,3.361,10.9240909091
2022-08-24,0.6923002004623413,0.19594396650791168,21395.01953125,94.88999938964844,0.9966909885406494,1.18327796459198,1747.800048828125,0.007313523441553116,0.05896281823515892,7242.2998046875,112898.0,7471.5,4140.77001953125,28313.470703125,3667.4599609375,22.81999969482422,3.11,1.0343478261,2.3278,0.22,3.361,10.9240909091
2022-08-25,0.6907985806465149,0.19569090008735657,21600.904296875,92.5199966430664,0.9969095587730408,1.1791757345199585,1757.699951171875,0.007294957526028156,0.059135906398296356,7291.89990234375,113532.0,7479.7001953125,4199.1201171875,28479.009765625,3674.5400390625,21.780000686645508,3.03,1.0343478261,2.3278,0.22,3.361,10.9240909091
2022-08-26,0.6963981986045837,0.19574452936649323,20260.01953125,93.05999755859375,0.9971283078193665,1.1824007034301758,1736.0999755859375,0.0073226275853812695,0.05984952300786972,7345.7998046875,112299.0,7427.2998046875,4057.659912109375,28641.380859375,3603.679931640625,25.559999465942383,3.04,1.0343478261,2.3278,0.22,3.361,10.9240909091
2022-08-30,0.6907508373260498,0.19891788065433502,19796.80859375,91.63999938964844,1.0014019012451172,1.172250509262085,1723.199951171875,0.00721521582454443,0.059489671140909195,7230.39990234375,110431.0,7361.60009765625,3986.159912109375,28195.580078125,3561.919921875,26.209999084472656,3.11,1.0343478261,2.3278,0.22,3.361,10.9240909091
2022-08-31,0.6857398152351379,0.1952400505542755,20049.763671875,89.55000305175781,1.0025062561035156,1.1659767627716064,1712.800048828125,0.007208038587123156,0.05896991491317749,7226.10009765625,109523.0,7284.2001953125,3955.0,28091.529296875,3517.25,25.8700008392334,3.15,1.0343478261,2.3278,0.22,3.361,10.9240909091
2022-09-01,0.6828502416610718,0.1929868459701538,20127.140625,86.61000061035156,1.003905177116394,1.1598505973815918,1696.5999755859375,0.007178956642746925,0.05846172198653221,7079.89990234375,110405.0,7148.5,3966.85009765625,27661.470703125,3456.699951171875,25.559999465942383,3.26,1.7954545455,3.5007,0.24,3.747,11.2490909091
2022-09-02,0.6795302033424377,0.19082513451576233,19969.771484375,86.87000274658203,0.995232880115509,1.154894471168518,1709.800048828125,0.007138727232813835,0.05796463042497635,7056.2998046875,110864.0,7281.2001953125,3924.260009765625,27650.83984375,3544.3798828125,25.469999313354492,3.2,1.7954545455,3.5007,0.24,3.747,11.2490909091
2022-09-06,0.6813998818397522,0.19402781128883362,18837.66796875,86.87999725341797,0.9952229857444763,1.156644344329834,1700.4000244140625,0.007120986003428698,0.058267585933208466,7055.89990234375,109764.0,7300.39990234375,3908.18994140625,27626.509765625,3500.139892578125,26.90999984741211,3.33,1.7954545455,3.5007,0.24,3.747,11.2490909091
2022-09-08,0.6751401424407959,0.19059599936008453,19329.833984375,83.54000091552734,0.9995701909065247,1.1519808769226074,1708.0,0.0069382768124341965,0.05801130458712578,7085.2998046875,109916.0,7262.10009765625,4006.179931640625,28065.279296875,3512.3798828125,23.610000610351562,3.29,1.7954545455,3.5007,0.24,3.747,11.2490909091
2022-09-09,0.6765899658203125,0.19181707501411438,21381.15234375,86.79000091552734,1.0012015104293823,1.1521600484848022,1716.199951171875,0.006951395887881517,0.057169973850250244,7139.0,112300.0,7351.10009765625,4067.360107421875,28214.75,3570.0400390625,22.790000915527344,3.33,1.7954545455,3.5007,0.24,3.747,11.2490909091
2022-09-12,0.6846998333930969,0.1943143606185913,22370.44921875,87.77999877929688,1.0071406364440918,1.1619395017623901,1728.0999755859375,0.007012819871306419,0.057994548231363297,7208.2001953125,113407.0,7473.0,4110.41015625,28542.109375,3646.510009765625,23.8700008392334,3.37,1.7954545455,3.5007,0.24,3.747,11.2490909091
2022-09-13,0.689398467540741,0.19638648629188538,20296.70703125,87.30999755859375,1.0129557847976685,1.1689754724502563,1705.0,0.007013360038399696,0.05854944884777069,7253.7001953125,110794.0,7385.89990234375,3932.68994140625,28614.630859375,3586.179931640625,27.270000457763672,3.42,1.7954545455,3.5007,0.24,3.747,11.2490909091
2022-09-14,0.6743001937866211,0.19268566370010376,20241.08984375,88.4800033569336,0.9982032775878906,1.1506155729293823,1696.5,0.006925015710294247,0.057498034089803696,7071.7998046875,110547.0,7277.2998046875,3946.010009765625,27818.619140625,3567.56005859375,26.15999984741211,3.41,1.7954545455,3.5007,0.24,3.747,11.2490909091
2022-09-15,0.6751797795295715,0.19369709491729736,19701.2109375,85.0999984741211,0.9984025359153748,1.1544944047927856,1665.4000244140625,0.006996774114668369,0.05723017081618309,7082.5,109954.0,7282.10009765625,3901.35009765625,27875.91015625,3541.7900390625,26.270000457763672,3.45,1.7954545455,3.5007,0.24,3.747,11.2490909091
2022-09-16,0.6687299013137817,0.19061779975891113,19772.583984375,85.11000061035156,0.9988313317298889,1.1452654600143433,1671.699951171875,0.006975202821195126,0.05693464353680611,6975.2001953125,109280.0,7236.7001953125,3873.330078125,27567.650390625,3500.409912109375,26.299999237060547,3.45,1.7954545455,3.5007,0.24,3.747,11.2490909091
2022-09-20,0.6733698844909668,0.19338993728160858,18890.7890625,84.44999694824219,1.0029587745666504,1.1443217992782593,1659.699951171875,0.006982118356972933,0.056734371930360794,7030.0,112517.0,7192.7001953125,3855.929931640625,27688.419921875,3467.090087890625,27.15999984741211,3.57,1.7954545455,3.5007,0.24,3.747,11.2490909091
2022-09-21,0.6694202423095703,0.1944957673549652,18547.400390625,82.94000244140625,0.997078537940979,1.138057827949524,1664.5999755859375,0.006963691208511591,0.056535180658102036,6921.39990234375,111936.0,7237.60009765625,3789.929931640625,27313.130859375,3491.8701171875,27.989999771118164,3.51,1.7954545455,3.5007,0.24,3.747,11.2490909091
2022-09-26,0.653069794178009,0.1901574432849884,19222.671875,76.70999908447266,0.968992292881012,1.0797386169433594,1623.300048828125,0.00696810707449913,0.055750682950019836,6667.5,109114.0,7021.0,3655.0400390625,26431.55078125,3342.56005859375,32.2599983215332,3.88,1.7954545455,3.5007,0.24,3.747,11.2490909091
2022-09-27,0.6476000547409058,0.18554940819740295,19110.546875,78.5,0.9623712301254272,1.077284336090088,1626.699951171875,0.0069223796017467976,0.05536454916000366,6696.5,108376.0,6984.60009765625,3647.2900390625,26571.869140625,3328.64990234375,32.599998474121094,3.97,1.7954545455,3.5007,0.24,3.747,11.2490909091
2022-09-28,0.6438001394271851,0.18593928217887878,19426.720703125,82.1500015258789,0.9596191644668579,1.072754144668579,1660.4000244140625,0.00691128009930253,0.05560900270938873,6659.7998046875,108451.0,7005.39990234375,3719.0400390625,26173.98046875,3335.300048828125,30.18000030517578,3.72,1.7954545455,3.5007,0.24,3.747,11.2490909091
2022-09-29,0.6504995822906494,0.18607421219348907,19573.05078125,81.2300033569336,0.9708172082901001,1.0835996866226196,1658.5,0.00692530395463109,0.05600797384977341,6760.60009765625,107664.0,6881.60009765625,3640.469970703125,26422.05078125,3279.0400390625,31.84000015258789,3.76,1.7954545455,3.5007,0.24,3.747,11.2490909091
2022-09-30,0.6512998938560486,0.1853155791759491,19431.7890625,79.48999786376953,0.9829555749893188,1.1169440746307373,1662.4000244140625,0.006923721171915531,0.055661965161561966,6678.7001953125,110037.0,6893.7998046875,3585.6201171875,25937.2109375,3318.199951171875,31.6200008392334,3.83,1.7954545455,3.5007,0.24,3.747,11.2490909091
2022-10-03,0.6420958042144775,0.18469607830047607,19623.580078125,83.62999725341797,0.9792688488960266,1.114057183265686,1692.9000244140625,0.006905314512550831,0.05539399012923241,6656.39990234375,116134.0,6908.7998046875,3678.429931640625,26215.7890625,3342.169921875,30.100000381469727,3.67,1.7954545455,3.5007,0.24,3.747,11.2490909091
2022-10-04,0.6501798629760742,0.19366709887981415,20336.84375,86.5199966430664,0.9832068681716919,1.1334141492843628,1721.0999755859375,0.006919505540281534,0.05671731382608414,6905.2998046875,116230.0,7086.5,3790.929931640625,26992.2109375,3484.47998046875,29.06999969482422,3.62,1.7954545455,3.5007,0.24,3.747,11.2490909091
2022-10-05,0.6514102220535278,0.19320684671401978,20160.716796875,87.76000213623047,0.998432457447052,1.1451343297958374,1711.4000244140625,0.006954731419682503,0.05672825872898102,7030.89990234375,117198.0,7052.60009765625,3783.280029296875,27120.529296875,3447.719970703125,28.549999237060547,3.76,1.7954545455,3.5007,0.24,3.747,11.2490909091
2022-10-06,0.651269793510437,0.19248537719249725,19955.443359375,88.44999694824219,0.9910998940467834,1.13553786277771,1711.699951171875,0.00692285830155015,0.056212712079286575,7033.5,117561.0,6997.2998046875,3744.52001953125,27311.30078125,3433.449951171875,30.520000457763672,3.83,1.7954545455,3.5007,0.24,3.747,11.2490909091
2022-10-07,0.6414409279823303,0.19156721234321594,19546.849609375,92.63999938964844,0.9789045453071594,1.1162084341049194,1700.5,0.006894697435200214,0.05567556619644165,6976.10009765625,116375.0,6991.10009765625,3639.659912109375,27116.109375,3375.4599609375,31.360000610351562,3.89,1.7954545455,3.5007,0.24,3.747,11.2490909091
2022-10-11,0.6294810771942139,0.19279709458351135,19051.41796875,89.3499984741211,0.9710057377815247,1.1076405048370361,1678.699951171875,0.006864643190056086,0.05530392378568649,6844.2998046875,114827.0,6885.2001953125,3588.840087890625,26401.25,3340.35009765625,33.630001068115234,3.93,1.7954545455,3.5007,0.24,3.747,11.2490909091
2022-10-13,0.6277306079864502,0.18898232281208038,19382.904296875,89.11000061035156,0.9707984328269958,1.11055588722229,1670.0,0.00681491382420063,0.05471836403012276,6834.5,114300.0,6850.2998046875,3669.909912109375,26237.419921875,3362.39990234375,31.940000534057617,3.97,1.7954545455,3.5007,0.24,3.747,11.2490909091
2022-10-14,0.630099892616272,0.19012129306793213,19185.65625,85.61000061035156,0.975134015083313,1.1303905248641968,1641.699951171875,0.0067891888320446014,0.054865170270204544,6948.60009765625,112072.0,6858.7998046875,3583.070068359375,27090.759765625,3381.72998046875,32.02000045776367,4.0,1.7954545455,3.5007,0.24,3.747,11.2490909091
2022-10-17,0.6223937273025513,0.18770882487297058,19550.7578125,85.45999908447266,0.973937451839447,1.124416708946228,1657.0,0.006728026084601879,0.05484079569578171,6854.2998046875,113624.0,6920.2001953125,3677.949951171875,26775.7890625,3441.639892578125,31.3700008392334,4.02,1.7954545455,3.5007,0.24,3.747,11.2490909091
2022-10-18,0.6298815608024597,0.1894887238740921,19334.416015625,82.81999969482422,0.9846396446228027,1.1353960037231445,1649.0,0.006712716072797775,0.05538294464349747,6976.2001953125,115743.0,6936.7001953125,3719.97998046875,27156.140625,3463.830078125,30.5,4.01,1.7954545455,3.5007,0.24,3.747,11.2490909091
2022-10-19,0.6316401362419128,0.1908469796180725,19139.53515625,85.55000305175781,0.9863878488540649,1.134429931640625,1627.5,0.006702008657157421,0.05536454916000366,6999.7998046875,116274.0,6925.0,3695.159912109375,27257.380859375,3471.239990234375,30.760000228881836,4.14,1.7954545455,3.5007,0.24,3.747,11.2490909091
2022-10-20,0.6263701915740967,0.18978214263916016,19053.740234375,85.9800033569336,0.9766482710838318,1.1211013793945312,1630.800048828125,0.006674631964415312,0.054954417049884796,6918.7001953125,117171.0,6943.89990234375,3665.780029296875,27006.9609375,3492.85009765625,29.979999542236328,4.24,1.7954545455,3.5007,0.24,3.747,11.2490909091
2022-10-21,0.6274706721305847,0.19169574975967407,19172.46875,85.05000305175781,0.9778899550437927,1.1221455335617065,1651.0,0.006658853963017464,0.05465346947312355,6869.89990234375,119929.0,6969.7001953125,3752.75,26890.580078125,3476.6298828125,29.690000534057617,4.21,1.7954545455,3.5007,0.24,3.747,11.2490909091
2022-10-24,0.6371902227401733,0.1936708241701126,19345.572265625,84.58000183105469,0.9860085844993591,1.1344685554504395,1648.699951171875,0.006765030324459076,0.055448662489652634,6978.39990234375,116013.0,7014.0,3797.340087890625,26974.900390625,3527.7900390625,29.850000381469727,4.25,1.7954545455,3.5007,0.24,3.747,11.2490909091
2022-10-25,0.6329598426818848,0.18845878541469574,20095.857421875,85.31999969482422,0.9886503219604492,1.1307740211486816,1652.800048828125,0.006716503296047449,0.05436171218752861,6993.7001953125,114626.0,7013.5,3859.110107421875,27250.279296875,3585.580078125,28.459999084472656,4.1,1.7954545455,3.5007,0.24,3.747,11.2490909091
2022-10-26,0.6385700106620789,0.1881396770477295,20770.44140625,87.91000366210938,0.9963731169700623,1.146223783493042,1664.0,0.00675767008215189,0.05499158427119255,7005.10009765625,112764.0,7056.10009765625,3830.60009765625,27431.83984375,3605.31005859375,27.280000686645508,4.04,1.7954545455,3.5007,0.24,3.747,11.2490909091
2022-10-27,0.6493498086929321,0.1857389509677887,20285.8359375,89.08000183105469,1.009193778038025,1.1638191938400269,1660.699951171875,0.00684303417801857,0.055836912244558334,7042.2998046875,114641.0,7073.7001953125,3807.300048828125,27345.240234375,3604.510009765625,27.389999389648438,3.96,1.7954545455,3.5007,0.24,3.747,11.2490909091
2022-10-28,0.6450905799865723,0.18729397654533386,20595.3515625,87.9000015258789,0.9967803955078125,1.1566041707992554,1639.5999755859375,0.006836484652012587,0.05575472488999367,6973.5,114539.0,7047.7001953125,3901.06005859375,27105.19921875,3613.02001953125,25.75,4.02,1.7954545455,3.5007,0.24,3.747,11.2490909091
2022-10-31,0.6401310563087463,0.18908953666687012,20495.7734375,86.52999877929688,0.9955002665519714,1.159595012664795,1635.9000244140625,0.006765350699424744,0.055202871561050415,7054.7998046875,116037.0,7094.5,3871.97998046875,27587.4609375,3617.5400390625,25.8799991607666,4.1,1.7954545455,3.5007,0.24,3.747,11.2490909091
2022-11-01,0.6409898996353149,0.19309492409229279,20485.2734375,88.37000274658203,0.9886307716369629,1.146815299987793,1645.0,0.0067232768051326275,0.054636746644973755,7169.60009765625,116929.0,7186.2001953125,3856.10009765625,27678.919921875,3651.02001953125,25.809999465942383,4.07,2.0663636364,3.4171,0.25,3.696,11.2795454545
2022-11-04,0.6288517117500305,0.1955072432756424,21147.23046875,92.61000061035156,0.9749630093574524,1.1171187162399292,1672.5,0.00673886202275753,0.05442221462726593,7089.2998046875,118155.0,7334.7998046875,3770.550048828125,27199.740234375,3688.330078125,24.549999237060547,4.17,2.0663636364,3.4171,0.25,3.696,11.2795454545
2022-11-07,0.6439315676689148,0.19692279398441315,20602.81640625,91.79000091552734,0.9928810596466064,1.1331573724746704,1676.5,0.006810086779296398,0.055647216737270355,7129.2001953125,115342.0,7300.0,3806.800048828125,27527.640625,3708.800048828125,24.350000381469727,4.22,2.0663636364,3.4171,0.25,3.696,11.2795454545
2022-11-08,0.6474796533584595,0.1940494030714035,18541.271484375,88.91000366210938,1.0018634796142578,1.1517950296401978,1712.0999755859375,0.006820166017860174,0.05646367743611336,7150.10009765625,116160.0,7306.10009765625,3828.110107421875,27872.109375,3739.280029296875,25.540000915527344,4.14,2.0663636364,3.4171,0.25,3.696,11.2795454545
2022-11-09,0.65091872215271,0.19443903863430023,15880.7802734375,85.83000183105469,1.008084774017334,1.1552680730819702,1710.0999755859375,0.00688254926353693,0.05649494007229805,7187.39990234375,113580.0,7296.2998046875,3748.570068359375,27716.4296875,3728.030029296875,26.09000015258789,4.12,2.0663636364,3.4171,0.25,3.696,11.2795454545
2022-11-10,0.6434178352355957,0.1928565800189972,17586.771484375,86.47000122070312,1.0019538402557373,1.1368157863616943,1750.300048828125,0.0068395244888961315,0.05633707717061043,7145.7001953125,109775.0,7375.2998046875,3956.3701171875,27446.099609375,3846.56005859375,23.530000686645508,3.82,2.0663636364,3.4171,0.25,3.696,11.2795454545
2022-11-11,0.6606900691986084,0.18721053004264832,17034.29296875,88.95999908447266,1.0192224979400635,1.1695632934570312,1766.0,0.0070554702542722225,0.05766713246703148,7350.10009765625,112253.0,7318.0,3992.929931640625,28263.5703125,3868.5,22.520000457763672,3.82,2.0663636364,3.4171,0.25,3.696,11.2795454545
2022-11-14,0.6698821187019348,0.1894277036190033,16618.19921875,85.87000274658203,1.0328551530838013,1.1799131631851196,1773.5999755859375,0.007165736518800259,0.057988159358501434,7350.2001953125,113161.0,7385.2001953125,3957.25,27963.470703125,3887.510009765625,23.729999542236328,3.88,2.0663636364,3.4171,0.25,3.696,11.2795454545
2022-11-16,0.6769499778747559,0.18755744397640228,16669.439453125,85.58999633789062,1.0357863903045654,1.1880435943603516,1773.0,0.00719605665653944,0.05783522501587868,7327.39990234375,110243.0,7351.2001953125,3958.7900390625,28028.30078125,3882.780029296875,24.110000610351562,3.67,2.0663636364,3.4171,0.25,3.696,11.2795454545
2022-11-17,0.6739497780799866,0.18521948158740997,16687.517578125,81.63999938964844,1.0395010709762573,1.191525936126709,1760.800048828125,0.007177616935223341,0.058022480458021164,7339.0,109703.0,7346.5,3946.56005859375,27930.5703125,3878.419921875,23.93000030517578,3.77,2.0663636364,3.4171,0.25,3.696,11.2795454545
2022-11-18,0.6689200401306152,0.18443039059638977,16697.77734375,80.08000183105469,1.036172866821289,1.1860145330429077,1751.9000244140625,0.0071218982338905334,0.05776373669505119,7354.7001953125,108880.0,7385.5,3965.340087890625,27899.76953125,3924.840087890625,23.1200008392334,3.82,2.0663636364,3.4171,0.25,3.696,11.2795454545
2022-11-21,0.6682080030441284,0.18582870066165924,15787.2841796875,79.7300033569336,1.0330898761749268,1.1886366605758667,1737.4000244140625,0.007129971869289875,0.058155931532382965,7335.10009765625,109748.0,7376.89990234375,3949.93994140625,27944.7890625,3909.280029296875,22.360000610351562,3.83,2.0663636364,3.4171,0.25,3.696,11.2795454545
2022-11-22,0.6607800126075745,0.18801939487457275,16189.76953125,80.94999694824219,1.0245691537857056,1.1827600002288818,1738.300048828125,0.007037396542727947,0.05772305652499199,7376.39990234375,109037.0,7452.7998046875,4003.580078125,28115.740234375,3929.89990234375,21.290000915527344,3.76,2.0663636364,3.4171,0.25,3.696,11.2795454545
2022-11-25,0.6765598058700562,0.18796992301940918,16521.841796875,76.27999877929688,1.040810227394104,1.2113430500030518,1753.300048828125,0.007214851211756468,0.05882149189710617,7447.60009765625,108977.0,7486.7001953125,4026.1201171875,28283.029296875,3962.409912109375,20.5,3.68,2.0663636364,3.4171,0.25,3.696,11.2795454545
2022-11-28,0.6711905002593994,0.1848941445350647,16217.322265625,77.23999786376953,1.0367528200149536,1.2054728269577026,1740.0999755859375,0.007189072202891111,0.05856069549918175,7418.60009765625,108782.0,7474.0,3963.93994140625,28162.830078125,3935.510009765625,22.209999084472656,3.69,2.0663636364,3.4171,0.25,3.696,11.2795454545
2022-11-29,0.665198802947998,0.18640372157096863,16444.982421875,78.19999694824219,1.034554123878479,1.1960291862487793,1748.4000244140625,0.007208818104118109,0.05838733911514282,7442.0,110910.0,7512.0,3957.6298828125,28027.83984375,3934.43994140625,21.889999389648438,3.75,2.0663636364,3.4171,0.25,3.696,11.2795454545
2022-11-30,0.668408989906311,0.18981815874576569,17168.56640625,80.55000305175781,1.0324499607086182,1.1946860551834106,1746.0,0.007207467220723629,0.0589342899620533,7480.7001953125,112486.0,7573.10009765625,4080.110107421875,27968.990234375,3964.719970703125,20.579999923706055,3.68,2.0663636364,3.4171,0.25,3.696,11.2795454545
2022-12-01,0.6799598932266235,0.1929909884929657,16967.1328125,81.22000122070312,1.042535424232483,1.207749843597412,1801.0999755859375,0.007280193269252777,0.058446381241083145,7554.0,110926.0,7558.5,4076.570068359375,28226.080078125,3984.5,19.84000015258789,3.53,2.0852380952,3.5015,0.41,3.551,11.3836842105
2022-12-02,0.6811015009880066,0.1929161250591278,17088.66015625,79.9800033569336,1.052842140197754,1.2259259223937988,1795.9000244140625,0.0073991864919662476,0.05706189572811127,7503.5,111924.0,7556.2001953125,4071.699951171875,27777.900390625,3977.89990234375,19.059999465942383,3.51,2.0852380952,3.5015,0.41,3.551,11.3836842105
2022-12-05,0.6813009977340698,0.1916443109512329,16974.826171875,76.93000030517578,1.0544185638427734,1.2297248840332031,1767.4000244140625,0.007436326239258051,0.05783756822347641,7527.7998046875,109401.0,7567.5,3998.840087890625,27820.400390625,3956.530029296875,20.75,3.6,2.0852380952,3.5015,0.41,3.551,11.3836842105
2022-12-06,0.6707807779312134,0.18939393758773804,17089.50390625,74.25,1.0496923923492432,1.2192445993423462,1769.300048828125,0.007317858748137951,0.05732863396406174,7487.7001953125,109533.0,7521.39990234375,3941.260009765625,27885.869140625,3939.18994140625,22.170000076293945,3.51,2.0852380952,3.5015,0.41,3.551,11.3836842105
2022-12-07,0.6698821187019348,0.1910584568977356,16848.126953125,72.01000213623047,1.0469011068344116,1.2133007049560547,1785.5,0.0073053487576544285,0.05775239318609238,7423.2001953125,109361.0,7489.2001953125,3933.919921875,27686.400390625,3920.89990234375,22.68000030517578,3.42,2.0852380952,3.5015,0.41,3.551,11.3836842105
2022-12-08,0.6726998686790466,0.19215987622737885,17233.474609375,71.45999908447266,1.051325798034668,1.2212398052215576,1788.699951171875,0.00733239995315671,0.058300234377384186,7369.39990234375,107245.0,7472.2001953125,3963.510009765625,27574.4296875,3921.27001953125,22.290000915527344,3.48,2.0852380952,3.5015,0.41,3.551,11.3836842105
2022-12-09,0.6776500344276428,0.19141320884227753,17133.15234375,71.0199966430664,1.0559661388397217,1.2236007452011108,1798.0999755859375,0.007319894153624773,0.058284904807806015,7406.2998046875,107689.0,7476.60009765625,3934.3798828125,27901.009765625,3942.6201171875,22.829999923706055,3.57,2.0852380952,3.5015,0.41,3.551,11.3836842105
2022-12-12,0.6781408190727234,0.19102196395397186,17206.4375,73.16999816894531,1.0522217750549316,1.2239153385162354,1780.5,0.007314646616578102,0.057733722031116486,7370.60009765625,105264.0,7446.0,3990.56005859375,27842.330078125,3921.820068359375,25.0,3.61,2.0852380952,3.5015,0.41,3.551,11.3836842105
2022-12-13,0.6754000186920166,0.18792399764060974,17781.318359375,75.38999938964844,1.0541739463806152,1.2270842790603638,1813.9000244140625,0.007272515911608934,0.05692977458238602,7389.2001953125,103892.0,7502.89990234375,4019.64990234375,27954.849609375,3986.830078125,22.549999237060547,3.51,2.0852380952,3.5015,0.41,3.551,11.3836842105
2022-12-14,0.6842299699783325,0.18893592059612274,17815.650390625,77.27999877929688,1.062665343284607,1.235666275024414,1807.5,0.007375501561909914,0.058025844395160675,7438.7001953125,103803.0,7495.89990234375,3995.320068359375,28156.2109375,3975.260009765625,21.139999389648438,3.49,2.0852380952,3.5015,0.41,3.551,11.3836842105
2022-12-15,0.6857798099517822,0.18949441611766815,17364.865234375,76.11000061035156,1.0676347017288208,1.2419428825378418,1777.199951171875,0.0073883612640202045,0.058278147131204605,7390.2998046875,103738.0,7426.2001953125,3895.75,28051.69921875,3835.699951171875,22.829999923706055,3.44,2.0852380952,3.5015,0.41,3.551,11.3836842105
2022-12-19,0.6687487363815308,0.18844780325889587,16439.6796875,75.19000244140625,1.05850350856781,1.2160272598266602,1787.699951171875,0.007315823808312416,0.05690806731581688,7321.0,104530.0,7361.2998046875,3817.659912109375,27237.640625,3811.239990234375,22.420000076293945,3.57,2.0852380952,3.5015,0.41,3.551,11.3836842105
2022-12-20,0.6707807779312134,0.18897874653339386,16906.3046875,76.08999633789062,1.0614584684371948,1.2153326272964478,1815.9000244140625,0.007299536839127541,0.057694412767887115,7199.60009765625,106979.0,7370.60009765625,3821.6201171875,26568.029296875,3802.489990234375,21.479999542236328,3.69,2.0852380952,3.5015,0.41,3.551,11.3836842105
2022-12-21,0.6688498258590698,0.19236688315868378,16817.53515625,78.29000091552734,1.062699317932129,1.2189176082611084,1815.9000244140625,0.007581960875540972,0.057777415961027145,7293.0,107313.0,7497.2998046875,3878.43994140625,26387.720703125,3872.14990234375,20.06999969482422,3.68,2.0852380952,3.5015,0.41,3.551,11.3836842105
2022-12-22,0.6716818809509277,0.1923113912343979,16830.341796875,77.48999786376953,1.0610079765319824,1.2077397108078003,1787.0,0.007554582320153713,0.05820823088288307,7335.2001953125,107317.0,7469.2998046875,3822.389892578125,26507.869140625,3823.2900390625,21.969999313354492,3.67,2.0852380952,3.5015,0.41,3.551,11.3836842105
2022-12-23,0.6678001284599304,0.19358836114406586,16796.953125,79.55999755859375,1.060333013534546,1.203992486000061,1795.9000244140625,0.0075553241185843945,0.058411210775375366,7287.7998046875,109698.0,7473.0,3844.820068359375,26235.25,3817.010009765625,20.8700008392334,3.75,2.0852380952,3.5015,0.41,3.551,11.3836842105
2022-12-28,0.6729927659034729,0.18895375728607178,16552.572265625,78.95999908447266,1.0637166500091553,1.2027326822280884,1807.9000244140625,0.007491422817111015,0.05816151201725006,7262.2001953125,110237.0,7497.2001953125,3783.219970703125,26340.5,3808.820068359375,22.139999389648438,3.88,2.0852380952,3.5015,0.41,3.551,11.3836842105
2022-12-29,0.6747100949287415,0.18986861407756805,16642.341796875,78.4000015258789,1.062925100326538,1.2028483152389526,1819.5,0.007460793945938349,0.05866789072751999,7197.2998046875,110031.0,7512.7001953125,3849.280029296875,26093.669921875,3850.070068359375,21.440000534057617,3.83,2.0852380952,3.5015,0.41,3.551,11.3836842105
2023-01-04,0.6727999448776245,0.1825317144393921,16863.23828125,72.83999633789062,1.0546854734420776,1.1969740390777588,1852.800048828125,0.007619163487106562,0.05878204107284546,7249.10009765625,105334.0,7585.2001953125,3852.969970703125,25716.859375,3973.969970703125,22.010000228881836,3.69,2.0852380952,3.5015,0.41,3.551,11.3836842105
2023-01-05,0.6829108595848083,0.18415866792201996,16836.736328125,73.66999816894531,1.0606365203857422,1.2057054042816162,1834.800048828125,0.007561665028333664,0.059275105595588684,7259.2998046875,107518.0,7633.5,3808.10009765625,25820.80078125,3959.47998046875,22.459999084472656,3.71,2.0852380952,3.5015,0.41,3.551,11.3836842105
2023-01-06,0.6755697727203369,0.18692287802696228,16951.96875,73.7699966430664,1.0522217750549316,1.1912277936935425,1864.199951171875,0.0075014811009168625,0.058305978775024414,7308.7998046875,108836.0,7699.5,3895.080078125,25973.849609375,4017.830078125,21.1299991607666,3.55,2.0852380952,3.5015,0.41,3.551,11.3836842105
2023-01-10,0.6909699440002441,0.19034205377101898,17446.29296875,75.12000274658203,1.073318362236023,1.2184869050979614,1871.5999755859375,0.007591342553496361,0.05911213532090187,7336.60009765625,110912.0,7694.5,3919.25,26175.560546875,4057.4599609375,20.579999923706055,3.61,2.0852380952,3.5015,0.41,3.551,11.3836842105
2023-01-11,0.6895001530647278,0.19237059354782104,17934.896484375,77.41000366210938,1.0738946199417114,1.2154507637023926,1874.5999755859375,0.007569965440779924,0.05955110490322113,7406.39990234375,111763.0,7725.0,3969.610107421875,26446.0,4099.759765625,21.09000015258789,3.54,2.0852380952,3.5015,0.41,3.551,11.3836842105
2023-01-12,0.6910998225212097,0.19385479390621185,18869.587890625,78.38999938964844,1.0766000747680664,1.2159533500671387,1895.5,0.007581386715173721,0.05918112397193909,7489.89990234375,111877.0,7794.0,3983.169921875,26449.8203125,4126.68017578125,18.829999923706055,3.43,2.0852380952,3.5015,0.41,3.551,11.3836842105
2023-01-13,0.6967815160751343,0.1957828402519226,19909.57421875,79.86000061035156,1.0860239267349243,1.2217769622802734,1918.4000244140625,0.007741616107523441,0.059845227748155594,7540.10009765625,110916.0,7844.10009765625,3999.090087890625,26119.51953125,4150.7998046875,18.350000381469727,3.49,2.0852380952,3.5015,0.41,3.551,11.3836842105
2023-01-17,0.6966398358345032,0.19432570040225983,21161.51953125,80.18000030517578,1.0830129384994507,1.2207776308059692,1907.199951171875,0.0077929566614329815,0.05867418646812439,7597.60009765625,111439.0,7851.0,3990.969970703125,26138.6796875,4174.330078125,19.360000610351562,3.53,2.0852380952,3.5015,0.41,3.551,11.3836842105
2023-01-18,0.6988413333892822,0.19609381258487701,20688.78125,79.4800033569336,1.0793308019638062,1.228471040725708,1904.4000244140625,0.007795386482030153,0.05864345654845238,7609.5,112452.0,7830.7001953125,3928.860107421875,26791.119140625,4174.33984375,20.34000015258789,3.37,2.0852380952,3.5015,0.41,3.551,11.3836842105
2023-01-19,0.6944000720977783,0.19285288453102112,21086.79296875,80.33000183105469,1.0797853469848633,1.2347661256790161,1922.0999755859375,0.007779739797115326,0.05844125524163246,7648.39990234375,113006.0,7747.2998046875,3898.85009765625,26405.23046875,4094.280029296875,20.520000457763672,3.39,2.0852380952,3.5015,0.41,3.551,11.3836842105
2023-01-20,0.691399872303009,0.1933114230632782,22676.552734375,81.30999755859375,1.083388328552246,1.2393262386322021,1926.4000244140625,0.007789982482790947,0.05786300450563431,7666.2998046875,112301.0,7770.60009765625,3972.610107421875,26553.529296875,4119.89990234375,19.850000381469727,3.48,2.0852380952,3.5015,0.41,3.551,11.3836842105
2023-01-23,0.6982703804969788,0.1920749992132187,22934.431640625,81.62000274658203,1.086507797241211,1.240633249282837,1927.0999755859375,0.007730723358690739,0.058522313833236694,7674.2001953125,111709.0,7784.7001953125,4019.81005859375,26906.0390625,4150.81982421875,19.809999465942383,3.52,2.0852380952,3.5015,0.41,3.551,11.3836842105
2023-01-24,0.702928364276886,0.1920897364616394,22636.46875,80.12999725341797,1.0874292850494385,1.2379761934280396,1933.9000244140625,0.0076571437530219555,0.05831519514322281,7710.5,113028.0,7757.39990234375,4016.949951171875,27299.189453125,4153.02001953125,19.200000762939453,3.46,2.0852380952,3.5015,0.41,3.551,11.3836842105
2023-01-25,0.7046719789505005,0.19461309909820557,23117.859375,80.1500015258789,1.088814616203308,1.232923984527588,1941.199951171875,0.007678191643208265,0.05880454182624817,7688.0,114195.0,7744.89990234375,4016.219970703125,27395.009765625,4148.10986328125,19.079999923706055,3.46,2.0852380952,3.5015,0.41,3.551,11.3836842105
2023-01-27,0.7113898396492004,0.19752129912376404,23078.728515625,79.68000030517578,1.0894432067871094,1.2415266036987305,1928.5999755859375,0.007704160176217556,0.05828015133738518,7709.5,112502.0,7765.2001953125,4070.56005859375,27382.560546875,4178.009765625,18.510000228881836,3.52,2.0852380952,3.5015,0.41,3.551,11.3836842105
2023-01-30,0.7107977271080017,0.1958020031452179,22840.138671875,77.9000015258789,1.0871455669403076,1.2400301694869995,1922.9000244140625,0.007700956426560879,0.05817471072077751,7700.39990234375,111888.0,7784.89990234375,4017.77001953125,27433.400390625,4158.6298828125,19.940000534057617,3.55,2.0852380952,3.5015,0.41,3.551,11.3836842105
2023-01-31,0.7058099508285522,0.1955072432756424,23139.283203125,78.87000274658203,1.0850694179534912,1.2353609800338745,1929.5,0.007664068136364222,0.057541701942682266,7686.10009765625,113532.0,7771.7001953125,4076.60009765625,27327.109375,4163.4501953125,19.399999618530273,3.52,2.0852380952,3.5015,0.41,3.551,11.3836842105
2023-02-01,0.7051399946212769,0.19715312123298645,23723.76953125,76.41000366210938,1.0860947370529175,1.2308903932571411,1927.800048828125,0.007685804273933172,0.057433634996414185,7709.7001953125,112303.0,7761.10009765625,4119.2099609375,27346.880859375,4171.43994140625,17.8700008392334,3.39,2.3705,3.5553,0.5,3.702,11.046
2023-02-02,0.7145000696182251,0.19788265228271484,23471.87109375,75.87999725341797,1.1012852191925049,1.2390038967132568,1916.300048828125,0.0077747199684381485,0.058832183480262756,7728.5,109935.0,7820.2001953125,4179.759765625,27402.05078125,4241.1201171875,18.729999542236328,3.4,2.3705,3.5553,0.5,3.702,11.046
2023-02-03,0.7074687480926514,0.19805116951465607,23449.322265625,73.38999938964844,1.0905125141143799,1.222299575805664,1862.9000244140625,0.007767231669276953,0.05858574062585831,7771.7998046875,108490.0,7901.7998046875,4136.47998046875,27509.4609375,4257.97998046875,18.329999923706055,3.53,2.3705,3.5553,0.5,3.702,11.046
2023-02-06,0.6920798420906067,0.19418230652809143,22760.109375,74.11000061035156,1.079086184501648,1.2045146226882935,1866.199951171875,0.007575240917503834,0.057365432381629944,7745.89990234375,108456.0,7836.7001953125,4111.080078125,27693.650390625,4205.4501953125,19.43000030517578,3.63,2.3705,3.5553,0.5,3.702,11.046
2023-02-07,0.6887801885604858,0.19433702528476715,23264.291015625,77.13999938964844,1.0730764865875244,1.2026747465133667,1871.699951171875,0.007540170103311539,0.05664278566837311,7713.10009765625,107920.0,7864.7001953125,4164.0,27685.470703125,4209.31005859375,18.65999984741211,3.67,2.3705,3.5553,0.5,3.702,11.046
2023-02-08,0.6964598298072815,0.19196437299251556,22939.3984375,78.47000122070312,1.0729728937149048,1.2054582834243774,1877.4000244140625,0.007631140761077404,0.057098157703876495,7740.5,109882.0,7885.2001953125,4117.85986328125,27606.4609375,4209.14990234375,19.6299991607666,3.63,2.3705,3.5553,0.5,3.702,11.046
2023-02-09,0.6930001974105835,0.19232618808746338,21819.0390625,78.05999755859375,1.0715816020965576,1.2071462869644165,1866.199951171875,0.007611103355884552,0.05643484368920326,7695.7998046875,107783.0,7911.2001953125,4081.5,27584.349609375,4250.14013671875,20.709999084472656,3.67,2.3705,3.5553,0.5,3.702,11.046
2023-02-10,0.6939384341239929,0.18905377388000488,21651.18359375,79.72000122070312,1.0742292404174805,1.2116806507110596,1862.800048828125,0.0076034641824662685,0.05636787787079811,7631.10009765625,108150.0,7882.5,4090.4599609375,27670.98046875,4197.93994140625,20.530000686645508,3.74,2.3705,3.5553,0.5,3.702,11.046
2023-02-13,0.6913477778434753,0.19181035459041595,21808.1015625,80.13999938964844,1.0677714347839355,1.2052258253097534,1851.9000244140625,0.0076016150414943695,0.055800143629312515,7614.5,108846.0,7947.60009765625,4137.2900390625,27427.3203125,4241.35986328125,20.34000015258789,3.72,2.3705,3.5553,0.5,3.702,11.046
2023-02-14,0.6970000863075256,0.1938585638999939,22220.8046875,79.05999755859375,1.0730419158935547,1.215214490890503,1854.0,0.007556465454399586,0.05614697188138962,7628.60009765625,107659.0,7953.89990234375,4136.1298828125,27602.76953125,4238.759765625,18.90999984741211,3.77,2.3705,3.5553,0.5,3.702,11.046
2023-02-15,0.6987583041191101,0.19262254238128662,24307.841796875,78.58999633789062,1.0735719203948975,1.2174336910247803,1834.199951171875,0.0075193061493337154,0.055990006774663925,7559.10009765625,109442.0,7997.7998046875,4147.60009765625,27501.859375,4280.0400390625,18.229999542236328,3.81,2.3705,3.5553,0.5,3.702,11.046
2023-02-16,0.690689742565155,0.1916443109512329,23623.474609375,78.48999786376953,1.0691757202148438,1.2039779424667358,1842.0,0.00746809272095561,0.055494699627161026,7620.7001953125,109905.0,8012.5,4090.409912109375,27696.439453125,4297.240234375,20.170000076293945,3.86,2.3705,3.5553,0.5,3.702,11.046
2023-02-17,0.6862400770187378,0.1916883885860443,24565.6015625,76.33999633789062,1.0665756464004517,1.197533130645752,1840.4000244140625,0.007458567153662443,0.055180635303258896,7552.2001953125,109303.0,8004.39990234375,4079.090087890625,27513.130859375,4274.919921875,20.020000457763672,3.82,2.3705,3.5553,0.5,3.702,11.046
2023-02-22,0.686190128326416,0.19355462491512299,24188.84375,73.94999694824219,1.065200924873352,1.2109322547912598,1832.0,0.007408724632114172,0.05482366308569908,7517.0,107152.0,7930.60009765625,3991.050048828125,27104.3203125,4242.8798828125,22.290000915527344,3.93,2.3705,3.5553,0.5,3.702,11.046
2023-02-24,0.6810133457183838,0.19469647109508514,23198.126953125,76.31999969482422,1.0598047971725464,1.2017786502838135,1808.800048828125,0.007427874952554703,0.05493811517953873,7512.7001953125,105873.0,7878.7001953125,3970.0400390625,27453.48046875,4178.81982421875,21.670000076293945,3.95,2.3705,3.5553,0.5,3.702,11.046
2023-02-27,0.6735684871673584,0.19201967120170593,23522.87109375,75.68000030517578,1.0554758310317993,1.1952428817749023,1817.0,0.007331646978855133,0.05438477173447609,7419.60009765625,105711.0,7935.10009765625,3982.239990234375,27423.9609375,4248.009765625,20.950000762939453,3.92,2.3705,3.5553,0.5,3.702,11.046
2023-02-28,0.6743001937866211,0.19231879711151123,23147.353515625,77.05000305175781,1.0611205101013184,1.2061562538146973,1828.9000244140625,0.0073358421213924885,0.05440628156065941,7458.0,104932.0,7876.2998046875,3970.14990234375,27445.560546875,4238.3798828125,20.700000762939453,3.92,2.3705,3.5553,0.5,3.702,11.046
2023-03-01,0.6730788350105286,0.19098913669586182,23646.55078125,77.69000244140625,1.0577309131622314,1.2033549547195435,1837.699951171875,0.007334174122661352,0.05460452660918236,7482.60009765625,104385.0,7914.89990234375,3951.389892578125,27516.529296875,4215.75,20.579999923706055,4.01,2.3834782609,3.5638,0.32,3.468,11.1940909091
2023-03-02,0.6759798526763916,0.19311358034610748,23475.466796875,78.16000366210938,1.066894292831421,1.2029930353164673,1833.5,0.007342467550188303,0.055259302258491516,7460.0,103326.0,7944.0,3981.35009765625,27498.869140625,4240.58984375,19.59000015258789,4.08,2.3834782609,3.5638,0.32,3.468,11.1940909091
2023-03-03,0.6735000014305115,0.1923224776983261,22362.6796875,79.68000030517578,1.0599732398986816,1.1951572895050049,1847.699951171875,0.007315021473914385,0.055046677589416504,7484.0,103866.0,7947.10009765625,4045.639892578125,27927.470703125,4294.7998046875,18.489999771118164,3.97,2.3834782609,3.5638,0.32,3.468,11.1940909091
2023-03-06,0.6754611730575562,0.19251501560211182,22429.7578125,80.45999908447266,1.0626201629638672,1.2028483152389526,1847.9000244140625,0.007360517978668213,0.05519525334239006,7525.7001953125,104700.0,7929.7998046875,4048.419921875,28237.779296875,4313.77978515625,18.610000610351562,3.98,2.3834782609,3.5638,0.32,3.468,11.1940909091
2023-03-07,0.6733099818229675,0.19409184157848358,22219.76953125,77.58000183105469,1.0688328742980957,1.2026457786560059,1813.9000244140625,0.007352995686233044,0.05503516644239426,7562.7001953125,104228.0,7919.5,3986.3701171875,28309.16015625,4278.9599609375,19.59000015258789,3.97,2.3834782609,3.5638,0.32,3.468,11.1940909091
2023-03-08,0.6591001749038696,0.19267822802066803,21718.080078125,76.66000366210938,1.05507493019104,1.1827740669250488,1812.699951171875,0.007278496865183115,0.054382406175136566,7503.89990234375,106540.0,7929.89990234375,3992.010009765625,28444.189453125,4288.4501953125,19.110000610351562,3.98,2.3834782609,3.5638,0.32,3.468,11.1940909091
2023-03-09,0.6594000458717346,0.19438612461090088,20363.021484375,75.72000122070312,1.0549525022506714,1.1850166320800781,1829.300048828125,0.007287248969078064,0.053989849984645844,7514.39990234375,105071.0,7880.0,3918.320068359375,28623.150390625,4286.1201171875,22.610000610351562,3.93,2.3834782609,3.5638,0.32,3.468,11.1940909091
2023-03-10,0.6591001749038696,0.19365958869457245,20187.244140625,76.68000030517578,1.0584698915481567,1.192250370979309,1862.0,0.007331646978855133,0.05387698486447334,7348.2001953125,103618.0,7748.39990234375,3861.590087890625,28143.970703125,4229.52978515625,24.799999237060547,3.7,2.3834782609,3.5638,0.32,3.468,11.1940909091
2023-03-13,0.6634203791618347,0.1917324960231781,24197.533203125,74.80000305175781,1.0683646202087402,1.2079336643218994,1911.699951171875,0.00740850530564785,0.05495350807905197,7311.0,103121.0,7548.60009765625,3855.760009765625,27832.9609375,4096.5400390625,26.520000457763672,3.55,2.3834782609,3.5638,0.32,3.468,11.1940909091
2023-03-14,0.6659198999404907,0.19063232839107513,24746.07421875,71.33000183105469,1.0725010633468628,1.2171372175216675,1906.199951171875,0.007512358017265797,0.05499370023608208,7201.10009765625,102932.0,7637.10009765625,3919.2900390625,27222.0390625,4179.47021484375,23.729999542236328,3.64,2.3834782609,3.5638,0.32,3.468,11.1940909091
2023-03-15,0.6689097881317139,0.19041453301906586,24375.9609375,67.61000061035156,1.0727657079696655,1.215214490890503,1926.5999755859375,0.007440641988068819,0.05523122847080231,7263.10009765625,102675.0,7344.5,3891.929931640625,27229.48046875,4034.919921875,26.139999389648438,3.51,2.3834782609,3.5638,0.32,3.468,11.1940909091
2023-03-16,0.6618300080299377,0.18913960456848145,25052.7890625,68.3499984741211,1.0583354234695435,1.20692777633667,1919.0,0.00752281304448843,0.05445199832320213,7152.7001953125,103435.0,7410.0,3960.280029296875,27010.609375,4116.97998046875,22.989999771118164,3.56,2.3834782609,3.5638,0.32,3.468,11.1940909091
2023-03-17,0.6663401126861572,0.19121921062469482,27423.9296875,66.73999786376953,1.0614134073257446,1.2110495567321777,1969.800048828125,0.007498050574213266,0.05453009158372879,7188.2001953125,101982.0,7335.39990234375,3916.639892578125,27333.7890625,4064.989990234375,25.510000228881836,3.39,2.3834782609,3.5638,0.32,3.468,11.1940909091
2023-03-20,0.6713212132453918,0.18947288393974304,27767.236328125,67.63999938964844,1.0678855180740356,1.2187690734863281,1979.199951171875,0.007559493184089661,0.054150354117155075,7085.10009765625,100923.0,7403.89990234375,3951.570068359375,26945.669921875,4119.419921875,24.149999618530273,3.47,2.3834782609,3.5638,0.32,3.468,11.1940909091
2023-03-22,0.667789876461029,0.19080692529678345,27307.4375,70.9000015258789,1.0774236917495728,1.2225087881088257,1946.800048828125,0.007555837277323008,0.05401735380291939,7200.7001953125,100221.0,7566.7998046875,3936.969970703125,27466.609375,4195.7001953125,22.260000228881836,3.48,2.3834782609,3.5638,0.32,3.468,11.1940909091
2023-03-23,0.6699314713478088,0.19098183512687683,28333.97265625,69.95999908447266,1.0870392322540283,1.227973222732544,1993.800048828125,0.007623171433806419,0.054911259561777115,7148.60009765625,97926.0,7499.60009765625,3948.719970703125,27419.609375,4207.14013671875,22.610000610351562,3.38,2.3834782609,3.5638,0.32,3.468,11.1940909091
2023-03-24,0.6681597828865051,0.18879680335521698,27493.28515625,69.26000213623047,1.0835057497024536,1.228154182434082,1982.0999755859375,0.00764146214351058,0.05535213276743889,7137.60009765625,98829.0,7405.5,3970.989990234375,27385.25,4130.6201171875,21.739999771118164,3.38,2.3834782609,3.5638,0.32,3.468,11.1940909091
2023-03-27,0.665530800819397,0.19065412878990173,27139.888671875,72.80999755859375,1.077818512916565,1.2246003150939941,1952.4000244140625,0.007642572745680809,0.05510583147406578,7143.7998046875,99670.0,7471.7998046875,3977.530029296875,27476.869140625,4164.6201171875,20.600000381469727,3.53,2.3834782609,3.5638,0.32,3.468,11.1940909091
2023-03-28,0.6660095453262329,0.1924149990081787,27268.130859375,73.19999694824219,1.0807071924209595,1.229755163192749,1972.4000244140625,0.007620034273713827,0.0546860471367836,7219.39990234375,101185.0,7484.2998046875,3971.27001953125,27518.25,4168.2099609375,19.969999313354492,3.55,2.3834782609,3.5638,0.32,3.468,11.1940909091
2023-03-29,0.6706907749176025,0.1936333328485489,28348.44140625,72.97000122070312,1.0839520692825317,1.2330456972122192,1966.0999755859375,0.00763090793043375,0.05511615797877312,7236.0,101793.0,7564.2998046875,4027.81005859375,27883.779296875,4231.27001953125,19.1200008392334,3.57,2.3834782609,3.5638,0.32,3.468,11.1940909091
2023-03-30,0.6682482361793518,0.19477230310440063,28033.5625,74.37000274658203,1.0843634605407715,1.2313603162765503,1980.300048828125,0.007542842999100685,0.055291660130023956,7312.39990234375,103713.0,7620.39990234375,4050.830078125,27782.9296875,4285.419921875,19.020000457763672,3.55,2.3834782609,3.5638,0.32,3.468,11.1940909091
2023-03-31,0.6716818809509277,0.19635950028896332,28478.484375,75.66999816894531,1.0904649496078491,1.2387275695800781,1969.0,0.007507450878620148,0.05637010186910629,7373.2998046875,101882.0,7631.7001953125,4109.31005859375,28041.48046875,4315.0498046875,18.700000762939453,3.48,2.3834782609,3.5638,0.32,3.468,11.1940909091
2023-04-03,0.6658897995948792,0.19753865897655487,27790.220703125,80.41999816894531,1.0803335905075073,1.228697419166565,1983.9000244140625,0.007499231491237879,0.056160058826208115,7416.39990234375,101506.0,7673.0,4124.509765625,28188.150390625,4311.0498046875,18.549999237060547,3.43,2.3834782609,3.5638,0.32,3.468,11.1940909091
2023-04-04,0.6788502335548401,0.19750745594501495,28168.08984375,80.70999908447266,1.091226577758789,1.2423131465911865,2022.199951171875,0.007558636367321014,0.0561930350959301,7431.5,101869.0,7634.5,4100.60009765625,28287.419921875,4315.31982421875,19.0,3.35,2.3834782609,3.5638,0.32,3.468,11.1940909091
2023-04-05,0.6758081316947937,0.19721142947673798,28177.984375,80.61000061035156,1.0960105657577515,1.249843716621399,2020.9000244140625,0.007605430204421282,0.05591637268662453,7434.2998046875,100978.0,7662.89990234375,4090.3798828125,27813.259765625,4298.35986328125,19.079999923706055,3.3,2.3834782609,3.5638,0.32,3.468,11.1940909091
2023-04-06,0.6716683506965637,0.19868077337741852,28044.140625,80.69999694824219,1.090334177017212,1.2463078498840332,2011.9000244140625,0.007637435104697943,0.055362094193696976,7412.0,100822.0,7741.60009765625,4105.02001953125,27472.630859375,4309.4501953125,18.399999618530273,3.3,2.3834782609,3.5638,0.32,3.468,11.1940909091
2023-04-11,0.6648299694061279,0.19742166996002197,30235.05859375,81.52999877929688,1.086932897567749,1.239218831062317,2004.800048828125,0.007492376957088709,0.05410406365990639,7504.2001953125,106214.0,7785.7001953125,4108.93994140625,27923.369140625,4333.2900390625,19.100000381469727,3.43,2.3834782609,3.5638,0.32,3.468,11.1940909091
2023-04-12,0.6654002070426941,0.19984011352062225,30139.052734375,83.26000213623047,1.0917507410049438,1.2431007623672485,2010.9000244140625,0.007485366426408291,0.05453677847981453,7538.89990234375,106890.0,7824.7998046875,4091.949951171875,28082.69921875,4334.02978515625,19.09000015258789,3.41,2.3834782609,3.5638,0.32,3.468,11.1940909091
2023-04-13,0.6699000597000122,0.20338016748428345,30399.06640625,82.16000366210938,1.0999890565872192,1.2492660284042358,2041.300048828125,0.007513994351029396,0.05427676811814308,7520.7001953125,106458.0,7843.39990234375,4146.22021484375,28156.970703125,4363.240234375,17.799999237060547,3.45,2.3834782609,3.5638,0.32,3.468,11.1940909091
2023-04-14,0.6783998608589172,0.20297561585903168,30485.69921875,82.5199966430664,1.1054610013961792,1.2525300979614258,2002.199951171875,0.007547910325229168,0.05544835701584816,7560.39990234375,106279.0,7871.89990234375,4137.64013671875,28493.470703125,4390.75,17.06999969482422,3.52,2.3834782609,3.5638,0.32,3.468,11.1940909091
2023-04-17,0.6705199480056763,0.20371992886066437,29445.044921875,80.83000183105469,1.098659634590149,1.2400178909301758,1994.199951171875,0.007464302238076925,0.055262356996536255,7578.10009765625,106016.0,7879.5,4151.31982421875,28514.779296875,4367.60986328125,16.950000762939453,3.6,2.3834782609,3.5638,0.32,3.468,11.1940909091
2023-04-18,0.6700401306152344,0.2024373561143875,30397.552734375,80.86000061035156,1.0925379991531372,1.2375471591949463,2007.4000244140625,0.007439092267304659,0.05467049777507782,7557.5,106163.0,7909.39990234375,4154.8701171875,28658.830078125,4393.9501953125,16.829999923706055,3.58,2.3834782609,3.5638,0.32,3.468,11.1940909091
2023-04-19,0.6735698580741882,0.20062997937202454,28822.6796875,79.16000366210938,1.0975382328033447,1.2425447702407837,1995.199951171875,0.007460236549377441,0.055070627480745316,7561.2998046875,103913.0,7898.7998046875,4154.52001953125,28606.759765625,4393.56982421875,16.459999084472656,3.6,2.3834782609,3.5638,0.32,3.468,11.1940909091
2023-04-20,0.6705514192581177,0.19707152247428894,28245.98828125,77.29000091552734,1.095218300819397,1.2428845167160034,2007.5999755859375,0.007423684932291508,0.05504728481173515,7555.39990234375,104367.0,7902.60009765625,4129.7900390625,28657.5703125,4384.85986328125,17.170000076293945,3.54,2.3834782609,3.5638,0.32,3.468,11.1940909091
2023-04-24,0.6693485379219055,0.1981021761894226,27525.33984375,78.76000213623047,1.0992271900177002,1.2449734210968018,1989.0999755859375,0.007464859168976545,0.05531860515475273,7512.2001953125,103947.0,7912.2001953125,4137.0400390625,28593.51953125,4401.7998046875,16.889999389648438,3.52,2.3834782609,3.5638,0.32,3.468,11.1940909091
2023-04-26,0.663640022277832,0.19789831340312958,28422.701171875,74.30000305175781,1.0978394746780396,1.2414803504943848,1985.699951171875,0.00747881643474102,0.05459272488951683,7502.7998046875,102312.0,7852.60009765625,4055.989990234375,28416.470703125,4347.7099609375,18.84000015258789,3.43,2.3834782609,3.5638,0.32,3.468,11.1940909091
2023-04-28,0.6630398035049438,0.2009565532207489,29340.26171875,76.77999877929688,1.1032048463821411,1.249750018119812,1990.0999755859375,0.0074737295508384705,0.05473798140883446,7501.0,104432.0,7870.60009765625,4169.47998046875,28856.439453125,4359.31005859375,15.779999732971191,3.44,2.3834782609,3.5638,0.32,3.468,11.1940909091
2023-05-02,0.6622801423072815,0.20048518478870392,28680.537109375,71.66000366210938,1.0969241857528687,1.2485953569412231,2014.300048828125,0.007271616719663143,0.05447928607463837,7459.7998046875,101927.0,7773.0,4119.580078125,29157.94921875,4294.85009765625,17.780000686645508,3.44,2.3422727273,3.9621,0.43,3.5,11.9409090909
2023-05-09,0.6780994534492493,0.19968052208423615,27658.775390625,73.70999908447266,1.0996140241622925,1.2612725496292114,2036.199951171875,0.007403403986245394,0.05469606816768646,7456.7001953125,107114.0,7764.10009765625,4119.169921875,29242.8203125,4323.08984375,17.709999084472656,3.53,2.3422727273,3.9621,0.43,3.5,11.9409090909
2023-05-10,0.6766906976699829,0.20056559145450592,27621.755859375,72.55999755859375,1.096467137336731,1.2624667882919312,2030.5,0.007391639053821564,0.053774572908878326,7452.2998046875,107448.0,7741.2998046875,4137.64013671875,29122.1796875,4306.759765625,16.940000534057617,3.43,2.3422727273,3.9621,0.43,3.5,11.9409090909
2023-05-11,0.6781914234161377,0.20231038331985474,27000.7890625,70.87000274658203,1.098406195640564,1.2626996040344238,2014.699951171875,0.0074578444473445415,0.05305490270256996,7449.7001953125,108256.0,7730.60009765625,4130.6201171875,29126.720703125,4309.75,16.93000030517578,3.39,2.3422727273,3.9621,0.43,3.5,11.9409090909
2023-05-12,0.669989824295044,0.20286032557487488,26804.990234375,70.04000091552734,1.0912145376205444,1.2508130073547363,2014.5,0.0074350545182824135,0.05216348171234131,7453.2001953125,108464.0,7754.60009765625,4124.080078125,29388.30078125,4317.8798828125,17.030000686645508,3.46,2.3422727273,3.9621,0.43,3.5,11.9409090909
2023-05-15,0.6646903157234192,0.20324377715587616,27192.693359375,71.11000061035156,1.0852696895599365,1.2450973987579346,2018.0,0.007362577132880688,0.05220350995659828,7460.5,109029.0,7777.7001953125,4136.27978515625,29626.33984375,4316.41015625,17.1200008392334,3.5,2.3422727273,3.9621,0.43,3.5,11.9409090909
2023-05-16,0.6703001260757446,0.20458684861660004,27036.650390625,70.86000061035156,1.0873701572418213,1.2525207996368408,1988.4000244140625,0.00735050905495882,0.0526401661336422,7424.10009765625,108194.0,7751.10009765625,4109.89990234375,29842.990234375,4315.509765625,17.989999771118164,3.54,2.3422727273,3.9621,0.43,3.5,11.9409090909
2023-05-17,0.6657789945602417,0.20245373249053955,27398.802734375,72.83000183105469,1.0865668058395386,1.2484394311904907,1980.699951171875,0.007329766638576984,0.052494537085294724,7389.2998046875,109460.0,7723.2001953125,4158.77001953125,30093.58984375,4323.22998046875,16.8700008392334,3.57,2.3422727273,3.9621,0.43,3.5,11.9409090909
2023-05-18,0.6655617952346802,0.20252345502376556,26832.208984375,71.86000061035156,1.0838346481323242,1.2482805252075195,1956.5,0.007266702596098185,0.05199316143989563,7427.0,110108.0,7742.2998046875,4198.0498046875,30573.9296875,4323.22998046875,16.049999237060547,3.65,2.3422727273,3.9621,0.43,3.5,11.9409090909
2023-05-19,0.6629980802536011,0.20143422484397888,26890.12890625,71.55000305175781,1.0775396823883057,1.2412338256835938,1978.699951171875,0.007213966455310583,0.051803138107061386,7471.5,110745.0,7756.89990234375,4191.97998046875,30808.349609375,4395.2998046875,16.809999465942383,3.7,2.3422727273,3.9621,0.43,3.5,11.9409090909
2023-05-22,0.666100025177002,0.20012807846069336,26851.27734375,71.98999786376953,1.0822745561599731,1.2461059093475342,1974.800048828125,0.007262586150318384,0.05151452496647835,7450.7001953125,110213.0,7771.0,4192.6298828125,31086.8203125,4385.6298828125,17.209999084472656,3.72,2.3422727273,3.9621,0.43,3.5,11.9409090909
2023-05-23,0.6649687886238098,0.20136524736881256,27225.7265625,72.91000366210938,1.0811045169830322,1.243440866470337,1972.4000244140625,0.0072112614288926125,0.051952097564935684,7447.39990234375,109929.0,7763.0,4145.580078125,30957.76953125,4342.3798828125,18.530000686645508,3.7,2.3422727273,3.9621,0.43,3.5,11.9409090909
2023-05-24,0.6613581776618958,0.20115867257118225,26334.818359375,74.33999633789062,1.076971173286438,1.2417269945144653,1962.800048828125,0.0072151110507547855,0.05217355117201805,7392.89990234375,108800.0,7627.10009765625,4115.240234375,30682.6796875,4263.740234375,20.030000686645508,3.73,2.3422727273,3.9621,0.43,3.5,11.9409090909
2023-05-25,0.6545102000236511,0.2016698271036148,26476.20703125,71.83000183105469,1.0757315158843994,1.2371032238006592,1943.0999755859375,0.007179626729339361,0.05200992152094841,7316.7001953125,110054.0,7570.89990234375,4151.27978515625,30801.130859375,4269.64013671875,19.139999389648438,3.83,2.3422727273,3.9621,0.43,3.5,11.9409090909
2023-05-26,0.6498485803604126,0.1986018419265747,26719.291015625,72.66999816894531,1.0724436044692993,1.2318304777145386,1944.0999755859375,0.0071419901214540005,0.050570178776979446,7334.5,110906.0,7627.2001953125,4205.4501953125,30916.310546875,4337.5,17.950000762939453,3.8,2.3422727273,3.9621,0.43,3.5,11.9409090909
2023-05-30,0.6528502106666565,0.19927862286567688,27702.349609375,69.45999908447266,1.0707669258117676,1.234933853149414,1958.0,0.007120428141206503,0.05094246193766594,7387.2998046875,108967.0,7522.10009765625,4205.52001953125,31328.16015625,4291.580078125,17.459999084472656,3.69,2.3422727273,3.9621,0.43,3.5,11.9409090909
2023-05-31,0.6517800092697144,0.198617622256279,27219.658203125,68.08999633789062,1.073306918144226,1.241187572479248,1963.9000244140625,0.007153484970331192,0.05088305100798607,7273.5,108335.0,7446.10009765625,4179.830078125,30887.880859375,4218.0400390625,17.940000534057617,3.64,2.3422727273,3.9621,0.43,3.5,11.9409090909
2023-06-01,0.6506401300430298,0.19783176481723785,26819.97265625,70.0999984741211,1.0695186853408813,1.244694471359253,1978.0,0.007187677547335625,0.05077443644404411,7290.7001953125,110565.0,7490.2998046875,4221.02001953125,31148.009765625,4257.60986328125,15.649999618530273,3.61,2.3763636364,4.3659,0.395,3.916,11.9395238095
2023-06-02,0.657799482345581,0.19947735965251923,27249.58984375,71.73999786376953,1.0760787725448608,1.2525991201400757,1952.4000244140625,0.007207311224192381,0.050992049276828766,7331.2001953125,112558.0,7607.2998046875,4282.3701171875,31524.220703125,4323.52001953125,14.600000381469727,3.69,2.3763636364,4.3659,0.395,3.916,11.9395238095
2023-06-05,0.6599997878074646,0.20175118744373322,25760.09765625,72.1500015258789,1.0698620080947876,1.2430236339569092,1958.0,0.007132311351597309,0.05124000459909439,7401.2001953125,112696.0,7600.0,4273.7900390625,32217.4296875,4293.240234375,14.729999542236328,3.69,2.3763636364,4.3659,0.395,3.916,11.9395238095
2023-06-06,0.6613494157791138,0.20302094519138336,27238.783203125,71.73999786376953,1.0711798667907715,1.2433171272277832,1965.5,0.007174476515501738,0.051971811801195145,7319.89990234375,114610.0,7628.10009765625,4283.85009765625,32506.779296875,4295.22021484375,13.960000038146973,3.7,2.3763636364,4.3659,0.395,3.916,11.9395238095
2023-06-07,0.6679089665412903,0.20358306169509888,26345.998046875,72.52999877929688,1.0698047876358032,1.2428536415100098,1942.699951171875,0.007167072035372257,0.0521681047976017,7310.39990234375,115488.0,7624.2998046875,4267.52001953125,31913.740234375,4291.91015625,13.9399995803833,3.79,2.3763636364,4.3659,0.395,3.916,11.9395238095
2023-06-09,0.671259880065918,0.20316530764102936,26480.375,70.16999816894531,1.078271746635437,1.2559500932693481,1962.199951171875,0.007201341912150383,0.05312889441847801,7312.2998046875,117019.0,7562.39990234375,4298.85986328125,32265.169921875,4289.7900390625,13.829999923706055,3.75,2.3763636364,4.3659,0.395,3.916,11.9395238095
2023-06-13,0.6753101944923401,0.2057359218597412,25918.728515625,69.41999816894531,1.0762988328933716,1.2515331506729126,1944.5999755859375,0.007170514669269323,0.05392003804445267,7329.10009765625,116743.0,7594.7998046875,4369.009765625,33018.6484375,4347.5498046875,14.609999656677246,3.84,2.3763636364,4.3659,0.395,3.916,11.9395238095
2023-06-14,0.6769289374351501,0.2057189792394638,25124.67578125,68.2699966430664,1.078934907913208,1.2606843709945679,1955.300048828125,0.007133837789297104,0.05376286059617996,7354.2001953125,119069.0,7602.7001953125,4372.58984375,33502.421875,4375.97998046875,13.880000114440918,3.83,2.3763636364,4.3659,0.395,3.916,11.9395238095
2023-06-15,0.6796895265579224,0.20768432319164276,25576.39453125,70.62000274658203,1.084304690361023,1.26708984375,1957.800048828125,0.007144030649214983,0.054643016308546066,7370.0,119221.0,7628.2998046875,4425.83984375,33485.48828125,4365.1201171875,14.5,3.72,2.3763636364,4.3659,0.395,3.916,11.9395238095
2023-06-20,0.6851379871368408,0.20934079587459564,28327.48828125,70.5,1.0924304723739624,1.2794759273529053,1935.5,0.0070472657680511475,0.055103011429309845,7548.5,119622.0,7569.2998046875,4388.7099609375,33388.91015625,4343.14013671875,13.880000114440918,3.74,2.3763636364,4.3659,0.395,3.916,11.9395238095
2023-06-21,0.6788820624351501,0.20879878103733063,30027.296875,72.52999877929688,1.0920368432998657,1.276535987854004,1933.300048828125,0.0070753879845142365,0.054439838975667953,7505.60009765625,120420.0,7559.2001953125,4365.68994140625,33575.140625,4322.75,13.199999809265137,3.72,2.3763636364,4.3659,0.395,3.916,11.9395238095
2023-06-22,0.6798702478408813,0.20998257398605347,29912.28125,69.51000213623047,1.0992635488510132,1.2772045135498047,1912.699951171875,0.007057760376483202,0.05468105152249336,7381.0,118934.0,7502.0,4381.89013671875,33264.87890625,4304.47021484375,12.90999984741211,3.8,2.3763636364,4.3659,0.395,3.916,11.9395238095
2023-06-23,0.6760699152946472,0.20965518057346344,30695.46875,69.16000366210938,1.0958904027938843,1.2747135162353516,1919.0999755859375,0.00699154008179903,0.0540686659514904,7285.60009765625,118977.0,7461.89990234375,4348.330078125,32781.5390625,4271.60986328125,13.4399995803833,3.74,2.3763636364,4.3659,0.395,3.916,11.9395238095
2023-06-26,0.6680517792701721,0.20896457135677338,30271.130859375,69.37000274658203,1.0906671285629272,1.2729610204696655,1923.699951171875,0.006966650485992432,0.053384579718112946,7264.10009765625,118243.0,7453.60009765625,4328.81982421875,32698.810546875,4280.56982421875,14.25,3.72,2.3763636364,4.3659,0.395,3.916,11.9395238095
2023-06-27,0.6674498319625854,0.2097623348236084,30688.1640625,67.69999694824219,1.091048002243042,1.2711971998214722,1914.0,0.00697058392688632,0.05363166704773903,7300.0,117523.0,7461.5,4378.41015625,32538.330078125,4305.259765625,13.739999771118164,3.77,2.3763636364,4.3659,0.395,3.916,11.9395238095
2023-06-28,0.668140172958374,0.20787858963012695,30086.24609375,69.55999755859375,1.0957223176956177,1.2744698524475098,1912.300048828125,0.006950139533728361,0.054029811173677444,7384.10009765625,116681.0,7500.5,4376.85986328125,33193.98828125,4344.75,13.430000305175781,3.71,2.3763636364,4.3659,0.395,3.916,11.9395238095
2023-06-29,0.6600616574287415,0.20616431534290314,30445.3515625,69.86000061035156,1.0915838479995728,1.2642544507980347,1909.199951171875,0.006925735156983137,0.05369473248720169,7389.60009765625,118383.0,7471.7001953125,4396.43994140625,33234.140625,4354.68994140625,13.539999961853027,3.85,2.3763636364,4.3659,0.395,3.916,11.9395238095
2023-06-30,0.6619710922241211,0.20594777166843414,30477.251953125,70.63999938964844,1.0868029594421387,1.2614636421203613,1921.0999755859375,0.0069070314057171345,0.05333475396037102,7401.5,118087.0,7531.5,4450.3798828125,33189.0390625,4399.08984375,13.59000015258789,3.81,2.3763636364,4.3659,0.395,3.916,11.9395238095
2023-07-03,0.6658321619033813,0.20902135968208313,31156.439453125,69.79000091552734,1.0907504558563232,1.2693254947662354,1921.699951171875,0.00692530395463109,0.05311718210577965,7442.7998046875,119673.0,7527.2998046875,4455.58984375,33753.328125,4398.14990234375,13.569999694824219,3.86,2.3763636364,4.3659,0.395,3.916,11.9395238095
2023-07-05,0.6692701578140259,0.20661583542823792,30514.166015625,71.79000091552734,1.0884946584701538,1.2717629671096802,1919.5999755859375,0.006924919784069061,0.053673118352890015,7453.10009765625,119549.0,7442.10009765625,4446.81982421875,33338.69921875,4350.7099609375,14.180000305175781,3.95,2.3763636364,4.3659,0.395,3.916,11.9395238095
2023-07-06,0.6656903028488159,0.206304669380188,29909.337890625,71.80000305175781,1.0856584310531616,1.2704542875289917,1908.699951171875,0.006920942105352879,0.05330916866660118,7365.0,117426.0,7280.5,4411.58984375,32773.01953125,4223.08984375,15.4399995803833,4.05,2.3763636364,4.3659,0.395,3.916,11.9395238095
2023-07-07,0.6628398895263672,0.20330573618412018,30342.265625,73.86000061035156,1.0890636444091797,1.2742749452590942,1926.199951171875,0.0069468081928789616,0.05239744484424591,7244.10009765625,118898.0,7256.89990234375,4398.9501953125,32388.419921875,4236.60009765625,14.829999923706055,4.06,2.3763636364,4.3659,0.395,3.916,11.9395238095
2023-07-10,0.6688382029533386,0.20530086755752563,30414.470703125,72.98999786376953,1.0969723463058472,1.2838947772979736,1925.0,0.007031903602182865,0.05317169427871704,7206.89990234375,117942.0,7273.7998046875,4409.52978515625,32189.73046875,4256.509765625,15.069999694824219,4.01,2.3763636364,4.3659,0.395,3.916,11.9395238095
2023-07-11,0.667900025844574,0.20415662229061127,30620.951171875,74.83000183105469,1.100594401359558,1.2864713668823242,1931.300048828125,0.007077291142195463,0.05327679216861725,7315.7998046875,117220.0,7282.5,4439.259765625,32203.5703125,4286.56005859375,14.84000015258789,3.99,2.3763636364,4.3659,0.395,3.916,11.9395238095
2023-07-12,0.6693798899650574,0.20612181723117828,30391.646484375,75.75,1.101406455039978,1.2934770584106445,1956.199951171875,0.007136841770261526,0.05420583114027977,7341.5,117666.0,7416.10009765625,4472.16015625,31943.9296875,4360.4599609375,13.539999961853027,3.86,2.3763636364,4.3659,0.395,3.916,11.9395238095
2023-07-13,0.6792786121368408,0.20760241150856018,31476.048828125,76.88999938964844,1.1144545078277588,1.29962956905365,1959.199951171875,0.007229873910546303,0.0551794171333313,7455.39990234375,119264.0,7440.2001953125,4510.0400390625,32419.330078125,4391.759765625,13.609999656677246,3.76,2.3763636364,4.3659,0.395,3.916,11.9395238095
2023-07-14,0.6888617873191833,0.20855927467346191,30334.068359375,75.41999816894531,1.1223469972610474,1.3128528594970703,1960.0999755859375,0.007242440711706877,0.055827558040618896,7517.10009765625,117711.0,7434.60009765625,4505.419921875,32391.259765625,4400.10986328125,13.34000015258789,3.83,2.3763636364,4.3659,0.395,3.916,11.9395238095
2023-07-18,0.6810500025749207,0.2080819010734558,29856.5625,75.75,1.1237596273422241,1.307172417640686,1977.199951171875,0.007208297960460186,0.055493276566267014,7496.7001953125,117841.0,7453.7001953125,4554.97998046875,32493.890625,4369.72998046875,13.300000190734863,3.8,2.3763636364,4.3659,0.395,3.916,11.9395238095
2023-07-19,0.6814821362495422,0.20793047547340393,29913.923828125,75.3499984741211,1.1228890419006348,1.303508996963501,1977.5,0.0071928477846086025,0.05597693845629692,7538.2001953125,117552.0,7588.2001953125,4565.72021484375,32896.03125,4362.27978515625,13.760000228881836,3.75,2.3763636364,4.3659,0.395,3.916,11.9395238095
2023-07-20,0.6769999265670776,0.20877262949943542,29792.015625,75.62999725341797,1.120523452758789,1.2939791679382324,1968.300048828125,0.007163425907492638,0.056073710322380066,7541.89990234375,118083.0,7646.10009765625,4534.8701171875,32490.51953125,4373.72998046875,13.989999771118164,3.85,2.3763636364,4.3659,0.395,3.916,11.9395238095
2023-07-21,0.6778190732002258,0.2084679752588272,29908.744140625,77.06999969482422,1.113709807395935,1.2872332334518433,1964.300048828125,0.007149802520871162,0.05583500862121582,7526.7998046875,120217.0,7663.7001953125,4536.33984375,32304.25,4391.41015625,13.600000381469727,3.84,2.3763636364,4.3659,0.395,3.916,11.9395238095
2023-07-24,0.6725800037384033,0.2093188762664795,29176.916015625,78.73999786376953,1.112532615661621,1.2853471040725708,1960.300048828125,0.007054673507809639,0.055741049349308014,7517.2998046875,121342.0,7678.60009765625,4554.64013671875,32700.939453125,4383.02978515625,13.90999984741211,3.86,2.3763636364,4.3659,0.395,3.916,11.9395238095
2023-07-25,0.6733009219169617,0.21161781251430511,29227.390625,79.62999725341797,1.1063170433044434,1.281262755393982,1962.0999755859375,0.007066038902848959,0.0564170740544796,7554.7001953125,122008.0,7691.7998046875,4567.4599609375,32682.509765625,4391.2998046875,13.859999656677246,3.91,2.3763636364,4.3659,0.395,3.916,11.9395238095
2023-07-26,0.6787599325180054,0.21057508885860443,29354.97265625,78.77999877929688,1.1050456762313843,1.2893908023834229,1968.9000244140625,0.007096577435731888,0.057075995951890945,7617.7998046875,122560.0,7676.89990234375,4566.75,32668.33984375,4346.14990234375,13.1899995803833,3.86,2.3763636364,4.3659,0.395,3.916,11.9395238095
2023-07-27,0.6759999394416809,0.2111397385597229,29210.689453125,80.08999633789062,1.1078368425369263,1.292724609375,1945.4000244140625,0.007124181371182203,0.056785594671964645,7672.60009765625,119990.0,7692.7998046875,4537.41015625,32891.16015625,4447.43994140625,14.40999984741211,4.01,2.3763636364,4.3659,0.395,3.916,11.9395238095
2023-07-28,0.6711859703063965,0.21089927852153778,29319.24609375,80.58000183105469,1.0978755950927734,1.2793776988983154,1960.4000244140625,0.007201290689408779,0.056214358657598495,7616.10009765625,120187.0,7694.2998046875,4582.22998046875,32759.23046875,4466.5,13.329999923706055,3.96,2.3763636364,4.3659,0.395,3.916,11.9395238095
2023-07-31,0.6660805344581604,0.21171638369560242,29230.111328125,81.80000305175781,1.1024264097213745,1.2853965759277344,1970.5,0.007104392163455486,0.056824639439582825,7622.2001953125,121943.0,7699.39990234375,4588.9599609375,33172.21875,4471.31005859375,13.630000114440918,3.97,2.3763636364,4.3659,0.395,3.916,11.9395238095
2023-08-01,0.6716818809509277,0.21165364980697632,29675.732421875,81.37000274658203,1.0997591018676758,1.283400535583496,1940.699951171875,0.007026271428912878,0.056006092578172684,7663.7001953125,121248.0,7666.2998046875,4576.72998046875,33476.578125,4471.31005859375,13.930000305175781,4.05,2.5456521739,4.5298,0.64,4.128,11.7159090909
2023-08-02,0.6617608070373535,0.2086811363697052,29151.958984375,79.48999786376953,1.1007881164550781,1.2795741558074951,1937.4000244140625,0.006994474213570356,0.05482398718595505,7568.39990234375,120859.0,7561.60009765625,4513.39013671875,32707.689453125,4336.5,16.09000015258789,4.08,2.5456521739,4.5298,0.64,4.128,11.7159090909
2023-08-03,0.6544999480247498,0.20788292586803436,29178.6796875,81.55000305175781,1.0944151878356934,1.2720379829406738,1932.0,0.006976225413382053,0.054221998900175095,7522.2998046875,120586.0,7529.2001953125,4501.89013671875,32159.279296875,4304.6298828125,15.920000076293945,4.2,2.5456521739,4.5298,0.64,4.128,11.7159090909
2023-08-04,0.6561206579208374,0.2034008651971817,29074.091796875,82.81999969482422,1.095158338546753,1.2716336250305176,1939.5999755859375,0.007012720685452223,0.05365094542503357,7535.89990234375,119508.0,7564.39990234375,4478.02978515625,32192.75,4332.91015625,17.100000381469727,4.05,2.5456521739,4.5298,0.64,4.128,11.7159090909
2023-08-07,0.657371461391449,0.204691544175148,29180.578125,81.94000244140625,1.1002674102783203,1.2747948169708252,1933.5,0.007048408035188913,0.05423346161842346,7519.89990234375,119380.0,7554.5,4518.43994140625,32254.560546875,4337.5,15.770000457763672,4.09,2.5456521739,4.5298,0.64,4.128,11.7159090909
2023-08-08,0.6572591066360474,0.20412328839302063,29765.4921875,82.91999816894531,1.100315809249878,1.2782002687454224,1924.0999755859375,0.007016362156718969,0.05348508805036545,7519.7001953125,119090.0,7527.39990234375,4499.3798828125,32377.2890625,4288.85009765625,15.989999771118164,4.02,2.5456521739,4.5298,0.64,4.128,11.7159090909
2023-08-10,0.6536802053451538,0.20401085913181305,29429.591796875,82.81999969482422,1.0977671146392822,1.2720056772232056,1914.4000244140625,0.0069576348178088665,0.05276649445295334,7568.5,118350.0,7618.60009765625,4468.830078125,32473.650390625,4384.0400390625,15.850000381469727,4.09,2.5456521739,4.5298,0.64,4.128,11.7159090909
2023-08-14,0.6495404839515686,0.20362453162670135,29408.443359375,82.51000213623047,1.094439148902893,1.2695027589797974,1910.5999755859375,0.006905266549438238,0.05284518375992775,7493.10009765625,116810.0,7507.2001953125,4489.72021484375,32059.91015625,4330.22998046875,14.819999694824219,4.19,2.5456521739,4.5298,0.64,4.128,11.7159090909
2023-08-15,0.6488400101661682,0.20152758061885834,29170.34765625,80.98999786376953,1.0909883975982666,1.2685203552246094,1902.5,0.006875829771161079,0.052452415227890015,7520.39990234375,116171.0,7389.60009765625,4437.85986328125,32238.890625,4288.56982421875,16.459999084472656,4.21,2.5456521739,4.5298,0.64,4.128,11.7159090909
2023-08-16,0.6457903981208801,0.20067426562309265,28701.779296875,79.37999725341797,1.0904173851013184,1.2701315879821777,1896.0999755859375,0.006867754273116589,0.052252884954214096,7411.7998046875,115592.0,7356.89990234375,4404.330078125,31766.8203125,4284.27001953125,16.780000686645508,4.28,2.5456521739,4.5298,0.64,4.128,11.7159090909
2023-08-17,0.6414697170257568,0.20052538812160492,26664.55078125,80.38999938964844,1.0874884128570557,1.2728151082992554,1884.0999755859375,0.006833728868514299,0.05215262621641159,7364.39990234375,114982.0,7310.2001953125,4370.35986328125,31626.0,4227.830078125,17.889999389648438,4.3,2.5456521739,4.5298,0.64,4.128,11.7159090909
2023-08-18,0.6406888961791992,0.20098482072353363,26049.556640625,81.25,1.0874648094177246,1.275022268295288,1886.0999755859375,0.006862758193165064,0.05248958244919777,7366.0,115409.0,7262.39990234375,4369.7099609375,31450.759765625,4212.9501953125,17.299999237060547,4.26,2.5456521739,4.5298,0.64,4.128,11.7159090909
2023-08-21,0.6414697170257568,0.20133282244205475,26124.140625,80.72000122070312,1.087559461593628,1.2741937637329102,1893.300048828125,0.006882076151669025,0.05272259563207626,7335.89990234375,114429.0,7257.7998046875,4399.77001953125,31565.640625,4224.8701171875,17.1299991607666,4.34,2.5456521739,4.5298,0.64,4.128,11.7159090909
2023-08-22,0.6414080262184143,0.20085564255714417,26031.65625,80.3499984741211,1.0898351669311523,1.2760798931121826,1896.4000244140625,0.006838167551904917,0.0527983084321022,7346.39990234375,116156.0,7270.7998046875,4387.5498046875,31856.7109375,4260.3701171875,16.969999313354492,4.34,2.5456521739,4.5298,0.64,4.128,11.7159090909
2023-08-23,0.6427999138832092,0.2025480568408966,26431.640625,78.88999938964844,1.0846692323684692,1.2731555700302124,1918.5,0.006860451307147741,0.05327664315700531,7367.60009765625,118135.0,7320.5,4436.009765625,32010.259765625,4266.669921875,15.979999542236328,4.19,2.5456521739,4.5298,0.64,4.128,11.7159090909
2023-08-24,0.6480587720870972,0.205968976020813,26162.373046875,79.05000305175781,1.086578607559204,1.2720541954040527,1918.199951171875,0.0069121397100389,0.054188501089811325,7400.60009765625,117026.0,7333.60009765625,4376.31005859375,32287.2109375,4232.22021484375,17.200000762939453,4.23,2.5456521739,4.5298,0.64,4.128,11.7159090909
2023-08-25,0.6413956880569458,0.2049054354429245,26047.66796875,79.83000183105469,1.07991361618042,1.2592872381210327,1911.0999755859375,0.006846173200756311,0.05321801081299782,7332.60009765625,115837.0,7338.60009765625,4405.7099609375,31624.279296875,4236.25,15.680000305175781,4.25,2.5456521739,4.5298,0.64,4.128,11.7159090909
2023-08-29,0.6428180932998657,0.2052292376756668,27727.392578125,81.16000366210938,1.0825556516647339,1.2611136436462402,1936.5,0.006827616132795811,0.05389586091041565,7416.39990234375,118404.0,7465.0,4497.6298828125,32226.970703125,4326.47021484375,14.449999809265137,4.12,2.5456521739,4.5298,0.64,4.128,11.7159090909
2023-08-30,0.647659957408905,0.20613032579421997,27297.265625,81.62999725341797,1.0869210958480835,1.2636793851852417,1944.300048828125,0.0068498775362968445,0.05420553684234619,7506.7998046875,117535.0,7473.7001953125,4514.8701171875,32333.4609375,4315.31005859375,13.880000114440918,4.12,2.5456521739,4.5298,0.64,4.128,11.7159090909
2023-08-31,0.6478782296180725,0.20456591248512268,25931.47265625,83.62999725341797,1.0932546854019165,1.271179437637329,1938.199951171875,0.0068446737714111805,0.053493354469537735,7517.7998046875,115742.0,7439.10009765625,4507.66015625,32619.33984375,4297.10986328125,13.569999694824219,4.09,2.5456521739,4.5298,0.64,4.128,11.7159090909
2023-09-01,0.6488408446311951,0.20186522603034973,25800.724609375,85.55000305175781,1.0844104290008545,1.2672826051712036,1939.800048828125,0.006874127313494682,0.05310378223657608,7489.89990234375,117893.0,7464.5,4515.77001953125,32710.619140625,4282.64013671875,13.09000015258789,4.18,2.6614285714,4.4199,0.765,4.211,12.0645
2023-09-05,0.6458100080490112,0.20258498191833496,25779.982421875,86.69000244140625,1.0794472694396973,1.2623074054718018,1926.199951171875,0.00682393554598093,0.052361227571964264,7516.7998046875,117331.0,7437.89990234375,4496.830078125,33036.76171875,4269.16015625,14.010000228881836,4.27,2.6614285714,4.4199,0.765,4.211,12.0645
2023-09-06,0.6375396251678467,0.2013409286737442,25753.236328125,87.54000091552734,1.0726161003112793,1.2570552825927734,1918.0999755859375,0.006780994590371847,0.05230727419257164,7461.60009765625,115985.0,7426.10009765625,4465.47998046875,33241.01953125,4238.259765625,14.449999809265137,4.3,2.6614285714,4.4199,0.765,4.211,12.0645
2023-09-08,0.6377400159835815,0.20096059143543243,25905.654296875,87.51000213623047,1.0697818994522095,1.2475050687789917,1918.4000244140625,0.006787437945604324,0.052271727472543716,7358.10009765625,115313.0,7478.2001953125,4457.490234375,32606.83984375,4237.18994140625,13.84000015258789,4.26,2.6614285714,4.4199,0.765,4.211,12.0645
2023-09-11,0.6397993564605713,0.20068232715129852,25162.654296875,87.29000091552734,1.071811318397522,1.2489992380142212,1923.300048828125,0.006797495298087597,0.05245434120297432,7387.7998046875,116883.0,7496.89990234375,4487.4599609375,32467.759765625,4254.330078125,13.800000190734863,4.29,2.6614285714,4.4199,0.765,4.211,12.0645
2023-09-12,0.643200159072876,0.20286445319652557,25833.34375,88.83999633789062,1.0750375986099243,1.2508755922317505,1911.300048828125,0.006817655172199011,0.05307433381676674,7402.89990234375,117968.0,7527.5,4461.89990234375,32776.37109375,4242.27001953125,14.229999542236328,4.27,2.6614285714,4.4199,0.765,4.211,12.0645
2023-09-13,0.6428180932998657,0.2021590620279312,26228.32421875,88.5199966430664,1.075326681137085,1.2491724491119385,1909.0999755859375,0.0067954170517623425,0.052845437079668045,7345.7001953125,118176.0,7526.0,4467.43994140625,32706.51953125,4223.47998046875,13.479999542236328,4.25,2.6614285714,4.4199,0.765,4.211,12.0645
2023-09-14,0.6421617865562439,0.20344224572181702,26539.673828125,90.16000366210938,1.0734220743179321,1.248953938484192,1910.0,0.006786747369915247,0.05316996946930885,7382.7001953125,119392.0,7673.10009765625,4505.10009765625,33168.1015625,4279.75,12.819999694824219,4.29,2.6614285714,4.4199,0.765,4.211,12.0645
2023-09-15,0.6432398557662964,0.20541474223136902,26608.693359375,90.7699966430664,1.0637166500091553,1.2401869297027588,1923.699951171875,0.006780488882213831,0.05255766585469246,7482.60009765625,118758.0,7711.39990234375,4450.31982421875,33533.08984375,4295.0498046875,13.789999961853027,4.33,2.6614285714,4.4199,0.765,4.211,12.0645
2023-09-19,0.643960177898407,0.20602838695049286,27211.1171875,91.19999694824219,1.0692671537399292,1.2383747100830078,1932.0,0.006774838548153639,0.05261579528450966,7395.0,117846.0,7660.2001953125,4443.9501953125,33242.58984375,4242.7001953125,14.109999656677246,4.37,2.6614285714,4.4199,0.765,4.211,12.0645
2023-09-20,0.646600067615509,0.205516055226326,27132.0078125,90.27999877929688,1.0682048797607422,1.2393569946289062,1945.5999755859375,0.006768555846065283,0.052896056324243546,7361.89990234375,118695.0,7731.7001953125,4402.2001953125,33023.78125,4275.97998046875,15.140000343322754,4.35,2.6614285714,4.4199,0.765,4.211,12.0645
2023-09-21,0.6436100006103516,0.2049684375524521,26567.6328125,89.62999725341797,1.065303087234497,1.2328935861587524,1919.199951171875,0.006742133758962154,0.05304927006363869,7266.60009765625,116145.0,7678.60009765625,4330.0,32571.029296875,4212.58984375,17.540000915527344,4.49,2.6614285714,4.4199,0.765,4.211,12.0645
2023-09-22,0.6409598588943481,0.20263835787773132,26579.568359375,90.02999877929688,1.0661548376083374,1.2294225692749023,1925.4000244140625,0.006773049011826515,0.052769336849451065,7270.0,116009.0,7683.89990234375,4320.06005859375,32402.41015625,4207.16015625,17.200000762939453,4.44,2.6614285714,4.4199,0.765,4.211,12.0645
2023-09-26,0.6422001123428345,0.20127609372138977,26217.25,90.38999938964844,1.0591648817062378,1.2213143110275269,1900.4000244140625,0.006719933357089758,0.05328700691461563,7238.2998046875,114193.0,7625.7001953125,4273.52978515625,32315.05078125,4129.18017578125,18.940000534057617,4.56,2.6614285714,4.4199,0.765,4.211,12.0645
2023-09-27,0.6393861770629883,0.2005535364151001,26352.716796875,93.68000030517578,1.0569483041763306,1.2146830558776855,1871.5999755859375,0.006709383334964514,0.0524628683924675,7229.7998046875,114327.0,7593.2001953125,4274.509765625,32371.900390625,4131.68017578125,18.219999313354492,4.61,2.6614285714,4.4199,0.765,4.211,12.0645
2023-09-28,0.634759783744812,0.19832612574100494,27021.546875,91.70999908447266,1.0505305528640747,1.2135332822799683,1860.4000244140625,0.006689052563160658,0.05208767205476761,7222.5,115731.0,7601.89990234375,4299.7001953125,31872.51953125,4161.56005859375,17.34000015258789,4.59,2.6614285714,4.4199,0.765,4.211,12.0645
2023-09-29,0.6427974700927734,0.1986965388059616,26911.720703125,90.79000091552734,1.0562450885772705,1.2204796075820923,1848.0999755859375,0.0066962637938559055,0.05270739644765854,7249.7001953125,116565.0,7608.10009765625,4288.0498046875,31857.619140625,4174.66015625,17.520000457763672,4.59,2.6614285714,4.4199,0.765,4.211,12.0645
2023-10-02,0.6437202095985413,0.19830253720283508,27530.78515625,88.81999969482422,1.0565240383148193,1.2193039655685425,1830.0,0.0066871740855276585,0.0529683455824852,7235.5,115057.0,7510.7001953125,4288.39013671875,31759.880859375,4137.6298828125,17.610000610351562,4.69,2.6614285714,4.4199,0.765,4.211,12.0645
2023-10-03,0.6362699270248413,0.19756989181041718,27429.978515625,89.2300033569336,1.0480751991271973,1.209116816520691,1824.5999755859375,0.006673295516520739,0.05205080285668373,7141.0,113419.0,7470.2001953125,4229.4501953125,31237.939453125,4095.590087890625,19.780000686645508,4.81,2.6614285714,4.4199,0.765,4.211,12.0645
2023-10-04,0.6308901309967041,0.19356213510036469,27799.39453125,84.22000122070312,1.0472300052642822,1.2078461647033691,1818.5,0.006702772341668606,0.05181857571005821,7082.2001953125,113607.0,7412.5,4263.75,30526.880859375,4099.85009765625,18.579999923706055,4.73,2.6614285714,4.4199,0.765,4.211,12.0645
2023-10-05,0.6329101920127869,0.1940014660358429,27415.912109375,82.30999755859375,1.0507071018218994,1.2137395143508911,1816.5999755859375,0.006712940987199545,0.05176090821623802,7117.5,113284.0,7451.5,4258.18994140625,31075.359375,4099.81005859375,18.489999771118164,4.72,2.6614285714,4.4199,0.765,4.211,12.0645
2023-10-06,0.6371049880981445,0.19361084699630737,27946.59765625,82.79000091552734,1.0546631813049316,1.2187690734863281,1830.199951171875,0.006735685281455517,0.05126286298036575,7143.0,114170.0,7494.60009765625,4308.5,30994.669921875,4144.43017578125,17.450000762939453,4.78,2.6614285714,4.4199,0.765,4.211,12.0645
2023-10-10,0.6420900225639343,0.1947343796491623,27391.01953125,85.97000122070312,1.0578875541687012,1.2250398397445679,1861.0,0.006741860881447792,0.05224960297346115,7231.0,116737.0,7628.2001953125,4358.240234375,31746.529296875,4205.22998046875,17.030000686645508,4.66,2.6614285714,4.4199,0.765,4.211,12.0645
2023-10-11,0.643347442150116,0.197980597615242,26873.3203125,83.48999786376953,1.0604791641235352,1.229135513305664,1872.800048828125,0.006728207226842642,0.052630748599767685,7281.2998046875,117051.0,7620.0,4376.9501953125,31936.509765625,4200.7998046875,16.09000015258789,4.58,2.6614285714,4.4199,0.765,4.211,12.0645
2023-10-13,0.6316800117492676,0.19818070530891418,26862.375,87.69000244140625,1.0536741018295288,1.2183235883712769,1927.4000244140625,0.006676013581454754,0.0525994636118412,7243.5,115754.0,7599.60009765625,4327.77978515625,32315.990234375,4136.1201171875,19.31999969482422,4.63,2.6614285714,4.4199,0.765,4.211,12.0645
2023-10-16,0.6312999725341797,0.19809040427207947,28519.466796875,86.66000366210938,1.0521553754806519,1.215376853942871,1921.0999755859375,0.006686011794954538,0.052709948271512985,7214.60009765625,116534.0,7630.60009765625,4373.6298828125,31659.029296875,4149.85986328125,17.209999084472656,4.71,2.6614285714,4.4199,0.765,4.211,12.0645
2023-10-17,0.6337798237800598,0.19850721955299377,28415.748046875,86.66000366210938,1.0554312467575073,1.2211503982543945,1922.699951171875,0.0066854748874902725,0.05326300114393234,7244.39990234375,115908.0,7675.2001953125,4373.2001953125,32040.2890625,4152.31982421875,17.8799991607666,4.83,2.6614285714,4.4199,0.765,4.211,12.0645
2023-10-18,0.6362699270248413,0.1985151171684265,28328.341796875,88.31999969482422,1.057305932044983,1.2178784608840942,1955.300048828125,0.006677394732832909,0.05320875346660614,7265.7001953125,114060.0,7588.0,4314.60009765625,32042.25,4105.85986328125,19.219999313354492,4.91,2.6614285714,4.4199,0.765,4.211,12.0645
2023-10-19,0.6332400441169739,0.19778090715408325,28719.806640625,89.37000274658203,1.053851842880249,1.214343786239624,1968.4000244140625,0.006678152829408646,0.052709948271512985,7172.7001953125,114004.0,7499.5,4278.0,31430.619140625,4090.330078125,21.399999618530273,4.98,2.6614285714,4.4199,0.765,4.211,12.0645
2023-10-20,0.6326999664306641,0.19751524925231934,29682.94921875,88.75,1.0586491823196411,1.2137248516082764,1982.5,0.00667547807097435,0.05262742564082146,7089.7001953125,113155.0,7402.10009765625,4224.16015625,31259.359375,4024.679931640625,21.709999084472656,4.93,2.6614285714,4.4199,0.765,4.211,12.0645
2023-10-23,0.6320393085479736,0.19875578582286835,33086.234375,85.48999786376953,1.0589966773986816,1.2163970470428467,1976.300048828125,0.006672004237771034,0.05271342024207115,7030.0,112785.0,7374.7998046875,4217.0400390625,30999.55078125,4041.75,20.3700008392334,4.86,2.6614285714,4.4199,0.765,4.211,12.0645
2023-10-24,0.6336702108383179,0.19950920343399048,33901.52734375,83.73999786376953,1.0669853687286377,1.2250248193740845,1975.0,0.006676949094980955,0.052767328917980194,7045.60009765625,113762.0,7389.7001953125,4247.68017578125,31062.349609375,4065.3701171875,18.969999313354492,4.83,2.6614285714,4.4199,0.765,4.211,12.0645
2023-10-25,0.6360999345779419,0.20036064088344574,34502.8203125,85.38999938964844,1.059535264968872,1.216189980506897,1984.0999755859375,0.006673161871731281,0.05260417237877846,7046.2998046875,112830.0,7414.2998046875,4186.77001953125,31269.919921875,4073.35009765625,20.190000534057617,4.95,2.6614285714,4.4199,0.765,4.211,12.0645
2023-10-26,0.6296999454498291,0.20021222531795502,34156.6484375,83.20999908447266,1.056725025177002,1.210345983505249,1987.199951171875,0.00666231382638216,0.05228211358189583,7001.10009765625,114777.0,7354.60009765625,4137.22998046875,30601.779296875,4049.39990234375,20.68000030517578,4.86,2.6614285714,4.4199,0.765,4.211,12.0645
2023-10-27,0.6335999369621277,0.20058973133563995,33909.80078125,85.54000091552734,1.0564459562301636,1.213710069656372,1988.5999755859375,0.0066504399292171,0.052818670868873596,7014.2001953125,113301.0,7291.2998046875,4117.3701171875,30991.689453125,4014.360107421875,21.270000457763672,4.84,2.6614285714,4.4199,0.765,4.211,12.0645
2023-10-30,0.6338903307914734,0.20193737745285034,34502.36328125,82.30999755859375,1.0562450885772705,1.2113723754882812,1996.199951171875,0.006678554229438305,0.05328967794775963,6960.2001953125,112532.0,7327.39990234375,4166.81982421875,30696.9609375,4028.320068359375,19.75,4.88,2.6614285714,4.4199,0.765,4.211,12.0645
2023-10-31,0.637100100517273,0.19817283749580383,34667.78125,81.0199966430664,1.061503529548645,1.2165746688842773,1985.199951171875,0.006706413812935352,0.05309349298477173,6967.5,113144.0,7321.7001953125,4193.7998046875,30858.849609375,4061.1201171875,18.139999389648438,4.88,2.6614285714,4.4199,0.765,4.211,12.0645
2023-11-01,0.6339948177337646,0.1986452341079712,35437.25390625,80.44000244140625,1.0579099655151367,1.215214490890503,1978.800048828125,0.006609647069126368,0.053712040185928345,7024.60009765625,115053.0,7342.39990234375,4237.85986328125,31601.650390625,4091.7099609375,16.8700008392334,4.77,2.6013636364,4.2721,0.66,4.578,11.7854545455
2023-11-06,0.6516865491867065,0.20411495864391327,35037.37109375,80.81999969482422,1.0732147693634033,1.237378716468811,1981.5999755859375,0.006691245827823877,0.05475581809878349,7192.2998046875,118487.0,7417.7998046875,4365.97998046875,32708.48046875,4158.64013671875,14.890000343322754,4.67,2.6013636364,4.2721,0.66,4.578,11.7854545455
2023-11-07,0.6489419341087341,0.20474600791931152,35443.5625,77.37000274658203,1.0721560716629028,1.2345526218414307,1966.800048828125,0.006667155772447586,0.054674386978149414,7176.60009765625,119268.0,7410.0,4378.3798828125,32271.8203125,4153.3701171875,14.8100004196167,4.58,2.6013636364,4.2721,0.66,4.578,11.7854545455
2023-11-08,0.6430099010467529,0.20527558028697968,35655.27734375,75.33000183105469,1.0696102380752563,1.2291808128356934,1951.5,0.00664911326020956,0.05454495921730995,7198.39990234375,119099.0,7401.7001953125,4382.77978515625,32166.48046875,4178.490234375,14.449999809265137,4.49,2.6013636364,4.2721,0.66,4.578,11.7854545455
2023-11-09,0.6405698657035828,0.20369502902030945,36693.125,75.73999786376953,1.0710422992706299,1.2285012006759644,1964.199951171875,0.006628486793488264,0.05410699173808098,7215.10009765625,119012.0,7455.7001953125,4347.35009765625,32646.4609375,4229.2001953125,15.289999961853027,4.62,2.6013636364,4.2721,0.66,4.578,11.7854545455
2023-11-10,0.6361699104309082,0.20267942547798157,37313.96875,77.16999816894531,1.0667576789855957,1.2217023372650146,1932.5999755859375,0.0066072456538677216,0.053608667105436325,7176.60009765625,120636.0,7360.60009765625,4415.240234375,32568.109375,4197.35986328125,14.170000076293945,4.61,2.6013636364,4.2721,0.66,4.578,11.7854545455
2023-11-13,0.6364598870277405,0.20435775816440582,36502.35546875,78.26000213623047,1.069015622138977,1.2228227853775024,1945.5,0.006602011155337095,0.05340045690536499,7145.0,120376.0,7425.7998046875,4411.5498046875,32585.109375,4232.18994140625,14.760000228881836,4.63,2.6013636364,4.2721,0.66,4.578,11.7854545455
2023-11-14,0.6381002068519592,0.2038237303495407,35537.640625,78.26000213623047,1.0701825618743896,1.228063702583313,1961.800048828125,0.006594305392354727,0.05354924127459526,7207.10009765625,123328.0,7440.5,4495.7001953125,32695.9296875,4291.72021484375,14.15999984741211,4.44,2.6013636364,4.2721,0.66,4.578,11.7854545455
2023-11-16,0.6511502265930176,0.20572322607040405,36154.76953125,72.9000015258789,1.0854581594467163,1.2422360181808472,1983.9000244140625,0.006613100878894329,0.05500822514295578,7269.5,124576.0,7411.0,4508.240234375,33424.41015625,4302.4501953125,14.319999694824219,4.45,2.6013636364,4.2721,0.66,4.578,11.7854545455
2023-11-17,0.6470816731452942,0.20566822588443756,36596.68359375,75.88999938964844,1.0853756666183472,1.2414957284927368,1981.5999755859375,0.006635479629039764,0.05445199832320213,7261.0,125062.0,7504.2998046875,4514.02001953125,33585.19921875,4340.77001953125,13.800000190734863,4.44,2.6013636364,4.2721,0.66,4.578,11.7854545455
2023-11-20,0.6513597369194031,0.2075043022632599,37476.95703125,77.5999984741211,1.090702772140503,1.2454540729522705,1977.699951171875,0.006669245194643736,0.05454466491937637,7268.7001953125,126095.0,7496.39990234375,4547.3798828125,33388.03125,4342.41015625,13.40999984741211,4.42,2.6013636364,4.2721,0.66,4.578,11.7854545455
2023-11-21,0.6564001441001892,0.20610907673835754,35813.8125,77.7699966430664,1.0945948362350464,1.2509069442749023,1999.300048828125,0.006740270648151636,0.05457386374473572,7289.2998046875,125607.0,7482.0,4538.18994140625,33354.140625,4331.89990234375,13.350000381469727,4.41,2.6013636364,4.2721,0.66,4.578,11.7854545455
2023-11-22,0.6559097170829773,0.204110786318779,37432.33984375,77.0999984741211,1.0918222665786743,1.2544218301773071,1991.4000244140625,0.006749824620783329,0.05374223366379738,7277.7998046875,126035.0,7469.5,4556.6201171875,33451.828125,4352.02001953125,12.850000381469727,4.42,2.6013636364,4.2721,0.66,4.578,11.7854545455
2023-11-24,0.6560100317001343,0.2039775550365448,37720.28125,75.54000091552734,1.0906314849853516,1.2533526420593262,2002.199951171875,0.006682928651571274,0.05317329987883568,7244.10009765625,125542.0,7488.2001953125,4559.33984375,33625.53125,4372.10009765625,12.460000038146973,4.47,2.6013636364,4.2721,0.66,4.578,11.7854545455
2023-11-27,0.658129870891571,0.2040441632270813,37254.16796875,74.86000061035156,1.0940439701080322,1.2600330114364624,2011.800048828125,0.006685788277536631,0.05323994159698486,7192.7998046875,125683.0,7460.7001953125,4550.43017578125,33447.671875,4354.41015625,12.6899995803833,4.39,2.6013636364,4.2721,0.66,4.578,11.7854545455
2023-11-28,0.661250114440918,0.20426921546459198,37831.0859375,76.41000366210938,1.0958423614501953,1.2634397745132446,2039.699951171875,0.006736184470355511,0.053639721125364304,7223.10009765625,126538.0,7455.2001953125,4554.89013671875,33408.390625,4348.02001953125,12.6899995803833,4.34,2.6013636364,4.2721,0.66,4.578,11.7854545455
2023-11-29,0.6658999919891357,0.2053472399711609,37858.4921875,77.86000061035156,1.100594401359558,1.2712295055389404,2047.0999755859375,0.0067998068407177925,0.05384217947721481,7245.7998046875,126101.0,7423.5,4550.580078125,33321.21875,4370.52978515625,12.979999542236328,4.27,2.6013636364,4.2721,0.66,4.578,11.7854545455
2023-11-30,0.6619009971618652,0.20391102135181427,37712.74609375,75.95999908447266,1.0973695516586304,1.2696397304534912,2038.0999755859375,0.006800916511565447,0.053392279893159866,7297.7001953125,127331.0,7453.7998046875,4567.7998046875,33486.890625,4382.47021484375,12.920000076293945,4.37,2.6013636364,4.2721,0.66,4.578,11.7854545455
2023-12-01,0.6606799960136414,0.2031240463256836,38688.75,74.06999969482422,1.0892059803009033,1.2631685733795166,2071.0,0.0067568025551736355,0.05308258533477783,7285.10009765625,128103.0,7529.39990234375,4594.6298828125,33431.51171875,4418.509765625,12.630000114440918,4.22,2.1021052632,3.8622,0.62,4.187,11.4855555556
2023-12-04,0.6682884097099304,0.20399174094200134,41980.09765625,73.04000091552734,1.088814616203308,1.2713103294372559,2024.0999755859375,0.006830927450209856,0.05379699170589447,7336.10009765625,126803.0,7513.0,4569.77978515625,33231.26953125,4414.9501953125,13.079999923706055,4.28,2.1021052632,3.8622,0.62,4.187,11.4855555556
2023-12-05,0.6617100238800049,0.20230220258235931,44080.6484375,72.31999969482422,1.0837758779525757,1.2634079456329346,2018.5,0.006787622347474098,0.05319949612021446,7269.7998046875,126903.0,7489.7998046875,4567.18017578125,32775.8203125,4452.77001953125,12.850000381469727,4.18,2.1021052632,3.8622,0.62,4.187,11.4855555556
2023-12-06,0.6554699540138245,0.20293442904949188,43746.4453125,69.37999725341797,1.0793657302856445,1.2594457864761353,2030.5,0.006794170942157507,0.052773233503103256,7386.7001953125,125623.0,7515.39990234375,4549.33984375,33445.8984375,4483.259765625,12.970000267028809,4.12,2.1021052632,3.8622,0.62,4.187,11.4855555556
2023-12-07,0.6551401019096375,0.20403167605400085,43292.6640625,69.33999633789062,1.076669692993164,1.2558711767196655,2029.9000244140625,0.006794216576963663,0.05274105817079544,7384.7001953125,126010.0,7513.7001953125,4585.58984375,32858.30859375,4473.77001953125,13.0600004196167,4.14,2.1021052632,3.8622,0.62,4.187,11.4855555556
2023-12-08,0.6594479084014893,0.20366184413433075,44166.6015625,71.2300033569336,1.079214334487915,1.258954405784607,1998.300048828125,0.0069310637190938,0.05317480117082596,7405.60009765625,127094.0,7554.5,4604.3701171875,32307.859375,4523.31005859375,12.350000381469727,4.23,2.1021052632,3.8622,0.62,4.187,11.4855555556
2023-12-11,0.6579799652099609,0.20436164736747742,41243.83203125,71.31999969482422,1.0765769481658936,1.2554770708084106,1978.0,0.00689736008644104,0.05289888754487038,7410.2001953125,126916.0,7544.89990234375,4622.43994140625,32791.80078125,4540.18994140625,12.630000114440918,4.23,2.1021052632,3.8622,0.62,4.187,11.4855555556
2023-12-12,0.6565001010894775,0.20256447792053223,41450.22265625,68.61000061035156,1.076658010482788,1.2554612159729004,1977.800048828125,0.00684532942250371,0.052431508898735046,7446.39990234375,126403.0,7542.7998046875,4643.7001953125,32843.69921875,4536.60986328125,12.069999694824219,4.2,2.1021052632,3.8622,0.62,4.187,11.4855555556
2023-12-13,0.6564600467681885,0.20143015682697296,42890.7421875,69.47000122070312,1.0798670053482056,1.2570710182189941,1982.300048828125,0.006883259862661362,0.05284211412072182,7469.10009765625,129465.0,7548.39990234375,4707.08984375,32926.3515625,4530.18994140625,12.1899995803833,4.04,2.1021052632,3.8622,0.62,4.187,11.4855555556
2023-12-14,0.6665000319480896,0.20331816375255585,43023.97265625,71.58000183105469,1.0886130332946777,1.2622915506362915,2030.199951171875,0.007004125509411097,0.05361231788992882,7599.39990234375,130842.0,7649.0,4719.5498046875,32686.25,4539.16015625,12.479999542236328,3.92,2.1021052632,3.8622,0.62,4.187,11.4855555556
2023-12-18,0.6698910593986511,0.2032661885023117,42623.5390625,72.47000122070312,1.0895264148712158,1.2672343254089355,2026.300048828125,0.007026764564216137,0.05468428134918213,7649.60009765625,131084.0,7614.5,4740.56005859375,32758.98046875,4521.1298828125,12.5600004196167,3.95,2.1021052632,3.8622,0.62,4.187,11.4855555556
2023-12-19,0.6703715920448303,0.20425254106521606,42270.52734375,73.44000244140625,1.092382788658142,1.2651821374893188,2038.4000244140625,0.007006628438830376,0.05383000522851944,7715.89990234375,131851.0,7638.0,4768.3701171875,33219.390625,4535.39990234375,12.529999732971191,3.93,2.1021052632,3.8622,0.62,4.187,11.4855555556
2023-12-20,0.6762998700141907,0.2054864913225174,43652.25,74.22000122070312,1.0981045961380005,1.2732689380645752,2034.5,0.006949800997972488,0.05456996336579323,7764.0,130804.0,7715.7001953125,4698.35009765625,33675.94140625,4533.81982421875,13.670000076293945,3.86,2.1021052632,3.8622,0.62,4.187,11.4855555556
2023-12-21,0.6739816665649414,0.20347535610198975,43869.15234375,73.88999938964844,1.0945708751678467,1.2641266584396362,2039.0999755859375,0.006967524532228708,0.05478746443986893,7727.7998046875,132182.0,7694.7001953125,4746.75,33140.46875,4524.85986328125,13.649999618530273,3.89,2.1021052632,3.8622,0.62,4.187,11.4855555556
2023-12-22,0.6796802878379822,0.2048424631357193,43997.90234375,73.55999755859375,1.100618600845337,1.268499493598938,2057.10009765625,0.00703878328204155,0.0550563782453537,7730.2001953125,132753.0,7697.5,4754.6298828125,33169.05078125,4521.47021484375,13.029999732971191,3.9,2.1021052632,3.8622,0.62,4.187,11.4855555556
2023-12-27,0.6823800802230835,0.20774903893470764,43442.85546875,74.11000061035156,1.1043012142181396,1.272718071937561,2081.89990234375,0.007019464857876301,0.053622178733348846,7796.7001953125,134194.0,7725.0,4781.580078125,33681.23828125,4528.3798828125,12.430000305175781,3.79,2.1021052632,3.8622,0.62,4.187,11.4855555556
2023-12-28,0.6854700446128845,0.20720665156841278,42627.85546875,71.7699966430664,1.110864281654358,1.2800819873809814,2073.89990234375,0.007072185631841421,0.05450161546468735,7852.10009765625,134185.0,7722.7001953125,4783.35009765625,33539.62109375,4514.3798828125,12.470000267028809,3.84,2.1021052632,3.8622,0.62,4.187,11.4855555556
2024-01-04,0.6736002564430237,0.2032850831747055,44179.921875,72.19000244140625,1.0927767753601074,1.2674272060394287,2042.300048828125,0.006993056274950504,0.05354953184723854,7730.60009765625,131226.0,7723.10009765625,4688.68017578125,33288.2890625,4474.009765625,14.130000114440918,3.99,2.1745454545,3.9319,0.73,4.148,11.4204545455
2024-01-05,0.6706593036651611,0.2042650580406189,44162.69140625,73.80999755859375,1.0947387218475342,1.2684078216552734,2042.4000244140625,0.0069077471271157265,0.05351342633366585,7718.39990234375,132023.0,7689.60009765625,4697.240234375,33377.421875,4463.509765625,13.350000381469727,4.05,2.1745454545,3.9319,0.73,4.148,11.4204545455
2024-01-09,0.6720001101493835,0.20538097620010376,46139.73046875,72.23999786376953,1.095170259475708,1.274518609046936,2026.4000244140625,0.006933370605111122,0.053867124021053314,7749.5,131447.0,7684.0,4756.5,33763.1796875,4467.169921875,12.760000228881836,4.02,2.1745454545,3.9319,0.73,4.148,11.4204545455
2024-01-10,0.6684702038764954,0.20386944711208344,46627.77734375,71.37000274658203,1.0932426452636719,1.2712942361831665,2021.699951171875,0.0069238655269145966,0.05365157872438431,7702.7001953125,130841.0,7651.7998046875,4783.4501953125,34441.71875,4468.97998046875,12.6899995803833,4.04,2.1745454545,3.9319,0.73,4.148,11.4204545455
2024-01-11,0.6703999042510986,0.20444045960903168,46368.5859375,72.0199966430664,1.0975141525268555,1.274518609046936,2014.300048828125,0.006861817091703415,0.05367179587483406,7736.7998046875,130649.0,7576.60009765625,4780.240234375,35049.859375,4442.27978515625,12.4399995803833,3.98,2.1745454545,3.9319,0.73,4.148,11.4204545455
2024-01-12,0.6698498129844666,0.20535145699977875,42853.16796875,72.68000030517578,1.0981649160385132,1.2777756452560425,2046.699951171875,0.006894364487379789,0.053633395582437515,7730.5,130988.0,7624.89990234375,4783.830078125,35577.109375,4480.02001953125,12.699999809265137,3.96,2.1745454545,3.9319,0.73,4.148,11.4204545455
2024-01-16,0.6650399565696716,0.20566822588443756,43154.9453125,72.4000015258789,1.0945708751678467,1.2716174125671387,2026.0,0.006858992390334606,0.053621891885995865,7647.10009765625,129294.0,7558.2998046875,4765.97998046875,35619.1796875,4446.509765625,13.84000015258789,4.07,2.1745454545,3.9319,0.73,4.148,11.4204545455
2024-01-17,0.6588900089263916,0.20304980874061584,42742.65234375,72.55999755859375,1.087878942489624,1.26385498046875,2002.5999755859375,0.006791356019675732,0.05274514853954315,7622.5,128524.0,7446.2998046875,4739.2099609375,35477.75,4403.080078125,14.789999961853027,4.1,2.1745454545,3.9319,0.73,4.148,11.4204545455
2024-01-18,0.6551997661590576,0.20267531275749207,41262.05859375,74.08000183105469,1.0885775089263916,1.2676842212677002,2018.5999755859375,0.006751373875886202,0.05241309851408005,7674.2998046875,127316.0,7459.10009765625,4780.93994140625,35466.171875,4453.0498046875,14.130000114440918,4.14,2.1745454545,3.9319,0.73,4.148,11.4204545455
2024-01-19,0.6582845449447632,0.20300035178661346,41618.40625,73.41000366210938,1.0879143476486206,1.2709871530532837,2026.5,0.006750917993485928,0.05285104736685753,7652.2998046875,127636.0,7461.89990234375,4839.81005859375,35963.26953125,4448.830078125,13.300000190734863,4.15,2.1745454545,3.9319,0.73,4.148,11.4204545455
2024-01-22,0.6595479249954224,0.20388847589492798,39507.3671875,75.19000244140625,1.089229702949524,1.2699863910675049,2019.800048828125,0.006751236971467733,0.052606936544179916,7702.2998046875,126602.0,7487.7001953125,4850.43017578125,36546.94921875,4480.31982421875,13.1899995803833,4.11,2.1745454545,3.9319,0.73,4.148,11.4204545455
2024-01-23,0.6570599675178528,0.20046910643577576,39845.55078125,74.37000274658203,1.088020920753479,1.2706964015960693,2023.699951171875,0.006750280037522316,0.05210151523351669,7742.10009765625,128263.0,7485.7001953125,4864.60009765625,36517.5703125,4465.91015625,12.550000190734863,4.14,2.1745454545,3.9319,0.73,4.148,11.4204545455
2024-01-24,0.6586300730705261,0.2019304633140564,40077.07421875,75.08999633789062,1.0857881307601929,1.269196629524231,2013.9000244140625,0.006745316553860903,0.052873123437166214,7748.10009765625,127816.0,7527.7001953125,4868.5498046875,36226.48046875,4564.10986328125,13.140000343322754,4.18,2.1745454545,3.9319,0.73,4.148,11.4204545455
2024-01-25,0.6576697826385498,0.202736958861351,39933.80859375,77.36000061035156,1.088174819946289,1.271876335144043,2016.9000244140625,0.006775480695068836,0.052971772849559784,7785.2001953125,128169.0,7529.7001953125,4894.16015625,36236.46875,4582.259765625,13.449999809265137,4.14,2.1745454545,3.9319,0.73,4.148,11.4204545455
2024-01-29,0.6578601002693176,0.20351676642894745,43288.24609375,76.77999877929688,1.0843517780303955,1.2697607278823853,2025.199951171875,0.006750371307134628,0.05331334471702576,7808.2998046875,128503.0,7632.7001953125,4927.93017578125,36026.94140625,4639.35986328125,13.600000381469727,4.08,2.1745454545,3.9319,0.73,4.148,11.4204545455
2024-01-30,0.6614194512367249,0.20201203227043152,42952.609375,77.81999969482422,1.0834470987319946,1.2713264226913452,2031.5,0.006781131960451603,0.05325239151716232,7835.0,127402.0,7666.2998046875,4924.97021484375,36065.859375,4662.7001953125,13.3100004196167,4.06,2.1745454545,3.9319,0.73,4.148,11.4204545455
2024-01-31,0.659480094909668,0.2020079493522644,42582.60546875,75.8499984741211,1.08433997631073,1.269551157951355,2048.39990234375,0.0067856875248253345,0.05325011909008026,7912.7998046875,127752.0,7630.60009765625,4845.64990234375,36286.7109375,4648.39990234375,14.350000381469727,3.99,2.1745454545,3.9319,0.73,4.148,11.4204545455
2024-02-01,0.656150758266449,0.20194268226623535,43075.7734375,73.81999969482422,1.0803920030593872,1.2678449153900146,2053.0,0.006802906282246113,0.053724389523267746,7818.7998046875,128481.0,7622.2001953125,4906.18994140625,36011.4609375,4638.60009765625,13.880000114440918,3.87,2.3319047619,4.123,0.71,4.141,11.6095238095
2024-02-02,0.6574898362159729,0.20345880091190338,43185.859375,72.27999877929688,1.0874648094177246,1.27472984790802,2036.0999755859375,0.006828222423791885,0.053863927721977234,7931.60009765625,127182.0,7615.5,4958.60986328125,36158.01953125,4654.5498046875,13.850000381469727,4.03,2.3319047619,4.123,0.71,4.141,11.6095238095
2024-02-05,0.6505080461502075,0.20271894335746765,42658.66796875,72.77999877929688,1.0780043601989746,1.2621959447860718,2025.699951171875,0.006733960937708616,0.052959591150283813,7855.39990234375,127593.0,7612.89990234375,4942.81005859375,36354.16015625,4655.27001953125,13.670000076293945,4.17,2.3319047619,4.123,0.71,4.141,11.6095238095
2024-02-06,0.6480293273925781,0.202022522687912,43084.671875,73.30999755859375,1.0741831064224243,1.2534469366073608,2034.5,0.006727664265781641,0.05249646678566933,7808.89990234375,130416.0,7681.0,4954.22998046875,36160.66015625,4690.8701171875,13.0600004196167,4.09,2.3319047619,4.123,0.71,4.141,11.6095238095
2024-02-07,0.6529674530029297,0.2015194594860077,44318.22265625,73.86000061035156,1.075719952583313,1.2606525421142578,2035.199951171875,0.006765076424926519,0.05314173921942711,7860.89990234375,129608.0,7628.7998046875,4995.06005859375,36119.921875,4678.85009765625,12.829999923706055,4.09,2.3319047619,4.123,0.71,4.141,11.6095238095
2024-02-08,0.6521880626678467,0.2012355923652649,45301.56640625,76.22000122070312,1.077574610710144,1.2627378702163696,2032.199951171875,0.006752832792699337,0.052913691848516464,7875.2001953125,128217.0,7595.5,4997.91015625,36863.28125,4710.77978515625,12.789999961853027,4.15,2.3319047619,4.123,0.71,4.141,11.6095238095
2024-02-09,0.6497599482536316,0.20032452046871185,47147.19921875,76.83999633789062,1.0777255296707153,1.2620525360107422,2023.300048828125,0.006699763238430023,0.052724819630384445,7884.7001953125,128026.0,7572.60009765625,5026.60986328125,36897.421875,4715.8701171875,12.930000305175781,4.17,2.3319047619,4.123,0.71,4.141,11.6095238095
2024-02-14,0.6453399062156677,0.20193859934806824,51826.6953125,76.63999938964844,1.0708931684494019,1.2590652704238892,1990.300048828125,0.00663464330136776,0.0524202436208725,7790.5,127018.0,7568.39990234375,5000.6201171875,37703.3203125,4709.22021484375,14.380000114440918,4.27,2.3319047619,4.123,0.71,4.141,11.6095238095
2024-02-15,0.6498798131942749,0.20127609372138977,51938.5546875,78.02999877929688,1.0732147693634033,1.2568340301513672,2002.0999755859375,0.006642575841397047,0.05255258083343506,7851.7001953125,127804.0,7597.5,5029.72998046875,38157.94140625,4743.169921875,14.010000228881836,4.24,2.3319047619,4.123,0.71,4.141,11.6095238095
2024-02-16,0.6525498628616333,0.2011101245880127,52160.203125,79.19000244140625,1.0773887634277344,1.259921908378601,2011.5,0.006669067777693272,0.05279962345957756,7905.60009765625,128726.0,7711.7001953125,5005.56982421875,38487.23828125,4765.64990234375,14.239999771118164,4.3,2.3319047619,4.123,0.71,4.141,11.6095238095
2024-02-20,0.6530783176422119,0.20175933837890625,52284.875,78.18000030517578,1.0775396823883057,1.2587641477584839,2027.5,0.006654688157141209,0.05280023440718651,7911.5,129916.0,7719.2001953125,4975.509765625,38363.609375,4760.27978515625,15.420000076293945,4.27,2.3319047619,4.123,0.71,4.141,11.6095238095
2024-02-21,0.6553500890731812,0.20298796892166138,51839.1796875,77.91000366210938,1.0813149213790894,1.2627378702163696,2022.300048828125,0.0066693793050944805,0.05289186164736748,7851.7998046875,130032.0,7662.5,4981.7998046875,38262.16015625,4775.31005859375,15.34000015258789,4.32,2.3319047619,4.123,0.71,4.141,11.6095238095
2024-02-22,0.6553199887275696,0.20263835787773132,51304.97265625,78.61000061035156,1.0820403099060059,1.2638070583343506,2019.699951171875,0.006650926545262337,0.05292088910937309,7865.2998046875,130241.0,7684.5,5087.02978515625,39098.6796875,4855.35986328125,14.539999961853027,4.33,2.3319047619,4.123,0.71,4.141,11.6095238095
2024-02-26,0.6565384864807129,0.20026032626628876,54522.40234375,77.58000183105469,1.0820051431655884,1.2672665119171143,2028.5,0.006644606590270996,0.051797907799482346,7908.10009765625,129609.0,7684.2998046875,5069.52978515625,39233.7109375,4864.2900390625,13.739999771118164,4.28,2.3319047619,4.123,0.71,4.141,11.6095238095
2024-02-27,0.6539598107337952,0.2008475810289383,57085.37109375,78.87000274658203,1.0850930213928223,1.268455982208252,2034.0,0.006641605868935585,0.0520491749048233,7922.2001953125,131689.0,7683.0,5078.18017578125,39239.51953125,4885.740234375,13.430000305175781,4.31,2.3319047619,4.123,0.71,4.141,11.6095238095
2024-02-28,0.6543898582458496,0.20274105668067932,62504.7890625,78.54000091552734,1.084481120109558,1.268166422843933,2033.0,0.006644739303737879,0.05244003236293793,7917.10009765625,130155.0,7625.0,5069.759765625,39208.03125,4883.77001953125,13.84000015258789,4.27,2.3319047619,4.123,0.71,4.141,11.6095238095
2024-02-29,0.6494700312614441,0.20131660997867584,61198.3828125,78.26000213623047,1.0838816165924072,1.2663036584854126,2045.699951171875,0.006637637969106436,0.05193968862295151,7959.5,129020.0,7630.0,5096.27001953125,39166.19140625,4877.77001953125,13.399999618530273,4.25,2.3319047619,4.123,0.71,4.141,11.6095238095
2024-03-01,0.6498401165008545,0.20121534168720245,62440.6328125,79.97000122070312,1.0804970264434814,1.2625465393066406,2086.89990234375,0.00666244700551033,0.05213650315999985,8007.10009765625,129180.0,7682.5,5137.080078125,39910.8203125,4894.85986328125,13.109999656677246,4.19,2.3495,4.033,0.725,4.045,11.9026315789
2024-03-04,0.6527883410453796,0.20191006362438202,68330.4140625,78.73999786376953,1.084269404411316,1.26603102684021,2117.699951171875,0.006662003230303526,0.05241914466023445,7996.5,128341.0,7640.2998046875,5130.9501953125,40109.23046875,4912.919921875,13.489999771118164,4.22,2.3495,4.033,0.725,4.045,11.9026315789
2024-03-05,0.6507620811462402,0.20222856104373932,63801.19921875,78.1500015258789,1.0855170488357544,1.269196629524231,2133.5,0.006646019406616688,0.05254777893424034,7988.2998046875,128098.0,7646.2001953125,5078.64990234375,40097.62890625,4893.06982421875,14.460000038146973,4.13,2.3495,4.033,0.725,4.045,11.9026315789
2024-03-06,0.6503900289535522,0.2017308473587036,66106.8046875,79.12999725341797,1.0855995416641235,1.27048659324646,2150.300048828125,0.006664489861577749,0.05279635637998581,7990.2998046875,128890.0,7679.2998046875,5104.759765625,40090.78125,4915.490234375,14.5,4.11,2.3495,4.033,0.725,4.045,11.9026315789
2024-03-07,0.6566298604011536,0.20228172838687897,66925.484375,78.93000030517578,1.089953899383545,1.2735446691513062,2158.0,0.006699314806610346,0.05326118320226669,8026.7001953125,128340.0,7692.5,5157.35986328125,39598.7109375,4974.22021484375,14.4399995803833,4.09,2.3495,4.033,0.725,4.045,11.9026315789
2024-03-08,0.6621301770210266,0.20268352329730988,68300.09375,78.01000213623047,1.0950144529342651,1.2815583944320679,2178.60009765625,0.0067627886310219765,0.05357936769723892,8107.5,127071.0,7659.7001953125,5123.68994140625,39688.94140625,4961.10986328125,14.739999771118164,4.09,2.3495,4.033,0.725,4.045,11.9026315789
2024-03-11,0.6624314785003662,0.20090244710445404,72123.90625,77.93000030517578,1.0942955017089844,1.2855123281478882,2182.5,0.006813195534050465,0.05319754779338837,7963.60009765625,126124.0,7669.2001953125,5117.93994140625,38820.48828125,4930.419921875,15.220000267028809,4.1,2.3495,4.033,0.725,4.045,11.9026315789
2024-03-12,0.6615506410598755,0.2009081095457077,71481.2890625,77.55999755859375,1.093135118484497,1.2819806337356567,2160.39990234375,0.006815146189182997,0.05361153930425644,7973.0,127668.0,7747.7998046875,5175.27001953125,38797.51171875,4983.2001953125,13.84000015258789,4.16,2.3495,4.033,0.725,4.045,11.9026315789
2024-03-13,0.6607297658920288,0.20125989615917206,73083.5,79.72000122070312,1.0927767753601074,1.2795906066894531,2175.39990234375,0.006774195469915867,0.053617868572473526,7989.5,128006.0,7772.2001953125,5165.31005859375,38695.96875,5000.5498046875,13.75,4.19,2.3495,4.033,0.725,4.045,11.9026315789
2024-03-14,0.6627599000930786,0.20123963057994843,71396.59375,81.26000213623047,1.0955302715301514,1.2802129983901978,2163.0,0.006774103734642267,0.05389760807156563,7974.0,127690.0,7743.2001953125,5150.47998046875,38807.37890625,4993.1201171875,14.399999618530273,4.29,2.3495,4.033,0.725,4.045,11.9026315789
2024-03-15,0.6579297780990601,0.2002924233675003,69403.7734375,81.04000091552734,1.0883406400680542,1.2745835781097412,2157.300048828125,0.006743269972503185,0.0533885732293129,7923.7998046875,126742.0,7727.39990234375,5117.08984375,38707.640625,4986.02001953125,14.40999984741211,4.31,2.3495,4.033,0.725,4.045,11.9026315789
2024-03-18,0.6557978987693787,0.20128633081912994,67548.59375,82.72000122070312,1.0882576704025269,1.2731393575668335,2160.699951171875,0.006713436916470528,0.05333395674824715,7925.2001953125,126954.0,7722.60009765625,5149.419921875,39740.44140625,4982.759765625,14.329999923706055,4.34,2.3495,4.033,0.725,4.045,11.9026315789
2024-03-19,0.655750572681427,0.19883087277412415,61912.7734375,83.47000122070312,1.087393879890442,1.272718071937561,2156.300048828125,0.0067049297504127026,0.0527891106903553,7957.7998046875,127529.0,7738.2998046875,5178.509765625,40003.6015625,5007.919921875,13.819999694824219,4.3,2.3495,4.033,0.725,4.045,11.9026315789
2024-03-22,0.657418966293335,0.20102521777153015,63778.76171875,80.62999725341797,1.0862362384796143,1.2661913633346558,2158.10009765625,0.006594870705157518,0.053137507289648056,8026.2998046875,127027.0,7930.89990234375,5234.18017578125,40888.4296875,5031.14990234375,13.0600004196167,4.22,2.3495,4.033,0.725,4.045,11.9026315789
2024-03-25,0.6515804529190063,0.1999640166759491,69958.8125,81.94999694824219,1.0807539224624634,1.25979483127594,2174.800048828125,0.006609167438000441,0.0526726059615612,8071.5,126931.0,7917.60009765625,5218.18994140625,40414.12109375,5044.18994140625,13.1899995803833,4.25,2.3495,4.033,0.725,4.045,11.9026315789
2024-03-26,0.6538896560668945,0.20111821591854095,69987.8359375,81.62000274658203,1.0838228464126587,1.2637910842895508,2175.60009765625,0.006606197915971279,0.052950114011764526,8036.7001953125,126863.0,7931.0,5203.580078125,40398.03125,5064.18017578125,13.239999771118164,4.24,2.3495,4.033,0.725,4.045,11.9026315789
2024-03-27,0.6538982391357422,0.20097674429416656,69455.34375,81.3499984741211,1.0832358598709106,1.2628495693206787,2190.60009765625,0.006599353160709143,0.052741505205631256,8073.60009765625,127691.0,7932.0,5248.490234375,40762.73046875,5081.740234375,12.779999732971191,4.2,2.3495,4.033,0.725,4.045,11.9026315789
2024-03-28,0.6521999835968018,0.20038874447345734,70744.953125,83.16999816894531,1.0813382863998413,1.261670470237732,2217.39990234375,0.006609953008592129,0.05284158140420914,8153.7001953125,128106.0,7952.60009765625,5254.35009765625,40168.0703125,5083.419921875,13.010000228881836,4.2,2.3495,4.033,0.725,4.045,11.9026315789
2024-04-02,0.6487903594970703,0.19787874817848206,65446.97265625,85.1500015258789,1.0737217664718628,1.2545477151870728,2261.0,0.006597133353352547,0.052785348147153854,8145.7998046875,127549.0,7935.10009765625,5205.81005859375,39838.91015625,5042.0,14.609999656677246,4.36,2.4457142857,4.2172,0.87,4.268,12.2747619048
2024-04-03,0.651439905166626,0.1974567472934723,65980.8125,85.43000030517578,1.076855182647705,1.2576876878738403,2294.39990234375,0.006598918233066797,0.05331087112426758,8033.60009765625,127318.0,7937.39990234375,5211.490234375,39451.8515625,5069.25,14.329999923706055,4.36,2.4457142857,4.2172,0.87,4.268,12.2747619048
2024-04-04,0.6568998694419861,0.19846783578395844,68508.84375,86.58999633789062,1.0838346481323242,1.2651821374893188,2288.800048828125,0.006597133353352547,0.0536121167242527,8072.5,127428.0,7975.89990234375,5147.2099609375,39773.140625,5070.759765625,16.350000381469727,4.31,2.4457142857,4.2172,0.87,4.268,12.2747619048
2024-04-05,0.6587702035903931,0.19773004949092865,67837.640625,86.91000366210938,1.0837054252624512,1.26401948928833,2325.699951171875,0.006609734613448381,0.05354233458638191,8026.0,126795.0,7911.2001953125,5204.33984375,38992.078125,5014.75,16.030000686645508,4.39,2.4457142857,4.2172,0.87,4.268,12.2747619048
2024-04-08,0.6570215821266174,0.19782784581184387,71631.359375,86.43000030517578,1.0830481052398682,1.2625305652618408,2331.699951171875,0.006592392455786467,0.053441185504198074,8044.89990234375,128857.0,7943.5,5202.39013671875,39347.0390625,5046.0498046875,15.1899995803833,4.42,2.4457142857,4.2172,0.87,4.268,12.2747619048
2024-04-09,0.6604998111724854,0.19904854893684387,69139.015625,85.2300033569336,1.0863661766052246,1.2658709287643433,2343.5,0.006585749797523022,0.05367427319288254,8081.2001953125,129890.0,7934.7998046875,5209.91015625,39773.12890625,4990.89990234375,14.979999542236328,4.36,2.4457142857,4.2172,0.87,4.268,12.2747619048
2024-04-10,0.662850022315979,0.19969646632671356,70587.8828125,86.20999908447266,1.0859296321868896,1.2677645683288574,2329.60009765625,0.006588614080101252,0.05426407232880592,8109.7001953125,128054.0,7961.2001953125,5160.64013671875,39581.80859375,5000.830078125,15.800000190734863,4.55,2.4457142857,4.2172,0.87,4.268,12.2747619048
2024-04-11,0.6507201194763184,0.19738660752773285,70060.609375,85.0199966430664,1.074171543121338,1.2537612915039062,2354.800048828125,0.006537485867738724,0.053255513310432434,8074.10009765625,127396.0,7923.7998046875,5199.06005859375,39442.62890625,4966.68017578125,14.90999984741211,4.56,2.4457142857,4.2172,0.87,4.268,12.2747619048
2024-04-12,0.6540607213973999,0.1964482069015503,67195.8671875,85.66000366210938,1.0726851224899292,1.2554770708084106,2356.199951171875,0.0065277558751404285,0.05344792455434799,8050.2001953125,125946.0,7995.60009765625,5123.41015625,39523.55078125,4955.009765625,17.309999465942383,4.5,2.4457142857,4.2172,0.87,4.268,12.2747619048
2024-04-15,0.6475803256034851,0.1954232007265091,63426.2109375,85.41000366210938,1.0649627447128296,1.2461835145950317,2365.800048828125,0.0065238806419074535,0.05302845686674118,8009.39990234375,125334.0,7965.5,5061.81982421875,39232.80078125,4984.47998046875,19.229999542236328,4.63,2.4457142857,4.2172,0.87,4.268,12.2747619048
2024-04-16,0.644250214099884,0.19291239976882935,63811.86328125,85.36000061035156,1.0625749826431274,1.2447409629821777,2390.800048828125,0.006484832148998976,0.05271336808800697,7862.2998046875,124389.0,7820.39990234375,5051.41015625,38471.19921875,4916.990234375,18.399999618530273,4.67,2.4457142857,4.2172,0.87,4.268,12.2747619048
2024-04-17,0.6412801146507263,0.1891968548297882,61276.69140625,82.69000244140625,1.0621461868286133,1.2431007623672485,2371.699951171875,0.006464207544922829,0.052615515887737274,7861.0,124171.0,7848.0,5022.2099609375,37961.80078125,4914.1298828125,18.209999084472656,4.59,2.4457142857,4.2172,0.87,4.268,12.2747619048
2024-04-18,0.6439813375473022,0.1911095678806305,63512.75390625,82.7300033569336,1.0669398307800293,1.2453765869140625,2382.300048828125,0.0064791180193424225,0.052684541791677475,7898.89990234375,124196.0,7877.10009765625,5011.1201171875,38079.69921875,4936.56982421875,18.0,4.64,2.4457142857,4.2172,0.87,4.268,12.2747619048
2024-04-19,0.6424699425697327,0.19077779352664948,63843.5703125,83.13999938964844,1.0644185543060303,1.2437657117843628,2398.39990234375,0.006467886734753847,0.052253566682338715,7817.39990234375,125124.0,7895.89990234375,4967.22998046875,37068.3515625,4918.08984375,18.709999084472656,4.62,2.4457142857,4.2172,0.87,4.268,12.2747619048
2024-04-22,0.6425991654396057,0.19207866489887238,66837.6796875,82.8499984741211,1.065825343132019,1.2375777959823608,2332.199951171875,0.00646663224324584,0.05229688063263893,7902.0,125573.0,8023.89990234375,5010.60009765625,37438.609375,4936.85009765625,16.940000534057617,4.62,2.4457142857,4.2172,0.87,4.268,12.2747619048
2024-04-23,0.6452862024307251,0.193584606051445,66407.2734375,83.36000061035156,1.065405249595642,1.2350252866744995,2327.699951171875,0.006459405645728111,0.05213753506541252,7937.89990234375,125148.0,8044.7998046875,5070.5498046875,37552.16015625,5008.169921875,15.6899995803833,4.61,2.4457142857,4.2172,0.87,4.268,12.2747619048
2024-04-24,0.6488901376724243,0.19491277635097504,64276.8984375,82.80999755859375,1.0704345703125,1.2453300952911377,2324.5,0.00646228576079011,0.05237439274787903,7937.5,124741.0,8040.39990234375,5071.6298828125,38460.078125,4989.8798828125,15.970000267028809,4.65,2.4457142857,4.2172,0.87,4.268,12.2747619048
2024-04-26,0.6523199677467346,0.1938510537147522,63755.3203125,83.8499984741211,1.072961449623108,1.2509069442749023,2334.800048828125,0.0064268591813743114,0.052578169852495193,7837.39990234375,126526.0,8139.7998046875,5099.9599609375,37934.76171875,5006.85009765625,15.029999732971191,4.67,2.4457142857,4.2172,0.87,4.268,12.2747619048
2024-04-30,0.6561899185180664,0.19542700052261353,60636.85546875,81.93000030517578,1.0715701580047607,1.2559815645217896,2291.39990234375,0.006397380027920008,0.053675971925258636,7932.0,125924.0,8144.10009765625,5035.68994140625,38405.66015625,4921.22021484375,15.649999618530273,4.69,2.4457142857,4.2172,0.87,4.268,12.2747619048
2024-05-02,0.653190016746521,0.19251501560211182,59123.43359375,78.94999694824219,1.0721560716629028,1.2539342641830444,2299.199951171875,0.006422442849725485,0.05392667278647423,7849.39990234375,127122.0,8172.2001953125,5064.2001953125,38236.0703125,4890.60986328125,14.680000305175781,4.58,2.5195454545,4.2229,1.07,4.325,12.0419047619
2024-05-07,0.6623920202255249,0.19704821705818176,62334.81640625,78.37999725341797,1.0767507553100586,1.2559815645217896,2315.199951171875,0.006483528763055801,0.05413393676280975,8065.5,129210.0,8313.7001953125,5187.7001953125,38835.1015625,5016.10009765625,13.229999542236328,4.47,2.5195454545,4.2229,1.07,4.325,12.0419047619
2024-05-08,0.6589199900627136,0.1971103698015213,61187.94140625,78.98999786376953,1.0750491619110107,1.25014066696167,2313.60009765625,0.0064621190540492535,0.05406661704182625,8076.7001953125,129481.0,8354.099609375,5187.669921875,38202.37109375,5038.169921875,13.0,4.48,2.5195454545,4.2229,1.07,4.325,12.0419047619
2024-05-09,0.657680094242096,0.19654473662376404,63049.9609375,79.26000213623047,1.0746910572052002,1.2493284940719604,2332.10009765625,0.006434219423681498,0.053863175213336945,7994.2001953125,128188.0,8381.400390625,5214.080078125,38073.98046875,5038.169921875,12.6899995803833,4.45,2.5195454545,4.2229,1.07,4.325,12.0419047619
2024-05-10,0.6620998978614807,0.19452224671840668,60792.77734375,78.26000213623047,1.078515887260437,1.2525677680969238,2367.300048828125,0.006435461807996035,0.054195988923311234,8022.7001953125,127600.0,8433.7998046875,5222.68017578125,38229.109375,5085.080078125,12.550000190734863,4.5,2.5195454545,4.2229,1.07,4.325,12.0419047619
2024-05-13,0.6601008772850037,0.1951882243156433,62901.44921875,79.12000274658203,1.077040672302246,1.2522854804992676,2336.10009765625,0.0064177438616752625,0.05431152135133743,8019.39990234375,128155.0,8415.0,5221.419921875,38179.4609375,5078.9599609375,13.600000381469727,4.48,2.5195454545,4.2229,1.07,4.325,12.0419047619
2024-05-14,0.6612882018089294,0.19401653110980988,61552.7890625,78.0199966430664,1.079354166984558,1.2561867237091064,2353.39990234375,0.006400696467608213,0.054520394653081894,7995.7001953125,128515.0,8428.099609375,5246.68017578125,38356.05859375,5080.2900390625,13.420000076293945,4.45,2.5195454545,4.2229,1.07,4.325,12.0419047619
2024-05-15,0.6626027226448059,0.19501540064811707,66267.4921875,78.62999725341797,1.0814552307128906,1.2585265636444092,2388.699951171875,0.006389858201146126,0.05440962687134743,8020.89990234375,128028.0,8445.7998046875,5308.14990234375,38385.73046875,5100.89990234375,12.449999809265137,4.36,2.5195454545,4.2229,1.07,4.325,12.0419047619
2024-05-16,0.6701065301895142,0.19479507207870483,65231.58203125,79.2300033569336,1.0889805555343628,1.2690032720565796,2380.0,0.006481637712568045,0.05479632318019867,8150.10009765625,128284.0,8438.7001953125,5297.10009765625,38920.26171875,5072.4501953125,12.420000076293945,4.38,2.5195454545,4.2229,1.07,4.325,12.0419047619
2024-05-17,0.6683151721954346,0.19498498737812042,67051.875,80.05999755859375,1.0867793560028076,1.2672007083892822,2412.199951171875,0.0064358762465417385,0.05505668371915817,8082.2998046875,128151.0,8420.2998046875,5303.27001953125,38787.37890625,5064.14013671875,11.989999771118164,4.42,2.5195454545,4.2229,1.07,4.325,12.0419047619
2024-05-20,0.6700705885887146,0.1960015594959259,71448.1953125,79.80000305175781,1.0875475406646729,1.2706480026245117,2433.89990234375,0.006420380901545286,0.0550900474190712,8132.10009765625,127751.0,8424.2001953125,5308.1298828125,39069.6796875,5064.14013671875,12.149999618530273,4.44,2.5195454545,4.2229,1.07,4.325,12.0419047619
2024-05-21,0.6672093272209167,0.19595932960510254,70136.53125,79.26000213623047,1.086082935333252,1.2710840702056885,2421.699951171875,0.006395088974386454,0.055096112191677094,8120.2001953125,127412.0,8416.5,5321.41015625,38946.9296875,5046.990234375,11.859999656677246,4.41,2.5195454545,4.2229,1.07,4.325,12.0419047619
2024-05-22,0.6667097806930542,0.1952400505542755,69122.3359375,77.56999969482422,1.0855170488357544,1.2711325883865356,2389.199951171875,0.006399958860129118,0.055400434881448746,8118.2998046875,125650.0,8370.2998046875,5307.009765625,38617.1015625,5025.169921875,12.289999961853027,4.43,2.5195454545,4.2229,1.07,4.325,12.0419047619
2024-05-23,0.6619185209274292,0.19413328170776367,67929.5625,76.87000274658203,1.0825204849243164,1.2721028327941895,2335.0,0.0063814581371843815,0.05471387505531311,8083.10009765625,124729.0,8339.2001953125,5267.83984375,39103.21875,5037.60009765625,12.770000457763672,4.47,2.5195454545,4.2229,1.07,4.325,12.0419047619
2024-05-24,0.6601487994194031,0.1944352686405182,68526.1015625,77.72000122070312,1.0812681913375854,1.2694060802459717,2332.5,0.006370522081851959,0.054161205887794495,7999.2001953125,124306.0,8317.599609375,5304.72021484375,38646.109375,5035.41015625,11.930000305175781,4.46,2.5195454545,4.2229,1.07,4.325,12.0419047619
2024-05-28,0.6655617952346802,0.19336001574993134,68296.21875,79.83000183105469,1.0861891508102417,1.2772371768951416,2355.199951171875,0.00637572119012475,0.05464092642068863,8034.89990234375,123780.0,8254.2001953125,5306.0400390625,38855.37109375,5030.35009765625,12.920000076293945,4.54,2.5195454545,4.2229,1.07,4.325,12.0419047619
2024-05-31,0.6630301475524902,0.19223007559776306,67491.4140625,76.98999786376953,1.0835410356521606,1.27304208278656,2322.89990234375,0.006371334195137024,0.053457923233509064,7970.7998046875,122098.0,8275.400390625,5277.509765625,38487.8984375,4983.669921875,12.920000076293945,4.51,2.5195454545,4.2229,1.07,4.325,12.0419047619
2024-06-03,0.6656903028488159,0.19067957997322083,68804.78125,74.22000122070312,1.0853049755096436,1.2743724584579468,2346.60009765625,0.006362132728099823,0.05328459292650223,8024.10009765625,122032.0,8262.7998046875,5283.39990234375,38923.03125,5003.5400390625,13.109999656677246,4.41,2.5195454545,4.2229,1.07,4.325,12.0419047619
2024-06-04,0.669008195400238,0.19051247835159302,70567.765625,73.25,1.0907385349273682,1.2810165882110596,2325.5,0.00640713470056653,0.05400705337524414,7994.10009765625,121802.0,8232.0,5291.33984375,38837.4609375,4953.3701171875,13.15999984741211,4.33,2.5195454545,4.2229,1.07,4.325,12.0419047619
2024-06-05,0.6646201014518738,0.1891181319952011,71082.8203125,74.06999969482422,1.0881866216659546,1.2773023843765259,2354.10009765625,0.00644645607098937,0.05344218760728836,8022.2001953125,121407.0,8247.0,5354.02978515625,38490.171875,5035.66015625,12.630000114440918,4.29,2.5195454545,4.2229,1.07,4.325,12.0419047619
2024-06-06,0.6657789945602417,0.1886650174856186,70757.1640625,75.55000305175781,1.087453007698059,1.2794759273529053,2370.300048828125,0.006413175258785486,0.05281367525458336,8074.2998046875,122899.0,8285.2998046875,5352.9599609375,38703.51171875,5069.08984375,12.579999923706055,4.28,2.5195454545,4.2229,1.07,4.325,12.0419047619
2024-06-07,0.6669601202011108,0.1902189403772354,69342.5859375,75.52999877929688,1.0894432067871094,1.2793285846710205,2305.199951171875,0.006422731094062328,0.05275920033454895,8112.7998046875,120767.0,8245.400390625,5346.990234375,38683.9296875,5051.31005859375,12.220000267028809,4.43,2.5195454545,4.2229,1.07,4.325,12.0419047619
2024-06-11,0.6608948111534119,0.18681812286376953,67332.03125,77.9000015258789,1.0764262676239014,1.2726370096206665,2307.5,0.006367804482579231,0.053413379937410355,8005.89990234375,121635.0,8147.7998046875,5375.31982421875,39134.7890625,4965.08984375,12.850000381469727,4.39,2.5195454545,4.2229,1.07,4.325,12.0419047619
2024-06-12,0.6607699394226074,0.1863967627286911,68241.1875,78.5,1.0740330219268799,1.274047613143921,2336.0,0.006365169771015644,0.05393190309405327,7963.10009765625,119936.0,8215.5,5421.02978515625,38876.7109375,5034.43017578125,12.039999961853027,4.31,2.5195454545,4.2229,1.07,4.325,12.0419047619
2024-06-13,0.6662899851799011,0.1851508915424347,66756.3984375,78.62000274658203,1.0813149213790894,1.27962327003479,2300.199951171875,0.006377550773322582,0.05446219444274902,8002.5,119568.0,8163.7001953125,5433.740234375,38720.46875,4935.5,11.9399995803833,4.24,2.5195454545,4.2229,1.07,4.325,12.0419047619
2024-06-14,0.6633102893829346,0.18651148676872253,66011.09375,78.44999694824219,1.0738831758499146,1.2755101919174194,2331.39990234375,0.006364237982779741,0.05430317297577858,7974.7998046875,119662.0,8146.89990234375,5431.60009765625,38814.55859375,4839.14013671875,12.65999984741211,4.2,2.5195454545,4.2229,1.07,4.325,12.0419047619
2024-06-18,0.6622077822685242,0.18436579406261444,65140.74609375,81.56999969482422,1.0740677118301392,1.2715997695922852,2330.39990234375,0.006341154221445322,0.05485628917813301,8015.7998046875,119630.0,8191.2998046875,5487.02978515625,38482.109375,4915.47021484375,12.300000190734863,4.22,2.5195454545,4.2229,1.07,4.325,12.0419047619
2024-06-20,0.6675300002098083,0.18442018330097198,64828.65625,82.16999816894531,1.0751532316207886,1.2721998691558838,2353.800048828125,0.006330796983093023,0.05580823868513107,8012.10009765625,120446.0,8272.5,5473.169921875,38633.01953125,4947.72998046875,13.279999732971191,4.25,2.5195454545,4.2229,1.07,4.325,12.0419047619
2024-06-21,0.6660698652267456,0.18340545892715454,64096.19921875,80.7300033569336,1.0706409215927124,1.2660471200942993,2316.39990234375,0.006292038597166538,0.055645547807216644,8039.89990234375,121341.0,8237.7001953125,5464.6201171875,38596.46875,4907.2998046875,13.199999809265137,4.25,2.5195454545,4.2229,1.07,4.325,12.0419047619
2024-06-24,0.6635000109672546,0.18429353833198547,60277.4140625,81.62999725341797,1.0687757730484009,1.2639029026031494,2330.0,0.006255434826016426,0.0555713027715683,7975.10009765625,122637.0,8281.599609375,5447.8701171875,38804.6484375,4950.97998046875,13.329999923706055,4.25,2.5195454545,4.2229,1.07,4.325,12.0419047619
2024-06-25,0.6654599905014038,0.18555286526679993,61804.640625,80.83000183105469,1.0732723474502563,1.268343448638916,2316.60009765625,0.006262289360165596,0.05526743084192276,8076.89990234375,122331.0,8247.7998046875,5469.2998046875,39173.1484375,4935.97021484375,12.84000015258789,4.23,2.5195454545,4.2229,1.07,4.325,12.0419047619
2024-06-26,0.6644800901412964,0.18346267938613892,60811.27734375,80.9000015258789,1.0709619522094727,1.268399715423584,2299.199951171875,0.006262289360165596,0.054830994457006454,8022.89990234375,122641.0,8225.2998046875,5477.89990234375,39667.0703125,4915.93994140625,12.550000190734863,4.32,2.5195454545,4.2229,1.07,4.325,12.0419047619
2024-06-27,0.6644783020019531,0.18107740581035614,61604.80078125,81.73999786376953,1.068010926246643,1.262179970741272,2324.5,0.006225835997611284,0.055104613304138184,8002.7998046875,124308.0,8179.7001953125,5482.8701171875,39341.5390625,4902.60009765625,12.239999771118164,4.29,2.5195454545,4.2229,1.07,4.325,12.0419047619
2024-06-28,0.6650599241256714,0.18180164694786072,60320.13671875,81.54000091552734,1.0708472728729248,1.2645741701126099,2327.699951171875,0.0062232790514826775,0.05424787849187851,8013.7998046875,123907.0,8164.10009765625,5460.47998046875,39583.078125,4894.02001953125,12.4399995803833,4.36,2.5195454545,4.2229,1.07,4.325,12.0419047619
2024-07-01,0.6674007773399353,0.1788301020860672,62851.98046875,83.37999725341797,1.0735257863998413,1.2648621797561646,2327.60009765625,0.006214770022779703,0.05542868375778198,7992.2998046875,124718.0,8166.7998046875,5475.08984375,39631.05859375,4929.990234375,12.220000267028809,4.48,2.4582608696,4.1386,1.045,4.326,11.0217391304
2024-07-02,0.6654599905014038,0.17683465778827667,62029.015625,82.80999755859375,1.0737102031707764,1.2645741701126099,2323.0,0.006191490683704615,0.05448848754167557,7959.7001953125,124787.0,8121.2001953125,5509.009765625,40074.69140625,4906.330078125,12.029999732971191,4.43,2.4582608696,4.1386,1.045,4.326,11.0217391304
2024-07-03,0.6668298244476318,0.1761959344148636,60173.921875,83.87999725341797,1.0748412609100342,1.2690355777740479,2359.800048828125,0.006191797088831663,0.053793519735336304,7986.10009765625,125662.0,8171.10009765625,5537.02001953125,40580.76171875,4965.7998046875,12.09000015258789,4.36,2.4582608696,4.1386,1.045,4.326,11.0217391304
2024-07-05,0.6725085377693176,0.1822688728570938,56662.375,83.16000366210938,1.0810693502426147,1.2755752801895142,2388.5,0.0061973994597792625,0.05477464944124222,8070.10009765625,126267.0,8203.900390625,5567.18994140625,40912.37109375,4979.39013671875,12.479999542236328,4.28,2.4582608696,4.1386,1.045,4.326,11.0217391304
2024-07-08,0.6746591329574585,0.18277224898338318,56705.09765625,82.33000183105469,1.082602620124817,1.2806508541107178,2355.199951171875,0.006225177086889744,0.05486396327614784,8012.2001953125,126548.0,8193.5,5572.85009765625,40780.69921875,4969.830078125,12.369999885559082,4.28,2.4582608696,4.1386,1.045,4.326,11.0217391304
2024-07-09,0.6743202209472656,0.1828019917011261,58009.2265625,81.41000366210938,1.0830950736999512,1.2815583944320679,2360.10009765625,0.006216702051460743,0.055284660309553146,8075.2001953125,127108.0,8139.7998046875,5576.97998046875,41580.171875,4903.6201171875,12.510000228881836,4.3,2.4582608696,4.1386,1.045,4.326,11.0217391304
2024-07-10,0.6741496920585632,0.1846006214618683,57742.49609375,82.0999984741211,1.0814785957336426,1.2787723541259766,2372.199951171875,0.006198436953127384,0.0551270954310894,8058.2998046875,127218.0,8193.5,5633.91015625,41831.98828125,4958.85986328125,12.850000381469727,4.28,2.4582608696,4.1386,1.045,4.326,11.0217391304
2024-07-11,0.6751797795295715,0.1846824437379837,57344.9140625,82.62000274658203,1.083329677581787,1.285264492034912,2415.0,0.006187851075083017,0.0552554577589035,8133.39990234375,128294.0,8223.2998046875,5584.5400390625,42224.01953125,4976.1298828125,12.920000076293945,4.2,2.4582608696,4.1386,1.045,4.326,11.0217391304
2024-07-12,0.6768500804901123,0.18389113247394562,57899.46484375,82.20999908447266,1.0872756242752075,1.292373776435852,2414.0,0.006321072578430176,0.05562818422913551,8206.099609375,128897.0,8252.900390625,5615.35009765625,41190.6796875,5043.02001953125,12.460000038146973,4.18,2.4582608696,4.1386,1.045,4.326,11.0217391304
2024-07-16,0.6763300895690918,0.18359403312206268,65097.1484375,80.76000213623047,1.0901559591293335,1.2970000505447388,2462.39990234375,0.006323470734059811,0.05495018884539604,8243.2998046875,129110.0,8164.89990234375,5667.2001953125,41275.078125,4947.830078125,13.1899995803833,4.17,2.4582608696,4.1386,1.045,4.326,11.0217391304
2024-07-17,0.6731998324394226,0.18435557186603546,64118.79296875,82.8499984741211,1.0902509689331055,1.29776930809021,2454.800048828125,0.006315124686807394,0.05548065900802612,8303.5,129450.0,8187.5,5588.27001953125,41097.69140625,4891.4599609375,14.479999542236328,4.16,2.4582608696,4.1386,1.045,4.326,11.0217391304
2024-07-18,0.6730697751045227,0.18222570419311523,63974.06640625,82.81999969482422,1.094020128250122,1.3007453680038452,2451.800048828125,0.006423185113817453,0.05519434064626694,8272.7001953125,127652.0,8204.900390625,5544.58984375,40126.3515625,4870.1201171875,15.930000305175781,4.2,2.4582608696,4.1386,1.045,4.326,11.0217391304
2024-07-19,0.6705500483512878,0.18040120601654053,66710.15625,80.12999725341797,1.0901559591293335,1.2951691150665283,2395.5,0.006363347172737122,0.05483598634600639,8209.2001953125,127616.0,8155.7001953125,5505.0,40063.7890625,4827.240234375,16.520000457763672,4.25,2.4582608696,4.1386,1.045,4.326,11.0217391304
2024-07-22,0.6696308851242065,0.1811307966709137,67585.25,79.77999877929688,1.0899182558059692,1.2933096885681152,2392.0,0.0063523524440824986,0.054975565522909164,8166.39990234375,127860.0,8198.7998046875,5564.41015625,39599.0,4897.43994140625,14.90999984741211,4.26,2.4582608696,4.1386,1.045,4.326,11.0217391304
2024-07-23,0.6640105843544006,0.17951065301895142,65927.671875,76.95999908447266,1.0889805555343628,1.2932428121566772,2404.60009765625,0.0063738515600562096,0.05484049767255783,8208.599609375,126590.0,8167.39990234375,5555.740234375,39594.390625,4916.7998046875,14.720000267028809,4.25,2.4582608696,4.1386,1.045,4.326,11.0217391304
2024-07-24,0.6612094640731812,0.17904141545295715,65372.1328125,77.58999633789062,1.0850694179534912,1.2901561260223389,2413.300048828125,0.006419803481549025,0.05437885969877243,8205.5,126423.0,8153.7001953125,5427.1298828125,39154.8515625,4861.8701171875,18.040000915527344,4.28,2.4582608696,4.1386,1.045,4.326,11.0217391304
2024-07-25,0.6574798822402954,0.1768784373998642,65777.2265625,78.27999877929688,1.0839520692825317,1.289989709854126,2351.89990234375,0.0064981053583323956,0.05450095981359482,8094.2998046875,125954.0,8186.39990234375,5399.22021484375,37869.51171875,4811.27978515625,18.459999084472656,4.27,2.4582608696,4.1386,1.045,4.326,11.0217391304
2024-07-26,0.6542999744415283,0.1772075742483139,67912.0625,77.16000366210938,1.0851283073425293,1.2856775522232056,2380.0,0.006506307516247034,0.0545145720243454,8153.39990234375,127492.0,8285.7001953125,5459.10009765625,37667.41015625,4862.5,16.389999389648438,4.2,2.4582608696,4.1386,1.045,4.326,11.0217391304
2024-07-29,0.6554999947547913,0.1778460443019867,66819.9140625,75.80999755859375,1.0853756666183472,1.2868356704711914,2377.300048828125,0.006487650331109762,0.05473274365067482,8224.2998046875,126954.0,8292.400390625,5463.5400390625,38468.62890625,4815.39013671875,16.600000381469727,4.17,2.4582608696,4.1386,1.045,4.326,11.0217391304
2024-07-30,0.6551405787467957,0.1781102418899536,66201.015625,74.7300033569336,1.081946611404419,1.286041259765625,2405.0,0.006500556133687496,0.0545547790825367,8176.60009765625,126139.0,8274.400390625,5436.43994140625,38525.94921875,4841.0,17.690000534057617,4.15,2.4582608696,4.1386,1.045,4.326,11.0217391304
2024-07-31,0.6541501879692078,0.17821817100048065,64619.25,77.91000366210938,1.0816072225570679,1.2836971282958984,2426.5,0.006550075486302376,0.05463054031133652,8320.400390625,127652.0,8368.0,5522.2998046875,39101.8203125,4872.93994140625,16.360000610351562,4.09,2.4582608696,4.1386,1.045,4.326,11.0217391304
2024-08-01,0.6547001004219055,0.17678463459014893,65357.5,76.30999755859375,1.082391619682312,1.2853139638900757,2435.0,0.00667806388810277,0.05495713651180267,8343.7998046875,127395.0,8283.400390625,5446.68017578125,38126.328125,4872.93994140625,18.59000015258789,3.99,2.2077272727,3.9444,0.89,3.976,10.7
2024-08-02,0.6494898200035095,0.17389489710330963,61415.06640625,73.5199966430664,1.0787602663040161,1.27289617061615,2425.699951171875,0.006702367682009935,0.05469801276922226,8170.39990234375,125854.0,8174.7001953125,5346.56005859375,35909.69921875,4638.7001953125,23.389999389648438,3.8,2.2077272727,3.9444,0.89,3.976,10.7
2024-08-05,0.6497219204902649,0.1746206432580948,53991.45703125,72.94000244140625,1.0910836458206177,1.278788685798645,2401.699951171875,0.006868886761367321,0.05451792851090431,7859.39990234375,125270.0,8008.2001953125,5186.330078125,31458.419921875,4571.60009765625,38.56999969482422,3.78,2.2077272727,3.9444,0.89,3.976,10.7
2024-08-06,0.6515498757362366,0.1747976690530777,56034.31640625,73.19999694824219,1.0950982570648193,1.2788705825805664,2389.10009765625,0.006859181448817253,0.054158274084329605,7890.10009765625,126267.0,8026.7001953125,5240.02978515625,34675.4609375,4575.22021484375,27.709999084472656,3.9,2.2077272727,3.9444,0.89,3.976,10.7
2024-08-07,0.6515001654624939,0.17681902647018433,55027.4609375,75.2300033569336,1.0926215648651123,1.2684721946716309,2390.5,0.0069093224592506886,0.05408981069922447,7913.10009765625,127514.0,8166.89990234375,5199.5,35089.62109375,4668.06005859375,27.850000381469727,3.96,2.2077272727,3.9444,0.89,3.976,10.7
2024-08-08,0.6515973806381226,0.17743709683418274,61710.13671875,76.19000244140625,1.0928125381469727,1.2680377960205078,2422.199951171875,0.006843503098934889,0.05437341704964638,7886.5,128661.0,8145.0,5319.31005859375,34831.1484375,4668.740234375,23.790000915527344,3.99,2.2077272727,3.9444,0.89,3.976,10.7
2024-08-13,0.6585316061973572,0.18208634853363037,60609.56640625,78.3499984741211,1.0936251878738403,1.2771228551864624,2466.699951171875,0.006803554482758045,0.054817650467157364,8042.2001953125,132398.0,8235.2001953125,5434.43017578125,36232.51171875,4694.919921875,18.1200008392334,3.85,2.2077272727,3.9444,0.89,3.976,10.7
2024-08-14,0.6638598442077637,0.18329453468322754,58737.26953125,76.9800033569336,1.0996986627578735,1.2866700887680054,2439.39990234375,0.00680406391620636,0.05534310266375542,8070.2001953125,133318.0,8281.099609375,5455.2099609375,36442.4296875,4727.60009765625,16.190000534057617,3.83,2.2077272727,3.9444,0.89,3.976,10.7
2024-08-15,0.6600006818771362,0.1828521192073822,57560.09765625,78.16000366210938,1.1013215780258179,1.2828736305236816,2453.10009765625,0.00679103285074234,0.055406879633665085,8083.7998046875,134153.0,8347.400390625,5543.22021484375,36726.640625,4807.77001953125,15.229999542236328,3.92,2.2077272727,3.9444,0.89,3.976,10.7
2024-08-16,0.6612488627433777,0.18231873214244843,58894.10546875,76.6500015258789,1.0972732305526733,1.2859420776367188,2498.60009765625,0.006701424717903137,0.05564303696155548,8189.89990234375,133953.0,8311.400390625,5554.25,38062.671875,4840.52001953125,14.800000190734863,3.89,2.2077272727,3.9444,0.89,3.976,10.7
2024-08-19,0.6672983765602112,0.18277192115783691,59493.453125,74.37000274658203,1.1024993658065796,1.294716238975525,2501.800048828125,0.006758766248822212,0.05602291226387024,8194.7998046875,135778.0,8356.900390625,5608.25,37388.62109375,4871.41015625,14.649999618530273,3.86,2.2077272727,3.9444,0.89,3.976,10.7
2024-08-20,0.6735321879386902,0.18499334156513214,59012.79296875,74.04000091552734,1.1086474657058716,1.2990386486053467,2511.300048828125,0.0068166786804795265,0.05647515878081322,8207.599609375,136087.0,8273.2998046875,5597.1201171875,38062.921875,4857.580078125,15.880000114440918,3.82,2.2077272727,3.9444,0.89,3.976,10.7
2024-08-21,0.6747274398803711,0.18254505097866058,61175.19140625,71.93000030517578,1.112792730331421,1.3035430908203125,2508.39990234375,0.006880086846649647,0.056198716163635254,8234.0,136464.0,8283.400390625,5620.85009765625,37951.80078125,4885.27978515625,16.270000457763672,3.79,2.2077272727,3.9444,0.89,3.976,10.7
2024-08-22,0.6749701499938965,0.18239854276180267,60381.9140625,73.01000213623047,1.115536093711853,1.309346079826355,2478.89990234375,0.006890944205224514,0.05611766502261162,8258.099609375,135173.0,8288.0,5570.64013671875,38211.01171875,4885.0,17.549999237060547,3.86,2.2077272727,3.9444,0.89,3.976,10.7
2024-08-23,0.6708199381828308,0.1788620799779892,64094.35546875,74.83000183105469,1.111716389656067,1.3097747564315796,2508.39990234375,0.006839851848781109,0.05554472655057907,8249.099609375,135608.0,8327.7998046875,5634.60986328125,38364.26953125,4909.2001953125,15.859999656677246,3.81,2.2077272727,3.9444,0.89,3.976,10.7
2024-08-27,0.6772910952568054,0.18196044862270355,59504.1328125,75.52999877929688,1.1164700984954834,1.3191741704940796,2516.0,0.006919648498296738,0.056507714092731476,8297.099609375,136776.0,8345.5,5625.7998046875,38288.62109375,4898.77978515625,15.430000305175781,3.83,2.2077272727,3.9444,0.89,3.976,10.7
2024-08-28,0.6787898540496826,0.18155738711357117,59027.625,74.5199966430664,1.117793083190918,1.3257501125335693,2501.0,0.006945650093257427,0.056459568440914154,8291.2998046875,137344.0,8343.900390625,5592.18017578125,38371.76171875,4913.02978515625,17.110000610351562,3.84,2.2077272727,3.9444,0.89,3.976,10.7
2024-08-29,0.6783100962638855,0.17978496849536896,59388.1796875,75.91000366210938,1.1124955415725708,1.3193656206130981,2525.699951171875,0.006923625711351633,0.05609726905822754,8263.599609375,136041.0,8379.599609375,5591.9599609375,38362.53125,4966.27001953125,15.649999618530273,3.87,2.2077272727,3.9444,0.89,3.976,10.7
2024-08-30,0.67958003282547,0.1776924878358841,59119.4765625,73.55000305175781,1.1080454587936401,1.3166210651397705,2493.800048828125,0.006901787593960762,0.05641016736626625,8316.7001953125,136004.0,8376.599609375,5648.39990234375,38647.75,4957.97998046875,15.0,3.91,2.2077272727,3.9444,0.89,3.976,10.7
2024-09-03,0.6787299513816833,0.17809122800827026,57431.0234375,70.33999633789062,1.1067456007003784,1.314198613166809,2489.89990234375,0.0068156104534864426,0.05619587376713753,8322.7001953125,134353.0,8298.5,5528.93017578125,38686.30859375,4912.52001953125,20.719999313354492,3.84,2.2077272727,3.9444,0.89,3.976,10.7
2024-09-04,0.6714000701904297,0.1770695000886917,57971.5390625,69.19999694824219,1.1048868894577026,1.3114066123962402,2493.39990234375,0.006879803258925676,0.055744778364896774,8157.0,136111.0,8269.599609375,5520.06982421875,37047.609375,4848.18017578125,21.31999969482422,3.77,2.2077272727,3.9444,0.89,3.976,10.7
2024-09-05,0.6716187596321106,0.17724210023880005,56160.48828125,69.1500015258789,1.1080454587936401,1.3144749402999878,2511.39990234375,0.006977198179811239,0.05596524849534035,8187.7001953125,136502.0,8241.7001953125,5503.41015625,36657.08984375,4815.14990234375,19.899999618530273,3.73,2.2077272727,3.9444,0.89,3.976,10.7
2024-09-06,0.6740502119064331,0.17961382865905762,53948.75390625,67.66999816894531,1.1111111640930176,1.317748785018921,2493.5,0.0069738407619297504,0.05652070790529251,8214.7998046875,134572.0,8181.5,5408.419921875,36391.46875,4738.06005859375,22.3799991607666,3.72,2.2077272727,3.9444,0.89,3.976,10.7
2024-09-09,0.6670802235603333,0.1786799132823944,57019.53515625,68.70999908447266,1.1087212562561035,1.3133355379104614,2501.800048828125,0.007018233649432659,0.056117985397577286,8191.89990234375,134737.0,8270.7998046875,5471.0498046875,36215.75,4778.66015625,19.450000762939453,3.7,2.2077272727,3.9444,0.89,3.976,10.7
2024-09-10,0.6657878756523132,0.17907346785068512,57648.7109375,65.75,1.1037527322769165,1.307138204574585,2512.300048828125,0.0069843619130551815,0.05598163604736328,8217.0,134320.0,8206.0,5495.52001953125,36159.16015625,4747.2001953125,19.079999923706055,3.65,2.2077272727,3.9444,0.89,3.976,10.7
2024-09-11,0.6653298139572144,0.17658796906471252,57343.171875,67.30999755859375,1.1020983457565308,1.3080273866653442,2512.10009765625,0.007030668202787638,0.05575006082653999,8195.2001953125,134677.0,8193.900390625,5554.1298828125,35619.76953125,4763.580078125,17.690000534057617,3.65,2.2077272727,3.9444,0.89,3.976,10.7
2024-09-12,0.6676998138427734,0.1764477640390396,58127.01171875,68.97000122070312,1.1010911464691162,1.3039510250091553,2551.199951171875,0.007013114634901285,0.05588402971625328,8293.099609375,134029.0,8241.0,5595.759765625,36833.26953125,4814.080078125,17.06999969482422,3.68,2.2077272727,3.9444,0.89,3.976,10.7
2024-09-13,0.6726899147033691,0.17775565385818481,60571.30078125,68.6500015258789,1.1077877283096313,1.313232183456421,2581.300048828125,0.0070671881549060345,0.05637359991669655,8323.5,134882.0,8273.099609375,5626.02001953125,36581.76171875,4843.990234375,16.559999465942383,3.66,2.2077272727,3.9444,0.89,3.976,10.7
2024-09-17,0.6751897931098938,0.18168935179710388,60308.5390625,71.19000244140625,1.1129536628723145,1.3210737705230713,2564.300048828125,0.00710277771577239,0.05679236724972725,8361.2001953125,134960.0,8309.900390625,5634.580078125,36203.21875,4860.77978515625,17.610000610351562,3.65,2.2077272727,3.9444,0.89,3.976,10.7
2024-09-18,0.6762696504592896,0.18242515623569489,61649.6796875,70.91000366210938,1.1123099327087402,1.3167423009872437,2570.699951171875,0.0070415097288787365,0.05688735097646713,8364.2998046875,133748.0,8253.7001953125,5618.259765625,36380.171875,4835.2998046875,18.229999542236328,3.7,2.2077272727,3.9444,0.89,3.976,10.7
2024-09-19,0.676369845867157,0.18311664462089539,62940.45703125,71.94999694824219,1.1114816665649414,1.3201146125793457,2588.0,0.007007217034697533,0.05705060064792633,8417.0,133123.0,8328.7001953125,5713.64013671875,37155.328125,4943.3798828125,16.329999923706055,3.73,2.2077272727,3.9444,0.89,3.976,10.7
2024-09-20,0.6809576749801636,0.18436917662620544,63192.9765625,71.91999816894531,1.1161960363388062,1.328179955482483,2619.89990234375,0.006999957840889692,0.057141225785017014,8437.2001953125,131065.0,8230.0,5702.5498046875,37723.91015625,4871.5400390625,16.149999618530273,3.73,2.2077272727,3.9444,0.89,3.976,10.7
2024-09-25,0.6905400156974792,0.18349634110927582,63143.14453125,69.69000244140625,1.1191190481185913,1.3427324295043945,2659.199951171875,0.006994816940277815,0.058039989322423935,8372.7998046875,131586.0,8268.7001953125,5722.259765625,37870.26171875,4916.89013671875,15.40999984741211,3.79,2.2077272727,3.9444,0.89,3.976,10.7
2024-09-26,0.6821599006652832,0.18268842995166779,65181.01953125,67.66999816894531,1.1131023168563843,1.3315792083740234,2669.89990234375,0.006911661941558123,0.05792266130447388,8462.7998046875,133010.0,8284.900390625,5745.3701171875,38925.62890625,5032.58984375,15.369999885559082,3.79,2.2077272727,3.9444,0.89,3.976,10.7
2024-09-27,0.689280092716217,0.18393510580062866,65790.6640625,68.18000030517578,1.117717981338501,1.341381549835205,2644.300048828125,0.006892938632518053,0.058222465217113495,8476.7998046875,132730.0,8320.7998046875,5738.169921875,39829.55859375,5067.4501953125,16.959999084472656,3.75,2.2077272727,3.9444,0.89,3.976,10.7
2024-09-30,0.6918787360191345,0.18405359983444214,63329.5,68.16999816894531,1.1169815063476562,1.338329792022705,2636.10009765625,0.007003634702414274,0.05852196738123894,8538.400390625,131816.0,8237.0,5762.47998046875,37919.55078125,5000.4501953125,16.729999542236328,3.81,2.2077272727,3.9444,0.89,3.976,10.7
2024-10-01,0.6915801763534546,0.18353675305843353,60837.0078125,69.83000183105469,1.113660216331482,1.3376137018203735,2667.300048828125,0.006958457641303539,0.05786852911114693,8481.900390625,132495.0,8276.7001953125,5708.75,38651.96875,4954.14990234375,19.260000228881836,3.74,2.2295652174,4.1993,0.935,4.267,10.4643478261
2024-10-02,0.6879992485046387,0.18436579406261444,60632.78515625,70.0999984741211,1.1063904762268066,1.327404260635376,2647.10009765625,0.006957199890166521,0.05745937302708626,8469.900390625,133515.0,8290.900390625,5709.5400390625,37808.76171875,4963.2900390625,18.899999618530273,3.79,2.2295652174,4.1993,0.935,4.267,10.4643478261
2024-10-03,0.6887099742889404,0.18381339311599731,60759.40234375,73.70999908447266,1.1048502922058105,1.326611876487732,2657.10009765625,0.0068221199326217175,0.05766081437468529,8474.2998046875,131672.0,8282.5,5699.93994140625,38552.05859375,4921.330078125,20.489999771118164,3.85,2.2295652174,4.1993,0.935,4.267,10.4643478261
2024-10-04,0.6850300431251526,0.1826050579547882,62067.4765625,74.37999725341797,1.103557825088501,1.3130252361297607,2645.800048828125,0.006810133811086416,0.057195477187633514,8416.599609375,131792.0,8280.599609375,5751.06982421875,38635.62109375,4954.93994140625,19.209999084472656,3.98,2.2295652174,4.1993,0.935,4.267,10.4643478261
2024-10-07,0.6800592541694641,0.1833415925502777,62236.66015625,77.13999938964844,1.0974539518356323,1.3125253915786743,2644.800048828125,0.006719526834785938,0.05723017081618309,8479.0,132018.0,8303.599609375,5695.93994140625,39332.73828125,4969.7099609375,22.639999389648438,4.03,2.2295652174,4.1993,0.935,4.267,10.4643478261
2024-10-08,0.6755999326705933,0.18201011419296265,62131.96875,73.56999969482422,1.0975743532180786,1.3084723949432373,2615.0,0.006750097963958979,0.05756025016307831,8443.7001953125,131512.0,8190.60009765625,5751.1298828125,38937.5390625,4949.0,21.420000076293945,4.04,2.2295652174,4.1993,0.935,4.267,10.4643478261
2024-10-09,0.6739597916603088,0.18067826330661774,60582.1015625,73.23999786376953,1.0975743532180786,1.309483289718628,2606.0,0.006749505642801523,0.056885864585638046,8456.7998046875,129962.0,8243.7001953125,5792.0400390625,39277.9609375,4982.56982421875,20.860000610351562,4.06,2.2295652174,4.1993,0.935,4.267,10.4643478261
2024-10-10,0.6717401146888733,0.1786958873271942,60274.5,75.8499984741211,1.0943313837051392,1.306830883026123,2620.60009765625,0.006704210303723812,0.056689344346523285,8498.7001953125,130353.0,8237.7001953125,5780.0498046875,39380.890625,4970.33984375,20.93000030517578,4.09,2.2295652174,4.1993,0.935,4.267,10.4643478261
2024-10-11,0.6740997433662415,0.17915689945220947,62445.08984375,75.55999755859375,1.0933860540390015,1.3062163591384888,2657.60009765625,0.0067247687838971615,0.057089488953351974,8491.5,129992.0,8253.7001953125,5815.02978515625,39605.80078125,5003.919921875,20.459999084472656,4.08,2.2295652174,4.1993,0.935,4.267,10.4643478261
2024-10-15,0.6725999116897583,0.17874059081077576,67041.109375,70.58000183105469,1.0909169912338257,1.3067454099655151,2661.39990234375,0.006681365892291069,0.057004090398550034,8598.599609375,131043.0,8249.2998046875,5815.259765625,39910.55078125,4946.72998046875,20.639999389648438,4.03,2.2295652174,4.1993,0.935,4.267,10.4643478261
2024-10-16,0.6682080030441284,0.17692852020263672,67612.71875,70.38999938964844,1.0884116888046265,1.3065917491912842,2674.0,0.006706953048706055,0.056682270020246506,8556.599609375,131750.0,8329.099609375,5842.47021484375,39180.30078125,4908.7099609375,19.579999923706055,4.02,2.2295652174,4.1993,0.935,4.267,10.4643478261
2024-10-17,0.6664889454841614,0.17642906308174133,67399.8359375,70.66999816894531,1.0862481594085693,1.29902184009552,2691.0,0.006685564294457436,0.056710559874773026,8624.099609375,130793.0,8385.099609375,5841.47021484375,38911.19140625,4947.2998046875,19.110000610351562,4.09,2.2295652174,4.1993,0.935,4.267,10.4643478261
2024-10-18,0.6699718832969666,0.17693477869033813,68418.7890625,69.22000122070312,1.0829542875289917,1.301574945449829,2713.699951171875,0.006662224885076284,0.05667038634419441,8551.2001953125,130499.0,8358.2998046875,5864.669921875,38981.75,4986.27001953125,18.030000686645508,4.08,2.2295652174,4.1993,0.935,4.267,10.4643478261
2024-10-21,0.6716818809509277,0.17743395268917084,67367.8515625,70.55999755859375,1.0868619680404663,1.3052616119384766,2723.10009765625,0.006684491876512766,0.056885406374931335,8604.099609375,130362.0,8318.2001953125,5853.97998046875,38954.6015625,4941.22021484375,18.3700008392334,4.19,2.2295652174,4.1993,0.935,4.267,10.4643478261
2024-10-22,0.6653094291687012,0.17580562829971313,67361.40625,72.08999633789062,1.0817828178405762,1.298296570777893,2744.199951171875,0.0066398861818015575,0.05681914836168289,8469.0,129721.0,8306.5,5851.2001953125,38411.9609375,4939.31005859375,18.200000762939453,4.2,2.2295652174,4.1993,0.935,4.267,10.4643478261
2024-10-23,0.6685997843742371,0.17576853930950165,66432.1953125,70.7699966430664,1.079727053642273,1.2982797622680664,2714.39990234375,0.006616469472646713,0.05706524848937988,8476.2998046875,129233.0,8258.599609375,5797.419921875,38104.859375,4922.5498046875,19.239999771118164,4.24,2.2295652174,4.1993,0.935,4.267,10.4643478261
2024-10-24,0.663599967956543,0.1758551001548767,68161.0546875,70.19000244140625,1.0780508518218994,1.291372299194336,2734.89990234375,0.006545830983668566,0.05625499412417412,8453.900390625,130067.0,8269.400390625,5809.85986328125,38143.2890625,4935.4501953125,19.079999923706055,4.21,2.2295652174,4.1993,0.935,4.267,10.4643478261
2024-10-25,0.663702130317688,0.1765536665916443,66642.4140625,71.77999877929688,1.0824151039123535,1.2973365783691406,2740.89990234375,0.006588352844119072,0.05664310231804848,8467.2998046875,129893.0,8248.7998046875,5808.1201171875,37913.921875,4943.08984375,20.329999923706055,4.25,2.2295652174,4.1993,0.935,4.267,10.4643478261
2024-10-28,0.6603406071662903,0.17587634921073914,69907.7578125,67.37999725341797,1.0796570777893066,1.295823574066162,2742.89990234375,0.006537999026477337,0.056639473885297775,8478.2001953125,131213.0,8285.599609375,5823.52001953125,38605.53125,4969.830078125,19.799999237060547,4.28,2.2295652174,4.1993,0.935,4.267,10.4643478261
2024-10-29,0.6582671999931335,0.17512522637844086,72720.4921875,67.20999908447266,1.0816774368286133,1.2974711656570435,2768.39990234375,0.006528310012072325,0.05652262642979622,8505.900390625,130730.0,8219.599609375,5832.919921875,38903.6796875,4950.02001953125,19.34000015258789,4.28,2.2295652174,4.1993,0.935,4.267,10.4643478261
2024-10-30,0.6563001871109009,0.1736111044883728,72339.5390625,68.61000061035156,1.0820636749267578,1.3014055490493774,2788.5,0.006524263881146908,0.056663643568754196,8439.5,130639.0,8159.60009765625,5813.669921875,39277.390625,4885.75,20.350000381469727,4.29,2.2295652174,4.1993,0.935,4.267,10.4643478261
2024-10-31,0.6572798490524292,0.1735418140888214,70215.1875,69.26000213623047,1.0859178304672241,1.2959579229354858,2738.300048828125,0.006527245044708252,0.0566723458468914,8422.099609375,129713.0,8110.10009765625,5705.4501953125,39081.25,4827.6298828125,23.15999984741211,4.28,2.2295652174,4.1993,0.935,4.267,10.4643478261
2024-11-01,0.657680094242096,0.1727294623851776,69482.46875,69.48999786376953,1.0886130332946777,1.2897733449935913,2738.60009765625,0.006579813547432423,0.05683206766843796,8379.7001953125,128121.0,8177.2001953125,5728.7998046875,38053.671875,4877.75,21.8799991607666,4.37,2.3057142857,4.4164,1.05,4.544,10.3680952381
2024-11-05,0.6584101915359497,0.17269368469715118,69359.5625,71.98999786376953,1.0874056816101074,1.2954542636871338,2740.300048828125,0.006567022763192654,0.057135023176670074,8387.7998046875,130661.0,8172.39990234375,5782.759765625,38474.8984375,4870.330078125,20.489999771118164,4.26,2.3057142857,4.4164,1.05,4.544,10.3680952381
2024-11-06,0.6641499996185303,0.17422209680080414,75639.078125,71.69000244140625,1.093445897102356,1.3043591976165771,2667.60009765625,0.006603493355214596,0.057571519166231155,8456.0,130341.0,8166.7001953125,5929.0400390625,39480.671875,4800.6298828125,16.270000457763672,4.42,2.3057142857,4.4164,1.05,4.544,10.3680952381
2024-11-07,0.6567001342773438,0.17621766030788422,75904.859375,72.36000061035156,1.073306918144226,1.2883278131484985,2698.39990234375,0.006480040960013866,0.05660686641931534,8481.599609375,129682.0,8140.7001953125,5973.10009765625,39381.41015625,4851.9599609375,15.199999809265137,4.31,2.3057142857,4.4164,1.05,4.544,10.3680952381
2024-11-08,0.6676815152168274,0.17571604251861572,76545.4765625,70.37999725341797,1.0795172452926636,1.2982292175292969,2687.5,0.00652826763689518,0.057861827313899994,8552.599609375,127830.0,8072.39990234375,5995.5400390625,39500.37109375,4802.759765625,14.9399995803833,4.3,2.3057142857,4.4164,1.05,4.544,10.3680952381
2024-11-11,0.65845787525177,0.1743253618478775,88701.484375,68.04000091552734,1.0714898109436035,1.2917059659957886,2611.199951171875,0.006540051195770502,0.05677415058016777,8518.900390625,127874.0,8125.2001953125,6001.35009765625,39533.3203125,4854.02978515625,14.970000267028809,4.3,2.3057142857,4.4164,1.05,4.544,10.3680952381
2024-11-12,0.6577605605125427,0.1737498641014099,87955.8125,68.12000274658203,1.066439151763916,1.2874983549118042,2600.0,0.006515507120639086,0.055839717388153076,8515.2001953125,127698.0,8025.7998046875,5983.990234375,39376.08984375,4744.68994140625,14.710000038146973,4.43,2.3057142857,4.4164,1.05,4.544,10.3680952381
2024-11-13,0.6529401540756226,0.17396751046180725,90584.1640625,68.43000030517578,1.061672568321228,1.2739177942276,2580.800048828125,0.0064660049974918365,0.055245257914066315,8450.900390625,127734.0,8030.2998046875,5985.3798828125,38721.66015625,4740.33984375,14.020000457763672,4.44,2.3057142857,4.4164,1.05,4.544,10.3680952381
2024-11-14,0.6492705345153809,0.17223858833312988,87250.4296875,68.69999694824219,1.0564124584197998,1.27068030834198,2568.199951171875,0.006433805916458368,0.054868780076503754,8479.900390625,127792.0,8071.2001953125,5949.169921875,38535.69921875,4833.52978515625,14.3100004196167,4.43,2.3057142857,4.4164,1.05,4.544,10.3680952381
2024-11-18,0.6463413834571838,0.1725744605064392,90542.640625,69.16000366210938,1.0533745288848877,1.261765956878662,2610.60009765625,0.006465628743171692,0.05504622682929039,8554.400390625,127768.0,8109.2998046875,5893.6201171875,38220.8515625,4790.330078125,15.579999923706055,4.42,2.3057142857,4.4164,1.05,4.544,10.3680952381
2024-11-19,0.650590181350708,0.17402200400829315,92343.7890625,69.38999938964844,1.059490442276001,1.2679253816604614,2627.10009765625,0.0064675938338041306,0.05574726313352585,8629.2001953125,128197.0,8099.0,5916.97998046875,38414.4296875,4751.22998046875,16.350000381469727,4.39,2.3057142857,4.4164,1.05,4.544,10.3680952381
2024-11-21,0.6513999700546265,0.1732892096042633,98504.7265625,70.0999984741211,1.0546187162399292,1.2655344009399414,2672.10009765625,0.006439357530325651,0.05522146448493004,8567.0,126922.0,8149.2998046875,5948.7099609375,38026.171875,4755.830078125,16.8700008392334,4.43,2.3057142857,4.4164,1.05,4.544,10.3680952381
2024-11-22,0.6510289311408997,0.17199566960334778,98997.6640625,71.23999786376953,1.0469341278076172,1.2584789991378784,2709.89990234375,0.006484327372163534,0.055256862193346024,8633.099609375,129126.0,8262.099609375,5969.33984375,38283.8515625,4789.080078125,15.239999771118164,4.41,2.3057142857,4.4164,1.05,4.544,10.3680952381
2024-11-25,0.6539880037307739,0.17243459820747375,93102.296875,68.94000244140625,1.0479873418807983,1.2593823671340942,2616.800048828125,0.006487356498837471,0.05556441843509674,8661.2001953125,129036.0,8291.7001953125,5987.3701171875,38780.140625,4799.8701171875,14.600000381469727,4.27,2.3057142857,4.4164,1.05,4.544,10.3680952381
2024-11-26,0.646379828453064,0.17249706387519836,91985.3203125,68.7699966430664,1.0444300174713135,1.2533055543899536,2620.300048828125,0.0064776064828038216,0.055602818727493286,8612.599609375,129922.0,8258.599609375,6021.6298828125,38442.0,4761.990234375,14.100000381469727,4.3,2.3057142857,4.4164,1.05,4.544,10.3680952381
2024-11-27,0.6475173830986023,0.17212890088558197,95962.53125,68.72000122070312,1.0491198301315308,1.2573871612548828,2639.89990234375,0.00653556315228343,0.05500580370426178,8659.599609375,127669.0,8274.7998046875,5998.740234375,38134.96875,4733.14990234375,14.100000381469727,4.25,2.3057142857,4.4164,1.05,4.544,10.3680952381
2024-11-29,0.6507400274276733,0.16628144681453705,97461.5234375,68.0,1.0563008785247803,1.2696800231933594,2657.0,0.006614894140511751,0.05530759319663048,8699.099609375,125668.0,8287.2998046875,6032.3798828125,38208.03125,4804.39990234375,13.510000228881836,4.18,2.3057142857,4.4164,1.05,4.544,10.3680952381
2024-12-02,0.6502415537834167,0.16741445660591125,95865.3046875,68.0999984741211,1.0545074939727783,1.270163893699646,2634.89990234375,0.006671203300356865,0.055274512618780136,8705.0,125236.0,8312.900390625,6047.14990234375,38513.01953125,4846.72998046875,13.34000015258789,4.19,2.3057142857,4.4164,1.05,4.544,10.3680952381
2024-12-03,0.6475300192832947,0.16510368883609772,96002.1640625,69.94000244140625,1.0501223802566528,1.265854835510254,2644.699951171875,0.0066886055283248425,0.05516206473112106,8754.7001953125,126139.0,8359.400390625,6049.8798828125,39248.859375,4878.509765625,13.300000190734863,4.23,2.3057142857,4.4164,1.05,4.544,10.3680952381
2024-12-04,0.6485504508018494,0.16547799110412598,98768.53125,68.54000091552734,1.0510826110839844,1.2674272060394287,2653.800048828125,0.006682392209768295,0.055253803730010986,8728.5,126087.0,8335.7998046875,6086.490234375,39276.390625,4919.02001953125,13.449999809265137,4.19,2.3057142857,4.4164,1.05,4.544,10.3680952381
2024-12-05,0.6432936787605286,0.16559581458568573,96593.5703125,68.30000305175781,1.051414132118225,1.2701154947280884,2626.60009765625,0.006641561631113291,0.05508160591125488,8744.5,127858.0,8349.400390625,6075.10986328125,39395.6015625,4951.580078125,13.539999961853027,4.17,2.3057142857,4.4164,1.05,4.544,10.3680952381
2024-12-06,0.6449898481369019,0.16638104617595673,99920.7109375,67.19999694824219,1.058559536933899,1.2759333848953247,2638.60009765625,0.006657479330897331,0.05552871897816658,8689.2998046875,125946.0,8308.599609375,6090.27001953125,39091.171875,4977.77978515625,12.770000457763672,4.15,2.3057142857,4.4164,1.05,4.544,10.3680952381
2024-12-09,0.639991819858551,0.164249449968338,97432.71875,68.37000274658203,1.0565463304519653,1.2749296426773071,2664.89990234375,0.006665333639830351,0.055549073964357376,8687.0,127210.0,8352.099609375,6052.85009765625,39160.5,4985.4599609375,14.1899995803833,4.2,2.3057142857,4.4164,1.05,4.544,10.3680952381
2024-12-10,0.643790602684021,0.16456571221351624,96675.4296875,68.58999633789062,1.0555204153060913,1.2749085426330566,2697.60009765625,0.00660467054694891,0.05626185983419418,8650.0,128228.0,8280.400390625,6034.91015625,39367.578125,4951.740234375,14.180000305175781,4.22,2.3057142857,4.4164,1.05,4.544,10.3680952381
2024-12-11,0.6376001834869385,0.16541776061058044,101173.03125,70.29000091552734,1.0532968044281006,1.2780042886734009,2733.800048828125,0.0065873111598193645,0.05617567151784897,8610.400390625,129593.0,8301.599609375,6084.18994140625,39372.23046875,4959.35009765625,13.579999923706055,4.26,2.3057142857,4.4164,1.05,4.544,10.3680952381
2024-12-12,0.6383902430534363,0.16799099743366241,100043.0,70.0199966430664,1.0506850481033325,1.2766337394714355,2687.5,0.006568360608071089,0.056541576981544495,8586.900390625,126042.0,8311.7998046875,6051.25,39849.140625,4965.52978515625,13.920000076293945,4.32,2.3057142857,4.4164,1.05,4.544,10.3680952381
2024-12-13,0.6375001668930054,0.16677507758140564,101459.2578125,71.29000091552734,1.0474056005477905,1.2677323818206787,2656.0,0.00655363779515028,0.05626068636775017,8550.2998046875,124612.0,8300.2998046875,6051.08984375,39470.44140625,4967.9501953125,13.8100004196167,4.4,2.3057142857,4.4164,1.05,4.544,10.3680952381
2024-12-17,0.6376400589942932,0.16267305612564087,106140.6015625,70.08000183105469,1.0517348051071167,1.2690355777740479,2644.39990234375,0.006489882245659828,0.05606292933225632,8558.599609375,124698.0,8195.2001953125,6050.60986328125,39364.6796875,4942.580078125,15.869999885559082,4.4,2.3057142857,4.4164,1.05,4.544,10.3680952381
2024-12-18,0.6341153979301453,0.16384847462177277,100041.5390625,70.58000183105469,1.0495051145553589,1.2710840702056885,2636.5,0.006511603482067585,0.055310651659965515,8558.599609375,120772.0,8199.099609375,5872.16015625,39081.7109375,4957.27978515625,27.6200008392334,4.5,2.3057142857,4.4164,1.05,4.544,10.3680952381
2024-12-19,0.6206199526786804,0.15901032090187073,97490.953125,69.91000366210938,1.0350252389907837,1.2567708492279053,2592.199951171875,0.006465252488851547,0.05457919463515282,8415.0,121188.0,8105.2998046875,5867.080078125,38813.578125,4879.0,24.09000015258789,4.57,2.3057142857,4.4164,1.05,4.544,10.3680952381
2024-12-20,0.6233997941017151,0.16255933046340942,97755.9296875,69.45999908447266,1.0364949703216553,1.2497968673706055,2628.699951171875,0.00634340662509203,0.054372649639844894,8316.7001953125,122102.0,8084.60009765625,5930.85009765625,38701.8984375,4862.27978515625,18.360000610351562,4.52,2.3057142857,4.4164,1.05,4.544,10.3680952381
2024-12-23,0.6252892017364502,0.1643601506948471,94686.2421875,69.23999786376953,1.0433076620101929,1.256991982460022,2612.300048828125,0.006388429086655378,0.0547310896217823,8452.7001953125,120767.0,8102.7001953125,5974.06982421875,39161.33984375,4852.93017578125,16.780000686645508,4.59,2.3057142857,4.4164,1.05,4.544,10.3680952381
2024-12-27,0.6223007440567017,0.16264130175113678,94164.859375,70.5999984741211,1.0423181056976318,1.2529758214950562,2617.199951171875,0.006339224521070719,0.05309038981795311,8520.099609375,120269.0,8149.7998046875,5970.83984375,40281.16015625,4898.8798828125,15.949999809265137,4.62,2.3057142857,4.4164,1.05,4.544,10.3680952381
2024-12-30,0.6225099563598633,0.16145437955856323,92643.2109375,70.98999786376953,1.0429377555847168,1.257880687713623,2606.10009765625,0.006334205158054829,0.05360637232661247,8496.0,120283.0,8121.0,5906.93994140625,39894.5390625,4869.27978515625,17.399999618530273,4.55,2.3057142857,4.4164,1.05,4.544,10.3680952381
2025-01-06,0.6220104694366455,0.16179397702217102,102078.0859375,73.55999755859375,1.0305347442626953,1.2426837682724,2638.39990234375,0.006349972449243069,0.053327642381191254,8545.7001953125,120022.0,8249.7001953125,5975.3798828125,39307.05078125,4986.64013671875,16.040000915527344,4.62,2.4836363636,4.6627,1.245,4.481,10.4195454545
2025-01-07,0.623910129070282,0.16351893544197083,96922.703125,74.25,1.0386372804641724,1.2510946989059448,2656.699951171875,0.006339425686746836,0.05392260104417801,8542.900390625,121163.0,8245.2998046875,5909.02978515625,40083.30078125,5011.81982421875,17.81999969482422,4.67,2.4836363636,4.6627,1.245,4.481,10.4195454545
2025-01-08,0.6234919428825378,0.16391023993492126,95043.5234375,73.31999969482422,1.034554123878479,1.247785210609436,2664.5,0.006319674663245678,0.05352373421192169,8599.400390625,119625.0,8251.0,5918.25,39981.05859375,4996.39013671875,17.700000762939453,4.67,2.4836363636,4.6627,1.245,4.481,10.4195454545
2025-01-10,0.6189700961112976,0.16571107506752014,94701.453125,76.56999969482422,1.0297601222991943,1.2299367189407349,2708.5,0.0063271913677453995,0.05281055346131325,8543.7001953125,118856.0,8248.5,5827.0400390625,39190.3984375,4977.259765625,19.540000915527344,4.77,2.4836363636,4.6627,1.245,4.481,10.4195454545
2025-01-14,0.6192100048065186,0.16411198675632477,96534.046875,77.5,1.0265253782272339,1.2233314514160156,2677.5,0.006354693789035082,0.052671775221824646,8471.7998046875,119299.0,8201.5,5842.91015625,38474.30078125,4980.47021484375,18.709999084472656,4.78,2.4836363636,4.6627,1.245,4.481,10.4195454545
2025-01-15,0.619160532951355,0.1651582270860672,100504.4921875,80.04000091552734,1.0306835174560547,1.221344232559204,2712.5,0.00632711173966527,0.060610104352235794,8456.7998046875,122650.0,8301.099609375,5949.91015625,38444.578125,5032.31005859375,16.1200008392334,4.66,2.4836363636,4.6627,1.245,4.481,10.4195454545
2025-01-16,0.6235401034355164,0.16632847487926483,99756.90625,78.68000030517578,1.0295268297195435,1.2243348360061646,2746.39990234375,0.006399794947355986,0.05331343039870262,8569.099609375,121234.0,8391.900390625,5937.33984375,38572.6015625,5106.93017578125,16.600000381469727,4.61,2.4836363636,4.6627,1.245,4.481,10.4195454545
2025-01-17,0.6210300922393799,0.16529197990894318,104462.0390625,77.87999725341797,1.0301949977874756,1.2236906290054321,2744.300048828125,0.00643682898953557,0.06480797380208969,8557.400390625,122350.0,8505.2001953125,5996.66015625,38451.4609375,5148.2998046875,15.970000267028809,4.61,2.4836363636,4.6627,1.245,4.481,10.4195454545
2025-01-21,0.6281000375747681,0.16584298014640808,106146.265625,75.88999938964844,1.0420682430267334,1.233136773109436,2755.0,0.006441265810281038,0.05406670644879341,8652.7001953125,123338.0,8548.2998046875,6049.240234375,39027.98046875,5165.9599609375,15.0600004196167,4.57,2.4836363636,4.6627,1.245,4.481,10.4195454545
2025-01-22,0.6262015104293823,0.1660991609096527,103653.0703125,75.44000244140625,1.0405935049057007,1.2335399389266968,2767.60009765625,0.0064195566810667515,0.0541137233376503,8680.5,122972.0,8545.099609375,6086.3701171875,39646.25,5205.830078125,15.100000381469727,4.6,2.4836363636,4.6627,1.245,4.481,10.4195454545
2025-01-23,0.6275002360343933,0.16834166646003723,103960.171875,74.62000274658203,1.0410159826278687,1.231420874595642,2763.10009765625,0.00639222702011466,0.054071880877017975,8629.099609375,122483.0,8565.2001953125,6118.7099609375,39958.87109375,5217.5,15.020000457763672,4.65,2.4836363636,4.6627,1.245,4.481,10.4195454545
2025-01-24,0.6283262372016907,0.16880486905574799,104819.484375,74.66000366210938,1.041601538658142,1.2353914976119995,2777.300048828125,0.006403893698006868,0.05404079332947731,8660.400390625,122447.0,8502.400390625,6101.240234375,39931.98046875,5219.3701171875,14.850000381469727,4.63,2.4836363636,4.6627,1.245,4.481,10.4195454545
2025-01-28,0.6263799667358398,0.1697043776512146,101332.4765625,73.7699966430664,1.0445064306259155,1.2460592985153198,2766.800048828125,0.006455402821302414,0.05335751920938492,8644.5,124056.0,8533.900390625,6067.7001953125,39016.87109375,5195.7099609375,16.40999984741211,4.55,2.4836363636,4.6627,1.245,4.481,10.4195454545
2025-01-29,0.6254573464393616,0.1707621067762375,103703.2109375,72.62000274658203,1.0429050922393799,1.2441680431365967,2769.10009765625,0.006428428925573826,0.05359171703457832,8700.7001953125,123432.0,8557.7998046875,6039.31005859375,39414.78125,5230.66015625,16.559999465942383,4.55,2.4836363636,4.6627,1.245,4.481,10.4195454545
2025-01-30,0.6239782571792603,0.1707446128129959,104735.3046875,72.7300033569336,1.0425245761871338,1.245530128479004,2823.0,0.006444544997066259,0.05400063842535019,8806.0,126913.0,8646.900390625,6071.169921875,39513.96875,5282.2099609375,15.84000015258789,4.52,2.4836363636,4.6627,1.245,4.481,10.4195454545
2025-01-31,0.6215001940727234,0.1702272593975067,102405.0234375,72.52999877929688,1.0397279262542725,1.2423903942108154,2812.5,0.006489418912678957,0.05385812371969223,8789.7001953125,126135.0,8674.0,6040.52978515625,39572.48828125,5286.8701171875,16.43000030517578,4.58,2.4836363636,4.6627,1.245,4.481,10.4195454545
2025-02-03,0.614420473575592,0.17121528089046478,101405.421875,73.16000366210938,1.024779200553894,1.2291958332061768,2833.89990234375,0.006436538882553577,0.05264681950211525,8628.400390625,125970.0,8583.599609375,5994.56982421875,38520.08984375,5217.91015625,18.6200008392334,4.54,2.4836363636,4.6627,1.245,4.481,10.4195454545
2025-02-04,0.6217397451400757,0.17222967743873596,97871.8203125,72.69999694824219,1.0327378511428833,1.2431780099868774,2853.300048828125,0.0064401039853692055,0.053380563855171204,8633.400390625,125147.0,8570.7998046875,6037.8798828125,38798.37109375,5264.58984375,17.209999084472656,4.52,2.4836363636,4.6627,1.245,4.481,10.4195454545
2025-02-05,0.6251093745231628,0.1736985594034195,96615.4453125,71.02999877929688,1.0372798442840576,1.2478163242340088,2871.60009765625,0.006487903650850058,0.053592320531606674,8683.400390625,125534.0,8623.2998046875,6061.47998046875,38831.48046875,5271.1201171875,15.770000457763672,4.43,2.4836363636,4.6627,1.245,4.481,10.4195454545
2025-02-06,0.6285473704338074,0.17232763767242432,96593.296875,70.61000061035156,1.0400848388671875,1.2504063844680786,2856.0,0.006552821956574917,0.053958386182785034,8785.099609375,126225.0,8727.2998046875,6083.56982421875,39066.53125,5356.6298828125,15.5,4.45,2.4836363636,4.6627,1.245,4.481,10.4195454545
2025-02-07,0.6281801462173462,0.17359603941440582,96529.0859375,71.0,1.0385725498199463,1.2437502145767212,2867.300048828125,0.006614062935113907,0.054236408323049545,8780.2998046875,124619.0,8700.5,6025.990234375,38787.01953125,5325.39990234375,16.540000915527344,4.49,2.4836363636,4.6627,1.245,4.481,10.4195454545
2025-02-10,0.6258898973464966,0.1723187267780304,97437.5546875,72.31999969482422,1.0311616659164429,1.2391574382781982,2914.300048828125,0.006585619878023863,0.05398090183734894,8747.599609375,125572.0,8767.7998046875,6066.43994140625,38801.171875,5358.2998046875,15.8100004196167,4.51,2.4836363636,4.6627,1.245,4.481,10.4195454545
2025-02-12,0.629830002784729,0.17347557842731476,97885.859375,71.37000274658203,1.0364949703216553,1.245159387588501,2909.0,0.006547116208821535,0.054061099886894226,8799.599609375,124380.0,8807.400390625,6051.97021484375,38963.69921875,5405.64990234375,15.890000343322754,4.62,2.4836363636,4.6627,1.245,4.481,10.4195454545
2025-02-13,0.6282985806465149,0.17347858846187592,96623.8671875,71.29000091552734,1.039198637008667,1.2450664043426514,2925.89990234375,0.006482771597802639,0.054019395262002945,8804.2001953125,124850.0,8764.7001953125,6115.06982421875,39461.46875,5500.5,15.100000381469727,4.52,2.4836363636,4.6627,1.245,4.481,10.4195454545
2025-02-14,0.6316919922828674,0.17340338230133057,97508.96875,70.73999786376953,1.0461673736572266,1.2563445568084717,2883.60009765625,0.00653641764074564,0.05410904437303543,8825.099609375,128219.0,8732.5,6114.6298828125,39149.4296875,5493.39990234375,14.770000457763672,4.47,2.4836363636,4.6627,1.245,4.481,10.4195454545
2025-02-18,0.6356107592582703,0.1750669628381729,95539.546875,71.8499984741211,1.048536777496338,1.262148141860962,2931.60009765625,0.006603100802749395,0.05432889983057976,8756.7001953125,128532.0,8766.7001953125,6129.580078125,39270.3984375,5533.83984375,15.350000381469727,4.55,2.4836363636,4.6627,1.245,4.481,10.4195454545
2025-02-19,0.6353119015693665,0.17579017579555511,96635.609375,72.25,1.044833779335022,1.2625784873962402,2919.39990234375,0.006581935100257397,0.05436200648546219,8699.099609375,127309.0,8712.5,6144.14990234375,39164.609375,5461.169921875,15.270000457763672,4.53,2.4836363636,4.6627,1.245,4.481,10.4195454545
2025-02-20,0.6341274976730347,0.17481599748134613,98333.9375,72.56999969482422,1.0421009063720703,1.2584155797958374,2940.0,0.006612882018089294,0.054023683071136475,8601.7001953125,127601.0,8663.0,6117.52001953125,38678.0390625,5461.02978515625,15.65999984741211,4.5,2.4836363636,4.6627,1.245,4.481,10.4195454545
2025-02-21,0.6404098868370056,0.175398588180542,96125.546875,70.4000015258789,1.0500562191009521,1.2670401334762573,2937.60009765625,0.006693081930279732,0.05458813160657883,8570.900390625,127128.0,8659.400390625,6013.1298828125,38776.94140625,5474.85009765625,18.209999084472656,4.42,2.4836363636,4.6627,1.245,4.481,10.4195454545
2025-02-25,0.6338099837303162,0.17307625710964203,88736.171875,68.93000030517578,1.0461344718933105,1.261781930923462,2904.5,0.006672716699540615,0.054461780935525894,8498.0,125980.0,8668.7001953125,5955.25,38237.7890625,5447.89990234375,19.43000030517578,4.3,2.4836363636,4.6627,1.245,4.481,10.4195454545
2025-02-26,0.6352877020835876,0.1742069125175476,84347.0234375,68.62000274658203,1.0524100065231323,1.2674431800842285,2916.800048828125,0.006707897875458002,0.05431535840034485,8477.2998046875,124769.0,8731.5,5956.06005859375,38142.37109375,5527.990234375,19.100000381469727,4.25,2.4836363636,4.6627,1.245,4.481,10.4195454545
2025-02-27,0.6310780644416809,0.1723632663488388,84704.2265625,70.3499984741211,1.0488777160644531,1.2682307958602905,2883.199951171875,0.006718714255839586,0.05444769933819771,8506.099609375,124799.0,8756.2001953125,5861.56982421875,38256.171875,5472.56005859375,21.1299991607666,4.29,2.4836363636,4.6627,1.245,4.481,10.4195454545
2025-02-28,0.623219907283783,0.17126218974590302,84373.0078125,69.76000213623047,1.039511799812317,1.259890079498291,2836.800048828125,0.006666133645921946,0.05426191911101341,8403.900390625,122799.0,8809.7001953125,5954.5,37155.5,5463.5400390625,19.6299991607666,4.24,2.4836363636,4.6627,1.245,4.481,10.4195454545
2025-03-05,0.6269985437393188,0.16990332305431366,90623.5625,66.30999755859375,1.062699317932129,1.2794268131256104,2915.300048828125,0.006675612181425095,0.05414067953824997,8363.099609375,123047.0,8755.7998046875,5842.6298828125,37418.23828125,5489.1201171875,21.93000030517578,4.28,2.4836363636,4.6627,1.245,4.481,10.4195454545
2025-03-06,0.6338099837303162,0.1742129921913147,89961.7265625,66.36000061035156,1.0794938802719116,1.2891913652420044,2916.60009765625,0.006716007366776466,0.054657354950904846,8326.400390625,123358.0,8682.7998046875,5738.52001953125,37704.9296875,5520.47021484375,24.8700008392334,4.29,2.4836363636,4.6627,1.245,4.481,10.4195454545
2025-03-07,0.6332280039787292,0.17352072894573212,86742.671875,67.04000091552734,1.0787951946258545,1.2885303497314453,2904.699951171875,0.006751829758286476,0.05517704039812088,8178.5,125035.0,8679.900390625,5770.2001953125,36887.171875,5468.41015625,23.3700008392334,4.32,2.4836363636,4.6627,1.245,4.481,10.4195454545
2025-03-10,0.6303898096084595,0.17292362451553345,78532.0,66.02999877929688,1.086059331893921,1.2932428121566772,2891.0,0.006774700712412596,0.054769523441791534,8191.7001953125,124519.0,8600.2001953125,5614.56005859375,37028.26953125,5386.97998046875,27.860000610351562,4.22,2.4836363636,4.6627,1.245,4.481,10.4195454545
2025-03-11,0.6279513835906982,0.17085547745227814,82862.2109375,66.25,1.0839403867721558,1.2875481843948364,2912.89990234375,0.006799529306590557,0.054558347910642624,8103.39990234375,123507.0,8496.0,5572.06982421875,36793.109375,5309.89990234375,26.920000076293945,4.28,2.4836363636,4.6627,1.245,4.481,10.4195454545
2025-03-12,0.6295286417007446,0.17215852439403534,83722.359375,67.68000030517578,1.0914170742034912,1.294481635093689,2939.10009765625,0.006754839327186346,0.05496108904480934,8002.60009765625,123864.0,8541.0,5599.2998046875,36819.08984375,5359.419921875,24.229999542236328,4.32,2.4836363636,4.6627,1.245,4.481,10.4195454545
2025-03-13,0.6327592134475708,0.17247921228408813,81066.703125,66.55000305175781,1.0886249542236328,1.2964283227920532,2984.300048828125,0.006744042970240116,0.05454287678003311,7966.60009765625,125637.0,8542.599609375,5521.52001953125,36790.03125,5328.39013671875,24.65999984741211,4.27,2.4836363636,4.6627,1.245,4.481,10.4195454545
2025-03-14,0.6287410259246826,0.17245839536190033,83969.1015625,67.18000030517578,1.085564136505127,1.2958402633666992,2994.5,0.006759085692465305,0.05472255498170853,8013.2998046875,128957.0,8632.2998046875,5638.93994140625,37053.1015625,5404.18017578125,21.770000457763672,4.31,2.4836363636,4.6627,1.245,4.481,10.4195454545
2025-03-17,0.6326191425323486,0.17419782280921936,84075.6875,67.58000183105469,1.0881274938583374,1.2930588722229004,3000.0,0.0067295655608177185,0.054956771433353424,8082.10009765625,130834.0,8680.2998046875,5675.1201171875,37396.51953125,5445.5498046875,20.510000228881836,4.31,2.4836363636,4.6627,1.245,4.481,10.4195454545
2025-03-18,0.638198733329773,0.1761162132024765,82718.5,66.9000015258789,1.091917634010315,1.2985326051712036,3035.10009765625,0.006694381590932608,0.05532475933432579,8089.89990234375,131475.0,8705.2001953125,5614.66015625,37845.421875,5485.009765625,21.700000762939453,4.29,2.4836363636,4.6627,1.245,4.481,10.4195454545
2025-03-19,0.6361202001571655,0.17630153894424438,86854.2265625,67.16000366210938,1.093948245048523,1.3000519275665283,3035.89990234375,0.006691111717373133,0.055231254547834396,8055.2998046875,132508.0,8706.7001953125,5675.2900390625,37751.87890625,5507.35986328125,19.899999618530273,4.25,2.4836363636,4.6627,1.245,4.481,10.4195454545
2025-03-24,0.6288319230079651,0.17453224956989288,87498.9140625,69.11000061035156,1.0835762023925781,1.2924572229385376,3013.10009765625,0.006681052967905998,0.05492731183767319,8157.89990234375,131321.0,8638.0,5767.56982421875,37608.48828125,5415.7900390625,17.479999542236328,4.34,2.4836363636,4.6627,1.245,4.481,10.4195454545
2025-03-25,0.6285908222198486,0.17358700931072235,87471.703125,69.0,1.0803569555282593,1.2924238443374634,3023.699951171875,0.006632443051785231,0.05481533333659172,8166.7001953125,132068.0,8663.7998046875,5776.64990234375,37780.5390625,5475.080078125,17.149999618530273,4.31,2.4836363636,4.6627,1.245,4.481,10.4195454545
2025-03-26,0.6309000849723816,0.17548786103725433,86900.8828125,69.6500015258789,1.0787487030029297,1.2943308353424072,3020.89990234375,0.00666888989508152,0.054732706397771835,8225.099609375,132520.0,8689.599609375,5712.2001953125,38027.2890625,5411.68994140625,18.329999923706055,4.35,2.4836363636,4.6627,1.245,4.481,10.4195454545
2025-03-27,0.6287015080451965,0.1744135320186615,87177.1015625,69.91999816894531,1.0742061138153076,1.2877637147903442,3060.199951171875,0.0066457102075219154,0.054735735058784485,8185.5,133149.0,8666.099609375,5693.31005859375,37799.96875,5381.080078125,18.690000534057617,4.38,2.4836363636,4.6627,1.245,4.481,10.4195454545
2025-03-28,0.6301594376564026,0.17423728108406067,84353.1484375,69.36000061035156,1.080100178718567,1.295202612876892,3086.5,0.006629233714193106,0.05492890626192093,8195.5,131902.0,8658.900390625,5580.93994140625,37120.328125,5331.39990234375,21.649999618530273,4.27,2.4836363636,4.6627,1.245,4.481,10.4195454545
2025-03-31,0.6282907128334045,0.17366839945316315,82548.9140625,71.4800033569336,1.082391619682312,1.2938284873962402,3122.800048828125,0.006683732382953167,0.05431476607918739,8053.2001953125,130260.0,8582.7998046875,5611.85009765625,35617.55859375,5248.39013671875,22.280000686645508,4.23,2.4836363636,4.6627,1.245,4.481,10.4195454545
2025-04-01,0.6241885423660278,0.17548786103725433,85169.171875,71.19999694824219,1.0818880796432495,1.292089819908142,3118.89990234375,0.006670536007732153,0.054619766771793365,8126.89990234375,131147.0,8634.7998046875,5633.06982421875,35624.48046875,5320.2998046875,21.770000457763672,4.17,2.5105,4.5762,1.31,4.267,11.3847368421
2025-04-02,0.6289584636688232,0.17601604759693146,82485.7109375,71.70999908447266,1.0795987844467163,1.292306900024414,3139.89990234375,0.0066763246431946754,0.05411849915981293,8133.10009765625,131190.0,8608.5,5670.97021484375,35725.87109375,5303.9501953125,21.510000228881836,4.2,2.5105,4.5762,1.31,4.267,11.3847368421
2025-04-03,0.6264698505401611,0.17656302452087402,83102.828125,66.94999694824219,1.090869426727295,1.3046314716339111,3097.0,0.0067626056261360645,0.05278688669204712,8052.7001953125,131141.0,8474.7001953125,5396.52001953125,34735.9296875,5113.27978515625,30.020000457763672,4.06,2.5105,4.5762,1.31,4.267,11.3847368421
2025-04-04,0.6323510408401489,0.17760096490383148,83843.8046875,61.9900016784668,1.1043744087219238,1.308866262435913,3012.0,0.006838494911789894,0.053364358842372894,7847.60009765625,127256.0,8055.0,5074.080078125,33780.578125,4878.31005859375,45.310001373291016,4.01,2.5105,4.5762,1.31,4.267,11.3847368421
2025-04-07,0.5987701416015625,0.17123198509216309,79235.3359375,60.70000076293945,1.098454475402832,1.2910722494125366,2951.300048828125,0.006876018363982439,0.051881156861782074,7524.2998046875,125588.0,7702.10009765625,5062.25,31136.580078125,4656.41015625,46.97999954223633,4.15,2.5105,4.5762,1.31,4.267,11.3847368421
2025-04-08,0.5997613072395325,0.16910172998905182,76271.953125,59.58000183105469,1.0915361642837524,1.2734960317611694,2968.39990234375,0.0067664035595953465,0.051130760461091995,7704.39990234375,123932.0,7910.5,4982.77001953125,33012.578125,4773.64990234375,52.33000183105469,4.26,2.5105,4.5762,1.31,4.267,11.3847368421
2025-04-09,0.595528781414032,0.166298046708107,82573.953125,62.349998474121094,1.0980443954467773,1.2790995836257935,3056.5,0.006856594234704971,0.05061287060379982,7561.7001953125,127796.0,7679.5,5456.89990234375,31714.029296875,4622.14013671875,33.619998931884766,4.34,2.5105,4.5762,1.31,4.267,11.3847368421
2025-04-10,0.6133614778518677,0.1718774139881134,79626.140625,60.06999969482422,1.0952062606811523,1.2825446128845215,3155.199951171875,0.00678430637344718,0.05151394382119179,7913.89990234375,126355.0,7913.2998046875,5268.0498046875,34609.0,4818.919921875,40.720001220703125,4.4,2.5105,4.5762,1.31,4.267,11.3847368421
2025-04-11,0.6223394870758057,0.16994373500347137,83404.8359375,61.5,1.1257838010787964,1.2992074489593506,3222.199951171875,0.006956667173653841,0.05131760612130165,7853.7001953125,127682.0,7964.2001953125,5363.35986328125,33585.578125,4787.22998046875,37.560001373291016,4.48,2.5105,4.5762,1.31,4.267,11.3847368421
2025-04-14,0.6301316618919373,0.17052623629570007,84542.390625,61.529998779296875,1.1343141794204712,1.3085237741470337,3204.800048828125,0.006959136109799147,0.0523051917552948,7959.7001953125,129454.0,8134.2998046875,5405.97021484375,33982.359375,4911.39013671875,30.889999389648438,4.38,2.5105,4.5762,1.31,4.267,11.3847368421
2025-04-15,0.631991446018219,0.1708175390958786,83668.9921875,61.33000183105469,1.1339668035507202,1.3174536228179932,3218.699951171875,0.006982216611504555,0.05299023538827896,7969.89990234375,129245.0,8249.099609375,5396.6298828125,34267.5390625,4970.43017578125,30.1200008392334,4.35,2.5105,4.5762,1.31,4.267,11.3847368421
2025-04-16,0.6337898373603821,0.16993507742881775,84033.8671875,62.470001220703125,1.1292672157287598,1.323101282119751,3326.60009765625,0.0069841668009757996,0.052558742463588715,7961.7001953125,128317.0,8275.599609375,5275.7001953125,33920.3984375,4966.5,32.63999938964844,4.29,2.5105,4.5762,1.31,4.267,11.3847368421
2025-04-17,0.6372998952865601,0.17049136757850647,84895.75,64.68000030517578,1.1396790742874146,1.3233989477157593,3308.699951171875,0.007045826409012079,0.05324742570519447,8021.89990234375,129650.0,8275.7001953125,5282.7001953125,34377.6015625,4935.33984375,29.649999618530273,4.34,2.5105,4.5762,1.31,4.267,11.3847368421
2025-04-22,0.6421988606452942,0.17220300436019897,93441.890625,64.30999755859375,1.1512778997421265,1.3379716873168945,3400.800048828125,0.007098441012203693,0.05348319932818413,8013.7001953125,130464.0,8328.599609375,5287.759765625,34220.6015625,4961.4501953125,30.56999969482422,4.41,2.5105,4.5762,1.31,4.267,11.3847368421
2025-04-23,0.6376200914382935,0.17482823133468628,93699.109375,62.27000045776367,1.1351252794265747,1.327316164970398,3276.300048828125,0.007008297834545374,0.05374171584844589,8125.2001953125,132216.0,8403.2001953125,5375.85986328125,34868.62890625,5098.740234375,28.450000762939453,4.4,2.5105,4.5762,1.31,4.267,11.3847368421
2025-04-24,0.6365291476249695,0.17533400654792786,93943.796875,62.790000915527344,1.132733702659607,1.326453447341919,3332.0,0.006982118356972933,0.05359228700399399,8175.10009765625,134580.0,8407.400390625,5484.77001953125,35039.1484375,5114.97998046875,26.469999313354492,4.32,2.5105,4.5762,1.31,4.267,11.3847368421
2025-04-30,0.6386919617652893,0.17793594300746918,94207.3125,58.209999084472656,1.1389262676239014,1.3410794734954834,3305.0,0.007027456536889076,0.05401550978422165,8341.0,135067.0,8494.900390625,5569.06005859375,36045.37890625,5160.22021484375,24.700000762939453,4.17,2.5105,4.5762,1.31,4.267,11.3847368421
2025-05-02,0.6386797428131104,0.1761462688446045,96910.0703125,58.290000915527344,1.1296498775482178,1.3286387920379639,3231.89990234375,0.006875309627503157,0.05393539369106293,8456.2001953125,135134.0,8596.400390625,5686.669921875,36830.69140625,5285.18994140625,22.68000030517578,4.33,2.5628571429,4.6004,1.5,4.35,11.0652380952
2025-05-07,0.6506688594818115,0.17504550516605377,97032.3203125,58.06999969482422,1.1342755556106567,1.335594892501831,3381.39990234375,0.006991295609623194,0.05496830865740776,8399.7998046875,133398.0,8559.2998046875,5631.27978515625,36779.66015625,5230.18994140625,23.549999237060547,4.26,2.5628571429,4.6004,1.5,4.35,11.0652380952
2025-05-08,0.6434799432754517,0.17407652735710144,103241.4609375,59.90999984741211,1.1306205987930298,1.3294159173965454,3296.60009765625,0.0069517819210886955,0.054792121052742004,8421.7001953125,136232.0,8531.599609375,5663.93994140625,36928.62890625,5288.93994140625,22.479999542236328,4.37,2.5628571429,4.6004,1.5,4.35,11.0652380952
2025-05-09,0.6392595171928406,0.17662851512432098,102970.8515625,61.02000045776367,1.122422695159912,1.323539137840271,3335.39990234375,0.006848611403256655,0.05491277202963829,8462.599609375,136512.0,8554.7998046875,5659.91015625,37503.328125,5309.740234375,21.899999618530273,4.37,2.5628571429,4.6004,1.5,4.35,11.0652380952
2025-05-12,0.642091691493988,0.17704755067825317,102812.953125,61.95000076293945,1.12296462059021,1.3289036750793457,3220.0,0.006858146283775568,0.05493977293372154,8467.0,136563.0,8605.0,5844.18994140625,37644.26171875,5392.35986328125,18.389999389648438,4.45,2.5628571429,4.6004,1.5,4.35,11.0652380952
2025-05-13,0.6371780633926392,0.17637306451797485,104169.8125,63.66999816894531,1.1095577478408813,1.3177834749221802,3240.300048828125,0.006742633879184723,0.054812509566545486,8510.7001953125,138963.0,8602.900390625,5886.5498046875,38183.26171875,5416.2099609375,18.219999313354492,4.49,2.5628571429,4.6004,1.5,4.35,11.0652380952
2025-05-14,0.6472617387771606,0.17855647206306458,103539.4140625,63.150001525878906,1.1185556650161743,1.3304418325424194,3181.39990234375,0.0067783743143081665,0.05465230718255043,8520.2001953125,138423.0,8585.0,5892.580078125,38128.12890625,5403.43994140625,18.6200008392334,4.53,2.5628571429,4.6004,1.5,4.35,11.0652380952
2025-05-15,0.6428800821304321,0.17741507291793823,103744.640625,61.619998931884766,1.1181930303573608,1.3263479471206665,3220.699951171875,0.006818957161158323,0.0548970028758049,8529.7998046875,139334.0,8633.7998046875,5916.93017578125,37755.51171875,5412.080078125,17.829999923706055,4.45,2.5628571429,4.6004,1.5,4.35,11.0652380952
2025-05-16,0.640578031539917,0.17601604759693146,103489.2890625,62.4900016784668,1.1192693710327148,1.3306896686553955,3182.0,0.006867518182843924,0.05556419864296913,8579.900390625,139187.0,8684.599609375,5958.3798828125,37753.71875,5427.52978515625,17.239999771118164,4.43,2.5628571429,4.6004,1.5,4.35,11.0652380952
2025-05-19,0.6410001516342163,0.17671985924243927,105606.1796875,62.689998626708984,1.1187559366226196,1.3305498361587524,3228.89990234375,0.006882406771183014,0.05542570725083351,8524.7998046875,139636.0,8699.2998046875,5963.60009765625,37498.62890625,5427.22998046875,18.139999389648438,4.46,2.5628571429,4.6004,1.5,4.35,11.0652380952
2025-05-20,0.6455819606781006,0.17716361582279205,106791.0859375,62.560001373291016,1.1233429908752441,1.3360053300857544,3280.300048828125,0.0068977405317127705,0.05534086376428604,8573.400390625,140110.0,8781.099609375,5940.4599609375,37529.48828125,5454.64990234375,18.09000015258789,4.48,2.5628571429,4.6004,1.5,4.35,11.0652380952
2025-05-21,0.6425999999046326,0.17645086348056793,109678.078125,61.56999969482422,1.1287955045700073,1.3397821187973022,3309.300048828125,0.006928662303835154,0.055799275636672974,8611.7001953125,137881.0,8786.5,5844.60986328125,37298.98046875,5454.4599609375,20.8700008392334,4.58,2.5628571429,4.6004,1.5,4.35,11.0652380952
2025-05-22,0.6433101892471313,0.17715732753276825,111673.28125,61.20000076293945,1.133118748664856,1.3419036865234375,3292.300048828125,0.006956279743462801,0.05564362555742264,8571.400390625,137273.0,8739.2998046875,5842.009765625,36985.87109375,5424.47998046875,20.280000686645508,4.54,2.5628571429,4.6004,1.5,4.35,11.0652380952
2025-05-23,0.6409804821014404,0.17494140565395355,107287.796875,61.529998779296875,1.1281843185424805,1.3419216871261597,3363.60009765625,0.006951299030333757,0.0555373840034008,8586.7001953125,137824.0,8718.0,5802.81982421875,37160.46875,5326.31005859375,22.290000915527344,4.51,2.5628571429,4.6004,1.5,4.35,11.0652380952
2025-05-27,0.6481007933616638,0.17647266387939453,108994.640625,60.88999938964844,1.1388484239578247,1.3565207719802856,3299.10009765625,0.0070099192671477795,0.05608273670077324,8631.5,139541.0,8778.099609375,5921.5400390625,37724.109375,5415.4501953125,18.959999084472656,4.43,2.5628571429,4.6004,1.5,4.35,11.0652380952
2025-05-28,0.6447120904922485,0.17738673090934753,107802.328125,61.84000015258789,1.1337097883224487,1.3513330221176147,3293.60009765625,0.006935919169336557,0.055720020085573196,8624.900390625,138888.0,8726.0,5888.5498046875,37722.3984375,5378.39013671875,19.309999465942383,4.47,2.5628571429,4.6004,1.5,4.35,11.0652380952
2025-05-29,0.6425207257270813,0.1757870763540268,105641.7578125,60.939998626708984,1.123368263244629,1.3431472778320312,3317.10009765625,0.006863559130579233,0.05566658079624176,8637.7998046875,138534.0,8716.5,5912.169921875,38432.98046875,5378.39013671875,19.18000030517578,4.43,2.5628571429,4.6004,1.5,4.35,11.0652380952
2025-05-30,0.6445998549461365,0.17651939392089844,103998.5703125,60.790000915527344,1.1378376483917236,1.3498992919921875,3288.89990234375,0.0069551183842122555,0.05623585358262062,8660.2998046875,137027.0,8772.400390625,5911.68994140625,37965.1015625,5366.58984375,18.56999969482422,4.41,2.5628571429,4.6004,1.5,4.35,11.0652380952
2025-06-02,0.644321620464325,0.17480072379112244,105881.53125,62.52000045776367,1.1353315114974976,1.346728801727295,3370.60009765625,0.006953377276659012,0.05565514415502548,8637.5,136787.0,8774.2998046875,5935.93994140625,37470.671875,5355.56005859375,18.360000610351562,4.46,2.5628571429,4.6004,1.5,4.35,11.0652380952
2025-06-03,0.6498401165008545,0.17629222571849823,105432.46875,63.40999984741211,1.1453442573547363,1.3556748628616333,3350.199951171875,0.007019908633083105,0.05608304962515831,8690.900390625,137546.0,8787.0,5970.3701171875,37446.80859375,5375.7001953125,17.690000534057617,4.46,2.5628571429,4.6004,1.5,4.35,11.0652380952
2025-06-04,0.646608829498291,0.17737413942813873,104731.984375,62.849998474121094,1.1384464502334595,1.353143334388733,3373.5,0.006952313706278801,0.056030064821243286,8770.2001953125,137002.0,8801.2998046875,5970.81005859375,37747.44921875,5405.14990234375,17.610000610351562,4.37,2.5628571429,4.6004,1.5,4.35,11.0652380952
2025-06-05,0.6490682363510132,0.1775536686182022,101575.953125,63.369998931884766,1.1422044038772583,1.3552155494689941,3350.699951171875,0.007006137631833553,0.056153181940317154,8768.599609375,136236.0,8811.0,5939.2998046875,37554.48828125,5410.5498046875,18.479999542236328,4.4,2.5628571429,4.6004,1.5,4.35,11.0652380952
2025-06-06,0.6510501503944397,0.1790638566017151,104390.34375,64.58000183105469,1.1453834772109985,1.3579576015472412,3322.699951171875,0.006966601591557264,0.05648396536707878,8741.900390625,136102.0,8837.900390625,6000.35986328125,37741.609375,5430.169921875,16.770000457763672,4.51,2.5628571429,4.6004,1.5,4.35,11.0652380952
2025-06-10,0.6518101692199707,0.1799532026052475,110257.234375,64.9800033569336,1.1428048610687256,1.3556748628616333,3320.89990234375,0.006918500177562237,0.056470371782779694,8812.7001953125,136436.0,8853.099609375,6038.81005859375,38211.51171875,5415.3798828125,16.950000762939453,4.47,2.5628571429,4.6004,1.5,4.35,11.0652380952
2025-06-11,0.6527202129364014,0.17946554720401764,108686.625,68.1500015258789,1.143746018409729,1.3508219718933105,3321.300048828125,0.0069042653776705265,0.05654829367995262,8819.7001953125,137128.0,8864.400390625,6022.240234375,38421.19140625,5393.14990234375,17.260000228881836,4.41,2.5628571429,4.6004,1.5,4.35,11.0652380952
2025-06-12,0.6509501338005066,0.18064236640930176,105929.0546875,68.04000091552734,1.1509333848953247,1.3567416667938232,3380.89990234375,0.006934668403118849,0.05653965845704079,8796.0,137800.0,8884.900390625,6045.259765625,38173.08984375,5360.81982421875,18.020000457763672,4.36,2.5628571429,4.6004,1.5,4.35,11.0652380952
2025-06-13,0.6527999043464661,0.18059343099594116,106090.96875,72.9800033569336,1.1600254774093628,1.3627691268920898,3431.199951171875,0.006983533035963774,0.056322164833545685,8770.599609375,137213.0,8850.599609375,5976.97021484375,37834.25,5290.47021484375,20.81999969482422,4.41,2.5628571429,4.6004,1.5,4.35,11.0652380952
2025-06-17,0.6511001586914062,0.1821228265762329,104601.1171875,74.83999633789062,1.1551345586776733,1.3565576076507568,3386.60009765625,0.006909464951604605,0.05613061413168907,8771.099609375,138840.0,8834.0,5982.72021484375,38536.73828125,5288.68017578125,21.600000381469727,4.39,2.5628571429,4.6004,1.5,4.35,11.0652380952
2025-06-18,0.6479797959327698,0.18204988539218903,104883.328125,75.13999938964844,1.1482638120651245,1.3430029153823853,3389.800048828125,0.0068787140771746635,0.05560591071844101,8757.900390625,138717.0,8843.5,5980.8701171875,38885.1484375,5266.91015625,20.139999389648438,4.38,2.5628571429,4.6004,1.5,4.35,11.0652380952
2025-06-20,0.6488786935806274,0.18214936554431915,103309.6015625,74.93000030517578,1.1512778997421265,1.3476725816726685,3368.10009765625,0.006886198651045561,0.055572349578142166,8723.5,137116.0,8774.7001953125,5967.83984375,38403.23046875,5233.580078125,20.6200008392334,4.38,2.5628571429,4.6004,1.5,4.35,11.0652380952
2025-06-23,0.6446704864501953,0.1812119334936142,105577.7734375,68.51000213623047,1.1500862836837769,1.3435983657836914,3377.699951171875,0.006838822737336159,0.05536730960011482,8688.0,136551.0,8758.0,6025.169921875,38354.08984375,5221.89990234375,19.829999923706055,4.34,2.5628571429,4.6004,1.5,4.35,11.0652380952
2025-06-24,0.6477800011634827,0.18202336132526398,106045.6328125,64.37000274658203,1.1599044799804688,1.3545364141464233,3317.39990234375,0.006852694787085056,0.056133102625608444,8774.7998046875,137165.0,8759.0,6092.18017578125,38790.55859375,5297.06982421875,17.479999542236328,4.3,2.5628571429,4.6004,1.5,4.35,11.0652380952
2025-06-25,0.6495999097824097,0.1814783215522766,107361.2578125,64.91999816894531,1.161224365234375,1.361488938331604,3327.10009765625,0.006898597348481417,0.05642831325531006,8779.900390625,135767.0,8718.7998046875,6092.16015625,38942.0703125,5252.009765625,16.760000228881836,4.29,2.5628571429,4.6004,1.5,4.35,11.0652380952
2025-06-26,0.6523114442825317,0.17992407083511353,106960.0,65.23999786376953,1.1683744192123413,1.369187831878662,3333.5,0.00690112030133605,0.05649462342262268,8773.599609375,137114.0,8735.599609375,6141.02001953125,39584.578125,5244.02978515625,16.59000015258789,4.26,2.5628571429,4.6004,1.5,4.35,11.0652380952
2025-06-27,0.654630184173584,0.18257836997509003,107088.4296875,65.5199966430664,1.1692214012145996,1.37247633934021,3273.699951171875,0.0069111366756260395,0.055989161133766174,8743.599609375,136866.0,8798.900390625,6173.06982421875,40150.7890625,5325.64013671875,16.31999969482422,4.29,2.5628571429,4.6004,1.5,4.35,11.0652380952
2025-06-30,0.6533215045928955,0.18253503739833832,107135.3359375,65.11000061035156,1.1727453470230103,1.3719680309295654,3294.39990234375,0.00691960146650672,0.05627208948135376,8773.0,138855.0,8761.0,6204.9501953125,40487.390625,5303.240234375,16.729999542236328,4.24,2.5628571429,4.6004,1.5,4.35,11.0652380952
2025-07-01,0.6578081846237183,0.18415527045726776,105698.28125,65.44999694824219,1.178717017173767,1.3730605840682983,3336.699951171875,0.006954102776944637,0.05648026615381241,8772.0,139549.0,8785.2998046875,6198.009765625,39986.328125,5282.43017578125,16.829999923706055,4.26,2.6313043478,4.5924,1.545,4.291,10.3960869565
2025-07-02,0.6583105325698853,0.1831904500722885,108859.3203125,67.44999694824219,1.180553913116455,1.374721646308899,3348.0,0.006973403971642256,0.05684250220656395,8828.7001953125,139051.0,8774.7001953125,6227.419921875,39762.48046875,5318.72021484375,16.639999389648438,4.3,2.6313043478,4.5924,1.545,4.291,10.3960869565
2025-07-03,0.6582901477813721,0.1842842400074005,109647.9765625,67.0,1.18002450466156,1.3650014400482178,3331.60009765625,0.006967378780245781,0.05695052817463875,8833.599609375,140928.0,8823.2001953125,6279.35009765625,39785.8984375,5343.14990234375,16.3799991607666,4.35,2.6313043478,4.5924,1.545,4.291,10.3960869565
2025-07-07,0.6551792025566101,0.18452227115631104,108299.8515625,67.93000030517578,1.178078293800354,1.3651504516601562,3332.199951171875,0.006920510903000832,0.056851450353860855,8826.400390625,139490.0,8806.5,6229.97998046875,39587.6796875,5341.5400390625,17.790000915527344,4.4,2.6313043478,4.5924,1.545,4.291,10.3960869565
2025-07-08,0.6506096124649048,0.18222570419311523,108950.2734375,68.33000183105469,1.1736538410186768,1.3623607158660889,3307.0,0.006854385603219271,0.05600452795624733,8828.7001953125,139303.0,8854.2001953125,6225.52001953125,39688.80859375,5371.9501953125,16.809999465942383,4.42,2.6313043478,4.5924,1.545,4.291,10.3960869565
2025-07-09,0.6524518728256226,0.18361762166023254,111326.5546875,68.37999725341797,1.1724566221237183,1.3585295677185059,3311.60009765625,0.006809716112911701,0.05625622719526291,8777.900390625,137481.0,8867.0,6263.259765625,39821.28125,5445.64990234375,15.9399995803833,4.34,2.6313043478,4.5924,1.545,4.291,10.3960869565
2025-07-10,0.6535905003547668,0.1791536808013916,115987.203125,66.56999969482422,1.17311692237854,1.3593051433563232,3317.39990234375,0.006843971088528633,0.05615595355629921,8826.7001953125,136743.0,8975.7001953125,6280.4599609375,39646.359375,5438.27001953125,15.779999732971191,4.35,2.6313043478,4.5924,1.545,4.291,10.3960869565
2025-07-11,0.6594000458717346,0.18079586327075958,117516.9921875,68.44999694824219,1.1702749729156494,1.3579576015472412,3356.0,0.0068358308635652065,0.0564299076795578,8820.2998046875,136187.0,8941.099609375,6259.75,39569.6796875,5383.47998046875,16.399999618530273,4.43,2.6313043478,4.5924,1.545,4.291,10.3960869565
2025-07-14,0.6578081846237183,0.17947199940681458,119849.703125,66.9800033569336,1.1682106256484985,1.3493820428848267,3351.5,0.0067890966311097145,0.05577898025512695,8815.2998046875,135299.0,8998.099609375,6268.56005859375,39459.62109375,5370.85009765625,17.200000762939453,4.43,2.6313043478,4.5924,1.545,4.291,10.3960869565
2025-07-15,0.6544716358184814,0.17898693680763245,117777.1875,66.5199966430664,1.1666297912597656,1.3428045511245728,3329.800048828125,0.006766265723854303,0.05585406720638275,8875.2998046875,135250.0,8938.2998046875,6243.759765625,39678.01953125,5354.169921875,17.3799991607666,4.5,2.6313043478,4.5924,1.545,4.291,10.3960869565
2025-07-16,0.651898980140686,0.18014761805534363,118738.5078125,66.37999725341797,1.1607391834259033,1.3393335342407227,3352.5,0.0067221918143332005,0.055883340537548065,8816.400390625,135511.0,8926.599609375,6263.7001953125,39663.3984375,5298.06982421875,17.15999984741211,4.46,2.6313043478,4.5924,1.545,4.291,10.3960869565
2025-07-17,0.6525000333786011,0.17964287102222443,119289.84375,67.54000091552734,1.1635754108428955,1.3411099910736084,3340.10009765625,0.0067566195502877235,0.05610758811235428,8890.7998046875,135565.0,8972.599609375,6297.35986328125,39901.19140625,5377.14990234375,16.520000457763672,4.47,2.6313043478,4.5924,1.545,4.291,10.3960869565
2025-07-18,0.649819016456604,0.18029063940048218,118003.2265625,67.33999633789062,1.161548137664795,1.3432555198669434,3353.0,0.0067366380244493484,0.05617440864443779,9006.7998046875,133382.0,8992.099609375,6296.7900390625,39819.109375,5359.22998046875,16.40999984741211,4.44,2.6313043478,4.5924,1.545,4.291,10.3960869565
2025-07-22,0.6528096795082092,0.17967838048934937,119995.4140625,66.20999908447266,1.1694538593292236,1.348945140838623,3439.199951171875,0.00678384630009532,0.05682722106575966,8941.5,134036.0,9023.7998046875,6309.6201171875,39774.921875,5290.47998046875,16.5,4.35,2.6313043478,4.5924,1.545,4.291,10.3960869565
2025-07-23,0.6554712057113647,0.17973004281520844,118754.9609375,65.25,1.1739156246185303,1.352155327796936,3394.10009765625,0.006812685169279575,0.05697713792324066,9001.400390625,135368.0,9061.5,6358.91015625,41171.3203125,5344.25,15.369999885559082,4.4,2.6313043478,4.5924,1.545,4.291,10.3960869565
2025-07-24,0.6603999137878418,0.18127764761447906,118368.0,66.02999877929688,1.1774264574050903,1.3579576015472412,3371.0,0.0068329814821481705,0.0571046806871891,8979.400390625,133808.0,9138.400390625,6363.35009765625,41826.33984375,5355.2001953125,15.390000343322754,4.43,2.6313043478,4.5924,1.545,4.291,10.3960869565
2025-07-25,0.6597176194190979,0.18115942180156708,117635.8828125,65.16000366210938,1.1756131649017334,1.3510043621063232,3334.0,0.006802489515393972,0.05677592381834984,8934.2998046875,133524.0,9120.2998046875,6388.64013671875,41456.23046875,5352.16015625,14.930000305175781,4.4,2.6313043478,4.5924,1.545,4.291,10.3960869565
2025-07-28,0.6572980284690857,0.17968806624412537,117924.4765625,66.70999908447266,1.1756821870803833,1.344085931777954,3309.10009765625,0.0067653045989573,0.05637582391500473,8963.5,132129.0,9081.400390625,6389.77001953125,40998.26953125,5337.580078125,15.029999732971191,4.42,2.6313043478,4.5924,1.545,4.291,10.3960869565
2025-07-29,0.6524008512496948,0.1789933443069458,117922.1484375,69.20999908447266,1.1596757173538208,1.336023211479187,3323.39990234375,0.006734958849847317,0.055897459387779236,8966.7001953125,132726.0,9136.2998046875,6370.85986328125,40674.55078125,5379.2001953125,15.979999542236328,4.34,2.6313043478,4.5924,1.545,4.291,10.3960869565
2025-07-30,0.651321530342102,0.17943012714385986,117831.1875,70.0,1.1550945043563843,1.3353630304336548,3295.800048828125,0.0067366380244493484,0.05596690997481346,9015.400390625,133990.0,9136.900390625,6362.89990234375,40654.69921875,5393.18017578125,15.479999542236328,4.38,2.6313043478,4.5924,1.545,4.291,10.3960869565
2025-07-31,0.6447120904922485,0.1793593317270279,115758.203125,69.26000213623047,1.1429355144500732,1.3257676362991333,3293.199951171875,0.006701244972646236,0.05561184883117676,8999.0,133071.0,9132.7998046875,6339.39013671875,41069.8203125,5319.919921875,16.719999313354492,4.37,2.6313043478,4.5924,1.545,4.291,10.3960869565
2025-08-01,0.6429089903831482,0.178609699010849,113320.0859375,67.33000183105469,1.142374038696289,1.3209865093231201,3347.699951171875,0.006632531061768532,0.05491312965750694,8917.099609375,132437.0,9068.599609375,6238.009765625,40799.6015625,5319.919921875,20.3799991607666,4.23,2.6733333333,4.6369,1.6,4.275,10.1452380952
2025-08-04,0.6469100117683411,0.18057386577129364,115071.8828125,66.29000091552734,1.158668041229248,1.3289920091629028,3374.39990234375,0.006786884739995003,0.05551823601126671,8922.0,132971.0,9128.2998046875,6329.93994140625,40290.69921875,5242.31982421875,17.520000457763672,4.22,2.6733333333,4.6369,1.6,4.275,10.1452380952
2025-08-05,0.6474796533584595,0.18194720149040222,114141.4453125,65.16000366210938,1.1584129333496094,1.3297518491744995,3381.89990234375,0.006812314037233591,0.055804502218961716,9028.7998046875,133151.0,9142.7001953125,6299.18994140625,40549.5390625,5249.58984375,17.850000381469727,4.22,2.6733333333,4.6369,1.6,4.275,10.1452380952
2025-08-06,0.6472994685173035,0.18171906471252441,115028.0,64.3499984741211,1.1579166650772095,1.3299463987350464,3380.0,0.006776904221624136,0.05589215084910393,9111.099609375,134538.0,9164.2998046875,6345.06005859375,40794.859375,5263.2900390625,16.770000457763672,4.22,2.6733333333,4.6369,1.6,4.275,10.1452380952
2025-08-07,0.6500217914581299,0.1831870824098587,117496.8984375,63.880001068115234,1.1663167476654053,1.3357912302017212,3400.300048828125,0.006793801672756672,0.056259360164403915,9102.0,136528.0,9100.7998046875,6340.0,41059.1484375,5332.06982421875,16.56999969482422,4.23,2.6733333333,4.6369,1.6,4.275,10.1452380952
2025-08-08,0.6525711417198181,0.18469607830047607,116688.7265625,63.880001068115234,1.1676650047302246,1.345152735710144,3439.10009765625,0.006810272578150034,0.05651917681097984,9076.599609375,135913.0,9095.7001953125,6389.4501953125,41820.48046875,5347.740234375,15.149999618530273,4.27,2.6733333333,4.6369,1.6,4.275,10.1452380952
2025-08-12,0.6514403223991394,0.1837458461523056,120172.90625,63.16999816894531,1.1618449687957764,1.3435261249542236,3348.89990234375,0.006751054897904396,0.05633136257529259,9150.2998046875,137914.0,9147.7998046875,6445.759765625,42718.171875,5335.97021484375,14.729999542236328,4.29,2.6733333333,4.6369,1.6,4.275,10.1452380952
2025-08-13,0.6529802083969116,0.18514405190944672,123344.0625,62.650001525878906,1.1677058935165405,1.3504207134246826,3358.699951171875,0.006767823360860348,0.05692588910460472,9103.099609375,136687.0,9165.2001953125,6466.580078125,43274.671875,5388.25,14.489999771118164,4.24,2.6733333333,4.6369,1.6,4.275,10.1452380952
2025-08-14,0.6551706194877625,0.18548746407032013,118359.578125,63.959999084472656,1.171289324760437,1.3585295677185059,3335.199951171875,0.006797172594815493,0.05715468153357506,9149.099609375,136356.0,9177.2001953125,6468.5400390625,42649.26171875,5434.7001953125,14.829999923706055,4.29,2.6733333333,4.6369,1.6,4.275,10.1452380952
2025-08-15,0.6497514843940735,0.18487364053726196,117398.3515625,62.79999923706055,1.1651345491409302,1.3530701398849487,3336.0,0.006770893465727568,0.05688175559043884,9212.099609375,136341.0,9138.900390625,6449.7998046875,43378.30859375,5448.60986328125,15.09000015258789,4.33,2.6733333333,4.6369,1.6,4.275,10.1452380952
2025-08-18,0.651296079158783,0.1851714700460434,116252.3125,63.41999816894531,1.1706587076187134,1.3556381464004517,3331.699951171875,0.006790525279939175,0.05689609423279762,9233.5,137322.0,9157.7001953125,6449.14990234375,43714.30859375,5434.64013671875,14.989999771118164,4.34,2.6733333333,4.6369,1.6,4.275,10.1452380952
2025-08-19,0.6494801044464111,0.1839689463376999,112831.1796875,62.349998474121094,1.1668338775634766,1.3508219718933105,3313.39990234375,0.006760593969374895,0.056739069521427155,9173.7998046875,134432.0,9189.2001953125,6411.3701171875,43546.2890625,5483.27978515625,15.569999694824219,4.3,2.6733333333,4.6369,1.6,4.275,10.1452380952
2025-08-20,0.6454598307609558,0.18189755082130432,114274.7421875,63.209999084472656,1.164252758026123,1.348679542541504,3343.39990234375,0.00676905969157815,0.056497398763895035,9177.400390625,134667.0,9288.099609375,6395.77978515625,42888.55078125,5472.31982421875,15.6899995803833,4.29,2.6733333333,4.6369,1.6,4.275,10.1452380952
2025-08-21,0.6436100006103516,0.1828434020280838,112419.03125,63.52000045776367,1.165175199508667,1.3466380834579468,3336.89990234375,0.006788037251681089,0.05659757927060127,9284.2001953125,134511.0,9309.2001953125,6370.169921875,42610.171875,5462.16015625,16.600000381469727,4.33,2.6733333333,4.6369,1.6,4.275,10.1452380952
2025-08-22,0.6425496339797974,0.18298931419849396,116874.0859375,63.65999984741211,1.16130530834198,1.3419395685195923,3374.39990234375,0.006739180069416761,0.056485943496227264,9234.2998046875,137968.0,9321.400390625,6466.91015625,42633.2890625,5488.22998046875,14.220000267028809,4.26,2.6733333333,4.6369,1.6,4.275,10.1452380952
2025-08-26,0.6481099724769592,0.18485313653945923,111802.65625,63.25,1.1618449687957764,1.3453518152236938,3388.60009765625,0.006764892488718033,0.05677656829357147,9207.2998046875,137771.0,9265.7998046875,6465.93994140625,42394.3984375,5383.68017578125,14.619999885559082,4.26,2.6733333333,4.6369,1.6,4.275,10.1452380952
2025-08-27,0.6495801210403442,0.18412137031555176,111222.0625,64.1500015258789,1.1639411449432373,1.3478723764419556,3404.60009765625,0.006781407631933689,0.05675230547785759,9231.099609375,139206.0,9255.5,6481.39990234375,42520.26953125,5393.06982421875,14.850000381469727,4.24,2.6733333333,4.6369,1.6,4.275,10.1452380952
2025-08-28,0.6511399745941162,0.18458017706871033,112544.8046875,64.5999984741211,1.1647952795028687,1.3503841161727905,3431.800048828125,0.006788128986954689,0.05655820667743683,9241.099609375,141049.0,9216.7998046875,6501.85986328125,42828.7890625,5396.72998046875,14.430000305175781,4.22,2.6733333333,4.6369,1.6,4.275,10.1452380952
2025-08-29,0.6532399654388428,0.18474043905735016,108410.8359375,64.01000213623047,1.1681560277938843,1.35111403465271,3473.699951171875,0.006812453269958496,0.056558333337306976,9243.0,141422.0,9187.2998046875,6460.259765625,42718.46875,5351.72998046875,15.359999656677246,4.23,2.6733333333,4.6369,1.6,4.275,10.1452380952
2025-09-02,0.6556801199913025,0.1838776171207428,111200.5859375,65.58999633789062,1.1715912818908691,1.3547931909561157,3549.39990234375,0.006798835936933756,0.05676580220460892,9168.0,140335.0,9116.7001953125,6415.5400390625,42310.48828125,5291.0400390625,17.170000076293945,4.28,2.6931818182,4.6885,1.645,4.298,9.8719047619
2025-09-03,0.6518301367759705,0.18291567265987396,111723.2109375,63.970001220703125,1.163602590560913,1.3383476734161377,3593.199951171875,0.006731830537319183,0.05650866776704788,9010.099609375,139864.0,9178.0,6448.259765625,41938.890625,5325.009765625,16.350000381469727,4.22,2.6931818182,4.6885,1.645,4.298,9.8719047619
2025-09-04,0.6544399857521057,0.18355022370815277,110723.6015625,63.47999954223633,1.16604483127594,1.3441582918167114,3565.800048828125,0.00675767008215189,0.05664503201842308,9091.400390625,140993.0,9216.900390625,6502.080078125,42580.26953125,5346.7099609375,15.300000190734863,4.17,2.6931818182,4.6885,1.645,4.298,9.8719047619
2025-09-05,0.6521999835968018,0.1836884766817093,110650.984375,61.869998931884766,1.1656913757324219,1.3444474935531616,3613.199951171875,0.006739679723978043,0.05635739490389824,9140.5,142640.0,9208.2001953125,6481.5,43018.75,5318.14990234375,15.180000305175781,4.1,2.6931818182,4.6885,1.645,4.298,9.8719047619
2025-09-08,0.655450165271759,0.18476775288581848,112071.4296875,62.2599983215332,1.1713168621063232,1.3492909669876099,3638.10009765625,0.0067410883493721485,0.056815922260284424,9126.900390625,141792.0,9221.400390625,6495.14990234375,43643.80859375,5362.81005859375,15.109999656677246,4.05,2.6931818182,4.6885,1.645,4.298,9.8719047619
2025-09-09,0.6598090529441833,0.18449163436889648,111530.546875,62.630001068115234,1.1769136190414429,1.3553073406219482,3643.300048828125,0.006785918027162552,0.057265862822532654,9080.7001953125,141618.0,9242.5,6512.60986328125,43459.2890625,5368.81982421875,15.039999961853027,4.08,2.6931818182,4.6885,1.645,4.298,9.8719047619
2025-09-10,0.6584700345993042,0.18404005467891693,113955.359375,63.66999816894531,1.1702749729156494,1.352109670639038,3643.60009765625,0.006784628611057997,0.05703270062804222,9095.2001953125,142349.0,9225.400390625,6532.0400390625,43837.671875,5361.47021484375,15.350000381469727,4.04,2.6931818182,4.6885,1.645,4.298,9.8719047619
2025-09-11,0.6619316339492798,0.18511661887168884,115507.5390625,62.369998931884766,1.1703435182571411,1.3534730672836304,3636.89990234375,0.006787391845136881,0.05722526088356972,9071.400390625,143151.0,9297.599609375,6587.47021484375,44372.5,5386.77001953125,14.710000038146973,4.01,2.6931818182,4.6885,1.645,4.298,9.8719047619
2025-09-12,0.6668000221252441,0.1855907440185547,116101.578125,62.689998626708984,1.1734747886657715,1.3576626777648926,3649.39990234375,0.006792370695620775,0.0576481856405735,9128.7001953125,142272.0,9283.2998046875,6584.2900390625,44768.12109375,5390.7099609375,14.760000228881836,4.06,2.6931818182,4.6885,1.645,4.298,9.8719047619
2025-09-16,0.6673001646995544,0.1881396770477295,116843.1875,64.5199966430664,1.1763737201690674,1.3602666854858398,3688.89990234375,0.006784030236303806,0.05760172754526138,9151.2001953125,144062.0,9195.7001953125,6606.759765625,44902.26953125,5372.31005859375,16.360000610351562,4.04,2.6931818182,4.6885,1.645,4.298,9.8719047619
2025-09-17,0.6688998937606812,0.18882887065410614,116468.5078125,64.05000305175781,1.1871408224105835,1.365392804145813,3681.800048828125,0.006829994730651379,0.057678207755088806,9094.900390625,145594.0,9208.400390625,6600.35009765625,44790.37890625,5369.7001953125,15.720000267028809,4.06,2.6931818182,4.6885,1.645,4.298,9.8719047619
2025-09-18,0.6652501225471497,0.1883203685283661,117137.203125,63.56999969482422,1.1826341152191162,1.3629734516143799,3643.699951171875,0.00680776871740818,0.05755230039358139,9030.900390625,145500.0,9228.099609375,6631.9599609375,45303.4296875,5456.669921875,15.699999809265137,4.11,2.6931818182,4.6885,1.645,4.298,9.8719047619
2025-09-19,0.6617901921272278,0.18852630257606506,115688.859375,62.68000030517578,1.1791062355041504,1.3556013107299805,3671.5,0.006759176962077618,0.057669028639793396,9061.2001953125,145865.0,9216.7001953125,6664.35986328125,45045.80859375,5458.419921875,15.449999809265137,4.14,2.6931818182,4.6885,1.645,4.298,9.8719047619
2025-09-22,0.6589308381080627,0.18795226514339447,112748.5078125,62.63999938964844,1.1736950874328613,1.3464748859405518,3740.699951171875,0.006752422545105219,0.05773968622088432,9102.099609375,145109.0,9226.7001953125,6693.75,45493.66015625,5442.0498046875,16.100000381469727,4.15,2.6931818182,4.6885,1.645,4.298,9.8719047619
2025-09-25,0.6586921215057373,0.18762078881263733,109049.2890625,64.9800033569336,1.1744670867919922,1.3452396392822266,3736.89990234375,0.006722643505781889,0.05771246179938316,9063.400390625,145306.0,9214.0,6604.72021484375,45754.9296875,5444.89013671875,16.739999771118164,4.18,2.6931818182,4.6885,1.645,4.298,9.8719047619
2025-09-26,0.6537314653396606,0.18643847107887268,109712.828125,65.72000122070312,1.166275978088379,1.333653450012207,3775.300048828125,0.006672850344330072,0.05739868804812431,9079.2001953125,145447.0,9284.7998046875,6643.7001953125,45354.98828125,5499.7001953125,15.289999961853027,4.2,2.6931818182,4.6885,1.645,4.298,9.8719047619
2025-09-29,0.6553998589515686,0.18718694150447845,114400.3828125,63.45000076293945,1.170823097229004,1.3408241271972656,3820.89990234375,0.006693216506391764,0.05766879394650459,9148.5,146337.0,9299.7998046875,6661.2099609375,45043.75,5506.85009765625,16.1200008392334,4.15,2.6931818182,4.6885,1.645,4.298,9.8719047619
2025-09-30,0.6581978797912598,0.18790987133979797,114056.0859375,62.369998931884766,1.1731443405151367,1.3437248468399048,3840.800048828125,0.006729701533913612,0.05797034129500389,9135.900390625,146237.0,9350.400390625,6688.4599609375,44932.62890625,5529.9599609375,16.280000686645508,4.16,2.6931818182,4.6885,1.645,4.298,9.8719047619
2025-10-01,0.6610700488090515,0.18798759579658508,118648.9296875,61.779998779296875,1.1735849380493164,1.3443390130996704,3867.5,0.006756893824785948,0.05789492651820183,9136.599609375,145517.0,9446.400390625,6711.2001953125,44550.8515625,5581.2099609375,16.290000915527344,4.12,2.617826087,4.5721,1.655,4.234,9.5343478261
2025-10-02,0.6615498065948486,0.18765950202941895,120681.2578125,60.47999954223633,1.1734058856964111,1.3480178117752075,3839.699951171875,0.006798882503062487,0.058117303997278214,9240.2998046875,143950.0,9427.7001953125,6715.35009765625,44936.73046875,5645.81005859375,16.6299991607666,4.1,2.617826087,4.5721,1.655,4.234,9.5343478261
2025-10-03,0.6598090529441833,0.18738523125648499,122266.53125,60.880001068115234,1.1725116968154907,1.3446643352508545,3880.800048828125,0.006795786786824465,0.05790287256240845,9288.099609375,144201.0,9491.2998046875,6715.7900390625,45769.5,5651.7099609375,16.649999618530273,4.13,2.617826087,4.5721,1.655,4.234,9.5343478261
2025-10-06,0.6593101024627686,0.18745547533035278,124752.53125,61.689998626708984,1.171248197555542,1.3433817625045776,3948.5,0.006684223655611277,0.057945284992456436,9280.0,143608.0,9479.099609375,6740.27978515625,47944.76171875,5628.72021484375,16.3700008392334,4.18,2.617826087,4.5721,1.655,4.234,9.5343478261
2025-10-07,0.6616500020027161,0.1882813572883606,121451.3828125,61.72999954223633,1.171028733253479,1.3484903573989868,3976.60009765625,0.006651988252997398,0.058304961770772934,9253.599609375,141356.0,9483.599609375,6714.58984375,47950.87890625,5613.6201171875,17.239999771118164,4.14,2.617826087,4.5721,1.655,4.234,9.5343478261
2025-10-08,0.6580505967140198,0.18678322434425354,123354.8671875,62.54999923706055,1.1654603481292725,1.3421016931533813,4043.300048828125,0.006576741114258766,0.058108117431402206,9244.7998046875,142145.0,9548.900390625,6753.72021484375,47734.98828125,5649.72998046875,16.299999237060547,4.13,2.617826087,4.5721,1.655,4.234,9.5343478261
2025-10-09,0.6584500670433044,0.18743440508842468,121705.5859375,61.5099983215332,1.1631964445114136,1.3401411771774292,3946.300048828125,0.006549646612256765,0.05830206722021103,9276.599609375,141708.0,9509.400390625,6735.10986328125,48580.44140625,5625.56005859375,16.43000030517578,4.14,2.617826087,4.5721,1.655,4.234,9.5343478261
2025-10-10,0.6561291813850403,0.18597039580345154,113214.3671875,58.900001525878906,1.156644344329834,1.3304948806762695,3975.89990234375,0.006537443492561579,0.05816784128546715,9264.2998046875,140680.0,9427.5,6552.509765625,48088.80078125,5531.31982421875,21.65999984741211,4.05,2.617826087,4.5721,1.655,4.234,9.5343478261
2025-10-14,0.651159942150116,0.18301275372505188,113118.6640625,58.70000076293945,1.1566845178604126,1.3332622051239014,4138.7001953125,0.006560216192156076,0.057735588401556015,9208.5,141683.0,9452.7998046875,6644.31005859375,46847.3203125,5552.0498046875,20.809999465942383,4.03,2.617826087,4.5721,1.655,4.234,9.5343478261
2025-10-15,0.6491301655769348,0.18243181705474854,110783.1640625,58.27000045776367,1.1602274179458618,1.3321610689163208,4176.89990234375,0.006590610835701227,0.057519327849149704,9299.0,142604.0,9424.7998046875,6671.06005859375,47672.671875,5605.02978515625,20.639999389648438,4.05,2.617826087,4.5721,1.655,4.234,9.5343478261
2025-10-16,0.6508001685142517,0.18350981175899506,108186.0390625,57.459999084472656,1.1646324396133423,1.3404465913772583,4280.2001953125,0.006623656954616308,0.057653170078992844,9375.900390625,142200.0,9436.099609375,6629.06982421875,48277.73828125,5652.009765625,25.309999465942383,3.99,2.617826087,4.5721,1.655,4.234,9.5343478261
2025-10-17,0.64823979139328,0.1837959885597229,106467.7890625,57.540000915527344,1.1699601411819458,1.3445558547973633,4189.89990234375,0.006661337800323963,0.05768522620201111,9293.2001953125,143399.0,9354.599609375,6664.009765625,47582.1484375,5607.39013671875,20.780000686645508,4.02,2.617826087,4.5721,1.655,4.234,9.5343478261
2025-10-20,0.6501701474189758,0.1849762350320816,110588.9296875,57.52000045776367,1.165745735168457,1.342588186264038,4336.39990234375,0.006626905407756567,0.057585109025239944,9324.599609375,144509.0,9403.599609375,6735.1298828125,49185.5,5680.93017578125,18.229999542236328,4.0,2.617826087,4.5721,1.655,4.234,9.5343478261
2025-10-21,0.6516313552856445,0.18626482784748077,108476.890625,57.81999969482422,1.164442539215088,1.3405184745788574,4087.699951171875,0.006632443051785231,0.058079227805137634,9390.099609375,144085.0,9427.0,6735.35009765625,49316.05859375,5686.830078125,17.8700008392334,3.98,2.617826087,4.5721,1.655,4.234,9.5343478261
2025-10-22,0.6491904854774475,0.18564240634441376,107688.5859375,58.5,1.160038948059082,1.336523175239563,4044.39990234375,0.006583581678569317,0.057511620223522186,9321.099609375,144873.0,9515.0,6699.39990234375,49307.7890625,5639.2099609375,18.600000381469727,3.97,2.617826087,4.5721,1.655,4.234,9.5343478261
2025-10-23,0.6489999890327454,0.18520575761795044,110069.7265625,61.790000915527344,1.1608469486236572,1.3351848125457764,4125.5,0.0065809390507638454,0.05741915479302406,9329.099609375,145721.0,9578.599609375,6738.43994140625,48641.609375,5668.330078125,17.299999237060547,4.01,2.617826087,4.5721,1.655,4.234,9.5343478261
2025-10-24,0.6514798402786255,0.18577346205711365,111033.921875,61.5,1.1618045568466187,1.332746982574463,4118.39990234375,0.006552993785589933,0.0577300526201725,9317.2001953125,146172.0,9645.599609375,6791.68994140625,49299.6484375,5674.5,16.3700008392334,4.02,2.617826087,4.5721,1.655,4.234,9.5343478261
2025-10-27,0.653398334980011,0.18558728694915771,114119.328125,61.310001373291016,1.1631693840026855,1.3322391510009766,4001.89990234375,0.006533342879265547,0.058141227811574936,9351.900390625,146969.0,9653.7998046875,6875.16015625,50512.3203125,5711.06005859375,15.789999961853027,4.01,2.617826087,4.5721,1.655,4.234,9.5343478261
2025-10-28,0.6558598279953003,0.1861053705215454,112956.1640625,60.150001525878906,1.165175199508667,1.3341000080108643,3966.199951171875,0.006549131590873003,0.05810261145234108,9295.7998046875,147429.0,9696.7001953125,6890.89013671875,50219.1796875,5704.35009765625,16.420000076293945,3.99,2.617826087,4.5721,1.655,4.234,9.5343478261
2025-10-29,0.6585099697113037,0.18665771186351776,110055.3046875,60.47999954223633,1.1657865047454834,1.3279330730438232,3983.699951171875,0.006590610835701227,0.05832009017467499,9218.7998046875,148633.0,9756.099609375,6890.58984375,51307.6484375,5705.81005859375,16.920000076293945,4.08,2.617826087,4.5721,1.655,4.234,9.5343478261
2025-10-30,0.657680094242096,0.18664376437664032,108305.546875,60.56999969482422,1.1603351831436157,1.3195397853851318,4001.300048828125,0.006547844968736172,0.05826588720083237,9178.900390625,148780.0,9760.099609375,6822.33984375,51325.609375,5699.18017578125,16.90999984741211,4.11,2.617826087,4.5721,1.655,4.234,9.5343478261
2025-10-31,0.6559299826622009,0.18580453097820282,109556.1640625,60.97999954223633,1.157246708869934,1.3159106969833374,3982.199951171875,0.00649772584438324,0.05788413807749748,9178.0,149540.0,9717.2998046875,6840.2001953125,52411.33984375,5662.0400390625,17.440000534057617,4.11,2.617826087,4.5721,1.655,4.234,9.5343478261
2025-11-04,0.6541078090667725,0.18674485385417938,101590.5234375,60.560001373291016,1.1519144773483276,1.3135254383087158,3947.699951171875,0.0064849164336919785,0.057823117822408676,9098.2001953125,150704.0,9715.0,6771.5498046875,51497.19921875,5660.2001953125,19.0,4.1,2.617826087,4.5721,1.655,4.234,9.5343478261
2025-11-05,0.6485601663589478,0.18532590568065643,103891.8359375,59.599998474121094,1.1485539674758911,1.3021697998046875,3980.300048828125,0.006512239575386047,0.057172130793333054,9071.2001953125,153294.0,9777.099609375,6796.2900390625,50212.26953125,5669.1298828125,18.010000228881836,4.17,2.617826087,4.5721,1.655,4.234,9.5343478261
2025-11-06,0.6509907841682434,0.18661589920520782,101301.2890625,59.43000030517578,1.1496764421463013,1.3052598237991333,3979.89990234375,0.006490429863333702,0.057471927255392075,9096.599609375,153339.0,9735.7998046875,6720.31982421875,50883.6796875,5611.18017578125,19.5,4.11,2.617826087,4.5721,1.655,4.234,9.5343478261
2025-11-07,0.6483898758888245,0.18693335354328156,103372.40625,59.75,1.1549211740493774,1.3140950202941895,3999.39990234375,0.006538169924169779,0.05762682482600212,9031.7001953125,154064.0,9682.599609375,6728.7998046875,50276.37109375,5566.52978515625,19.079999923706055,4.11,2.617826087,4.5721,1.655,4.234,9.5343478261
2025-11-10,0.650239884853363,0.18758557736873627,105996.59375,60.130001068115234,1.1543878316879272,1.3142677545547485,4111.7998046875,0.00650123180821538,0.05778492987155914,9109.400390625,155257.0,9787.2001953125,6832.43017578125,50911.76171875,5664.4599609375,17.600000381469727,4.13,2.617826087,4.5721,1.655,4.234,9.5343478261
2025-11-11,0.653488039970398,0.18904663622379303,102997.46875,61.040000915527344,1.1557220220565796,1.3172974586486816,4106.7998046875,0.006487356498837471,0.05832396447658539,9098.400390625,157749.0,9899.599609375,6846.60986328125,50842.9296875,5725.7001953125,17.280000686645508,4.13,2.617826087,4.5721,1.655,4.234,9.5343478261
2025-11-12,0.6529499292373657,0.18972812592983246,101663.1875,58.4900016784668,1.1587486267089844,1.3152875900268555,4204.39990234375,0.006490345578640699,0.0583021342754364,9079.400390625,157633.0,9911.400390625,6850.919921875,51063.30859375,5787.31005859375,17.510000228881836,4.08,2.617826087,4.5721,1.655,4.234,9.5343478261
2025-11-13,0.6536400318145752,0.18898947536945343,99697.4921875,58.689998626708984,1.159218668937683,1.3127838373184204,4186.89990234375,0.0064635812304914,0.058523233979940414,9034.5,157162.0,9807.7001953125,6737.490234375,51281.828125,5742.7900390625,20.0,4.11,2.617826087,4.5721,1.655,4.234,9.5343478261
2025-11-14,0.6529000401496887,0.18880392611026764,94397.7890625,60.09000015258789,1.1631964445114136,1.3152183294296265,4087.60009765625,0.006466925144195557,0.05869036912918091,8907.0,157739.0,9698.400390625,6734.10986328125,50376.53125,5693.77001953125,19.829999923706055,4.14,2.617826087,4.5721,1.655,4.234,9.5343478261
2025-11-17,0.6533001661300659,0.1888360232114792,92093.875,59.90999984741211,1.1615345478057861,1.3160146474838257,4068.300048828125,0.00646893261000514,0.05854053795337677,8915.7001953125,156993.0,9675.400390625,6672.41015625,50323.91015625,5640.93994140625,22.3799991607666,4.13,2.617826087,4.5721,1.655,4.234,9.5343478261
2025-11-18,0.6492701172828674,0.18763485550880432,92948.875,60.7400016784668,1.159057378768921,1.3156163692474365,4061.300048828125,0.006440269760787487,0.05823756009340286,8738.2998046875,156522.0,9552.2998046875,6617.31982421875,48702.98046875,5534.7099609375,24.690000534057617,4.12,2.617826087,4.5721,1.655,4.234,9.5343478261
2025-11-19,0.6509018540382385,0.18791694939136505,91465.9921875,59.439998626708984,1.1581177711486816,1.3147515058517456,4077.699951171875,0.006428883410990238,0.05825197696685791,8721.400390625,155381.0,9507.400390625,6642.16015625,48537.69921875,5542.0498046875,23.65999984741211,4.13,2.617826087,4.5721,1.655,4.234,9.5343478261
2025-11-21,0.6449499130249023,0.1875363290309906,85090.6875,58.060001373291016,1.1534557342529297,1.308489441871643,4076.699951171875,0.00635449169203639,0.05809781700372696,8686.2998046875,154770.0,9539.7001953125,6602.990234375,48625.87890625,5515.08984375,23.43000030517578,4.06,2.617826087,4.5721,1.655,4.234,9.5343478261
2025-11-25,0.6465799808502197,0.18563897907733917,87341.890625,57.95000076293945,1.1520073413848877,1.3106160163879395,4139.2001953125,0.006371902767568827,0.0578329861164093,8824.2001953125,155910.0,9609.5,6765.8798828125,48659.51953125,5573.91015625,18.559999465942383,4.01,2.617826087,4.5721,1.655,4.234,9.5343478261
2025-11-26,0.6470301151275635,0.18589434027671814,90518.3671875,58.650001525878906,1.156483769416809,1.315870761871338,4165.2001953125,0.006400819402188063,0.058132436126470566,8899.2998046875,158555.0,9691.599609375,6812.60986328125,49559.0703125,5655.580078125,17.190000534057617,4.0,2.617826087,4.5721,1.655,4.234,9.5343478261
2025-11-28,0.653579831123352,0.18672741949558258,90919.265625,58.54999923706055,1.1599851846694946,1.3241175413131714,4218.2998046875,0.006398607976734638,0.05834009870886803,8918.7001953125,159072.0,9720.5,6849.08984375,50253.91015625,5668.169921875,16.350000381469727,4.02,2.617826087,4.5721,1.655,4.234,9.5343478261
2025-12-01,0.6551298499107361,0.1874273717403412,86321.5703125,59.31999969482422,1.1601465940475464,1.3239772319793701,4239.2998046875,0.006413216702640057,0.05844733119010925,8866.400390625,158611.0,9702.5,6812.6298828125,49303.28125,5667.47998046875,17.239999771118164,4.09,2.8142105263,4.4826,2.06,4.719,8.794
2025-12-02,0.6544001698493958,0.18671345710754395,91350.203125,58.63999938964844,1.1607661247253418,1.3209341764450073,4186.60009765625,0.006428511347621679,0.05856741592288017,8877.5,161092.0,9701.7998046875,6829.3701171875,49303.44921875,5686.169921875,16.59000015258789,4.09,2.8142105263,4.4826,2.06,4.719,8.794
2025-12-03,0.6573700904846191,0.18774758279323578,93527.8046875,58.95000076293945,1.1627906560897827,1.3219469785690308,4199.2998046875,0.006418196484446526,0.05850235000252724,8894.2001953125,161755.0,9692.099609375,6849.72021484375,49864.6796875,5694.56005859375,16.079999923706055,4.06,2.8142105263,4.4826,2.06,4.719,8.794
2025-12-04,0.6605019569396973,0.18846234679222107,92141.625,59.66999816894531,1.1666841506958008,1.3348817825317383,4211.7998046875,0.006447162479162216,0.05871038883924484,8906.7001953125,164456.0,9710.900390625,6857.1201171875,51028.421875,5718.080078125,15.779999732971191,4.11,2.8142105263,4.4826,2.06,4.719,8.794
2025-12-05,0.660641610622406,0.18834875524044037,89387.7578125,60.08000183105469,1.1642799377441406,1.3321788311004639,4212.89990234375,0.006445707753300667,0.05888587608933449,8926.099609375,157369.0,9667.0,6870.39990234375,50491.87109375,5723.93017578125,15.40999984741211,4.14,2.8142105263,4.4826,2.06,4.719,8.794
2025-12-08,0.6635400652885437,0.1838877648115158,90640.203125,58.880001068115234,1.164022445678711,1.3324593305587769,4187.2001953125,0.006437492091208696,0.05906469002366066,8915.0,158187.0,9645.099609375,6846.509765625,50581.94140625,5725.58984375,16.65999984741211,4.17,2.8142105263,4.4826,2.06,4.719,8.794
2025-12-09,0.6627300977706909,0.18416206538677216,92691.7109375,58.25,1.1641442775726318,1.3326793909072876,4206.7001953125,0.006416673306375742,0.058734387159347534,8875.7998046875,157981.0,9642.0,6840.509765625,50655.1015625,5718.31982421875,16.93000030517578,4.18,2.8142105263,4.4826,2.06,4.719,8.794
2025-12-10,0.6640987992286682,0.18411120772361755,92020.9453125,58.459999084472656,1.1628313064575195,1.3303532600402832,4196.39990234375,0.006376005709171295,0.058727145195007324,8868.2001953125,159075.0,9655.5,6886.68017578125,50602.80078125,5708.1201171875,15.770000457763672,4.13,2.8142105263,4.4826,2.06,4.719,8.794
2025-12-11,0.6674498319625854,0.18282203376293182,92511.3359375,57.599998474121094,1.1701242923736572,1.3388315439224243,4285.5,0.006418897304683924,0.059091877192258835,8877.5,159189.0,9703.2001953125,6901.0,50148.8203125,5753.9599609375,14.850000381469727,4.14,2.8142105263,4.4826,2.06,4.719,8.794
2025-12-12,0.6665000319480896,0.18499676883220673,90270.4140625,57.439998626708984,1.1739431619644165,1.339046597480774,4300.10009765625,0.006428098306059837,0.0593411959707737,8983.2998046875,160766.0,9649.0,6827.41015625,50836.55078125,5720.7099609375,15.739999771118164,4.19,2.8142105263,4.4826,2.06,4.719,8.794
2025-12-15,0.6647300720214844,0.18456314504146576,86419.78125,56.81999969482422,1.1737639904022217,1.3367732763290405,4306.7001953125,0.006414861883968115,0.05931595712900162,8923.7998046875,162482.0,9751.2998046875,6816.509765625,50168.109375,5752.52001953125,16.5,4.18,2.8142105263,4.4826,2.06,4.719,8.794
2025-12-17,0.6634001135826111,0.18157057464122772,86143.7578125,55.939998626708984,1.1749500036239624,1.342499852180481,4347.5,0.006460866425186396,0.05976096913218498,8874.2001953125,157327.0,9774.2998046875,6721.43017578125,49512.28125,5681.669921875,17.6200008392334,4.16,2.8142105263,4.4826,2.06,4.719,8.794
2025-12-18,0.6601501107215881,0.18120867013931274,85462.5078125,56.150001525878906,1.1742326021194458,1.3374598026275635,4339.5,0.006431075278669596,0.05964209884405136,8875.7001953125,157923.0,9837.7998046875,6774.759765625,49001.5,5741.7099609375,16.8700008392334,4.12,2.8142105263,4.4826,2.06,4.719,8.794
2025-12-19,0.6613800525665283,0.18111677467823029,88103.3828125,56.65999984741211,1.1725666522979736,1.3385393619537354,4361.39990234375,0.006427313666790724,0.05981927365064621,8918.2998046875,158473.0,9897.400390625,6834.5,49507.2109375,5760.35009765625,14.90999984741211,4.16,2.8142105263,4.4826,2.06,4.719,8.794
2025-12-22,0.6610198020935059,0.18051192164421082,88490.015625,58.0099983215332,1.1708093881607056,1.3377031087875366,4444.60009765625,0.006342119537293911,0.05971945822238922,9000.7001953125,158142.0,9866.0,6878.490234375,50402.390625,5743.68994140625,14.079999923706055,4.17,2.8142105263,4.4826,2.06,4.719,8.794
2025-12-23,0.6658400893211365,0.1788908690214157,87414.0,58.380001068115234,1.1765950918197632,1.3469899892807007,4482.7998046875,0.0063744205981493,0.05989278852939606,9096.2001953125,160456.0,9889.2001953125,6909.7900390625,50412.87109375,5749.27978515625,14.0,4.18,2.8142105263,4.4826,2.06,4.719,8.794
2025-12-29,0.6714099645614624,0.18042398989200592,87138.140625,58.08000183105469,1.1772738695144653,1.349727988243103,4325.10009765625,0.006391287315636873,0.06002688780426979,9032.0,160490.0,9866.5,6905.740234375,50526.921875,5751.7099609375,14.199999809265137,4.12,2.8142105263,4.4826,2.06,4.719,8.794
2025-12-30,0.6695501804351807,0.17956222593784332,88430.1328125,57.95000076293945,1.1772878170013428,1.3510993719100952,4370.10009765625,0.006409722380340099,0.05997828394174576,9022.400390625,161125.0,9940.7001953125,6896.240234375,50339.48046875,5796.22021484375,14.329999923706055,4.14,2.8142105263,4.4826,2.06,4.719,8.794
